left_image,right_image,hamming_distance,same_family,same_split,same_text
data/v2/processed/fontsense_v2/images/train/serif/IM_Fell_Great_Primer/IM_Fell_Great_Primer_0005.png,data/v2/processed/fontsense_v2/images/train/serif/IM_Fell_Great_Primer/IM_Fell_Great_Primer_0055.png,0,True,True,False
data/v2/processed/fontsense_v2/images/train/serif/Lisu_Bosa/Lisu_Bosa_0004.png,data/v2/processed/fontsense_v2/images/train/serif/Lisu_Bosa/Lisu_Bosa_0069.png,0,True,True,False
data/v2/processed/fontsense_v2/images/train/serif/Lisu_Bosa/Lisu_Bosa_0004.png,data/v2/processed/fontsense_v2/images/train/serif/Lisu_Bosa/Lisu_Bosa_0088.png,0,True,True,False
data/v2/processed/fontsense_v2/images/train/serif/Lisu_Bosa/Lisu_Bosa_0024.png,data/v2/processed/fontsense_v2/images/train/serif/IM_Fell_Great_Primer/IM_Fell_Great_Primer_0013.png,0,False,True,False
data/v2/processed/fontsense_v2/images/train/serif/Lisu_Bosa/Lisu_Bosa_0050.png,data/v2/processed/fontsense_v2/images/train/serif/Lisu_Bosa/Lisu_Bosa_0065.png,0,True,True,False
data/v2/processed/fontsense_v2/images/train/serif/Lisu_Bosa/Lisu_Bosa_0050.png,data/v2/processed/fontsense_v2/images/train/serif/Lisu_Bosa/Lisu_Bosa_0079.png,0,True,True,False
data/v2/processed/fontsense_v2/images/train/serif/Lisu_Bosa/Lisu_Bosa_0052.png,data/v2/processed/fontsense_v2/images/train/serif/Lisu_Bosa/Lisu_Bosa_0070.png,0,True,True,False
data/v2/processed/fontsense_v2/images/train/serif/Lisu_Bosa/Lisu_Bosa_0055.png,data/v2/processed/fontsense_v2/images/train/serif/Lisu_Bosa/Lisu_Bosa_0074.png,0,True,True,False
data/v2/processed/fontsense_v2/images/train/serif/Lisu_Bosa/Lisu_Bosa_0060.png,data/v2/processed/fontsense_v2/images/train/serif/Quattrocento/Quattrocento_0018.png,0,False,True,False
data/v2/processed/fontsense_v2/images/train/serif/Lisu_Bosa/Lisu_Bosa_0065.png,data/v2/processed/fontsense_v2/images/train/serif/Lisu_Bosa/Lisu_Bosa_0079.png,0,True,True,False
data/v2/processed/fontsense_v2/images/train/serif/Lisu_Bosa/Lisu_Bosa_0069.png,data/v2/processed/fontsense_v2/images/train/serif/Lisu_Bosa/Lisu_Bosa_0088.png,0,True,True,False
data/v2/processed/fontsense_v2/images/train/serif/Noto_Serif_Hebrew/Noto_Serif_Hebrew_0028.png,data/v2/processed/fontsense_v2/images/train/serif/Noto_Serif_Ahom/Noto_Serif_Ahom_0049.png,0,False,True,False
data/v2/processed/fontsense_v2/images/train/serif/Noto_Serif_Hebrew/Noto_Serif_Hebrew_0055.png,data/v2/processed/fontsense_v2/images/train/serif/Yuji_Syuku/Yuji_Syuku_0046.png,0,False,True,False
data/v2/processed/fontsense_v2/images/train/serif/Noto_Serif_Hebrew/Noto_Serif_Hebrew_0073.png,data/v2/processed/fontsense_v2/images/train/serif/Wellfleet/Wellfleet_0053.png,0,False,True,False
data/v2/processed/fontsense_v2/images/train/serif/Noto_Serif_Hebrew/Noto_Serif_Hebrew_0077.png,data/v2/processed/fontsense_v2/images/train/serif/Quattrocento/Quattrocento_0048.png,0,False,True,False
data/v2/processed/fontsense_v2/images/train/serif/Noto_Serif_Hebrew/Noto_Serif_Hebrew_0077.png,data/v2/processed/fontsense_v2/images/train/serif/Noto_Serif_Ahom/Noto_Serif_Ahom_0060.png,0,False,True,False
data/v2/processed/fontsense_v2/images/train/serif/Noto_Serif_KR/Noto_Serif_KR_0078.png,data/v2/processed/fontsense_v2/images/train/serif/Noto_Serif_Ahom/Noto_Serif_Ahom_0046.png,0,False,True,False
data/v2/processed/fontsense_v2/images/train/serif/Quattrocento/Quattrocento_0046.png,data/v2/processed/fontsense_v2/images/train/serif/Noto_Serif_Ahom/Noto_Serif_Ahom_0018.png,0,False,True,False
data/v2/processed/fontsense_v2/images/train/serif/Quattrocento/Quattrocento_0048.png,data/v2/processed/fontsense_v2/images/train/serif/Noto_Serif_Ahom/Noto_Serif_Ahom_0060.png,0,False,True,False
data/v2/processed/fontsense_v2/images/train/serif/Rokkitt/Rokkitt_0012.png,data/v2/processed/fontsense_v2/images/train/serif/Sanchez/Sanchez_0057.png,0,False,True,False
data/v2/processed/fontsense_v2/images/train/serif/Rokkitt/Rokkitt_0029.png,data/v2/processed/fontsense_v2/images/train/serif/IM_Fell_Great_Primer/IM_Fell_Great_Primer_0060.png,0,False,True,False
data/v2/processed/fontsense_v2/images/train/serif/Rokkitt/Rokkitt_0055.png,data/v2/processed/fontsense_v2/images/train/serif/Noto_Serif_Ahom/Noto_Serif_Ahom_0069.png,0,False,True,False
data/v2/processed/fontsense_v2/images/train/serif/Rokkitt/Rokkitt_0059.png,data/v2/processed/fontsense_v2/images/train/serif/Quattrocento/Quattrocento_0066.png,0,False,True,False
data/v2/processed/fontsense_v2/images/train/serif/Sanchez/Sanchez_0001.png,data/v2/processed/fontsense_v2/images/train/serif/IM_Fell_Great_Primer/IM_Fell_Great_Primer_0032.png,0,False,True,False
data/v2/processed/fontsense_v2/images/train/serif/Sanchez/Sanchez_0031.png,data/v2/processed/fontsense_v2/images/train/serif/IM_Fell_Great_Primer/IM_Fell_Great_Primer_0072.png,0,False,True,False
data/v2/processed/fontsense_v2/images/train/serif/Sanchez/Sanchez_0081.png,data/v2/processed/fontsense_v2/images/train/serif/IM_Fell_Great_Primer/IM_Fell_Great_Primer_0099.png,0,False,True,False
data/v2/processed/fontsense_v2/images/train/serif/Wellfleet/Wellfleet_0084.png,data/v2/processed/fontsense_v2/images/train/serif/IM_Fell_Great_Primer/IM_Fell_Great_Primer_0090.png,0,False,True,False
data/v2/processed/fontsense_v2/images/train/serif/Yuji_Syuku/Yuji_Syuku_0015.png,data/v2/processed/fontsense_v2/images/train/serif/Rokkitt/Rokkitt_0060.png,0,False,True,False
data/v2/processed/fontsense_v2/images/train/serif/BatangChe/BatangChe_0006.png,data/v2/processed/fontsense_v2/images/train/serif/Quattrocento/Quattrocento_0067.png,1,False,True,False
data/v2/processed/fontsense_v2/images/train/serif/BatangChe/BatangChe_0012.png,data/v2/processed/fontsense_v2/images/train/serif/Sanchez/Sanchez_0093.png,1,False,True,True
data/v2/processed/fontsense_v2/images/train/serif/BatangChe/BatangChe_0034.png,data/v2/processed/fontsense_v2/images/train/serif/Noto_Serif_Ahom/Noto_Serif_Ahom_0003.png,1,False,True,False
data/v2/processed/fontsense_v2/images/train/serif/BatangChe/BatangChe_0034.png,data/v2/processed/fontsense_v2/images/train/serif/Noto_Serif_Ahom/Noto_Serif_Ahom_0013.png,1,False,True,False
data/v2/processed/fontsense_v2/images/train/serif/BatangChe/BatangChe_0041.png,data/v2/processed/fontsense_v2/images/train/serif/BatangChe/BatangChe_0075.png,1,True,True,False
data/v2/processed/fontsense_v2/images/train/serif/BatangChe/BatangChe_0042.png,data/v2/processed/fontsense_v2/images/train/serif/Libre_Caslon_Text/Libre_Caslon_Text_0047.png,1,False,True,False
data/v2/processed/fontsense_v2/images/train/serif/BatangChe/BatangChe_0067.png,data/v2/processed/fontsense_v2/images/train/serif/BatangChe/BatangChe_0094.png,1,True,True,False
data/v2/processed/fontsense_v2/images/train/serif/BatangChe/BatangChe_0068.png,data/v2/processed/fontsense_v2/images/train/serif/IM_Fell_Great_Primer/IM_Fell_Great_Primer_0076.png,1,False,True,False
data/v2/processed/fontsense_v2/images/train/serif/BatangChe/BatangChe_0072.png,data/v2/processed/fontsense_v2/images/train/serif/Quattrocento/Quattrocento_0088.png,1,False,True,False
data/v2/processed/fontsense_v2/images/train/serif/BatangChe/BatangChe_0078.png,data/v2/processed/fontsense_v2/images/train/serif/Noto_Serif_Ahom/Noto_Serif_Ahom_0049.png,1,False,True,False
data/v2/processed/fontsense_v2/images/train/serif/BatangChe/BatangChe_0078.png,data/v2/processed/fontsense_v2/images/train/serif/Noto_Serif_Ahom/Noto_Serif_Ahom_0059.png,1,False,True,False
data/v2/processed/fontsense_v2/images/train/serif/BatangChe/BatangChe_0082.png,data/v2/processed/fontsense_v2/images/train/serif/Rokkitt/Rokkitt_0071.png,1,False,True,False
data/v2/processed/fontsense_v2/images/train/serif/Domine/Domine_0016.png,data/v2/processed/fontsense_v2/images/train/serif/Sanchez/Sanchez_0018.png,1,False,True,False
data/v2/processed/fontsense_v2/images/train/serif/Domine/Domine_0019.png,data/v2/processed/fontsense_v2/images/train/serif/Sanchez/Sanchez_0031.png,1,False,True,False
data/v2/processed/fontsense_v2/images/train/serif/Domine/Domine_0019.png,data/v2/processed/fontsense_v2/images/train/serif/IM_Fell_Great_Primer/IM_Fell_Great_Primer_0072.png,1,False,True,False
data/v2/processed/fontsense_v2/images/train/serif/Domine/Domine_0043.png,data/v2/processed/fontsense_v2/images/train/serif/Quattrocento/Quattrocento_0076.png,1,False,True,False
data/v2/processed/fontsense_v2/images/train/serif/Domine/Domine_0043.png,data/v2/processed/fontsense_v2/images/train/serif/Noto_Serif_Ahom/Noto_Serif_Ahom_0039.png,1,False,True,False
data/v2/processed/fontsense_v2/images/train/serif/Domine/Domine_0043.png,data/v2/processed/fontsense_v2/images/train/serif/Noto_Serif_Ahom/Noto_Serif_Ahom_0059.png,1,False,True,False
data/v2/processed/fontsense_v2/images/train/serif/Domine/Domine_0052.png,data/v2/processed/fontsense_v2/images/train/serif/BatangChe/BatangChe_0011.png,1,False,True,False
data/v2/processed/fontsense_v2/images/train/serif/Domine/Domine_0053.png,data/v2/processed/fontsense_v2/images/train/serif/BatangChe/BatangChe_0078.png,1,False,True,False
data/v2/processed/fontsense_v2/images/train/serif/Domine/Domine_0053.png,data/v2/processed/fontsense_v2/images/train/serif/Sanchez/Sanchez_0001.png,1,False,True,False
data/v2/processed/fontsense_v2/images/train/serif/Domine/Domine_0053.png,data/v2/processed/fontsense_v2/images/train/serif/IM_Fell_Great_Primer/IM_Fell_Great_Primer_0032.png,1,False,True,False
data/v2/processed/fontsense_v2/images/train/serif/Domine/Domine_0060.png,data/v2/processed/fontsense_v2/images/train/serif/Rokkitt/Rokkitt_0000.png,1,False,True,False
data/v2/processed/fontsense_v2/images/train/serif/IM_Fell_Great_Primer/IM_Fell_Great_Primer_0009.png,data/v2/processed/fontsense_v2/images/train/serif/Noto_Serif_Ahom/Noto_Serif_Ahom_0013.png,1,False,True,False
data/v2/processed/fontsense_v2/images/train/serif/IM_Fell_Great_Primer/IM_Fell_Great_Primer_0012.png,data/v2/processed/fontsense_v2/images/train/serif/IM_Fell_Great_Primer/IM_Fell_Great_Primer_0039.png,1,True,True,False
data/v2/processed/fontsense_v2/images/train/serif/IM_Fell_Great_Primer/IM_Fell_Great_Primer_0012.png,data/v2/processed/fontsense_v2/images/train/serif/IM_Fell_Great_Primer/IM_Fell_Great_Primer_0090.png,1,True,True,False
data/v2/processed/fontsense_v2/images/train/serif/IM_Fell_Great_Primer/IM_Fell_Great_Primer_0052.png,data/v2/processed/fontsense_v2/images/train/serif/IM_Fell_Great_Primer/IM_Fell_Great_Primer_0087.png,1,True,True,False
data/v2/processed/fontsense_v2/images/train/serif/IM_Fell_Great_Primer/IM_Fell_Great_Primer_0090.png,data/v2/processed/fontsense_v2/images/train/serif/Noto_Serif_Ahom/Noto_Serif_Ahom_0035.png,1,False,True,True
data/v2/processed/fontsense_v2/images/train/serif/IM_Fell_Great_Primer/IM_Fell_Great_Primer_0093.png,data/v2/processed/fontsense_v2/images/train/serif/Noto_Serif_Ahom/Noto_Serif_Ahom_0069.png,1,False,True,False
data/v2/processed/fontsense_v2/images/train/serif/Libre_Caslon_Text/Libre_Caslon_Text_0030.png,data/v2/processed/fontsense_v2/images/train/serif/Sanchez/Sanchez_0031.png,1,False,True,False
data/v2/processed/fontsense_v2/images/train/serif/Libre_Caslon_Text/Libre_Caslon_Text_0030.png,data/v2/processed/fontsense_v2/images/train/serif/IM_Fell_Great_Primer/IM_Fell_Great_Primer_0072.png,1,False,True,False
data/v2/processed/fontsense_v2/images/train/serif/Libre_Caslon_Text/Libre_Caslon_Text_0048.png,data/v2/processed/fontsense_v2/images/train/serif/Sanchez/Sanchez_0062.png,1,False,True,False
data/v2/processed/fontsense_v2/images/train/serif/Lisu_Bosa/Lisu_Bosa_0000.png,data/v2/processed/fontsense_v2/images/train/serif/Lisu_Bosa/Lisu_Bosa_0041.png,1,True,True,False
data/v2/processed/fontsense_v2/images/train/serif/Lisu_Bosa/Lisu_Bosa_0001.png,data/v2/processed/fontsense_v2/images/train/serif/Lisu_Bosa/Lisu_Bosa_0099.png,1,True,True,False
data/v2/processed/fontsense_v2/images/train/serif/Lisu_Bosa/Lisu_Bosa_0004.png,data/v2/processed/fontsense_v2/images/train/serif/Lisu_Bosa/Lisu_Bosa_0026.png,1,True,True,False
data/v2/processed/fontsense_v2/images/train/serif/Lisu_Bosa/Lisu_Bosa_0004.png,data/v2/processed/fontsense_v2/images/train/serif/Lisu_Bosa/Lisu_Bosa_0047.png,1,True,True,False
data/v2/processed/fontsense_v2/images/train/serif/Lisu_Bosa/Lisu_Bosa_0004.png,data/v2/processed/fontsense_v2/images/train/serif/Lisu_Bosa/Lisu_Bosa_0081.png,1,True,True,False
data/v2/processed/fontsense_v2/images/train/serif/Lisu_Bosa/Lisu_Bosa_0004.png,data/v2/processed/fontsense_v2/images/train/serif/Lisu_Bosa/Lisu_Bosa_0095.png,1,True,True,False
data/v2/processed/fontsense_v2/images/train/serif/Lisu_Bosa/Lisu_Bosa_0005.png,data/v2/processed/fontsense_v2/images/train/serif/Lisu_Bosa/Lisu_Bosa_0020.png,1,True,True,False
data/v2/processed/fontsense_v2/images/train/serif/Lisu_Bosa/Lisu_Bosa_0005.png,data/v2/processed/fontsense_v2/images/train/serif/Lisu_Bosa/Lisu_Bosa_0055.png,1,True,True,False
data/v2/processed/fontsense_v2/images/train/serif/Lisu_Bosa/Lisu_Bosa_0005.png,data/v2/processed/fontsense_v2/images/train/serif/Lisu_Bosa/Lisu_Bosa_0074.png,1,True,True,False
data/v2/processed/fontsense_v2/images/train/serif/Lisu_Bosa/Lisu_Bosa_0006.png,data/v2/processed/fontsense_v2/images/train/serif/Lisu_Bosa/Lisu_Bosa_0010.png,1,True,True,False
data/v2/processed/fontsense_v2/images/train/serif/Lisu_Bosa/Lisu_Bosa_0006.png,data/v2/processed/fontsense_v2/images/train/serif/Lisu_Bosa/Lisu_Bosa_0048.png,1,True,True,False
data/v2/processed/fontsense_v2/images/train/serif/Lisu_Bosa/Lisu_Bosa_0006.png,data/v2/processed/fontsense_v2/images/train/serif/Lisu_Bosa/Lisu_Bosa_0054.png,1,True,True,False
data/v2/processed/fontsense_v2/images/train/serif/Lisu_Bosa/Lisu_Bosa_0007.png,data/v2/processed/fontsense_v2/images/train/serif/Lisu_Bosa/Lisu_Bosa_0046.png,1,True,True,False
data/v2/processed/fontsense_v2/images/train/serif/Lisu_Bosa/Lisu_Bosa_0008.png,data/v2/processed/fontsense_v2/images/train/serif/Lisu_Bosa/Lisu_Bosa_0046.png,1,True,True,False
data/v2/processed/fontsense_v2/images/train/serif/Lisu_Bosa/Lisu_Bosa_0009.png,data/v2/processed/fontsense_v2/images/train/serif/Lisu_Bosa/Lisu_Bosa_0032.png,1,True,True,False
data/v2/processed/fontsense_v2/images/train/serif/Lisu_Bosa/Lisu_Bosa_0009.png,data/v2/processed/fontsense_v2/images/train/serif/Lisu_Bosa/Lisu_Bosa_0043.png,1,True,True,False
data/v2/processed/fontsense_v2/images/train/serif/Lisu_Bosa/Lisu_Bosa_0009.png,data/v2/processed/fontsense_v2/images/train/serif/Lisu_Bosa/Lisu_Bosa_0089.png,1,True,True,False
data/v2/processed/fontsense_v2/images/train/serif/Lisu_Bosa/Lisu_Bosa_0012.png,data/v2/processed/fontsense_v2/images/train/serif/Lisu_Bosa/Lisu_Bosa_0018.png,1,True,True,False
data/v2/processed/fontsense_v2/images/train/serif/Lisu_Bosa/Lisu_Bosa_0013.png,data/v2/processed/fontsense_v2/images/train/serif/Lisu_Bosa/Lisu_Bosa_0049.png,1,True,True,False
data/v2/processed/fontsense_v2/images/train/serif/Lisu_Bosa/Lisu_Bosa_0014.png,data/v2/processed/fontsense_v2/images/train/serif/Rokkitt/Rokkitt_0005.png,1,False,True,False
data/v2/processed/fontsense_v2/images/train/serif/Lisu_Bosa/Lisu_Bosa_0015.png,data/v2/processed/fontsense_v2/images/train/serif/Lisu_Bosa/Lisu_Bosa_0042.png,1,True,True,False
data/v2/processed/fontsense_v2/images/train/serif/Lisu_Bosa/Lisu_Bosa_0018.png,data/v2/processed/fontsense_v2/images/train/serif/Lisu_Bosa/Lisu_Bosa_0098.png,1,True,True,False
data/v2/processed/fontsense_v2/images/train/serif/Lisu_Bosa/Lisu_Bosa_0019.png,data/v2/processed/fontsense_v2/images/train/serif/Lisu_Bosa/Lisu_Bosa_0051.png,1,True,True,False
data/v2/processed/fontsense_v2/images/train/serif/Lisu_Bosa/Lisu_Bosa_0020.png,data/v2/processed/fontsense_v2/images/train/serif/Lisu_Bosa/Lisu_Bosa_0056.png,1,True,True,False
data/v2/processed/fontsense_v2/images/train/serif/Lisu_Bosa/Lisu_Bosa_0021.png,data/v2/processed/fontsense_v2/images/train/serif/Lisu_Bosa/Lisu_Bosa_0087.png,1,True,True,False
data/v2/processed/fontsense_v2/images/train/serif/Lisu_Bosa/Lisu_Bosa_0026.png,data/v2/processed/fontsense_v2/images/train/serif/Lisu_Bosa/Lisu_Bosa_0069.png,1,True,True,False
data/v2/processed/fontsense_v2/images/train/serif/Lisu_Bosa/Lisu_Bosa_0026.png,data/v2/processed/fontsense_v2/images/train/serif/Lisu_Bosa/Lisu_Bosa_0088.png,1,True,True,False
data/v2/processed/fontsense_v2/images/train/serif/Lisu_Bosa/Lisu_Bosa_0030.png,data/v2/processed/fontsense_v2/images/train/serif/Lisu_Bosa/Lisu_Bosa_0072.png,1,True,True,False
data/v2/processed/fontsense_v2/images/train/serif/Lisu_Bosa/Lisu_Bosa_0033.png,data/v2/processed/fontsense_v2/images/train/serif/Lisu_Bosa/Lisu_Bosa_0062.png,1,True,True,False
data/v2/processed/fontsense_v2/images/train/serif/Lisu_Bosa/Lisu_Bosa_0034.png,data/v2/processed/fontsense_v2/images/train/serif/Lisu_Bosa/Lisu_Bosa_0036.png,1,True,True,False
data/v2/processed/fontsense_v2/images/train/serif/Lisu_Bosa/Lisu_Bosa_0034.png,data/v2/processed/fontsense_v2/images/train/serif/Lisu_Bosa/Lisu_Bosa_0039.png,1,True,True,False
data/v2/processed/fontsense_v2/images/train/serif/Lisu_Bosa/Lisu_Bosa_0034.png,data/v2/processed/fontsense_v2/images/train/serif/Lisu_Bosa/Lisu_Bosa_0051.png,1,True,True,False
data/v2/processed/fontsense_v2/images/train/serif/Lisu_Bosa/Lisu_Bosa_0034.png,data/v2/processed/fontsense_v2/images/train/serif/Lisu_Bosa/Lisu_Bosa_0081.png,1,True,True,False
data/v2/processed/fontsense_v2/images/train/serif/Lisu_Bosa/Lisu_Bosa_0039.png,data/v2/processed/fontsense_v2/images/train/serif/Lisu_Bosa/Lisu_Bosa_0071.png,1,True,True,False
data/v2/processed/fontsense_v2/images/train/serif/Lisu_Bosa/Lisu_Bosa_0042.png,data/v2/processed/fontsense_v2/images/train/serif/Lisu_Bosa/Lisu_Bosa_0043.png,1,True,True,False
data/v2/processed/fontsense_v2/images/train/serif/Lisu_Bosa/Lisu_Bosa_0042.png,data/v2/processed/fontsense_v2/images/train/serif/Lisu_Bosa/Lisu_Bosa_0080.png,1,True,True,False
data/v2/processed/fontsense_v2/images/train/serif/Lisu_Bosa/Lisu_Bosa_0043.png,data/v2/processed/fontsense_v2/images/train/serif/Lisu_Bosa/Lisu_Bosa_0047.png,1,True,True,False
data/v2/processed/fontsense_v2/images/train/serif/Lisu_Bosa/Lisu_Bosa_0044.png,data/v2/processed/fontsense_v2/images/train/serif/Lisu_Bosa/Lisu_Bosa_0048.png,1,True,True,False
data/v2/processed/fontsense_v2/images/train/serif/Lisu_Bosa/Lisu_Bosa_0044.png,data/v2/processed/fontsense_v2/images/train/serif/Lisu_Bosa/Lisu_Bosa_0071.png,1,True,True,False
data/v2/processed/fontsense_v2/images/train/serif/Lisu_Bosa/Lisu_Bosa_0046.png,data/v2/processed/fontsense_v2/images/train/serif/Lisu_Bosa/Lisu_Bosa_0061.png,1,True,True,False
data/v2/processed/fontsense_v2/images/train/serif/Lisu_Bosa/Lisu_Bosa_0047.png,data/v2/processed/fontsense_v2/images/train/serif/Lisu_Bosa/Lisu_Bosa_0054.png,1,True,True,False
data/v2/processed/fontsense_v2/images/train/serif/Lisu_Bosa/Lisu_Bosa_0047.png,data/v2/processed/fontsense_v2/images/train/serif/Lisu_Bosa/Lisu_Bosa_0069.png,1,True,True,False
data/v2/processed/fontsense_v2/images/train/serif/Lisu_Bosa/Lisu_Bosa_0047.png,data/v2/processed/fontsense_v2/images/train/serif/Lisu_Bosa/Lisu_Bosa_0088.png,1,True,True,False
data/v2/processed/fontsense_v2/images/train/serif/Lisu_Bosa/Lisu_Bosa_0047.png,data/v2/processed/fontsense_v2/images/train/serif/Lisu_Bosa/Lisu_Bosa_0098.png,1,True,True,False
data/v2/processed/fontsense_v2/images/train/serif/Lisu_Bosa/Lisu_Bosa_0048.png,data/v2/processed/fontsense_v2/images/train/serif/Lisu_Bosa/Lisu_Bosa_0083.png,1,True,True,False
data/v2/processed/fontsense_v2/images/train/serif/Lisu_Bosa/Lisu_Bosa_0049.png,data/v2/processed/fontsense_v2/images/train/serif/Lisu_Bosa/Lisu_Bosa_0050.png,1,True,True,False
data/v2/processed/fontsense_v2/images/train/serif/Lisu_Bosa/Lisu_Bosa_0049.png,data/v2/processed/fontsense_v2/images/train/serif/Lisu_Bosa/Lisu_Bosa_0065.png,1,True,True,False
data/v2/processed/fontsense_v2/images/train/serif/Lisu_Bosa/Lisu_Bosa_0049.png,data/v2/processed/fontsense_v2/images/train/serif/Lisu_Bosa/Lisu_Bosa_0079.png,1,True,True,False
data/v2/processed/fontsense_v2/images/train/serif/Lisu_Bosa/Lisu_Bosa_0050.png,data/v2/processed/fontsense_v2/images/train/serif/Lisu_Bosa/Lisu_Bosa_0093.png,1,True,True,False
data/v2/processed/fontsense_v2/images/train/serif/Lisu_Bosa/Lisu_Bosa_0050.png,data/v2/processed/fontsense_v2/images/train/serif/Rokkitt/Rokkitt_0052.png,1,False,True,False
data/v2/processed/fontsense_v2/images/train/serif/Lisu_Bosa/Lisu_Bosa_0050.png,data/v2/processed/fontsense_v2/images/train/serif/Rokkitt/Rokkitt_0059.png,1,False,True,False
data/v2/processed/fontsense_v2/images/train/serif/Lisu_Bosa/Lisu_Bosa_0050.png,data/v2/processed/fontsense_v2/images/train/serif/Rokkitt/Rokkitt_0082.png,1,False,True,False
data/v2/processed/fontsense_v2/images/train/serif/Lisu_Bosa/Lisu_Bosa_0050.png,data/v2/processed/fontsense_v2/images/train/serif/Quattrocento/Quattrocento_0066.png,1,False,True,False
data/v2/processed/fontsense_v2/images/train/serif/Lisu_Bosa/Lisu_Bosa_0052.png,data/v2/processed/fontsense_v2/images/train/serif/Lisu_Bosa/Lisu_Bosa_0089.png,1,True,True,False
data/v2/processed/fontsense_v2/images/train/serif/Lisu_Bosa/Lisu_Bosa_0064.png,data/v2/processed/fontsense_v2/images/train/serif/Lisu_Bosa/Lisu_Bosa_0099.png,1,True,True,False
data/v2/processed/fontsense_v2/images/train/serif/Lisu_Bosa/Lisu_Bosa_0065.png,data/v2/processed/fontsense_v2/images/train/serif/Lisu_Bosa/Lisu_Bosa_0093.png,1,True,True,False
data/v2/processed/fontsense_v2/images/train/serif/Lisu_Bosa/Lisu_Bosa_0065.png,data/v2/processed/fontsense_v2/images/train/serif/Rokkitt/Rokkitt_0052.png,1,False,True,False
data/v2/processed/fontsense_v2/images/train/serif/Lisu_Bosa/Lisu_Bosa_0065.png,data/v2/processed/fontsense_v2/images/train/serif/Rokkitt/Rokkitt_0059.png,1,False,True,False
data/v2/processed/fontsense_v2/images/train/serif/Lisu_Bosa/Lisu_Bosa_0065.png,data/v2/processed/fontsense_v2/images/train/serif/Rokkitt/Rokkitt_0082.png,1,False,True,False
data/v2/processed/fontsense_v2/images/train/serif/Lisu_Bosa/Lisu_Bosa_0065.png,data/v2/processed/fontsense_v2/images/train/serif/Quattrocento/Quattrocento_0066.png,1,False,True,False
data/v2/processed/fontsense_v2/images/train/serif/Lisu_Bosa/Lisu_Bosa_0069.png,data/v2/processed/fontsense_v2/images/train/serif/Lisu_Bosa/Lisu_Bosa_0081.png,1,True,True,False
data/v2/processed/fontsense_v2/images/train/serif/Lisu_Bosa/Lisu_Bosa_0069.png,data/v2/processed/fontsense_v2/images/train/serif/Lisu_Bosa/Lisu_Bosa_0095.png,1,True,True,False
data/v2/processed/fontsense_v2/images/train/serif/Lisu_Bosa/Lisu_Bosa_0070.png,data/v2/processed/fontsense_v2/images/train/serif/Lisu_Bosa/Lisu_Bosa_0089.png,1,True,True,False
data/v2/processed/fontsense_v2/images/train/serif/Lisu_Bosa/Lisu_Bosa_0071.png,data/v2/processed/fontsense_v2/images/train/serif/Lisu_Bosa/Lisu_Bosa_0083.png,1,True,True,False
data/v2/processed/fontsense_v2/images/train/serif/Lisu_Bosa/Lisu_Bosa_0078.png,data/v2/processed/fontsense_v2/images/train/serif/Rokkitt/Rokkitt_0042.png,1,False,True,False
data/v2/processed/fontsense_v2/images/train/serif/Lisu_Bosa/Lisu_Bosa_0079.png,data/v2/processed/fontsense_v2/images/train/serif/Lisu_Bosa/Lisu_Bosa_0093.png,1,True,True,False
data/v2/processed/fontsense_v2/images/train/serif/Lisu_Bosa/Lisu_Bosa_0079.png,data/v2/processed/fontsense_v2/images/train/serif/Rokkitt/Rokkitt_0052.png,1,False,True,False
data/v2/processed/fontsense_v2/images/train/serif/Lisu_Bosa/Lisu_Bosa_0079.png,data/v2/processed/fontsense_v2/images/train/serif/Rokkitt/Rokkitt_0059.png,1,False,True,False
data/v2/processed/fontsense_v2/images/train/serif/Lisu_Bosa/Lisu_Bosa_0079.png,data/v2/processed/fontsense_v2/images/train/serif/Rokkitt/Rokkitt_0082.png,1,False,True,False
data/v2/processed/fontsense_v2/images/train/serif/Lisu_Bosa/Lisu_Bosa_0079.png,data/v2/processed/fontsense_v2/images/train/serif/Quattrocento/Quattrocento_0066.png,1,False,True,False
data/v2/processed/fontsense_v2/images/train/serif/Lisu_Bosa/Lisu_Bosa_0081.png,data/v2/processed/fontsense_v2/images/train/serif/Lisu_Bosa/Lisu_Bosa_0088.png,1,True,True,False
data/v2/processed/fontsense_v2/images/train/serif/Lisu_Bosa/Lisu_Bosa_0085.png,data/v2/processed/fontsense_v2/images/train/serif/Lisu_Bosa/Lisu_Bosa_0099.png,1,True,True,False
data/v2/processed/fontsense_v2/images/train/serif/Lisu_Bosa/Lisu_Bosa_0088.png,data/v2/processed/fontsense_v2/images/train/serif/Lisu_Bosa/Lisu_Bosa_0095.png,1,True,True,False
data/v2/processed/fontsense_v2/images/train/serif/Lisu_Bosa/Lisu_Bosa_0093.png,data/v2/processed/fontsense_v2/images/train/serif/Lisu_Bosa/Lisu_Bosa_0094.png,1,True,True,False
data/v2/processed/fontsense_v2/images/train/serif/Noto_Serif_Ahom/Noto_Serif_Ahom_0006.png,data/v2/processed/fontsense_v2/images/train/serif/Noto_Serif_Ahom/Noto_Serif_Ahom_0046.png,1,True,True,False
data/v2/processed/fontsense_v2/images/train/serif/Noto_Serif_Ahom/Noto_Serif_Ahom_0014.png,data/v2/processed/fontsense_v2/images/train/serif/Noto_Serif_Ahom/Noto_Serif_Ahom_0060.png,1,True,True,False
data/v2/processed/fontsense_v2/images/train/serif/Noto_Serif_Ahom/Noto_Serif_Ahom_0035.png,data/v2/processed/fontsense_v2/images/train/serif/Noto_Serif_Ahom/Noto_Serif_Ahom_0046.png,1,True,True,False
data/v2/processed/fontsense_v2/images/train/serif/Noto_Serif_Ahom/Noto_Serif_Ahom_0066.png,data/v2/processed/fontsense_v2/images/train/serif/Noto_Serif_Ahom/Noto_Serif_Ahom_0069.png,1,True,True,False
data/v2/processed/fontsense_v2/images/train/serif/Noto_Serif_Hebrew/Noto_Serif_Hebrew_0005.png,data/v2/processed/fontsense_v2/images/train/serif/Quattrocento/Quattrocento_0030.png,1,False,True,False
data/v2/processed/fontsense_v2/images/train/serif/Noto_Serif_Hebrew/Noto_Serif_Hebrew_0006.png,data/v2/processed/fontsense_v2/images/train/serif/Sanchez/Sanchez_0005.png,1,False,True,False
data/v2/processed/fontsense_v2/images/train/serif/Noto_Serif_Hebrew/Noto_Serif_Hebrew_0009.png,data/v2/processed/fontsense_v2/images/train/serif/Quattrocento/Quattrocento_0088.png,1,False,True,False
data/v2/processed/fontsense_v2/images/train/serif/Noto_Serif_Hebrew/Noto_Serif_Hebrew_0011.png,data/v2/processed/fontsense_v2/images/train/serif/Noto_Serif_Hebrew/Noto_Serif_Hebrew_0077.png,1,True,True,False
data/v2/processed/fontsense_v2/images/train/serif/Noto_Serif_Hebrew/Noto_Serif_Hebrew_0011.png,data/v2/processed/fontsense_v2/images/train/serif/Quattrocento/Quattrocento_0048.png,1,False,True,False
data/v2/processed/fontsense_v2/images/train/serif/Noto_Serif_Hebrew/Noto_Serif_Hebrew_0011.png,data/v2/processed/fontsense_v2/images/train/serif/Noto_Serif_Ahom/Noto_Serif_Ahom_0060.png,1,False,True,False
data/v2/processed/fontsense_v2/images/train/serif/Noto_Serif_Hebrew/Noto_Serif_Hebrew_0019.png,data/v2/processed/fontsense_v2/images/train/serif/Quattrocento/Quattrocento_0081.png,1,False,True,False
data/v2/processed/fontsense_v2/images/train/serif/Noto_Serif_Hebrew/Noto_Serif_Hebrew_0025.png,data/v2/processed/fontsense_v2/images/train/serif/Noto_Serif_Hebrew/Noto_Serif_Hebrew_0097.png,1,True,True,False
data/v2/processed/fontsense_v2/images/train/serif/Noto_Serif_Hebrew/Noto_Serif_Hebrew_0026.png,data/v2/processed/fontsense_v2/images/train/serif/Wellfleet/Wellfleet_0089.png,1,False,True,False
data/v2/processed/fontsense_v2/images/train/serif/Noto_Serif_Hebrew/Noto_Serif_Hebrew_0028.png,data/v2/processed/fontsense_v2/images/train/serif/BatangChe/BatangChe_0078.png,1,False,True,False
data/v2/processed/fontsense_v2/images/train/serif/Noto_Serif_Hebrew/Noto_Serif_Hebrew_0043.png,data/v2/processed/fontsense_v2/images/train/serif/Rokkitt/Rokkitt_0090.png,1,False,True,False
data/v2/processed/fontsense_v2/images/train/serif/Noto_Serif_Hebrew/Noto_Serif_Hebrew_0053.png,data/v2/processed/fontsense_v2/images/train/serif/Quattrocento/Quattrocento_0015.png,1,False,True,False
data/v2/processed/fontsense_v2/images/train/serif/Noto_Serif_Hebrew/Noto_Serif_Hebrew_0075.png,data/v2/processed/fontsense_v2/images/train/serif/Libre_Caslon_Text/Libre_Caslon_Text_0045.png,1,False,True,False
data/v2/processed/fontsense_v2/images/train/serif/Noto_Serif_Hebrew/Noto_Serif_Hebrew_0075.png,data/v2/processed/fontsense_v2/images/train/serif/Sanchez/Sanchez_0075.png,1,False,True,False
data/v2/processed/fontsense_v2/images/train/serif/Noto_Serif_Hebrew/Noto_Serif_Hebrew_0077.png,data/v2/processed/fontsense_v2/images/train/serif/Noto_Serif_Ahom/Noto_Serif_Ahom_0014.png,1,False,True,False
data/v2/processed/fontsense_v2/images/train/serif/Noto_Serif_Hebrew/Noto_Serif_Hebrew_0088.png,data/v2/processed/fontsense_v2/images/train/serif/BatangChe/BatangChe_0052.png,1,False,True,False
data/v2/processed/fontsense_v2/images/train/serif/Noto_Serif_Hebrew/Noto_Serif_Hebrew_0090.png,data/v2/processed/fontsense_v2/images/train/serif/Quattrocento/Quattrocento_0074.png,1,False,True,False
data/v2/processed/fontsense_v2/images/train/serif/Noto_Serif_KR/Noto_Serif_KR_0005.png,data/v2/processed/fontsense_v2/images/train/serif/Yuji_Syuku/Yuji_Syuku_0019.png,1,False,True,False
data/v2/processed/fontsense_v2/images/train/serif/Noto_Serif_KR/Noto_Serif_KR_0005.png,data/v2/processed/fontsense_v2/images/train/serif/Rokkitt/Rokkitt_0039.png,1,False,True,False
data/v2/processed/fontsense_v2/images/train/serif/Noto_Serif_KR/Noto_Serif_KR_0015.png,data/v2/processed/fontsense_v2/images/train/serif/Noto_Serif_Ahom/Noto_Serif_Ahom_0051.png,1,False,True,False
data/v2/processed/fontsense_v2/images/train/serif/Noto_Serif_KR/Noto_Serif_KR_0078.png,data/v2/processed/fontsense_v2/images/train/serif/Noto_Serif_Ahom/Noto_Serif_Ahom_0006.png,1,False,True,False
data/v2/processed/fontsense_v2/images/train/serif/Noto_Serif_KR/Noto_Serif_KR_0078.png,data/v2/processed/fontsense_v2/images/train/serif/Noto_Serif_Ahom/Noto_Serif_Ahom_0035.png,1,False,True,False
data/v2/processed/fontsense_v2/images/train/serif/Quattrocento/Quattrocento_0004.png,data/v2/processed/fontsense_v2/images/train/serif/Noto_Serif_Ahom/Noto_Serif_Ahom_0038.png,1,False,True,False
data/v2/processed/fontsense_v2/images/train/serif/Quattrocento/Quattrocento_0026.png,data/v2/processed/fontsense_v2/images/train/serif/Quattrocento/Quattrocento_0089.png,1,True,True,False
data/v2/processed/fontsense_v2/images/train/serif/Quattrocento/Quattrocento_0029.png,data/v2/processed/fontsense_v2/images/train/serif/IM_Fell_Great_Primer/IM_Fell_Great_Primer_0008.png,1,False,True,False
data/v2/processed/fontsense_v2/images/train/serif/Quattrocento/Quattrocento_0029.png,data/v2/processed/fontsense_v2/images/train/serif/IM_Fell_Great_Primer/IM_Fell_Great_Primer_0060.png,1,False,True,False
data/v2/processed/fontsense_v2/images/train/serif/Quattrocento/Quattrocento_0030.png,data/v2/processed/fontsense_v2/images/train/serif/Quattrocento/Quattrocento_0057.png,1,True,True,False
data/v2/processed/fontsense_v2/images/train/serif/Quattrocento/Quattrocento_0048.png,data/v2/processed/fontsense_v2/images/train/serif/Noto_Serif_Ahom/Noto_Serif_Ahom_0014.png,1,False,True,False
data/v2/processed/fontsense_v2/images/train/serif/Quattrocento/Quattrocento_0058.png,data/v2/processed/fontsense_v2/images/train/serif/Noto_Serif_Ahom/Noto_Serif_Ahom_0038.png,1,False,True,False
data/v2/processed/fontsense_v2/images/train/serif/Quattrocento/Quattrocento_0061.png,data/v2/processed/fontsense_v2/images/train/serif/Sanchez/Sanchez_0023.png,1,False,True,False
data/v2/processed/fontsense_v2/images/train/serif/Quattrocento/Quattrocento_0061.png,data/v2/processed/fontsense_v2/images/train/serif/Noto_Serif_Ahom/Noto_Serif_Ahom_0035.png,1,False,True,False
data/v2/processed/fontsense_v2/images/train/serif/Quattrocento/Quattrocento_0069.png,data/v2/processed/fontsense_v2/images/train/serif/Sanchez/Sanchez_0035.png,1,False,True,False
data/v2/processed/fontsense_v2/images/train/serif/Quattrocento/Quattrocento_0081.png,data/v2/processed/fontsense_v2/images/train/serif/Quattrocento/Quattrocento_0097.png,1,True,True,False
data/v2/processed/fontsense_v2/images/train/serif/Quattrocento/Quattrocento_0092.png,data/v2/processed/fontsense_v2/images/train/serif/Sanchez/Sanchez_0031.png,1,False,True,False
data/v2/processed/fontsense_v2/images/train/serif/Quattrocento/Quattrocento_0092.png,data/v2/processed/fontsense_v2/images/train/serif/IM_Fell_Great_Primer/IM_Fell_Great_Primer_0072.png,1,False,True,False
data/v2/processed/fontsense_v2/images/train/serif/Quattrocento/Quattrocento_0093.png,data/v2/processed/fontsense_v2/images/train/serif/Noto_Serif_Ahom/Noto_Serif_Ahom_0067.png,1,False,True,False
data/v2/processed/fontsense_v2/images/train/serif/Rokkitt/Rokkitt_0000.png,data/v2/processed/fontsense_v2/images/train/serif/Noto_Serif_Ahom/Noto_Serif_Ahom_0006.png,1,False,True,False
data/v2/processed/fontsense_v2/images/train/serif/Rokkitt/Rokkitt_0000.png,data/v2/processed/fontsense_v2/images/train/serif/Noto_Serif_Ahom/Noto_Serif_Ahom_0035.png,1,False,True,False
data/v2/processed/fontsense_v2/images/train/serif/Rokkitt/Rokkitt_0002.png,data/v2/processed/fontsense_v2/images/train/serif/IM_Fell_Great_Primer/IM_Fell_Great_Primer_0052.png,1,False,True,False
data/v2/processed/fontsense_v2/images/train/serif/Rokkitt/Rokkitt_0014.png,data/v2/processed/fontsense_v2/images/train/serif/Quattrocento/Quattrocento_0047.png,1,False,True,False
data/v2/processed/fontsense_v2/images/train/serif/Rokkitt/Rokkitt_0019.png,data/v2/processed/fontsense_v2/images/train/serif/Quattrocento/Quattrocento_0017.png,1,False,True,False
data/v2/processed/fontsense_v2/images/train/serif/Rokkitt/Rokkitt_0022.png,data/v2/processed/fontsense_v2/images/train/serif/Quattrocento/Quattrocento_0086.png,1,False,True,False
data/v2/processed/fontsense_v2/images/train/serif/Rokkitt/Rokkitt_0024.png,data/v2/processed/fontsense_v2/images/train/serif/Quattrocento/Quattrocento_0017.png,1,False,True,False
data/v2/processed/fontsense_v2/images/train/serif/Rokkitt/Rokkitt_0029.png,data/v2/processed/fontsense_v2/images/train/serif/Quattrocento/Quattrocento_0029.png,1,False,True,False
data/v2/processed/fontsense_v2/images/train/serif/Rokkitt/Rokkitt_0039.png,data/v2/processed/fontsense_v2/images/train/serif/Sanchez/Sanchez_0006.png,1,False,True,False
data/v2/processed/fontsense_v2/images/train/serif/Rokkitt/Rokkitt_0042.png,data/v2/processed/fontsense_v2/images/train/serif/Noto_Serif_Ahom/Noto_Serif_Ahom_0029.png,1,False,True,False
data/v2/processed/fontsense_v2/images/train/serif/Rokkitt/Rokkitt_0046.png,data/v2/processed/fontsense_v2/images/train/serif/IM_Fell_Great_Primer/IM_Fell_Great_Primer_0076.png,1,False,True,False
data/v2/processed/fontsense_v2/images/train/serif/Rokkitt/Rokkitt_0050.png,data/v2/processed/fontsense_v2/images/train/serif/Quattrocento/Quattrocento_0046.png,1,False,True,False
data/v2/processed/fontsense_v2/images/train/serif/Rokkitt/Rokkitt_0050.png,data/v2/processed/fontsense_v2/images/train/serif/Noto_Serif_Ahom/Noto_Serif_Ahom_0018.png,1,False,True,False
data/v2/processed/fontsense_v2/images/train/serif/Rokkitt/Rokkitt_0052.png,data/v2/processed/fontsense_v2/images/train/serif/IM_Fell_Great_Primer/IM_Fell_Great_Primer_0088.png,1,False,True,False
data/v2/processed/fontsense_v2/images/train/serif/Rokkitt/Rokkitt_0053.png,data/v2/processed/fontsense_v2/images/train/serif/Quattrocento/Quattrocento_0079.png,1,False,True,False
data/v2/processed/fontsense_v2/images/train/serif/Rokkitt/Rokkitt_0054.png,data/v2/processed/fontsense_v2/images/train/serif/Quattrocento/Quattrocento_0036.png,1,False,True,False
data/v2/processed/fontsense_v2/images/train/serif/Rokkitt/Rokkitt_0054.png,data/v2/processed/fontsense_v2/images/train/serif/Noto_Serif_Ahom/Noto_Serif_Ahom_0050.png,1,False,True,False
data/v2/processed/fontsense_v2/images/train/serif/Rokkitt/Rokkitt_0055.png,data/v2/processed/fontsense_v2/images/train/serif/IM_Fell_Great_Primer/IM_Fell_Great_Primer_0093.png,1,False,True,False
data/v2/processed/fontsense_v2/images/train/serif/Rokkitt/Rokkitt_0055.png,data/v2/processed/fontsense_v2/images/train/serif/Noto_Serif_Ahom/Noto_Serif_Ahom_0066.png,1,False,True,False
data/v2/processed/fontsense_v2/images/train/serif/Rokkitt/Rokkitt_0057.png,data/v2/processed/fontsense_v2/images/train/serif/Noto_Serif_Ahom/Noto_Serif_Ahom_0026.png,1,False,True,False
data/v2/processed/fontsense_v2/images/train/serif/Rokkitt/Rokkitt_0062.png,data/v2/processed/fontsense_v2/images/train/serif/Quattrocento/Quattrocento_0038.png,1,False,True,False
data/v2/processed/fontsense_v2/images/train/serif/Rokkitt/Rokkitt_0075.png,data/v2/processed/fontsense_v2/images/train/serif/Quattrocento/Quattrocento_0046.png,1,False,True,False
data/v2/processed/fontsense_v2/images/train/serif/Rokkitt/Rokkitt_0075.png,data/v2/processed/fontsense_v2/images/train/serif/Noto_Serif_Ahom/Noto_Serif_Ahom_0018.png,1,False,True,False
data/v2/processed/fontsense_v2/images/train/serif/Rokkitt/Rokkitt_0084.png,data/v2/processed/fontsense_v2/images/train/serif/Noto_Serif_Ahom/Noto_Serif_Ahom_0067.png,1,False,True,False
data/v2/processed/fontsense_v2/images/train/serif/Sanchez/Sanchez_0024.png,data/v2/processed/fontsense_v2/images/train/serif/Noto_Serif_Ahom/Noto_Serif_Ahom_0036.png,1,False,True,False
data/v2/processed/fontsense_v2/images/train/serif/Sanchez/Sanchez_0056.png,data/v2/processed/fontsense_v2/images/train/serif/IM_Fell_Great_Primer/IM_Fell_Great_Primer_0092.png,1,False,True,False
data/v2/processed/fontsense_v2/images/train/serif/Wellfleet/Wellfleet_0000.png,data/v2/processed/fontsense_v2/images/train/serif/Quattrocento/Quattrocento_0099.png,1,False,True,False
data/v2/processed/fontsense_v2/images/train/serif/Wellfleet/Wellfleet_0035.png,data/v2/processed/fontsense_v2/images/train/serif/Noto_Serif_KR/Noto_Serif_KR_0019.png,1,False,True,False
data/v2/processed/fontsense_v2/images/train/serif/Wellfleet/Wellfleet_0045.png,data/v2/processed/fontsense_v2/images/train/serif/Quattrocento/Quattrocento_0079.png,1,False,True,False
data/v2/processed/fontsense_v2/images/train/serif/Wellfleet/Wellfleet_0045.png,data/v2/processed/fontsense_v2/images/train/serif/Sanchez/Sanchez_0031.png,1,False,True,False
data/v2/processed/fontsense_v2/images/train/serif/Wellfleet/Wellfleet_0045.png,data/v2/processed/fontsense_v2/images/train/serif/IM_Fell_Great_Primer/IM_Fell_Great_Primer_0072.png,1,False,True,False
data/v2/processed/fontsense_v2/images/train/serif/Wellfleet/Wellfleet_0059.png,data/v2/processed/fontsense_v2/images/train/serif/Rokkitt/Rokkitt_0023.png,1,False,True,False
data/v2/processed/fontsense_v2/images/train/serif/Wellfleet/Wellfleet_0062.png,data/v2/processed/fontsense_v2/images/train/serif/Sanchez/Sanchez_0044.png,1,False,True,False
data/v2/processed/fontsense_v2/images/train/serif/Wellfleet/Wellfleet_0063.png,data/v2/processed/fontsense_v2/images/train/serif/Libre_Caslon_Text/Libre_Caslon_Text_0024.png,1,False,True,False
data/v2/processed/fontsense_v2/images/train/serif/Wellfleet/Wellfleet_0068.png,data/v2/processed/fontsense_v2/images/train/serif/BatangChe/BatangChe_0096.png,1,False,True,False
data/v2/processed/fontsense_v2/images/train/serif/Wellfleet/Wellfleet_0084.png,data/v2/processed/fontsense_v2/images/train/serif/IM_Fell_Great_Primer/IM_Fell_Great_Primer_0012.png,1,False,True,False
data/v2/processed/fontsense_v2/images/train/serif/Wellfleet/Wellfleet_0084.png,data/v2/processed/fontsense_v2/images/train/serif/Noto_Serif_Ahom/Noto_Serif_Ahom_0035.png,1,False,True,False
data/v2/processed/fontsense_v2/images/train/serif/Wellfleet/Wellfleet_0085.png,data/v2/processed/fontsense_v2/images/train/serif/IM_Fell_Great_Primer/IM_Fell_Great_Primer_0098.png,1,False,True,False
data/v2/processed/fontsense_v2/images/train/serif/Yuji_Syuku/Yuji_Syuku_0017.png,data/v2/processed/fontsense_v2/images/train/serif/Noto_Serif_Ahom/Noto_Serif_Ahom_0050.png,1,False,True,False
data/v2/processed/fontsense_v2/images/train/serif/Yuji_Syuku/Yuji_Syuku_0019.png,data/v2/processed/fontsense_v2/images/train/serif/BatangChe/BatangChe_0078.png,1,False,True,False
data/v2/processed/fontsense_v2/images/train/serif/Yuji_Syuku/Yuji_Syuku_0019.png,data/v2/processed/fontsense_v2/images/train/serif/Sanchez/Sanchez_0001.png,1,False,True,False
data/v2/processed/fontsense_v2/images/train/serif/Yuji_Syuku/Yuji_Syuku_0019.png,data/v2/processed/fontsense_v2/images/train/serif/Sanchez/Sanchez_0006.png,1,False,True,False
data/v2/processed/fontsense_v2/images/train/serif/Yuji_Syuku/Yuji_Syuku_0019.png,data/v2/processed/fontsense_v2/images/train/serif/IM_Fell_Great_Primer/IM_Fell_Great_Primer_0032.png,1,False,True,False
data/v2/processed/fontsense_v2/images/train/serif/Yuji_Syuku/Yuji_Syuku_0025.png,data/v2/processed/fontsense_v2/images/train/serif/Quattrocento/Quattrocento_0069.png,1,False,True,False
data/v2/processed/fontsense_v2/images/train/serif/Yuji_Syuku/Yuji_Syuku_0078.png,data/v2/processed/fontsense_v2/images/train/serif/Rokkitt/Rokkitt_0040.png,1,False,True,False
data/v2/processed/fontsense_v2/images/train/serif/Yuji_Syuku/Yuji_Syuku_0095.png,data/v2/processed/fontsense_v2/images/train/serif/Yuji_Syuku/Yuji_Syuku_0096.png,1,True,True,False
data/v2/processed/fontsense_v2/images/train/serif/BatangChe/BatangChe_0002.png,data/v2/processed/fontsense_v2/images/train/serif/Libre_Caslon_Text/Libre_Caslon_Text_0045.png,2,False,True,False
data/v2/processed/fontsense_v2/images/train/serif/BatangChe/BatangChe_0011.png,data/v2/processed/fontsense_v2/images/train/serif/Noto_Serif_Ahom/Noto_Serif_Ahom_0067.png,2,False,True,False
data/v2/processed/fontsense_v2/images/train/serif/BatangChe/BatangChe_0021.png,data/v2/processed/fontsense_v2/images/train/serif/Rokkitt/Rokkitt_0040.png,2,False,True,False
data/v2/processed/fontsense_v2/images/train/serif/BatangChe/BatangChe_0028.png,data/v2/processed/fontsense_v2/images/train/serif/Libre_Caslon_Text/Libre_Caslon_Text_0000.png,2,False,True,False
data/v2/processed/fontsense_v2/images/train/serif/BatangChe/BatangChe_0028.png,data/v2/processed/fontsense_v2/images/train/serif/Sanchez/Sanchez_0077.png,2,False,True,False
data/v2/processed/fontsense_v2/images/train/serif/BatangChe/BatangChe_0034.png,data/v2/processed/fontsense_v2/images/train/serif/Sanchez/Sanchez_0040.png,2,False,True,False
data/v2/processed/fontsense_v2/images/train/serif/BatangChe/BatangChe_0034.png,data/v2/processed/fontsense_v2/images/train/serif/IM_Fell_Great_Primer/IM_Fell_Great_Primer_0009.png,2,False,True,False
data/v2/processed/fontsense_v2/images/train/serif/BatangChe/BatangChe_0041.png,data/v2/processed/fontsense_v2/images/train/serif/Sanchez/Sanchez_0062.png,2,False,True,False
data/v2/processed/fontsense_v2/images/train/serif/BatangChe/BatangChe_0048.png,data/v2/processed/fontsense_v2/images/train/serif/IM_Fell_Great_Primer/IM_Fell_Great_Primer_0098.png,2,False,True,False
data/v2/processed/fontsense_v2/images/train/serif/BatangChe/BatangChe_0052.png,data/v2/processed/fontsense_v2/images/train/serif/Rokkitt/Rokkitt_0029.png,2,False,True,False
data/v2/processed/fontsense_v2/images/train/serif/BatangChe/BatangChe_0052.png,data/v2/processed/fontsense_v2/images/train/serif/IM_Fell_Great_Primer/IM_Fell_Great_Primer_0008.png,2,False,True,False
data/v2/processed/fontsense_v2/images/train/serif/BatangChe/BatangChe_0052.png,data/v2/processed/fontsense_v2/images/train/serif/IM_Fell_Great_Primer/IM_Fell_Great_Primer_0060.png,2,False,True,False
data/v2/processed/fontsense_v2/images/train/serif/BatangChe/BatangChe_0055.png,data/v2/processed/fontsense_v2/images/train/serif/Quattrocento/Quattrocento_0036.png,2,False,True,False
data/v2/processed/fontsense_v2/images/train/serif/BatangChe/BatangChe_0062.png,data/v2/processed/fontsense_v2/images/train/serif/Quattrocento/Quattrocento_0061.png,2,False,True,False
data/v2/processed/fontsense_v2/images/train/serif/BatangChe/BatangChe_0068.png,data/v2/processed/fontsense_v2/images/train/serif/Rokkitt/Rokkitt_0046.png,2,False,True,False
data/v2/processed/fontsense_v2/images/train/serif/BatangChe/BatangChe_0068.png,data/v2/processed/fontsense_v2/images/train/serif/Quattrocento/Quattrocento_0061.png,2,False,True,False
data/v2/processed/fontsense_v2/images/train/serif/BatangChe/BatangChe_0068.png,data/v2/processed/fontsense_v2/images/train/serif/Sanchez/Sanchez_0010.png,2,False,True,False
data/v2/processed/fontsense_v2/images/train/serif/BatangChe/BatangChe_0070.png,data/v2/processed/fontsense_v2/images/train/serif/Libre_Caslon_Text/Libre_Caslon_Text_0044.png,2,False,True,False
data/v2/processed/fontsense_v2/images/train/serif/BatangChe/BatangChe_0072.png,data/v2/processed/fontsense_v2/images/train/serif/Rokkitt/Rokkitt_0086.png,2,False,True,False
data/v2/processed/fontsense_v2/images/train/serif/BatangChe/BatangChe_0072.png,data/v2/processed/fontsense_v2/images/train/serif/Rokkitt/Rokkitt_0089.png,2,False,True,False
data/v2/processed/fontsense_v2/images/train/serif/BatangChe/BatangChe_0077.png,data/v2/processed/fontsense_v2/images/train/serif/BatangChe/BatangChe_0094.png,2,True,True,False
data/v2/processed/fontsense_v2/images/train/serif/BatangChe/BatangChe_0078.png,data/v2/processed/fontsense_v2/images/train/serif/Sanchez/Sanchez_0001.png,2,False,True,False
data/v2/processed/fontsense_v2/images/train/serif/BatangChe/BatangChe_0078.png,data/v2/processed/fontsense_v2/images/train/serif/Sanchez/Sanchez_0006.png,2,False,True,False
data/v2/processed/fontsense_v2/images/train/serif/BatangChe/BatangChe_0078.png,data/v2/processed/fontsense_v2/images/train/serif/IM_Fell_Great_Primer/IM_Fell_Great_Primer_0032.png,2,False,True,False
data/v2/processed/fontsense_v2/images/train/serif/BatangChe/BatangChe_0085.png,data/v2/processed/fontsense_v2/images/train/serif/BatangChe/BatangChe_0098.png,2,True,True,False
data/v2/processed/fontsense_v2/images/train/serif/BatangChe/BatangChe_0091.png,data/v2/processed/fontsense_v2/images/train/serif/Quattrocento/Quattrocento_0077.png,2,False,True,False
data/v2/processed/fontsense_v2/images/train/serif/Domine/Domine_0001.png,data/v2/processed/fontsense_v2/images/train/serif/Domine/Domine_0067.png,2,True,True,False
data/v2/processed/fontsense_v2/images/train/serif/Domine/Domine_0002.png,data/v2/processed/fontsense_v2/images/train/serif/Yuji_Syuku/Yuji_Syuku_0034.png,2,False,True,False
data/v2/processed/fontsense_v2/images/train/serif/Domine/Domine_0005.png,data/v2/processed/fontsense_v2/images/train/serif/Yuji_Syuku/Yuji_Syuku_0023.png,2,False,True,False
data/v2/processed/fontsense_v2/images/train/serif/Domine/Domine_0019.png,data/v2/processed/fontsense_v2/images/train/serif/Libre_Caslon_Text/Libre_Caslon_Text_0030.png,2,False,True,False
data/v2/processed/fontsense_v2/images/train/serif/Domine/Domine_0019.png,data/v2/processed/fontsense_v2/images/train/serif/Quattrocento/Quattrocento_0092.png,2,False,True,False
data/v2/processed/fontsense_v2/images/train/serif/Domine/Domine_0024.png,data/v2/processed/fontsense_v2/images/train/serif/Yuji_Syuku/Yuji_Syuku_0080.png,2,False,True,False
data/v2/processed/fontsense_v2/images/train/serif/Domine/Domine_0026.png,data/v2/processed/fontsense_v2/images/train/serif/Yuji_Syuku/Yuji_Syuku_0040.png,2,False,True,False
data/v2/processed/fontsense_v2/images/train/serif/Domine/Domine_0036.png,data/v2/processed/fontsense_v2/images/train/serif/Yuji_Syuku/Yuji_Syuku_0039.png,2,False,True,False
data/v2/processed/fontsense_v2/images/train/serif/Domine/Domine_0040.png,data/v2/processed/fontsense_v2/images/train/serif/Quattrocento/Quattrocento_0045.png,2,False,True,False
data/v2/processed/fontsense_v2/images/train/serif/Domine/Domine_0041.png,data/v2/processed/fontsense_v2/images/train/serif/Domine/Domine_0069.png,2,True,True,False
data/v2/processed/fontsense_v2/images/train/serif/Domine/Domine_0041.png,data/v2/processed/fontsense_v2/images/train/serif/Noto_Serif_Ahom/Noto_Serif_Ahom_0057.png,2,False,True,False
data/v2/processed/fontsense_v2/images/train/serif/Domine/Domine_0043.png,data/v2/processed/fontsense_v2/images/train/serif/BatangChe/BatangChe_0078.png,2,False,True,False
data/v2/processed/fontsense_v2/images/train/serif/Domine/Domine_0043.png,data/v2/processed/fontsense_v2/images/train/serif/Sanchez/Sanchez_0044.png,2,False,True,False
data/v2/processed/fontsense_v2/images/train/serif/Domine/Domine_0052.png,data/v2/processed/fontsense_v2/images/train/serif/BatangChe/BatangChe_0068.png,2,False,True,False
data/v2/processed/fontsense_v2/images/train/serif/Domine/Domine_0052.png,data/v2/processed/fontsense_v2/images/train/serif/Rokkitt/Rokkitt_0046.png,2,False,True,False
data/v2/processed/fontsense_v2/images/train/serif/Domine/Domine_0052.png,data/v2/processed/fontsense_v2/images/train/serif/Rokkitt/Rokkitt_0084.png,2,False,True,False
data/v2/processed/fontsense_v2/images/train/serif/Domine/Domine_0053.png,data/v2/processed/fontsense_v2/images/train/serif/Yuji_Syuku/Yuji_Syuku_0019.png,2,False,True,False
data/v2/processed/fontsense_v2/images/train/serif/Domine/Domine_0053.png,data/v2/processed/fontsense_v2/images/train/serif/BatangChe/BatangChe_0075.png,2,False,True,False
data/v2/processed/fontsense_v2/images/train/serif/Domine/Domine_0053.png,data/v2/processed/fontsense_v2/images/train/serif/Libre_Caslon_Text/Libre_Caslon_Text_0048.png,2,False,True,False
data/v2/processed/fontsense_v2/images/train/serif/Domine/Domine_0053.png,data/v2/processed/fontsense_v2/images/train/serif/Noto_Serif_Ahom/Noto_Serif_Ahom_0049.png,2,False,True,False
data/v2/processed/fontsense_v2/images/train/serif/Domine/Domine_0053.png,data/v2/processed/fontsense_v2/images/train/serif/Noto_Serif_Ahom/Noto_Serif_Ahom_0059.png,2,False,True,False
data/v2/processed/fontsense_v2/images/train/serif/Domine/Domine_0056.png,data/v2/processed/fontsense_v2/images/train/serif/BatangChe/BatangChe_0061.png,2,False,True,False
data/v2/processed/fontsense_v2/images/train/serif/Domine/Domine_0060.png,data/v2/processed/fontsense_v2/images/train/serif/Sanchez/Sanchez_0002.png,2,False,True,False
data/v2/processed/fontsense_v2/images/train/serif/Domine/Domine_0060.png,data/v2/processed/fontsense_v2/images/train/serif/Noto_Serif_Ahom/Noto_Serif_Ahom_0006.png,2,False,True,False
data/v2/processed/fontsense_v2/images/train/serif/Domine/Domine_0060.png,data/v2/processed/fontsense_v2/images/train/serif/Noto_Serif_Ahom/Noto_Serif_Ahom_0035.png,2,False,True,False
data/v2/processed/fontsense_v2/images/train/serif/Domine/Domine_0073.png,data/v2/processed/fontsense_v2/images/train/serif/Noto_Serif_Ahom/Noto_Serif_Ahom_0025.png,2,False,True,False
data/v2/processed/fontsense_v2/images/train/serif/IM_Fell_Great_Primer/IM_Fell_Great_Primer_0004.png,data/v2/processed/fontsense_v2/images/train/serif/Noto_Serif_Ahom/Noto_Serif_Ahom_0018.png,2,False,True,False
data/v2/processed/fontsense_v2/images/train/serif/IM_Fell_Great_Primer/IM_Fell_Great_Primer_0008.png,data/v2/processed/fontsense_v2/images/train/serif/IM_Fell_Great_Primer/IM_Fell_Great_Primer_0060.png,2,True,True,False
data/v2/processed/fontsense_v2/images/train/serif/IM_Fell_Great_Primer/IM_Fell_Great_Primer_0010.png,data/v2/processed/fontsense_v2/images/train/serif/IM_Fell_Great_Primer/IM_Fell_Great_Primer_0066.png,2,True,True,False
data/v2/processed/fontsense_v2/images/train/serif/IM_Fell_Great_Primer/IM_Fell_Great_Primer_0011.png,data/v2/processed/fontsense_v2/images/train/serif/Noto_Serif_Ahom/Noto_Serif_Ahom_0038.png,2,False,True,False
data/v2/processed/fontsense_v2/images/train/serif/IM_Fell_Great_Primer/IM_Fell_Great_Primer_0012.png,data/v2/processed/fontsense_v2/images/train/serif/IM_Fell_Great_Primer/IM_Fell_Great_Primer_0079.png,2,True,True,False
data/v2/processed/fontsense_v2/images/train/serif/IM_Fell_Great_Primer/IM_Fell_Great_Primer_0012.png,data/v2/processed/fontsense_v2/images/train/serif/Noto_Serif_Ahom/Noto_Serif_Ahom_0035.png,2,False,True,False
data/v2/processed/fontsense_v2/images/train/serif/IM_Fell_Great_Primer/IM_Fell_Great_Primer_0018.png,data/v2/processed/fontsense_v2/images/train/serif/IM_Fell_Great_Primer/IM_Fell_Great_Primer_0087.png,2,True,True,False
data/v2/processed/fontsense_v2/images/train/serif/IM_Fell_Great_Primer/IM_Fell_Great_Primer_0024.png,data/v2/processed/fontsense_v2/images/train/serif/IM_Fell_Great_Primer/IM_Fell_Great_Primer_0038.png,2,True,True,False
data/v2/processed/fontsense_v2/images/train/serif/IM_Fell_Great_Primer/IM_Fell_Great_Primer_0030.png,data/v2/processed/fontsense_v2/images/train/serif/IM_Fell_Great_Primer/IM_Fell_Great_Primer_0090.png,2,True,True,False
data/v2/processed/fontsense_v2/images/train/serif/IM_Fell_Great_Primer/IM_Fell_Great_Primer_0039.png,data/v2/processed/fontsense_v2/images/train/serif/IM_Fell_Great_Primer/IM_Fell_Great_Primer_0090.png,2,True,True,False
data/v2/processed/fontsense_v2/images/train/serif/IM_Fell_Great_Primer/IM_Fell_Great_Primer_0062.png,data/v2/processed/fontsense_v2/images/train/serif/IM_Fell_Great_Primer/IM_Fell_Great_Primer_0093.png,2,True,True,False
data/v2/processed/fontsense_v2/images/train/serif/IM_Fell_Great_Primer/IM_Fell_Great_Primer_0066.png,data/v2/processed/fontsense_v2/images/train/serif/IM_Fell_Great_Primer/IM_Fell_Great_Primer_0090.png,2,True,True,False
data/v2/processed/fontsense_v2/images/train/serif/IM_Fell_Great_Primer/IM_Fell_Great_Primer_0076.png,data/v2/processed/fontsense_v2/images/train/serif/Noto_Serif_Ahom/Noto_Serif_Ahom_0035.png,2,False,True,False
data/v2/processed/fontsense_v2/images/train/serif/IM_Fell_Great_Primer/IM_Fell_Great_Primer_0081.png,data/v2/processed/fontsense_v2/images/train/serif/Noto_Serif_Ahom/Noto_Serif_Ahom_0055.png,2,False,True,False
data/v2/processed/fontsense_v2/images/train/serif/IM_Fell_Great_Primer/IM_Fell_Great_Primer_0090.png,data/v2/processed/fontsense_v2/images/train/serif/IM_Fell_Great_Primer/IM_Fell_Great_Primer_0093.png,2,True,True,False
data/v2/processed/fontsense_v2/images/train/serif/IM_Fell_Great_Primer/IM_Fell_Great_Primer_0090.png,data/v2/processed/fontsense_v2/images/train/serif/Noto_Serif_Ahom/Noto_Serif_Ahom_0030.png,2,False,True,False
data/v2/processed/fontsense_v2/images/train/serif/IM_Fell_Great_Primer/IM_Fell_Great_Primer_0090.png,data/v2/processed/fontsense_v2/images/train/serif/Noto_Serif_Ahom/Noto_Serif_Ahom_0046.png,2,False,True,False
data/v2/processed/fontsense_v2/images/train/serif/IM_Fell_Great_Primer/IM_Fell_Great_Primer_0093.png,data/v2/processed/fontsense_v2/images/train/serif/Noto_Serif_Ahom/Noto_Serif_Ahom_0066.png,2,False,True,False
data/v2/processed/fontsense_v2/images/train/serif/IM_Fell_Great_Primer/IM_Fell_Great_Primer_0093.png,data/v2/processed/fontsense_v2/images/train/serif/Noto_Serif_Ahom/Noto_Serif_Ahom_0071.png,2,False,True,False
data/v2/processed/fontsense_v2/images/train/serif/Libre_Caslon_Text/Libre_Caslon_Text_0004.png,data/v2/processed/fontsense_v2/images/train/serif/Sanchez/Sanchez_0062.png,2,False,True,False
data/v2/processed/fontsense_v2/images/train/serif/Libre_Caslon_Text/Libre_Caslon_Text_0008.png,data/v2/processed/fontsense_v2/images/train/serif/Rokkitt/Rokkitt_0071.png,2,False,True,False
data/v2/processed/fontsense_v2/images/train/serif/Libre_Caslon_Text/Libre_Caslon_Text_0017.png,data/v2/processed/fontsense_v2/images/train/serif/Libre_Caslon_Text/Libre_Caslon_Text_0048.png,2,True,True,False
data/v2/processed/fontsense_v2/images/train/serif/Libre_Caslon_Text/Libre_Caslon_Text_0025.png,data/v2/processed/fontsense_v2/images/train/serif/IM_Fell_Great_Primer/IM_Fell_Great_Primer_0051.png,2,False,True,False
data/v2/processed/fontsense_v2/images/train/serif/Libre_Caslon_Text/Libre_Caslon_Text_0026.png,data/v2/processed/fontsense_v2/images/train/serif/Noto_Serif_Ahom/Noto_Serif_Ahom_0003.png,2,False,True,False
data/v2/processed/fontsense_v2/images/train/serif/Libre_Caslon_Text/Libre_Caslon_Text_0030.png,data/v2/processed/fontsense_v2/images/train/serif/Rokkitt/Rokkitt_0069.png,2,False,True,False
data/v2/processed/fontsense_v2/images/train/serif/Libre_Caslon_Text/Libre_Caslon_Text_0030.png,data/v2/processed/fontsense_v2/images/train/serif/Noto_Serif_Ahom/Noto_Serif_Ahom_0043.png,2,False,True,False
data/v2/processed/fontsense_v2/images/train/serif/Libre_Caslon_Text/Libre_Caslon_Text_0045.png,data/v2/processed/fontsense_v2/images/train/serif/Sanchez/Sanchez_0075.png,2,False,True,False
data/v2/processed/fontsense_v2/images/train/serif/Libre_Caslon_Text/Libre_Caslon_Text_0053.png,data/v2/processed/fontsense_v2/images/train/serif/Rokkitt/Rokkitt_0006.png,2,False,True,False
data/v2/processed/fontsense_v2/images/train/serif/Libre_Caslon_Text/Libre_Caslon_Text_0053.png,data/v2/processed/fontsense_v2/images/train/serif/Noto_Serif_Ahom/Noto_Serif_Ahom_0051.png,2,False,True,False
data/v2/processed/fontsense_v2/images/train/serif/Libre_Caslon_Text/Libre_Caslon_Text_0059.png,data/v2/processed/fontsense_v2/images/train/serif/Rokkitt/Rokkitt_0013.png,2,False,True,False
data/v2/processed/fontsense_v2/images/train/serif/Libre_Caslon_Text/Libre_Caslon_Text_0078.png,data/v2/processed/fontsense_v2/images/train/serif/Sanchez/Sanchez_0066.png,2,False,True,False
data/v2/processed/fontsense_v2/images/train/serif/Libre_Caslon_Text/Libre_Caslon_Text_0081.png,data/v2/processed/fontsense_v2/images/train/serif/Noto_Serif_Ahom/Noto_Serif_Ahom_0055.png,2,False,True,False
data/v2/processed/fontsense_v2/images/train/serif/Libre_Caslon_Text/Libre_Caslon_Text_0087.png,data/v2/processed/fontsense_v2/images/train/serif/Sanchez/Sanchez_0077.png,2,False,True,False
data/v2/processed/fontsense_v2/images/train/serif/Libre_Caslon_Text/Libre_Caslon_Text_0093.png,data/v2/processed/fontsense_v2/images/train/serif/IM_Fell_Great_Primer/IM_Fell_Great_Primer_0041.png,2,False,True,False
data/v2/processed/fontsense_v2/images/train/serif/Libre_Caslon_Text/Libre_Caslon_Text_0097.png,data/v2/processed/fontsense_v2/images/train/serif/Sanchez/Sanchez_0003.png,2,False,True,False
data/v2/processed/fontsense_v2/images/train/serif/Lisu_Bosa/Lisu_Bosa_0001.png,data/v2/processed/fontsense_v2/images/train/serif/Lisu_Bosa/Lisu_Bosa_0064.png,2,True,True,False
data/v2/processed/fontsense_v2/images/train/serif/Lisu_Bosa/Lisu_Bosa_0001.png,data/v2/processed/fontsense_v2/images/train/serif/Lisu_Bosa/Lisu_Bosa_0085.png,2,True,True,False
data/v2/processed/fontsense_v2/images/train/serif/Lisu_Bosa/Lisu_Bosa_0002.png,data/v2/processed/fontsense_v2/images/train/serif/Lisu_Bosa/Lisu_Bosa_0029.png,2,True,True,False
data/v2/processed/fontsense_v2/images/train/serif/Lisu_Bosa/Lisu_Bosa_0002.png,data/v2/processed/fontsense_v2/images/train/serif/Lisu_Bosa/Lisu_Bosa_0057.png,2,True,True,False
data/v2/processed/fontsense_v2/images/train/serif/Lisu_Bosa/Lisu_Bosa_0002.png,data/v2/processed/fontsense_v2/images/train/serif/Lisu_Bosa/Lisu_Bosa_0080.png,2,True,True,False
data/v2/processed/fontsense_v2/images/train/serif/Lisu_Bosa/Lisu_Bosa_0003.png,data/v2/processed/fontsense_v2/images/train/serif/Lisu_Bosa/Lisu_Bosa_0014.png,2,True,True,False
data/v2/processed/fontsense_v2/images/train/serif/Lisu_Bosa/Lisu_Bosa_0003.png,data/v2/processed/fontsense_v2/images/train/serif/Lisu_Bosa/Lisu_Bosa_0047.png,2,True,True,False
data/v2/processed/fontsense_v2/images/train/serif/Lisu_Bosa/Lisu_Bosa_0003.png,data/v2/processed/fontsense_v2/images/train/serif/Lisu_Bosa/Lisu_Bosa_0096.png,2,True,True,False
data/v2/processed/fontsense_v2/images/train/serif/Lisu_Bosa/Lisu_Bosa_0004.png,data/v2/processed/fontsense_v2/images/train/serif/Lisu_Bosa/Lisu_Bosa_0017.png,2,True,True,False
data/v2/processed/fontsense_v2/images/train/serif/Lisu_Bosa/Lisu_Bosa_0004.png,data/v2/processed/fontsense_v2/images/train/serif/Lisu_Bosa/Lisu_Bosa_0034.png,2,True,True,False
data/v2/processed/fontsense_v2/images/train/serif/Lisu_Bosa/Lisu_Bosa_0004.png,data/v2/processed/fontsense_v2/images/train/serif/Lisu_Bosa/Lisu_Bosa_0043.png,2,True,True,False
data/v2/processed/fontsense_v2/images/train/serif/Lisu_Bosa/Lisu_Bosa_0004.png,data/v2/processed/fontsense_v2/images/train/serif/Lisu_Bosa/Lisu_Bosa_0054.png,2,True,True,False
data/v2/processed/fontsense_v2/images/train/serif/Lisu_Bosa/Lisu_Bosa_0004.png,data/v2/processed/fontsense_v2/images/train/serif/Lisu_Bosa/Lisu_Bosa_0080.png,2,True,True,False
data/v2/processed/fontsense_v2/images/train/serif/Lisu_Bosa/Lisu_Bosa_0004.png,data/v2/processed/fontsense_v2/images/train/serif/Lisu_Bosa/Lisu_Bosa_0098.png,2,True,True,False
data/v2/processed/fontsense_v2/images/train/serif/Lisu_Bosa/Lisu_Bosa_0005.png,data/v2/processed/fontsense_v2/images/train/serif/Lisu_Bosa/Lisu_Bosa_0056.png,2,True,True,False
data/v2/processed/fontsense_v2/images/train/serif/Lisu_Bosa/Lisu_Bosa_0005.png,data/v2/processed/fontsense_v2/images/train/serif/Lisu_Bosa/Lisu_Bosa_0061.png,2,True,True,False
data/v2/processed/fontsense_v2/images/train/serif/Lisu_Bosa/Lisu_Bosa_0006.png,data/v2/processed/fontsense_v2/images/train/serif/Lisu_Bosa/Lisu_Bosa_0023.png,2,True,True,False
data/v2/processed/fontsense_v2/images/train/serif/Lisu_Bosa/Lisu_Bosa_0006.png,data/v2/processed/fontsense_v2/images/train/serif/Lisu_Bosa/Lisu_Bosa_0039.png,2,True,True,False
data/v2/processed/fontsense_v2/images/train/serif/Lisu_Bosa/Lisu_Bosa_0006.png,data/v2/processed/fontsense_v2/images/train/serif/Lisu_Bosa/Lisu_Bosa_0042.png,2,True,True,False
data/v2/processed/fontsense_v2/images/train/serif/Lisu_Bosa/Lisu_Bosa_0006.png,data/v2/processed/fontsense_v2/images/train/serif/Lisu_Bosa/Lisu_Bosa_0044.png,2,True,True,False
data/v2/processed/fontsense_v2/images/train/serif/Lisu_Bosa/Lisu_Bosa_0006.png,data/v2/processed/fontsense_v2/images/train/serif/Lisu_Bosa/Lisu_Bosa_0047.png,2,True,True,False
data/v2/processed/fontsense_v2/images/train/serif/Lisu_Bosa/Lisu_Bosa_0006.png,data/v2/processed/fontsense_v2/images/train/serif/Lisu_Bosa/Lisu_Bosa_0053.png,2,True,True,False
data/v2/processed/fontsense_v2/images/train/serif/Lisu_Bosa/Lisu_Bosa_0006.png,data/v2/processed/fontsense_v2/images/train/serif/Lisu_Bosa/Lisu_Bosa_0083.png,2,True,True,False
data/v2/processed/fontsense_v2/images/train/serif/Lisu_Bosa/Lisu_Bosa_0007.png,data/v2/processed/fontsense_v2/images/train/serif/Lisu_Bosa/Lisu_Bosa_0008.png,2,True,True,False
data/v2/processed/fontsense_v2/images/train/serif/Lisu_Bosa/Lisu_Bosa_0007.png,data/v2/processed/fontsense_v2/images/train/serif/Lisu_Bosa/Lisu_Bosa_0022.png,2,True,True,False
data/v2/processed/fontsense_v2/images/train/serif/Lisu_Bosa/Lisu_Bosa_0007.png,data/v2/processed/fontsense_v2/images/train/serif/Lisu_Bosa/Lisu_Bosa_0061.png,2,True,True,False
data/v2/processed/fontsense_v2/images/train/serif/Lisu_Bosa/Lisu_Bosa_0007.png,data/v2/processed/fontsense_v2/images/train/serif/Lisu_Bosa/Lisu_Bosa_0064.png,2,True,True,False
data/v2/processed/fontsense_v2/images/train/serif/Lisu_Bosa/Lisu_Bosa_0007.png,data/v2/processed/fontsense_v2/images/train/serif/IM_Fell_Great_Primer/IM_Fell_Great_Primer_0001.png,2,False,True,False
data/v2/processed/fontsense_v2/images/train/serif/Lisu_Bosa/Lisu_Bosa_0008.png,data/v2/processed/fontsense_v2/images/train/serif/Lisu_Bosa/Lisu_Bosa_0022.png,2,True,True,False
data/v2/processed/fontsense_v2/images/train/serif/Lisu_Bosa/Lisu_Bosa_0008.png,data/v2/processed/fontsense_v2/images/train/serif/Lisu_Bosa/Lisu_Bosa_0061.png,2,True,True,False
data/v2/processed/fontsense_v2/images/train/serif/Lisu_Bosa/Lisu_Bosa_0008.png,data/v2/processed/fontsense_v2/images/train/serif/Lisu_Bosa/Lisu_Bosa_0064.png,2,True,True,False
data/v2/processed/fontsense_v2/images/train/serif/Lisu_Bosa/Lisu_Bosa_0008.png,data/v2/processed/fontsense_v2/images/train/serif/Lisu_Bosa/Lisu_Bosa_0085.png,2,True,True,False
data/v2/processed/fontsense_v2/images/train/serif/Lisu_Bosa/Lisu_Bosa_0008.png,data/v2/processed/fontsense_v2/images/train/serif/IM_Fell_Great_Primer/IM_Fell_Great_Primer_0001.png,2,False,True,False
data/v2/processed/fontsense_v2/images/train/serif/Lisu_Bosa/Lisu_Bosa_0009.png,data/v2/processed/fontsense_v2/images/train/serif/Lisu_Bosa/Lisu_Bosa_0042.png,2,True,True,False
data/v2/processed/fontsense_v2/images/train/serif/Lisu_Bosa/Lisu_Bosa_0009.png,data/v2/processed/fontsense_v2/images/train/serif/Lisu_Bosa/Lisu_Bosa_0047.png,2,True,True,False
data/v2/processed/fontsense_v2/images/train/serif/Lisu_Bosa/Lisu_Bosa_0009.png,data/v2/processed/fontsense_v2/images/train/serif/Lisu_Bosa/Lisu_Bosa_0052.png,2,True,True,False
data/v2/processed/fontsense_v2/images/train/serif/Lisu_Bosa/Lisu_Bosa_0009.png,data/v2/processed/fontsense_v2/images/train/serif/Lisu_Bosa/Lisu_Bosa_0070.png,2,True,True,False
data/v2/processed/fontsense_v2/images/train/serif/Lisu_Bosa/Lisu_Bosa_0010.png,data/v2/processed/fontsense_v2/images/train/serif/Lisu_Bosa/Lisu_Bosa_0048.png,2,True,True,False
data/v2/processed/fontsense_v2/images/train/serif/Lisu_Bosa/Lisu_Bosa_0010.png,data/v2/processed/fontsense_v2/images/train/serif/Lisu_Bosa/Lisu_Bosa_0054.png,2,True,True,False
data/v2/processed/fontsense_v2/images/train/serif/Lisu_Bosa/Lisu_Bosa_0010.png,data/v2/processed/fontsense_v2/images/train/serif/Lisu_Bosa/Lisu_Bosa_0087.png,2,True,True,False
data/v2/processed/fontsense_v2/images/train/serif/Lisu_Bosa/Lisu_Bosa_0010.png,data/v2/processed/fontsense_v2/images/train/serif/Lisu_Bosa/Lisu_Bosa_0094.png,2,True,True,False
data/v2/processed/fontsense_v2/images/train/serif/Lisu_Bosa/Lisu_Bosa_0011.png,data/v2/processed/fontsense_v2/images/train/serif/Lisu_Bosa/Lisu_Bosa_0017.png,2,True,True,False
data/v2/processed/fontsense_v2/images/train/serif/Lisu_Bosa/Lisu_Bosa_0011.png,data/v2/processed/fontsense_v2/images/train/serif/Lisu_Bosa/Lisu_Bosa_0032.png,2,True,True,False
data/v2/processed/fontsense_v2/images/train/serif/Lisu_Bosa/Lisu_Bosa_0011.png,data/v2/processed/fontsense_v2/images/train/serif/Lisu_Bosa/Lisu_Bosa_0043.png,2,True,True,False
data/v2/processed/fontsense_v2/images/train/serif/Lisu_Bosa/Lisu_Bosa_0011.png,data/v2/processed/fontsense_v2/images/train/serif/Lisu_Bosa/Lisu_Bosa_0098.png,2,True,True,False
data/v2/processed/fontsense_v2/images/train/serif/Lisu_Bosa/Lisu_Bosa_0011.png,data/v2/processed/fontsense_v2/images/train/serif/Quattrocento/Quattrocento_0014.png,2,False,True,False
data/v2/processed/fontsense_v2/images/train/serif/Lisu_Bosa/Lisu_Bosa_0012.png,data/v2/processed/fontsense_v2/images/train/serif/Lisu_Bosa/Lisu_Bosa_0098.png,2,True,True,False
data/v2/processed/fontsense_v2/images/train/serif/Lisu_Bosa/Lisu_Bosa_0013.png,data/v2/processed/fontsense_v2/images/train/serif/Lisu_Bosa/Lisu_Bosa_0050.png,2,True,True,False
data/v2/processed/fontsense_v2/images/train/serif/Lisu_Bosa/Lisu_Bosa_0013.png,data/v2/processed/fontsense_v2/images/train/serif/Lisu_Bosa/Lisu_Bosa_0065.png,2,True,True,False
data/v2/processed/fontsense_v2/images/train/serif/Lisu_Bosa/Lisu_Bosa_0013.png,data/v2/processed/fontsense_v2/images/train/serif/Lisu_Bosa/Lisu_Bosa_0079.png,2,True,True,False
data/v2/processed/fontsense_v2/images/train/serif/Lisu_Bosa/Lisu_Bosa_0015.png,data/v2/processed/fontsense_v2/images/train/serif/Lisu_Bosa/Lisu_Bosa_0043.png,2,True,True,False
data/v2/processed/fontsense_v2/images/train/serif/Lisu_Bosa/Lisu_Bosa_0015.png,data/v2/processed/fontsense_v2/images/train/serif/Lisu_Bosa/Lisu_Bosa_0080.png,2,True,True,False
data/v2/processed/fontsense_v2/images/train/serif/Lisu_Bosa/Lisu_Bosa_0016.png,data/v2/processed/fontsense_v2/images/train/serif/Lisu_Bosa/Lisu_Bosa_0034.png,2,True,True,False
data/v2/processed/fontsense_v2/images/train/serif/Lisu_Bosa/Lisu_Bosa_0016.png,data/v2/processed/fontsense_v2/images/train/serif/Lisu_Bosa/Lisu_Bosa_0037.png,2,True,True,False
data/v2/processed/fontsense_v2/images/train/serif/Lisu_Bosa/Lisu_Bosa_0016.png,data/v2/processed/fontsense_v2/images/train/serif/Lisu_Bosa/Lisu_Bosa_0071.png,2,True,True,False
data/v2/processed/fontsense_v2/images/train/serif/Lisu_Bosa/Lisu_Bosa_0017.png,data/v2/processed/fontsense_v2/images/train/serif/Lisu_Bosa/Lisu_Bosa_0043.png,2,True,True,False
data/v2/processed/fontsense_v2/images/train/serif/Lisu_Bosa/Lisu_Bosa_0017.png,data/v2/processed/fontsense_v2/images/train/serif/Lisu_Bosa/Lisu_Bosa_0069.png,2,True,True,False
data/v2/processed/fontsense_v2/images/train/serif/Lisu_Bosa/Lisu_Bosa_0017.png,data/v2/processed/fontsense_v2/images/train/serif/Lisu_Bosa/Lisu_Bosa_0080.png,2,True,True,False
data/v2/processed/fontsense_v2/images/train/serif/Lisu_Bosa/Lisu_Bosa_0017.png,data/v2/processed/fontsense_v2/images/train/serif/Lisu_Bosa/Lisu_Bosa_0088.png,2,True,True,False
data/v2/processed/fontsense_v2/images/train/serif/Lisu_Bosa/Lisu_Bosa_0017.png,data/v2/processed/fontsense_v2/images/train/serif/Quattrocento/Quattrocento_0014.png,2,False,True,False
data/v2/processed/fontsense_v2/images/train/serif/Lisu_Bosa/Lisu_Bosa_0018.png,data/v2/processed/fontsense_v2/images/train/serif/Lisu_Bosa/Lisu_Bosa_0039.png,2,True,True,False
data/v2/processed/fontsense_v2/images/train/serif/Lisu_Bosa/Lisu_Bosa_0018.png,data/v2/processed/fontsense_v2/images/train/serif/Lisu_Bosa/Lisu_Bosa_0047.png,2,True,True,False
data/v2/processed/fontsense_v2/images/train/serif/Lisu_Bosa/Lisu_Bosa_0018.png,data/v2/processed/fontsense_v2/images/train/serif/Lisu_Bosa/Lisu_Bosa_0049.png,2,True,True,False
data/v2/processed/fontsense_v2/images/train/serif/Lisu_Bosa/Lisu_Bosa_0018.png,data/v2/processed/fontsense_v2/images/train/serif/Lisu_Bosa/Lisu_Bosa_0081.png,2,True,True,False
data/v2/processed/fontsense_v2/images/train/serif/Lisu_Bosa/Lisu_Bosa_0018.png,data/v2/processed/fontsense_v2/images/train/serif/Lisu_Bosa/Lisu_Bosa_0096.png,2,True,True,False
data/v2/processed/fontsense_v2/images/train/serif/Lisu_Bosa/Lisu_Bosa_0019.png,data/v2/processed/fontsense_v2/images/train/serif/Lisu_Bosa/Lisu_Bosa_0034.png,2,True,True,False
data/v2/processed/fontsense_v2/images/train/serif/Lisu_Bosa/Lisu_Bosa_0020.png,data/v2/processed/fontsense_v2/images/train/serif/Lisu_Bosa/Lisu_Bosa_0055.png,2,True,True,False
data/v2/processed/fontsense_v2/images/train/serif/Lisu_Bosa/Lisu_Bosa_0020.png,data/v2/processed/fontsense_v2/images/train/serif/Lisu_Bosa/Lisu_Bosa_0074.png,2,True,True,False
data/v2/processed/fontsense_v2/images/train/serif/Lisu_Bosa/Lisu_Bosa_0022.png,data/v2/processed/fontsense_v2/images/train/serif/Lisu_Bosa/Lisu_Bosa_0061.png,2,True,True,False
data/v2/processed/fontsense_v2/images/train/serif/Lisu_Bosa/Lisu_Bosa_0022.png,data/v2/processed/fontsense_v2/images/train/serif/Lisu_Bosa/Lisu_Bosa_0064.png,2,True,True,False
data/v2/processed/fontsense_v2/images/train/serif/Lisu_Bosa/Lisu_Bosa_0023.png,data/v2/processed/fontsense_v2/images/train/serif/Lisu_Bosa/Lisu_Bosa_0039.png,2,True,True,False
data/v2/processed/fontsense_v2/images/train/serif/Lisu_Bosa/Lisu_Bosa_0023.png,data/v2/processed/fontsense_v2/images/train/serif/Lisu_Bosa/Lisu_Bosa_0044.png,2,True,True,False
data/v2/processed/fontsense_v2/images/train/serif/Lisu_Bosa/Lisu_Bosa_0023.png,data/v2/processed/fontsense_v2/images/train/serif/Lisu_Bosa/Lisu_Bosa_0096.png,2,True,True,False
data/v2/processed/fontsense_v2/images/train/serif/Lisu_Bosa/Lisu_Bosa_0024.png,data/v2/processed/fontsense_v2/images/train/serif/Quattrocento/Quattrocento_0004.png,2,False,True,False
data/v2/processed/fontsense_v2/images/train/serif/Lisu_Bosa/Lisu_Bosa_0025.png,data/v2/processed/fontsense_v2/images/train/serif/Lisu_Bosa/Lisu_Bosa_0029.png,2,True,True,False
data/v2/processed/fontsense_v2/images/train/serif/Lisu_Bosa/Lisu_Bosa_0025.png,data/v2/processed/fontsense_v2/images/train/serif/Lisu_Bosa/Lisu_Bosa_0034.png,2,True,True,False
data/v2/processed/fontsense_v2/images/train/serif/Lisu_Bosa/Lisu_Bosa_0025.png,data/v2/processed/fontsense_v2/images/train/serif/Lisu_Bosa/Lisu_Bosa_0080.png,2,True,True,False
data/v2/processed/fontsense_v2/images/train/serif/Lisu_Bosa/Lisu_Bosa_0025.png,data/v2/processed/fontsense_v2/images/train/serif/Lisu_Bosa/Lisu_Bosa_0084.png,2,True,True,False
data/v2/processed/fontsense_v2/images/train/serif/Lisu_Bosa/Lisu_Bosa_0026.png,data/v2/processed/fontsense_v2/images/train/serif/Lisu_Bosa/Lisu_Bosa_0047.png,2,True,True,False
data/v2/processed/fontsense_v2/images/train/serif/Lisu_Bosa/Lisu_Bosa_0026.png,data/v2/processed/fontsense_v2/images/train/serif/Lisu_Bosa/Lisu_Bosa_0049.png,2,True,True,False
data/v2/processed/fontsense_v2/images/train/serif/Lisu_Bosa/Lisu_Bosa_0026.png,data/v2/processed/fontsense_v2/images/train/serif/Lisu_Bosa/Lisu_Bosa_0051.png,2,True,True,False
data/v2/processed/fontsense_v2/images/train/serif/Lisu_Bosa/Lisu_Bosa_0026.png,data/v2/processed/fontsense_v2/images/train/serif/Lisu_Bosa/Lisu_Bosa_0081.png,2,True,True,False
data/v2/processed/fontsense_v2/images/train/serif/Lisu_Bosa/Lisu_Bosa_0026.png,data/v2/processed/fontsense_v2/images/train/serif/Lisu_Bosa/Lisu_Bosa_0082.png,2,True,True,False
data/v2/processed/fontsense_v2/images/train/serif/Lisu_Bosa/Lisu_Bosa_0026.png,data/v2/processed/fontsense_v2/images/train/serif/Lisu_Bosa/Lisu_Bosa_0093.png,2,True,True,False
data/v2/processed/fontsense_v2/images/train/serif/Lisu_Bosa/Lisu_Bosa_0026.png,data/v2/processed/fontsense_v2/images/train/serif/Lisu_Bosa/Lisu_Bosa_0095.png,2,True,True,False
data/v2/processed/fontsense_v2/images/train/serif/Lisu_Bosa/Lisu_Bosa_0029.png,data/v2/processed/fontsense_v2/images/train/serif/Lisu_Bosa/Lisu_Bosa_0034.png,2,True,True,False
data/v2/processed/fontsense_v2/images/train/serif/Lisu_Bosa/Lisu_Bosa_0029.png,data/v2/processed/fontsense_v2/images/train/serif/Lisu_Bosa/Lisu_Bosa_0037.png,2,True,True,False
data/v2/processed/fontsense_v2/images/train/serif/Lisu_Bosa/Lisu_Bosa_0029.png,data/v2/processed/fontsense_v2/images/train/serif/Lisu_Bosa/Lisu_Bosa_0080.png,2,True,True,False
data/v2/processed/fontsense_v2/images/train/serif/Lisu_Bosa/Lisu_Bosa_0032.png,data/v2/processed/fontsense_v2/images/train/serif/Lisu_Bosa/Lisu_Bosa_0043.png,2,True,True,False
data/v2/processed/fontsense_v2/images/train/serif/Lisu_Bosa/Lisu_Bosa_0032.png,data/v2/processed/fontsense_v2/images/train/serif/Lisu_Bosa/Lisu_Bosa_0067.png,2,True,True,False
data/v2/processed/fontsense_v2/images/train/serif/Lisu_Bosa/Lisu_Bosa_0032.png,data/v2/processed/fontsense_v2/images/train/serif/Lisu_Bosa/Lisu_Bosa_0089.png,2,True,True,False
data/v2/processed/fontsense_v2/images/train/serif/Lisu_Bosa/Lisu_Bosa_0032.png,data/v2/processed/fontsense_v2/images/train/serif/Lisu_Bosa/Lisu_Bosa_0098.png,2,True,True,False
data/v2/processed/fontsense_v2/images/train/serif/Lisu_Bosa/Lisu_Bosa_0032.png,data/v2/processed/fontsense_v2/images/train/serif/Rokkitt/Rokkitt_0019.png,2,False,True,False
data/v2/processed/fontsense_v2/images/train/serif/Lisu_Bosa/Lisu_Bosa_0034.png,data/v2/processed/fontsense_v2/images/train/serif/Lisu_Bosa/Lisu_Bosa_0037.png,2,True,True,False
data/v2/processed/fontsense_v2/images/train/serif/Lisu_Bosa/Lisu_Bosa_0034.png,data/v2/processed/fontsense_v2/images/train/serif/Lisu_Bosa/Lisu_Bosa_0069.png,2,True,True,False
data/v2/processed/fontsense_v2/images/train/serif/Lisu_Bosa/Lisu_Bosa_0034.png,data/v2/processed/fontsense_v2/images/train/serif/Lisu_Bosa/Lisu_Bosa_0071.png,2,True,True,False
data/v2/processed/fontsense_v2/images/train/serif/Lisu_Bosa/Lisu_Bosa_0034.png,data/v2/processed/fontsense_v2/images/train/serif/Lisu_Bosa/Lisu_Bosa_0080.png,2,True,True,False
data/v2/processed/fontsense_v2/images/train/serif/Lisu_Bosa/Lisu_Bosa_0034.png,data/v2/processed/fontsense_v2/images/train/serif/Lisu_Bosa/Lisu_Bosa_0084.png,2,True,True,False
data/v2/processed/fontsense_v2/images/train/serif/Lisu_Bosa/Lisu_Bosa_0034.png,data/v2/processed/fontsense_v2/images/train/serif/Lisu_Bosa/Lisu_Bosa_0088.png,2,True,True,False
data/v2/processed/fontsense_v2/images/train/serif/Lisu_Bosa/Lisu_Bosa_0035.png,data/v2/processed/fontsense_v2/images/train/serif/Lisu_Bosa/Lisu_Bosa_0048.png,2,True,True,False
data/v2/processed/fontsense_v2/images/train/serif/Lisu_Bosa/Lisu_Bosa_0035.png,data/v2/processed/fontsense_v2/images/train/serif/Lisu_Bosa/Lisu_Bosa_0054.png,2,True,True,False
data/v2/processed/fontsense_v2/images/train/serif/Lisu_Bosa/Lisu_Bosa_0035.png,data/v2/processed/fontsense_v2/images/train/serif/Lisu_Bosa/Lisu_Bosa_0094.png,2,True,True,False
data/v2/processed/fontsense_v2/images/train/serif/Lisu_Bosa/Lisu_Bosa_0036.png,data/v2/processed/fontsense_v2/images/train/serif/Lisu_Bosa/Lisu_Bosa_0039.png,2,True,True,False
data/v2/processed/fontsense_v2/images/train/serif/Lisu_Bosa/Lisu_Bosa_0036.png,data/v2/processed/fontsense_v2/images/train/serif/Lisu_Bosa/Lisu_Bosa_0051.png,2,True,True,False
data/v2/processed/fontsense_v2/images/train/serif/Lisu_Bosa/Lisu_Bosa_0036.png,data/v2/processed/fontsense_v2/images/train/serif/Lisu_Bosa/Lisu_Bosa_0053.png,2,True,True,False
data/v2/processed/fontsense_v2/images/train/serif/Lisu_Bosa/Lisu_Bosa_0036.png,data/v2/processed/fontsense_v2/images/train/serif/Lisu_Bosa/Lisu_Bosa_0081.png,2,True,True,False
data/v2/processed/fontsense_v2/images/train/serif/Lisu_Bosa/Lisu_Bosa_0037.png,data/v2/processed/fontsense_v2/images/train/serif/Lisu_Bosa/Lisu_Bosa_0071.png,2,True,True,False
data/v2/processed/fontsense_v2/images/train/serif/Lisu_Bosa/Lisu_Bosa_0038.png,data/v2/processed/fontsense_v2/images/train/serif/Quattrocento/Quattrocento_0042.png,2,False,True,False
data/v2/processed/fontsense_v2/images/train/serif/Lisu_Bosa/Lisu_Bosa_0038.png,data/v2/processed/fontsense_v2/images/train/serif/Noto_Serif_Ahom/Noto_Serif_Ahom_0071.png,2,False,True,False
data/v2/processed/fontsense_v2/images/train/serif/Lisu_Bosa/Lisu_Bosa_0039.png,data/v2/processed/fontsense_v2/images/train/serif/Lisu_Bosa/Lisu_Bosa_0042.png,2,True,True,False
data/v2/processed/fontsense_v2/images/train/serif/Lisu_Bosa/Lisu_Bosa_0039.png,data/v2/processed/fontsense_v2/images/train/serif/Lisu_Bosa/Lisu_Bosa_0044.png,2,True,True,False
data/v2/processed/fontsense_v2/images/train/serif/Lisu_Bosa/Lisu_Bosa_0039.png,data/v2/processed/fontsense_v2/images/train/serif/Lisu_Bosa/Lisu_Bosa_0047.png,2,True,True,False
data/v2/processed/fontsense_v2/images/train/serif/Lisu_Bosa/Lisu_Bosa_0039.png,data/v2/processed/fontsense_v2/images/train/serif/Lisu_Bosa/Lisu_Bosa_0049.png,2,True,True,False
data/v2/processed/fontsense_v2/images/train/serif/Lisu_Bosa/Lisu_Bosa_0039.png,data/v2/processed/fontsense_v2/images/train/serif/Lisu_Bosa/Lisu_Bosa_0051.png,2,True,True,False
data/v2/processed/fontsense_v2/images/train/serif/Lisu_Bosa/Lisu_Bosa_0039.png,data/v2/processed/fontsense_v2/images/train/serif/Lisu_Bosa/Lisu_Bosa_0053.png,2,True,True,False
data/v2/processed/fontsense_v2/images/train/serif/Lisu_Bosa/Lisu_Bosa_0039.png,data/v2/processed/fontsense_v2/images/train/serif/Lisu_Bosa/Lisu_Bosa_0081.png,2,True,True,False
data/v2/processed/fontsense_v2/images/train/serif/Lisu_Bosa/Lisu_Bosa_0039.png,data/v2/processed/fontsense_v2/images/train/serif/Lisu_Bosa/Lisu_Bosa_0083.png,2,True,True,False
data/v2/processed/fontsense_v2/images/train/serif/Lisu_Bosa/Lisu_Bosa_0039.png,data/v2/processed/fontsense_v2/images/train/serif/Lisu_Bosa/Lisu_Bosa_0096.png,2,True,True,False
data/v2/processed/fontsense_v2/images/train/serif/Lisu_Bosa/Lisu_Bosa_0041.png,data/v2/processed/fontsense_v2/images/train/serif/Lisu_Bosa/Lisu_Bosa_0045.png,2,True,True,False
data/v2/processed/fontsense_v2/images/train/serif/Lisu_Bosa/Lisu_Bosa_0042.png,data/v2/processed/fontsense_v2/images/train/serif/Lisu_Bosa/Lisu_Bosa_0047.png,2,True,True,False
data/v2/processed/fontsense_v2/images/train/serif/Lisu_Bosa/Lisu_Bosa_0042.png,data/v2/processed/fontsense_v2/images/train/serif/Lisu_Bosa/Lisu_Bosa_0052.png,2,True,True,False
data/v2/processed/fontsense_v2/images/train/serif/Lisu_Bosa/Lisu_Bosa_0042.png,data/v2/processed/fontsense_v2/images/train/serif/Lisu_Bosa/Lisu_Bosa_0053.png,2,True,True,False
data/v2/processed/fontsense_v2/images/train/serif/Lisu_Bosa/Lisu_Bosa_0042.png,data/v2/processed/fontsense_v2/images/train/serif/Lisu_Bosa/Lisu_Bosa_0070.png,2,True,True,False
data/v2/processed/fontsense_v2/images/train/serif/Lisu_Bosa/Lisu_Bosa_0042.png,data/v2/processed/fontsense_v2/images/train/serif/Lisu_Bosa/Lisu_Bosa_0083.png,2,True,True,False
data/v2/processed/fontsense_v2/images/train/serif/Lisu_Bosa/Lisu_Bosa_0043.png,data/v2/processed/fontsense_v2/images/train/serif/Lisu_Bosa/Lisu_Bosa_0054.png,2,True,True,False
data/v2/processed/fontsense_v2/images/train/serif/Lisu_Bosa/Lisu_Bosa_0043.png,data/v2/processed/fontsense_v2/images/train/serif/Lisu_Bosa/Lisu_Bosa_0069.png,2,True,True,False
data/v2/processed/fontsense_v2/images/train/serif/Lisu_Bosa/Lisu_Bosa_0043.png,data/v2/processed/fontsense_v2/images/train/serif/Lisu_Bosa/Lisu_Bosa_0080.png,2,True,True,False
data/v2/processed/fontsense_v2/images/train/serif/Lisu_Bosa/Lisu_Bosa_0043.png,data/v2/processed/fontsense_v2/images/train/serif/Lisu_Bosa/Lisu_Bosa_0088.png,2,True,True,False
data/v2/processed/fontsense_v2/images/train/serif/Lisu_Bosa/Lisu_Bosa_0043.png,data/v2/processed/fontsense_v2/images/train/serif/Lisu_Bosa/Lisu_Bosa_0089.png,2,True,True,False
data/v2/processed/fontsense_v2/images/train/serif/Lisu_Bosa/Lisu_Bosa_0043.png,data/v2/processed/fontsense_v2/images/train/serif/Lisu_Bosa/Lisu_Bosa_0098.png,2,True,True,False
data/v2/processed/fontsense_v2/images/train/serif/Lisu_Bosa/Lisu_Bosa_0044.png,data/v2/processed/fontsense_v2/images/train/serif/Lisu_Bosa/Lisu_Bosa_0083.png,2,True,True,False
data/v2/processed/fontsense_v2/images/train/serif/Lisu_Bosa/Lisu_Bosa_0046.png,data/v2/processed/fontsense_v2/images/train/serif/Lisu_Bosa/Lisu_Bosa_0055.png,2,True,True,False
data/v2/processed/fontsense_v2/images/train/serif/Lisu_Bosa/Lisu_Bosa_0046.png,data/v2/processed/fontsense_v2/images/train/serif/Lisu_Bosa/Lisu_Bosa_0063.png,2,True,True,False
data/v2/processed/fontsense_v2/images/train/serif/Lisu_Bosa/Lisu_Bosa_0046.png,data/v2/processed/fontsense_v2/images/train/serif/Lisu_Bosa/Lisu_Bosa_0074.png,2,True,True,False
data/v2/processed/fontsense_v2/images/train/serif/Lisu_Bosa/Lisu_Bosa_0047.png,data/v2/processed/fontsense_v2/images/train/serif/Lisu_Bosa/Lisu_Bosa_0049.png,2,True,True,False
data/v2/processed/fontsense_v2/images/train/serif/Lisu_Bosa/Lisu_Bosa_0047.png,data/v2/processed/fontsense_v2/images/train/serif/Lisu_Bosa/Lisu_Bosa_0053.png,2,True,True,False
data/v2/processed/fontsense_v2/images/train/serif/Lisu_Bosa/Lisu_Bosa_0047.png,data/v2/processed/fontsense_v2/images/train/serif/Lisu_Bosa/Lisu_Bosa_0081.png,2,True,True,False
data/v2/processed/fontsense_v2/images/train/serif/Lisu_Bosa/Lisu_Bosa_0047.png,data/v2/processed/fontsense_v2/images/train/serif/Lisu_Bosa/Lisu_Bosa_0083.png,2,True,True,False
data/v2/processed/fontsense_v2/images/train/serif/Lisu_Bosa/Lisu_Bosa_0047.png,data/v2/processed/fontsense_v2/images/train/serif/Lisu_Bosa/Lisu_Bosa_0093.png,2,True,True,False
data/v2/processed/fontsense_v2/images/train/serif/Lisu_Bosa/Lisu_Bosa_0047.png,data/v2/processed/fontsense_v2/images/train/serif/Lisu_Bosa/Lisu_Bosa_0096.png,2,True,True,False
data/v2/processed/fontsense_v2/images/train/serif/Lisu_Bosa/Lisu_Bosa_0048.png,data/v2/processed/fontsense_v2/images/train/serif/Lisu_Bosa/Lisu_Bosa_0054.png,2,True,True,False
data/v2/processed/fontsense_v2/images/train/serif/Lisu_Bosa/Lisu_Bosa_0048.png,data/v2/processed/fontsense_v2/images/train/serif/Lisu_Bosa/Lisu_Bosa_0071.png,2,True,True,False
data/v2/processed/fontsense_v2/images/train/serif/Lisu_Bosa/Lisu_Bosa_0049.png,data/v2/processed/fontsense_v2/images/train/serif/Lisu_Bosa/Lisu_Bosa_0051.png,2,True,True,False
data/v2/processed/fontsense_v2/images/train/serif/Lisu_Bosa/Lisu_Bosa_0049.png,data/v2/processed/fontsense_v2/images/train/serif/Lisu_Bosa/Lisu_Bosa_0081.png,2,True,True,False
data/v2/processed/fontsense_v2/images/train/serif/Lisu_Bosa/Lisu_Bosa_0049.png,data/v2/processed/fontsense_v2/images/train/serif/Lisu_Bosa/Lisu_Bosa_0082.png,2,True,True,False
data/v2/processed/fontsense_v2/images/train/serif/Lisu_Bosa/Lisu_Bosa_0049.png,data/v2/processed/fontsense_v2/images/train/serif/Lisu_Bosa/Lisu_Bosa_0093.png,2,True,True,False
data/v2/processed/fontsense_v2/images/train/serif/Lisu_Bosa/Lisu_Bosa_0049.png,data/v2/processed/fontsense_v2/images/train/serif/Rokkitt/Rokkitt_0059.png,2,False,True,False
data/v2/processed/fontsense_v2/images/train/serif/Lisu_Bosa/Lisu_Bosa_0049.png,data/v2/processed/fontsense_v2/images/train/serif/Rokkitt/Rokkitt_0082.png,2,False,True,False
data/v2/processed/fontsense_v2/images/train/serif/Lisu_Bosa/Lisu_Bosa_0049.png,data/v2/processed/fontsense_v2/images/train/serif/Quattrocento/Quattrocento_0066.png,2,False,True,False
data/v2/processed/fontsense_v2/images/train/serif/Lisu_Bosa/Lisu_Bosa_0050.png,data/v2/processed/fontsense_v2/images/train/serif/Lisu_Bosa/Lisu_Bosa_0072.png,2,True,True,False
data/v2/processed/fontsense_v2/images/train/serif/Lisu_Bosa/Lisu_Bosa_0050.png,data/v2/processed/fontsense_v2/images/train/serif/Lisu_Bosa/Lisu_Bosa_0094.png,2,True,True,False
data/v2/processed/fontsense_v2/images/train/serif/Lisu_Bosa/Lisu_Bosa_0050.png,data/v2/processed/fontsense_v2/images/train/serif/IM_Fell_Great_Primer/IM_Fell_Great_Primer_0088.png,2,False,True,False
data/v2/processed/fontsense_v2/images/train/serif/Lisu_Bosa/Lisu_Bosa_0051.png,data/v2/processed/fontsense_v2/images/train/serif/Lisu_Bosa/Lisu_Bosa_0081.png,2,True,True,False
data/v2/processed/fontsense_v2/images/train/serif/Lisu_Bosa/Lisu_Bosa_0051.png,data/v2/processed/fontsense_v2/images/train/serif/Lisu_Bosa/Lisu_Bosa_0082.png,2,True,True,False
data/v2/processed/fontsense_v2/images/train/serif/Lisu_Bosa/Lisu_Bosa_0052.png,data/v2/processed/fontsense_v2/images/train/serif/Lisu_Bosa/Lisu_Bosa_0083.png,2,True,True,False
data/v2/processed/fontsense_v2/images/train/serif/Lisu_Bosa/Lisu_Bosa_0052.png,data/v2/processed/fontsense_v2/images/train/serif/Lisu_Bosa/Lisu_Bosa_0086.png,2,True,True,False
data/v2/processed/fontsense_v2/images/train/serif/Lisu_Bosa/Lisu_Bosa_0053.png,data/v2/processed/fontsense_v2/images/train/serif/Lisu_Bosa/Lisu_Bosa_0083.png,2,True,True,False
data/v2/processed/fontsense_v2/images/train/serif/Lisu_Bosa/Lisu_Bosa_0053.png,data/v2/processed/fontsense_v2/images/train/serif/Lisu_Bosa/Lisu_Bosa_0093.png,2,True,True,False
data/v2/processed/fontsense_v2/images/train/serif/Lisu_Bosa/Lisu_Bosa_0054.png,data/v2/processed/fontsense_v2/images/train/serif/Lisu_Bosa/Lisu_Bosa_0069.png,2,True,True,False
data/v2/processed/fontsense_v2/images/train/serif/Lisu_Bosa/Lisu_Bosa_0054.png,data/v2/processed/fontsense_v2/images/train/serif/Lisu_Bosa/Lisu_Bosa_0094.png,2,True,True,False
data/v2/processed/fontsense_v2/images/train/serif/Lisu_Bosa/Lisu_Bosa_0054.png,data/v2/processed/fontsense_v2/images/train/serif/Lisu_Bosa/Lisu_Bosa_0098.png,2,True,True,False
data/v2/processed/fontsense_v2/images/train/serif/Lisu_Bosa/Lisu_Bosa_0055.png,data/v2/processed/fontsense_v2/images/train/serif/Lisu_Bosa/Lisu_Bosa_0066.png,2,True,True,False
data/v2/processed/fontsense_v2/images/train/serif/Lisu_Bosa/Lisu_Bosa_0057.png,data/v2/processed/fontsense_v2/images/train/serif/Lisu_Bosa/Lisu_Bosa_0080.png,2,True,True,False
data/v2/processed/fontsense_v2/images/train/serif/Lisu_Bosa/Lisu_Bosa_0058.png,data/v2/processed/fontsense_v2/images/train/serif/Lisu_Bosa/Lisu_Bosa_0071.png,2,True,True,False
data/v2/processed/fontsense_v2/images/train/serif/Lisu_Bosa/Lisu_Bosa_0060.png,data/v2/processed/fontsense_v2/images/train/serif/Wellfleet/Wellfleet_0045.png,2,False,True,False
data/v2/processed/fontsense_v2/images/train/serif/Lisu_Bosa/Lisu_Bosa_0060.png,data/v2/processed/fontsense_v2/images/train/serif/Rokkitt/Rokkitt_0077.png,2,False,True,False
data/v2/processed/fontsense_v2/images/train/serif/Lisu_Bosa/Lisu_Bosa_0060.png,data/v2/processed/fontsense_v2/images/train/serif/Rokkitt/Rokkitt_0085.png,2,False,True,False
data/v2/processed/fontsense_v2/images/train/serif/Lisu_Bosa/Lisu_Bosa_0060.png,data/v2/processed/fontsense_v2/images/train/serif/Quattrocento/Quattrocento_0088.png,2,False,True,False
data/v2/processed/fontsense_v2/images/train/serif/Lisu_Bosa/Lisu_Bosa_0064.png,data/v2/processed/fontsense_v2/images/train/serif/Lisu_Bosa/Lisu_Bosa_0085.png,2,True,True,False
data/v2/processed/fontsense_v2/images/train/serif/Lisu_Bosa/Lisu_Bosa_0064.png,data/v2/processed/fontsense_v2/images/train/serif/Quattrocento/Quattrocento_0033.png,2,False,True,False
data/v2/processed/fontsense_v2/images/train/serif/Lisu_Bosa/Lisu_Bosa_0064.png,data/v2/processed/fontsense_v2/images/train/serif/IM_Fell_Great_Primer/IM_Fell_Great_Primer_0001.png,2,False,True,False
data/v2/processed/fontsense_v2/images/train/serif/Lisu_Bosa/Lisu_Bosa_0065.png,data/v2/processed/fontsense_v2/images/train/serif/Lisu_Bosa/Lisu_Bosa_0072.png,2,True,True,False
data/v2/processed/fontsense_v2/images/train/serif/Lisu_Bosa/Lisu_Bosa_0065.png,data/v2/processed/fontsense_v2/images/train/serif/IM_Fell_Great_Primer/IM_Fell_Great_Primer_0088.png,2,False,True,False
data/v2/processed/fontsense_v2/images/train/serif/Lisu_Bosa/Lisu_Bosa_0066.png,data/v2/processed/fontsense_v2/images/train/serif/Lisu_Bosa/Lisu_Bosa_0074.png,2,True,True,False
data/v2/processed/fontsense_v2/images/train/serif/Lisu_Bosa/Lisu_Bosa_0067.png,data/v2/processed/fontsense_v2/images/train/serif/Lisu_Bosa/Lisu_Bosa_0089.png,2,True,True,False
data/v2/processed/fontsense_v2/images/train/serif/Lisu_Bosa/Lisu_Bosa_0069.png,data/v2/processed/fontsense_v2/images/train/serif/Lisu_Bosa/Lisu_Bosa_0080.png,2,True,True,False
data/v2/processed/fontsense_v2/images/train/serif/Lisu_Bosa/Lisu_Bosa_0069.png,data/v2/processed/fontsense_v2/images/train/serif/Lisu_Bosa/Lisu_Bosa_0098.png,2,True,True,False
data/v2/processed/fontsense_v2/images/train/serif/Lisu_Bosa/Lisu_Bosa_0070.png,data/v2/processed/fontsense_v2/images/train/serif/Lisu_Bosa/Lisu_Bosa_0083.png,2,True,True,False
data/v2/processed/fontsense_v2/images/train/serif/Lisu_Bosa/Lisu_Bosa_0070.png,data/v2/processed/fontsense_v2/images/train/serif/Lisu_Bosa/Lisu_Bosa_0086.png,2,True,True,False
data/v2/processed/fontsense_v2/images/train/serif/Lisu_Bosa/Lisu_Bosa_0072.png,data/v2/processed/fontsense_v2/images/train/serif/Lisu_Bosa/Lisu_Bosa_0079.png,2,True,True,False
data/v2/processed/fontsense_v2/images/train/serif/Lisu_Bosa/Lisu_Bosa_0072.png,data/v2/processed/fontsense_v2/images/train/serif/Lisu_Bosa/Lisu_Bosa_0087.png,2,True,True,False
data/v2/processed/fontsense_v2/images/train/serif/Lisu_Bosa/Lisu_Bosa_0072.png,data/v2/processed/fontsense_v2/images/train/serif/Lisu_Bosa/Lisu_Bosa_0094.png,2,True,True,False
data/v2/processed/fontsense_v2/images/train/serif/Lisu_Bosa/Lisu_Bosa_0073.png,data/v2/processed/fontsense_v2/images/train/serif/Quattrocento/Quattrocento_0026.png,2,False,True,False
data/v2/processed/fontsense_v2/images/train/serif/Lisu_Bosa/Lisu_Bosa_0073.png,data/v2/processed/fontsense_v2/images/train/serif/IM_Fell_Great_Primer/IM_Fell_Great_Primer_0093.png,2,False,True,False
data/v2/processed/fontsense_v2/images/train/serif/Lisu_Bosa/Lisu_Bosa_0077.png,data/v2/processed/fontsense_v2/images/train/serif/BatangChe/BatangChe_0034.png,2,False,True,False
data/v2/processed/fontsense_v2/images/train/serif/Lisu_Bosa/Lisu_Bosa_0078.png,data/v2/processed/fontsense_v2/images/train/serif/Domine/Domine_0060.png,2,False,True,False
data/v2/processed/fontsense_v2/images/train/serif/Lisu_Bosa/Lisu_Bosa_0078.png,data/v2/processed/fontsense_v2/images/train/serif/Rokkitt/Rokkitt_0091.png,2,False,True,False
data/v2/processed/fontsense_v2/images/train/serif/Lisu_Bosa/Lisu_Bosa_0078.png,data/v2/processed/fontsense_v2/images/train/serif/Noto_Serif_Ahom/Noto_Serif_Ahom_0029.png,2,False,True,False
data/v2/processed/fontsense_v2/images/train/serif/Lisu_Bosa/Lisu_Bosa_0079.png,data/v2/processed/fontsense_v2/images/train/serif/Lisu_Bosa/Lisu_Bosa_0094.png,2,True,True,False
data/v2/processed/fontsense_v2/images/train/serif/Lisu_Bosa/Lisu_Bosa_0079.png,data/v2/processed/fontsense_v2/images/train/serif/IM_Fell_Great_Primer/IM_Fell_Great_Primer_0088.png,2,False,True,False
data/v2/processed/fontsense_v2/images/train/serif/Lisu_Bosa/Lisu_Bosa_0080.png,data/v2/processed/fontsense_v2/images/train/serif/Lisu_Bosa/Lisu_Bosa_0088.png,2,True,True,False
data/v2/processed/fontsense_v2/images/train/serif/Lisu_Bosa/Lisu_Bosa_0081.png,data/v2/processed/fontsense_v2/images/train/serif/Lisu_Bosa/Lisu_Bosa_0082.png,2,True,True,False
data/v2/processed/fontsense_v2/images/train/serif/Lisu_Bosa/Lisu_Bosa_0081.png,data/v2/processed/fontsense_v2/images/train/serif/Lisu_Bosa/Lisu_Bosa_0096.png,2,True,True,False
data/v2/processed/fontsense_v2/images/train/serif/Lisu_Bosa/Lisu_Bosa_0088.png,data/v2/processed/fontsense_v2/images/train/serif/Lisu_Bosa/Lisu_Bosa_0098.png,2,True,True,False
data/v2/processed/fontsense_v2/images/train/serif/Lisu_Bosa/Lisu_Bosa_0091.png,data/v2/processed/fontsense_v2/images/train/serif/IM_Fell_Great_Primer/IM_Fell_Great_Primer_0088.png,2,False,True,False
data/v2/processed/fontsense_v2/images/train/serif/Lisu_Bosa/Lisu_Bosa_0093.png,data/v2/processed/fontsense_v2/images/train/serif/Rokkitt/Rokkitt_0052.png,2,False,True,False
data/v2/processed/fontsense_v2/images/train/serif/Lisu_Bosa/Lisu_Bosa_0093.png,data/v2/processed/fontsense_v2/images/train/serif/Rokkitt/Rokkitt_0059.png,2,False,True,False
data/v2/processed/fontsense_v2/images/train/serif/Lisu_Bosa/Lisu_Bosa_0093.png,data/v2/processed/fontsense_v2/images/train/serif/Quattrocento/Quattrocento_0066.png,2,False,True,False
data/v2/processed/fontsense_v2/images/train/serif/Lisu_Bosa/Lisu_Bosa_0094.png,data/v2/processed/fontsense_v2/images/train/serif/IM_Fell_Great_Primer/IM_Fell_Great_Primer_0029.png,2,False,True,False
data/v2/processed/fontsense_v2/images/train/serif/Lisu_Bosa/Lisu_Bosa_0096.png,data/v2/processed/fontsense_v2/images/train/serif/Rokkitt/Rokkitt_0052.png,2,False,True,False
data/v2/processed/fontsense_v2/images/train/serif/Noto_Serif_Ahom/Noto_Serif_Ahom_0003.png,data/v2/processed/fontsense_v2/images/train/serif/Noto_Serif_Ahom/Noto_Serif_Ahom_0013.png,2,True,True,False
data/v2/processed/fontsense_v2/images/train/serif/Noto_Serif_Ahom/Noto_Serif_Ahom_0006.png,data/v2/processed/fontsense_v2/images/train/serif/Noto_Serif_Ahom/Noto_Serif_Ahom_0035.png,2,True,True,False
data/v2/processed/fontsense_v2/images/train/serif/Noto_Serif_Ahom/Noto_Serif_Ahom_0019.png,data/v2/processed/fontsense_v2/images/train/serif/Noto_Serif_Ahom/Noto_Serif_Ahom_0066.png,2,True,True,False
data/v2/processed/fontsense_v2/images/train/serif/Noto_Serif_Ahom/Noto_Serif_Ahom_0039.png,data/v2/processed/fontsense_v2/images/train/serif/Noto_Serif_Ahom/Noto_Serif_Ahom_0049.png,2,True,True,False
data/v2/processed/fontsense_v2/images/train/serif/Noto_Serif_Ahom/Noto_Serif_Ahom_0039.png,data/v2/processed/fontsense_v2/images/train/serif/Noto_Serif_Ahom/Noto_Serif_Ahom_0059.png,2,True,True,False
data/v2/processed/fontsense_v2/images/train/serif/Noto_Serif_Ahom/Noto_Serif_Ahom_0040.png,data/v2/processed/fontsense_v2/images/train/serif/Noto_Serif_Ahom/Noto_Serif_Ahom_0049.png,2,True,True,False
data/v2/processed/fontsense_v2/images/train/serif/Noto_Serif_Ahom/Noto_Serif_Ahom_0049.png,data/v2/processed/fontsense_v2/images/train/serif/Noto_Serif_Ahom/Noto_Serif_Ahom_0059.png,2,True,True,False
data/v2/processed/fontsense_v2/images/train/serif/Noto_Serif_Hebrew/Noto_Serif_Hebrew_0000.png,data/v2/processed/fontsense_v2/images/train/serif/BatangChe/BatangChe_0061.png,2,False,True,False
data/v2/processed/fontsense_v2/images/train/serif/Noto_Serif_Hebrew/Noto_Serif_Hebrew_0003.png,data/v2/processed/fontsense_v2/images/train/serif/BatangChe/BatangChe_0082.png,2,False,True,False
data/v2/processed/fontsense_v2/images/train/serif/Noto_Serif_Hebrew/Noto_Serif_Hebrew_0004.png,data/v2/processed/fontsense_v2/images/train/serif/Yuji_Syuku/Yuji_Syuku_0045.png,2,False,True,False
data/v2/processed/fontsense_v2/images/train/serif/Noto_Serif_Hebrew/Noto_Serif_Hebrew_0004.png,data/v2/processed/fontsense_v2/images/train/serif/BatangChe/BatangChe_0057.png,2,False,True,False
data/v2/processed/fontsense_v2/images/train/serif/Noto_Serif_Hebrew/Noto_Serif_Hebrew_0004.png,data/v2/processed/fontsense_v2/images/train/serif/Quattrocento/Quattrocento_0050.png,2,False,True,False
data/v2/processed/fontsense_v2/images/train/serif/Noto_Serif_Hebrew/Noto_Serif_Hebrew_0005.png,data/v2/processed/fontsense_v2/images/train/serif/Noto_Serif_Hebrew/Noto_Serif_Hebrew_0010.png,2,True,True,False
data/v2/processed/fontsense_v2/images/train/serif/Noto_Serif_Hebrew/Noto_Serif_Hebrew_0005.png,data/v2/processed/fontsense_v2/images/train/serif/Yuji_Syuku/Yuji_Syuku_0024.png,2,False,True,False
data/v2/processed/fontsense_v2/images/train/serif/Noto_Serif_Hebrew/Noto_Serif_Hebrew_0005.png,data/v2/processed/fontsense_v2/images/train/serif/Rokkitt/Rokkitt_0049.png,2,False,True,False
data/v2/processed/fontsense_v2/images/train/serif/Noto_Serif_Hebrew/Noto_Serif_Hebrew_0005.png,data/v2/processed/fontsense_v2/images/train/serif/Quattrocento/Quattrocento_0057.png,2,False,True,False
data/v2/processed/fontsense_v2/images/train/serif/Noto_Serif_Hebrew/Noto_Serif_Hebrew_0006.png,data/v2/processed/fontsense_v2/images/train/serif/BatangChe/BatangChe_0078.png,2,False,True,False
data/v2/processed/fontsense_v2/images/train/serif/Noto_Serif_Hebrew/Noto_Serif_Hebrew_0006.png,data/v2/processed/fontsense_v2/images/train/serif/IM_Fell_Great_Primer/IM_Fell_Great_Primer_0056.png,2,False,True,False
data/v2/processed/fontsense_v2/images/train/serif/Noto_Serif_Hebrew/Noto_Serif_Hebrew_0007.png,data/v2/processed/fontsense_v2/images/train/serif/Noto_Serif_Hebrew/Noto_Serif_Hebrew_0094.png,2,True,True,False
data/v2/processed/fontsense_v2/images/train/serif/Noto_Serif_Hebrew/Noto_Serif_Hebrew_0007.png,data/v2/processed/fontsense_v2/images/train/serif/Noto_Serif_KR/Noto_Serif_KR_0003.png,2,False,True,False
data/v2/processed/fontsense_v2/images/train/serif/Noto_Serif_Hebrew/Noto_Serif_Hebrew_0007.png,data/v2/processed/fontsense_v2/images/train/serif/Sanchez/Sanchez_0079.png,2,False,True,False
data/v2/processed/fontsense_v2/images/train/serif/Noto_Serif_Hebrew/Noto_Serif_Hebrew_0009.png,data/v2/processed/fontsense_v2/images/train/serif/Noto_Serif_Hebrew/Noto_Serif_Hebrew_0058.png,2,True,True,False
data/v2/processed/fontsense_v2/images/train/serif/Noto_Serif_Hebrew/Noto_Serif_Hebrew_0009.png,data/v2/processed/fontsense_v2/images/train/serif/Yuji_Syuku/Yuji_Syuku_0026.png,2,False,True,False
data/v2/processed/fontsense_v2/images/train/serif/Noto_Serif_Hebrew/Noto_Serif_Hebrew_0009.png,data/v2/processed/fontsense_v2/images/train/serif/BatangChe/BatangChe_0072.png,2,False,True,False
data/v2/processed/fontsense_v2/images/train/serif/Noto_Serif_Hebrew/Noto_Serif_Hebrew_0009.png,data/v2/processed/fontsense_v2/images/train/serif/Rokkitt/Rokkitt_0017.png,2,False,True,False
data/v2/processed/fontsense_v2/images/train/serif/Noto_Serif_Hebrew/Noto_Serif_Hebrew_0009.png,data/v2/processed/fontsense_v2/images/train/serif/Quattrocento/Quattrocento_0029.png,2,False,True,False
data/v2/processed/fontsense_v2/images/train/serif/Noto_Serif_Hebrew/Noto_Serif_Hebrew_0011.png,data/v2/processed/fontsense_v2/images/train/serif/Domine/Domine_0078.png,2,False,True,False
data/v2/processed/fontsense_v2/images/train/serif/Noto_Serif_Hebrew/Noto_Serif_Hebrew_0011.png,data/v2/processed/fontsense_v2/images/train/serif/Quattrocento/Quattrocento_0015.png,2,False,True,False
data/v2/processed/fontsense_v2/images/train/serif/Noto_Serif_Hebrew/Noto_Serif_Hebrew_0011.png,data/v2/processed/fontsense_v2/images/train/serif/IM_Fell_Great_Primer/IM_Fell_Great_Primer_0066.png,2,False,True,False
data/v2/processed/fontsense_v2/images/train/serif/Noto_Serif_Hebrew/Noto_Serif_Hebrew_0011.png,data/v2/processed/fontsense_v2/images/train/serif/Noto_Serif_Ahom/Noto_Serif_Ahom_0014.png,2,False,True,False
data/v2/processed/fontsense_v2/images/train/serif/Noto_Serif_Hebrew/Noto_Serif_Hebrew_0012.png,data/v2/processed/fontsense_v2/images/train/serif/Noto_Serif_KR/Noto_Serif_KR_0078.png,2,False,True,False
data/v2/processed/fontsense_v2/images/train/serif/Noto_Serif_Hebrew/Noto_Serif_Hebrew_0012.png,data/v2/processed/fontsense_v2/images/train/serif/Sanchez/Sanchez_0010.png,2,False,True,False
data/v2/processed/fontsense_v2/images/train/serif/Noto_Serif_Hebrew/Noto_Serif_Hebrew_0012.png,data/v2/processed/fontsense_v2/images/train/serif/Sanchez/Sanchez_0085.png,2,False,True,False
data/v2/processed/fontsense_v2/images/train/serif/Noto_Serif_Hebrew/Noto_Serif_Hebrew_0012.png,data/v2/processed/fontsense_v2/images/train/serif/Noto_Serif_Ahom/Noto_Serif_Ahom_0046.png,2,False,True,False
data/v2/processed/fontsense_v2/images/train/serif/Noto_Serif_Hebrew/Noto_Serif_Hebrew_0012.png,data/v2/processed/fontsense_v2/images/train/serif/Noto_Serif_Ahom/Noto_Serif_Ahom_0055.png,2,False,True,False
data/v2/processed/fontsense_v2/images/train/serif/Noto_Serif_Hebrew/Noto_Serif_Hebrew_0019.png,data/v2/processed/fontsense_v2/images/train/serif/Quattrocento/Quattrocento_0097.png,2,False,True,False
data/v2/processed/fontsense_v2/images/train/serif/Noto_Serif_Hebrew/Noto_Serif_Hebrew_0019.png,data/v2/processed/fontsense_v2/images/train/serif/Noto_Serif_Ahom/Noto_Serif_Ahom_0028.png,2,False,True,False
data/v2/processed/fontsense_v2/images/train/serif/Noto_Serif_Hebrew/Noto_Serif_Hebrew_0023.png,data/v2/processed/fontsense_v2/images/train/serif/Yuji_Syuku/Yuji_Syuku_0039.png,2,False,True,False
data/v2/processed/fontsense_v2/images/train/serif/Noto_Serif_Hebrew/Noto_Serif_Hebrew_0026.png,data/v2/processed/fontsense_v2/images/train/serif/Noto_Serif_Hebrew/Noto_Serif_Hebrew_0079.png,2,True,True,False
data/v2/processed/fontsense_v2/images/train/serif/Noto_Serif_Hebrew/Noto_Serif_Hebrew_0026.png,data/v2/processed/fontsense_v2/images/train/serif/Noto_Serif_KR/Noto_Serif_KR_0082.png,2,False,True,False
data/v2/processed/fontsense_v2/images/train/serif/Noto_Serif_Hebrew/Noto_Serif_Hebrew_0026.png,data/v2/processed/fontsense_v2/images/train/serif/Sanchez/Sanchez_0041.png,2,False,True,False
data/v2/processed/fontsense_v2/images/train/serif/Noto_Serif_Hebrew/Noto_Serif_Hebrew_0026.png,data/v2/processed/fontsense_v2/images/train/serif/Noto_Serif_Ahom/Noto_Serif_Ahom_0028.png,2,False,True,False
data/v2/processed/fontsense_v2/images/train/serif/Noto_Serif_Hebrew/Noto_Serif_Hebrew_0028.png,data/v2/processed/fontsense_v2/images/train/serif/Wellfleet/Wellfleet_0077.png,2,False,True,False
data/v2/processed/fontsense_v2/images/train/serif/Noto_Serif_Hebrew/Noto_Serif_Hebrew_0028.png,data/v2/processed/fontsense_v2/images/train/serif/Noto_Serif_KR/Noto_Serif_KR_0027.png,2,False,True,False
data/v2/processed/fontsense_v2/images/train/serif/Noto_Serif_Hebrew/Noto_Serif_Hebrew_0028.png,data/v2/processed/fontsense_v2/images/train/serif/Domine/Domine_0053.png,2,False,True,False
data/v2/processed/fontsense_v2/images/train/serif/Noto_Serif_Hebrew/Noto_Serif_Hebrew_0028.png,data/v2/processed/fontsense_v2/images/train/serif/Yuji_Syuku/Yuji_Syuku_0015.png,2,False,True,False
data/v2/processed/fontsense_v2/images/train/serif/Noto_Serif_Hebrew/Noto_Serif_Hebrew_0028.png,data/v2/processed/fontsense_v2/images/train/serif/Yuji_Syuku/Yuji_Syuku_0019.png,2,False,True,False
data/v2/processed/fontsense_v2/images/train/serif/Noto_Serif_Hebrew/Noto_Serif_Hebrew_0028.png,data/v2/processed/fontsense_v2/images/train/serif/Rokkitt/Rokkitt_0060.png,2,False,True,False
data/v2/processed/fontsense_v2/images/train/serif/Noto_Serif_Hebrew/Noto_Serif_Hebrew_0028.png,data/v2/processed/fontsense_v2/images/train/serif/Sanchez/Sanchez_0031.png,2,False,True,False
data/v2/processed/fontsense_v2/images/train/serif/Noto_Serif_Hebrew/Noto_Serif_Hebrew_0028.png,data/v2/processed/fontsense_v2/images/train/serif/IM_Fell_Great_Primer/IM_Fell_Great_Primer_0072.png,2,False,True,False
data/v2/processed/fontsense_v2/images/train/serif/Noto_Serif_Hebrew/Noto_Serif_Hebrew_0028.png,data/v2/processed/fontsense_v2/images/train/serif/Noto_Serif_Ahom/Noto_Serif_Ahom_0039.png,2,False,True,False
data/v2/processed/fontsense_v2/images/train/serif/Noto_Serif_Hebrew/Noto_Serif_Hebrew_0028.png,data/v2/processed/fontsense_v2/images/train/serif/Noto_Serif_Ahom/Noto_Serif_Ahom_0040.png,2,False,True,False
data/v2/processed/fontsense_v2/images/train/serif/Noto_Serif_Hebrew/Noto_Serif_Hebrew_0028.png,data/v2/processed/fontsense_v2/images/train/serif/Noto_Serif_Ahom/Noto_Serif_Ahom_0059.png,2,False,True,False
data/v2/processed/fontsense_v2/images/train/serif/Noto_Serif_Hebrew/Noto_Serif_Hebrew_0029.png,data/v2/processed/fontsense_v2/images/train/serif/Noto_Serif_KR/Noto_Serif_KR_0034.png,2,False,True,False
data/v2/processed/fontsense_v2/images/train/serif/Noto_Serif_Hebrew/Noto_Serif_Hebrew_0038.png,data/v2/processed/fontsense_v2/images/train/serif/Wellfleet/Wellfleet_0093.png,2,False,True,False
data/v2/processed/fontsense_v2/images/train/serif/Noto_Serif_Hebrew/Noto_Serif_Hebrew_0040.png,data/v2/processed/fontsense_v2/images/train/serif/Noto_Serif_Hebrew/Noto_Serif_Hebrew_0067.png,2,True,True,False
data/v2/processed/fontsense_v2/images/train/serif/Noto_Serif_Hebrew/Noto_Serif_Hebrew_0040.png,data/v2/processed/fontsense_v2/images/train/serif/Noto_Serif_Ahom/Noto_Serif_Ahom_0036.png,2,False,True,False
data/v2/processed/fontsense_v2/images/train/serif/Noto_Serif_Hebrew/Noto_Serif_Hebrew_0042.png,data/v2/processed/fontsense_v2/images/train/serif/Wellfleet/Wellfleet_0019.png,2,False,True,False
data/v2/processed/fontsense_v2/images/train/serif/Noto_Serif_Hebrew/Noto_Serif_Hebrew_0042.png,data/v2/processed/fontsense_v2/images/train/serif/Noto_Serif_KR/Noto_Serif_KR_0057.png,2,False,True,False
data/v2/processed/fontsense_v2/images/train/serif/Noto_Serif_Hebrew/Noto_Serif_Hebrew_0049.png,data/v2/processed/fontsense_v2/images/train/serif/Noto_Serif_Hebrew/Noto_Serif_Hebrew_0062.png,2,True,True,False
data/v2/processed/fontsense_v2/images/train/serif/Noto_Serif_Hebrew/Noto_Serif_Hebrew_0051.png,data/v2/processed/fontsense_v2/images/train/serif/Noto_Serif_KR/Noto_Serif_KR_0074.png,2,False,True,False
data/v2/processed/fontsense_v2/images/train/serif/Noto_Serif_Hebrew/Noto_Serif_Hebrew_0052.png,data/v2/processed/fontsense_v2/images/train/serif/Wellfleet/Wellfleet_0082.png,2,False,True,False
data/v2/processed/fontsense_v2/images/train/serif/Noto_Serif_Hebrew/Noto_Serif_Hebrew_0055.png,data/v2/processed/fontsense_v2/images/train/serif/Wellfleet/Wellfleet_0018.png,2,False,True,False
data/v2/processed/fontsense_v2/images/train/serif/Noto_Serif_Hebrew/Noto_Serif_Hebrew_0058.png,data/v2/processed/fontsense_v2/images/train/serif/BatangChe/BatangChe_0072.png,2,False,True,False
data/v2/processed/fontsense_v2/images/train/serif/Noto_Serif_Hebrew/Noto_Serif_Hebrew_0059.png,data/v2/processed/fontsense_v2/images/train/serif/Yuji_Syuku/Yuji_Syuku_0080.png,2,False,True,False
data/v2/processed/fontsense_v2/images/train/serif/Noto_Serif_Hebrew/Noto_Serif_Hebrew_0065.png,data/v2/processed/fontsense_v2/images/train/serif/Noto_Serif_Ahom/Noto_Serif_Ahom_0024.png,2,False,True,False
data/v2/processed/fontsense_v2/images/train/serif/Noto_Serif_Hebrew/Noto_Serif_Hebrew_0067.png,data/v2/processed/fontsense_v2/images/train/serif/Noto_Serif_Ahom/Noto_Serif_Ahom_0036.png,2,False,True,False
data/v2/processed/fontsense_v2/images/train/serif/Noto_Serif_Hebrew/Noto_Serif_Hebrew_0070.png,data/v2/processed/fontsense_v2/images/train/serif/Sanchez/Sanchez_0024.png,2,False,True,False
data/v2/processed/fontsense_v2/images/train/serif/Noto_Serif_Hebrew/Noto_Serif_Hebrew_0071.png,data/v2/processed/fontsense_v2/images/train/serif/Libre_Caslon_Text/Libre_Caslon_Text_0087.png,2,False,True,False
data/v2/processed/fontsense_v2/images/train/serif/Noto_Serif_Hebrew/Noto_Serif_Hebrew_0072.png,data/v2/processed/fontsense_v2/images/train/serif/Noto_Serif_KR/Noto_Serif_KR_0019.png,2,False,True,False
data/v2/processed/fontsense_v2/images/train/serif/Noto_Serif_Hebrew/Noto_Serif_Hebrew_0073.png,data/v2/processed/fontsense_v2/images/train/serif/Noto_Serif_KR/Noto_Serif_KR_0016.png,2,False,True,False
data/v2/processed/fontsense_v2/images/train/serif/Noto_Serif_Hebrew/Noto_Serif_Hebrew_0073.png,data/v2/processed/fontsense_v2/images/train/serif/Rokkitt/Rokkitt_0091.png,2,False,True,False
data/v2/processed/fontsense_v2/images/train/serif/Noto_Serif_Hebrew/Noto_Serif_Hebrew_0073.png,data/v2/processed/fontsense_v2/images/train/serif/Quattrocento/Quattrocento_0038.png,2,False,True,False
data/v2/processed/fontsense_v2/images/train/serif/Noto_Serif_Hebrew/Noto_Serif_Hebrew_0073.png,data/v2/processed/fontsense_v2/images/train/serif/IM_Fell_Great_Primer/IM_Fell_Great_Primer_0098.png,2,False,True,False
data/v2/processed/fontsense_v2/images/train/serif/Noto_Serif_Hebrew/Noto_Serif_Hebrew_0075.png,data/v2/processed/fontsense_v2/images/train/serif/Rokkitt/Rokkitt_0065.png,2,False,True,False
data/v2/processed/fontsense_v2/images/train/serif/Noto_Serif_Hebrew/Noto_Serif_Hebrew_0076.png,data/v2/processed/fontsense_v2/images/train/serif/Wellfleet/Wellfleet_0070.png,2,False,True,False
data/v2/processed/fontsense_v2/images/train/serif/Noto_Serif_Hebrew/Noto_Serif_Hebrew_0076.png,data/v2/processed/fontsense_v2/images/train/serif/BatangChe/BatangChe_0023.png,2,False,True,False
data/v2/processed/fontsense_v2/images/train/serif/Noto_Serif_Hebrew/Noto_Serif_Hebrew_0079.png,data/v2/processed/fontsense_v2/images/train/serif/Noto_Serif_Ahom/Noto_Serif_Ahom_0028.png,2,False,True,False
data/v2/processed/fontsense_v2/images/train/serif/Noto_Serif_Hebrew/Noto_Serif_Hebrew_0080.png,data/v2/processed/fontsense_v2/images/train/serif/Noto_Serif_KR/Noto_Serif_KR_0058.png,2,False,True,False
data/v2/processed/fontsense_v2/images/train/serif/Noto_Serif_Hebrew/Noto_Serif_Hebrew_0083.png,data/v2/processed/fontsense_v2/images/train/serif/Quattrocento/Quattrocento_0007.png,2,False,True,False
data/v2/processed/fontsense_v2/images/train/serif/Noto_Serif_Hebrew/Noto_Serif_Hebrew_0085.png,data/v2/processed/fontsense_v2/images/train/serif/Noto_Serif_KR/Noto_Serif_KR_0001.png,2,False,True,True
data/v2/processed/fontsense_v2/images/train/serif/Noto_Serif_Hebrew/Noto_Serif_Hebrew_0090.png,data/v2/processed/fontsense_v2/images/train/serif/BatangChe/BatangChe_0093.png,2,False,True,False
data/v2/processed/fontsense_v2/images/train/serif/Noto_Serif_Hebrew/Noto_Serif_Hebrew_0094.png,data/v2/processed/fontsense_v2/images/train/serif/Quattrocento/Quattrocento_0038.png,2,False,True,False
data/v2/processed/fontsense_v2/images/train/serif/Noto_Serif_Hebrew/Noto_Serif_Hebrew_0094.png,data/v2/processed/fontsense_v2/images/train/serif/Quattrocento/Quattrocento_0056.png,2,False,True,False
data/v2/processed/fontsense_v2/images/train/serif/Noto_Serif_Hebrew/Noto_Serif_Hebrew_0094.png,data/v2/processed/fontsense_v2/images/train/serif/Sanchez/Sanchez_0005.png,2,False,True,False
data/v2/processed/fontsense_v2/images/train/serif/Noto_Serif_Hebrew/Noto_Serif_Hebrew_0094.png,data/v2/processed/fontsense_v2/images/train/serif/Sanchez/Sanchez_0023.png,2,False,True,False
data/v2/processed/fontsense_v2/images/train/serif/Noto_Serif_Hebrew/Noto_Serif_Hebrew_0094.png,data/v2/processed/fontsense_v2/images/train/serif/Sanchez/Sanchez_0079.png,2,False,True,False
data/v2/processed/fontsense_v2/images/train/serif/Noto_Serif_Hebrew/Noto_Serif_Hebrew_0095.png,data/v2/processed/fontsense_v2/images/train/serif/Wellfleet/Wellfleet_0070.png,2,False,True,False
data/v2/processed/fontsense_v2/images/train/serif/Noto_Serif_Hebrew/Noto_Serif_Hebrew_0095.png,data/v2/processed/fontsense_v2/images/train/serif/Domine/Domine_0060.png,2,False,True,False
data/v2/processed/fontsense_v2/images/train/serif/Noto_Serif_Hebrew/Noto_Serif_Hebrew_0098.png,data/v2/processed/fontsense_v2/images/train/serif/BatangChe/BatangChe_0091.png,2,False,True,False
data/v2/processed/fontsense_v2/images/train/serif/Noto_Serif_KR/Noto_Serif_KR_0004.png,data/v2/processed/fontsense_v2/images/train/serif/Yuji_Syuku/Yuji_Syuku_0026.png,2,False,True,False
data/v2/processed/fontsense_v2/images/train/serif/Noto_Serif_KR/Noto_Serif_KR_0005.png,data/v2/processed/fontsense_v2/images/train/serif/BatangChe/BatangChe_0078.png,2,False,True,False
data/v2/processed/fontsense_v2/images/train/serif/Noto_Serif_KR/Noto_Serif_KR_0005.png,data/v2/processed/fontsense_v2/images/train/serif/Rokkitt/Rokkitt_0062.png,2,False,True,False
data/v2/processed/fontsense_v2/images/train/serif/Noto_Serif_KR/Noto_Serif_KR_0005.png,data/v2/processed/fontsense_v2/images/train/serif/Rokkitt/Rokkitt_0077.png,2,False,True,False
data/v2/processed/fontsense_v2/images/train/serif/Noto_Serif_KR/Noto_Serif_KR_0005.png,data/v2/processed/fontsense_v2/images/train/serif/Sanchez/Sanchez_0001.png,2,False,True,False
data/v2/processed/fontsense_v2/images/train/serif/Noto_Serif_KR/Noto_Serif_KR_0005.png,data/v2/processed/fontsense_v2/images/train/serif/Sanchez/Sanchez_0006.png,2,False,True,False
data/v2/processed/fontsense_v2/images/train/serif/Noto_Serif_KR/Noto_Serif_KR_0005.png,data/v2/processed/fontsense_v2/images/train/serif/IM_Fell_Great_Primer/IM_Fell_Great_Primer_0032.png,2,False,True,False
data/v2/processed/fontsense_v2/images/train/serif/Noto_Serif_KR/Noto_Serif_KR_0010.png,data/v2/processed/fontsense_v2/images/train/serif/Libre_Caslon_Text/Libre_Caslon_Text_0053.png,2,False,True,False
data/v2/processed/fontsense_v2/images/train/serif/Noto_Serif_KR/Noto_Serif_KR_0010.png,data/v2/processed/fontsense_v2/images/train/serif/Rokkitt/Rokkitt_0070.png,2,False,True,False
data/v2/processed/fontsense_v2/images/train/serif/Noto_Serif_KR/Noto_Serif_KR_0010.png,data/v2/processed/fontsense_v2/images/train/serif/Quattrocento/Quattrocento_0074.png,2,False,True,False
data/v2/processed/fontsense_v2/images/train/serif/Noto_Serif_KR/Noto_Serif_KR_0010.png,data/v2/processed/fontsense_v2/images/train/serif/Noto_Serif_Ahom/Noto_Serif_Ahom_0050.png,2,False,True,False
data/v2/processed/fontsense_v2/images/train/serif/Noto_Serif_KR/Noto_Serif_KR_0010.png,data/v2/processed/fontsense_v2/images/train/serif/Noto_Serif_Ahom/Noto_Serif_Ahom_0051.png,2,False,True,False
data/v2/processed/fontsense_v2/images/train/serif/Noto_Serif_KR/Noto_Serif_KR_0015.png,data/v2/processed/fontsense_v2/images/train/serif/Rokkitt/Rokkitt_0016.png,2,False,True,False
data/v2/processed/fontsense_v2/images/train/serif/Noto_Serif_KR/Noto_Serif_KR_0016.png,data/v2/processed/fontsense_v2/images/train/serif/Quattrocento/Quattrocento_0038.png,2,False,True,False
data/v2/processed/fontsense_v2/images/train/serif/Noto_Serif_KR/Noto_Serif_KR_0027.png,data/v2/processed/fontsense_v2/images/train/serif/Sanchez/Sanchez_0031.png,2,False,True,False
data/v2/processed/fontsense_v2/images/train/serif/Noto_Serif_KR/Noto_Serif_KR_0027.png,data/v2/processed/fontsense_v2/images/train/serif/IM_Fell_Great_Primer/IM_Fell_Great_Primer_0072.png,2,False,True,False
data/v2/processed/fontsense_v2/images/train/serif/Noto_Serif_KR/Noto_Serif_KR_0027.png,data/v2/processed/fontsense_v2/images/train/serif/Noto_Serif_Ahom/Noto_Serif_Ahom_0039.png,2,False,True,False
data/v2/processed/fontsense_v2/images/train/serif/Noto_Serif_KR/Noto_Serif_KR_0027.png,data/v2/processed/fontsense_v2/images/train/serif/Noto_Serif_Ahom/Noto_Serif_Ahom_0049.png,2,False,True,False
data/v2/processed/fontsense_v2/images/train/serif/Noto_Serif_KR/Noto_Serif_KR_0027.png,data/v2/processed/fontsense_v2/images/train/serif/Noto_Serif_Ahom/Noto_Serif_Ahom_0059.png,2,False,True,False
data/v2/processed/fontsense_v2/images/train/serif/Noto_Serif_KR/Noto_Serif_KR_0031.png,data/v2/processed/fontsense_v2/images/train/serif/Rokkitt/Rokkitt_0062.png,2,False,True,False
data/v2/processed/fontsense_v2/images/train/serif/Noto_Serif_KR/Noto_Serif_KR_0031.png,data/v2/processed/fontsense_v2/images/train/serif/Quattrocento/Quattrocento_0061.png,2,False,True,False
data/v2/processed/fontsense_v2/images/train/serif/Noto_Serif_KR/Noto_Serif_KR_0045.png,data/v2/processed/fontsense_v2/images/train/serif/Sanchez/Sanchez_0009.png,2,False,True,False
data/v2/processed/fontsense_v2/images/train/serif/Noto_Serif_KR/Noto_Serif_KR_0046.png,data/v2/processed/fontsense_v2/images/train/serif/IM_Fell_Great_Primer/IM_Fell_Great_Primer_0003.png,2,False,True,False
data/v2/processed/fontsense_v2/images/train/serif/Noto_Serif_KR/Noto_Serif_KR_0046.png,data/v2/processed/fontsense_v2/images/train/serif/Noto_Serif_Ahom/Noto_Serif_Ahom_0012.png,2,False,True,False
data/v2/processed/fontsense_v2/images/train/serif/Noto_Serif_KR/Noto_Serif_KR_0054.png,data/v2/processed/fontsense_v2/images/train/serif/Libre_Caslon_Text/Libre_Caslon_Text_0017.png,2,False,True,False
data/v2/processed/fontsense_v2/images/train/serif/Noto_Serif_KR/Noto_Serif_KR_0054.png,data/v2/processed/fontsense_v2/images/train/serif/Libre_Caslon_Text/Libre_Caslon_Text_0048.png,2,False,True,False
data/v2/processed/fontsense_v2/images/train/serif/Noto_Serif_KR/Noto_Serif_KR_0056.png,data/v2/processed/fontsense_v2/images/train/serif/Sanchez/Sanchez_0052.png,2,False,True,True
data/v2/processed/fontsense_v2/images/train/serif/Noto_Serif_KR/Noto_Serif_KR_0057.png,data/v2/processed/fontsense_v2/images/train/serif/Rokkitt/Rokkitt_0063.png,2,False,True,False
data/v2/processed/fontsense_v2/images/train/serif/Noto_Serif_KR/Noto_Serif_KR_0058.png,data/v2/processed/fontsense_v2/images/train/serif/Yuji_Syuku/Yuji_Syuku_0069.png,2,False,True,False
data/v2/processed/fontsense_v2/images/train/serif/Noto_Serif_KR/Noto_Serif_KR_0063.png,data/v2/processed/fontsense_v2/images/train/serif/IM_Fell_Great_Primer/IM_Fell_Great_Primer_0014.png,2,False,True,False
data/v2/processed/fontsense_v2/images/train/serif/Noto_Serif_KR/Noto_Serif_KR_0069.png,data/v2/processed/fontsense_v2/images/train/serif/Quattrocento/Quattrocento_0012.png,2,False,True,False
data/v2/processed/fontsense_v2/images/train/serif/Noto_Serif_KR/Noto_Serif_KR_0074.png,data/v2/processed/fontsense_v2/images/train/serif/Rokkitt/Rokkitt_0081.png,2,False,True,False
data/v2/processed/fontsense_v2/images/train/serif/Noto_Serif_KR/Noto_Serif_KR_0078.png,data/v2/processed/fontsense_v2/images/train/serif/Rokkitt/Rokkitt_0000.png,2,False,True,False
data/v2/processed/fontsense_v2/images/train/serif/Noto_Serif_KR/Noto_Serif_KR_0078.png,data/v2/processed/fontsense_v2/images/train/serif/Quattrocento/Quattrocento_0042.png,2,False,True,False
data/v2/processed/fontsense_v2/images/train/serif/Noto_Serif_KR/Noto_Serif_KR_0078.png,data/v2/processed/fontsense_v2/images/train/serif/Quattrocento/Quattrocento_0061.png,2,False,True,False
data/v2/processed/fontsense_v2/images/train/serif/Noto_Serif_KR/Noto_Serif_KR_0080.png,data/v2/processed/fontsense_v2/images/train/serif/Yuji_Syuku/Yuji_Syuku_0091.png,2,False,True,False
data/v2/processed/fontsense_v2/images/train/serif/Noto_Serif_KR/Noto_Serif_KR_0082.png,data/v2/processed/fontsense_v2/images/train/serif/Sanchez/Sanchez_0028.png,2,False,True,False
data/v2/processed/fontsense_v2/images/train/serif/Noto_Serif_KR/Noto_Serif_KR_0082.png,data/v2/processed/fontsense_v2/images/train/serif/Noto_Serif_Ahom/Noto_Serif_Ahom_0028.png,2,False,True,False
data/v2/processed/fontsense_v2/images/train/serif/Noto_Serif_KR/Noto_Serif_KR_0090.png,data/v2/processed/fontsense_v2/images/train/serif/Domine/Domine_0047.png,2,False,True,False
data/v2/processed/fontsense_v2/images/train/serif/Noto_Serif_KR/Noto_Serif_KR_0093.png,data/v2/processed/fontsense_v2/images/train/serif/BatangChe/BatangChe_0003.png,2,False,True,False
data/v2/processed/fontsense_v2/images/train/serif/Noto_Serif_KR/Noto_Serif_KR_0097.png,data/v2/processed/fontsense_v2/images/train/serif/Domine/Domine_0097.png,2,False,True,False
data/v2/processed/fontsense_v2/images/train/serif/Noto_Serif_KR/Noto_Serif_KR_0098.png,data/v2/processed/fontsense_v2/images/train/serif/BatangChe/BatangChe_0067.png,2,False,True,False
data/v2/processed/fontsense_v2/images/train/serif/Quattrocento/Quattrocento_0000.png,data/v2/processed/fontsense_v2/images/train/serif/Quattrocento/Quattrocento_0078.png,2,True,True,False
data/v2/processed/fontsense_v2/images/train/serif/Quattrocento/Quattrocento_0000.png,data/v2/processed/fontsense_v2/images/train/serif/Noto_Serif_Ahom/Noto_Serif_Ahom_0013.png,2,False,True,False
data/v2/processed/fontsense_v2/images/train/serif/Quattrocento/Quattrocento_0004.png,data/v2/processed/fontsense_v2/images/train/serif/Quattrocento/Quattrocento_0058.png,2,True,True,False
data/v2/processed/fontsense_v2/images/train/serif/Quattrocento/Quattrocento_0004.png,data/v2/processed/fontsense_v2/images/train/serif/IM_Fell_Great_Primer/IM_Fell_Great_Primer_0013.png,2,False,True,False
data/v2/processed/fontsense_v2/images/train/serif/Quattrocento/Quattrocento_0006.png,data/v2/processed/fontsense_v2/images/train/serif/IM_Fell_Great_Primer/IM_Fell_Great_Primer_0093.png,2,False,True,False
data/v2/processed/fontsense_v2/images/train/serif/Quattrocento/Quattrocento_0006.png,data/v2/processed/fontsense_v2/images/train/serif/Noto_Serif_Ahom/Noto_Serif_Ahom_0030.png,2,False,True,False
data/v2/processed/fontsense_v2/images/train/serif/Quattrocento/Quattrocento_0011.png,data/v2/processed/fontsense_v2/images/train/serif/Sanchez/Sanchez_0016.png,2,False,True,False
data/v2/processed/fontsense_v2/images/train/serif/Quattrocento/Quattrocento_0011.png,data/v2/processed/fontsense_v2/images/train/serif/Noto_Serif_Ahom/Noto_Serif_Ahom_0008.png,2,False,True,False
data/v2/processed/fontsense_v2/images/train/serif/Quattrocento/Quattrocento_0013.png,data/v2/processed/fontsense_v2/images/train/serif/IM_Fell_Great_Primer/IM_Fell_Great_Primer_0077.png,2,False,True,False
data/v2/processed/fontsense_v2/images/train/serif/Quattrocento/Quattrocento_0020.png,data/v2/processed/fontsense_v2/images/train/serif/IM_Fell_Great_Primer/IM_Fell_Great_Primer_0025.png,2,False,True,False
data/v2/processed/fontsense_v2/images/train/serif/Quattrocento/Quattrocento_0024.png,data/v2/processed/fontsense_v2/images/train/serif/Sanchez/Sanchez_0065.png,2,False,True,False
data/v2/processed/fontsense_v2/images/train/serif/Quattrocento/Quattrocento_0026.png,data/v2/processed/fontsense_v2/images/train/serif/IM_Fell_Great_Primer/IM_Fell_Great_Primer_0093.png,2,False,True,False
data/v2/processed/fontsense_v2/images/train/serif/Quattrocento/Quattrocento_0026.png,data/v2/processed/fontsense_v2/images/train/serif/Noto_Serif_Ahom/Noto_Serif_Ahom_0019.png,2,False,True,False
data/v2/processed/fontsense_v2/images/train/serif/Quattrocento/Quattrocento_0026.png,data/v2/processed/fontsense_v2/images/train/serif/Noto_Serif_Ahom/Noto_Serif_Ahom_0066.png,2,False,True,False
data/v2/processed/fontsense_v2/images/train/serif/Quattrocento/Quattrocento_0028.png,data/v2/processed/fontsense_v2/images/train/serif/Sanchez/Sanchez_0002.png,2,False,True,False
data/v2/processed/fontsense_v2/images/train/serif/Quattrocento/Quattrocento_0028.png,data/v2/processed/fontsense_v2/images/train/serif/Noto_Serif_Ahom/Noto_Serif_Ahom_0006.png,2,False,True,False
data/v2/processed/fontsense_v2/images/train/serif/Quattrocento/Quattrocento_0033.png,data/v2/processed/fontsense_v2/images/train/serif/IM_Fell_Great_Primer/IM_Fell_Great_Primer_0001.png,2,False,True,False
data/v2/processed/fontsense_v2/images/train/serif/Quattrocento/Quattrocento_0036.png,data/v2/processed/fontsense_v2/images/train/serif/Noto_Serif_Ahom/Noto_Serif_Ahom_0050.png,2,False,True,False
data/v2/processed/fontsense_v2/images/train/serif/Quattrocento/Quattrocento_0038.png,data/v2/processed/fontsense_v2/images/train/serif/Sanchez/Sanchez_0005.png,2,False,True,False
data/v2/processed/fontsense_v2/images/train/serif/Quattrocento/Quattrocento_0038.png,data/v2/processed/fontsense_v2/images/train/serif/Sanchez/Sanchez_0023.png,2,False,True,False
data/v2/processed/fontsense_v2/images/train/serif/Quattrocento/Quattrocento_0042.png,data/v2/processed/fontsense_v2/images/train/serif/IM_Fell_Great_Primer/IM_Fell_Great_Primer_0030.png,2,False,True,False
data/v2/processed/fontsense_v2/images/train/serif/Quattrocento/Quattrocento_0042.png,data/v2/processed/fontsense_v2/images/train/serif/Noto_Serif_Ahom/Noto_Serif_Ahom_0046.png,2,False,True,False
data/v2/processed/fontsense_v2/images/train/serif/Quattrocento/Quattrocento_0042.png,data/v2/processed/fontsense_v2/images/train/serif/Noto_Serif_Ahom/Noto_Serif_Ahom_0071.png,2,False,True,False
data/v2/processed/fontsense_v2/images/train/serif/Quattrocento/Quattrocento_0046.png,data/v2/processed/fontsense_v2/images/train/serif/IM_Fell_Great_Primer/IM_Fell_Great_Primer_0004.png,2,False,True,False
data/v2/processed/fontsense_v2/images/train/serif/Quattrocento/Quattrocento_0050.png,data/v2/processed/fontsense_v2/images/train/serif/Noto_Serif_Ahom/Noto_Serif_Ahom_0070.png,2,False,True,False
data/v2/processed/fontsense_v2/images/train/serif/Quattrocento/Quattrocento_0056.png,data/v2/processed/fontsense_v2/images/train/serif/IM_Fell_Great_Primer/IM_Fell_Great_Primer_0097.png,2,False,True,False
data/v2/processed/fontsense_v2/images/train/serif/Quattrocento/Quattrocento_0061.png,data/v2/processed/fontsense_v2/images/train/serif/Quattrocento/Quattrocento_0080.png,2,True,True,False
data/v2/processed/fontsense_v2/images/train/serif/Quattrocento/Quattrocento_0061.png,data/v2/processed/fontsense_v2/images/train/serif/Quattrocento/Quattrocento_0093.png,2,True,True,False
data/v2/processed/fontsense_v2/images/train/serif/Quattrocento/Quattrocento_0061.png,data/v2/processed/fontsense_v2/images/train/serif/Sanchez/Sanchez_0010.png,2,False,True,False
data/v2/processed/fontsense_v2/images/train/serif/Quattrocento/Quattrocento_0061.png,data/v2/processed/fontsense_v2/images/train/serif/IM_Fell_Great_Primer/IM_Fell_Great_Primer_0090.png,2,False,True,False
data/v2/processed/fontsense_v2/images/train/serif/Quattrocento/Quattrocento_0061.png,data/v2/processed/fontsense_v2/images/train/serif/Noto_Serif_Ahom/Noto_Serif_Ahom_0046.png,2,False,True,False
data/v2/processed/fontsense_v2/images/train/serif/Quattrocento/Quattrocento_0067.png,data/v2/processed/fontsense_v2/images/train/serif/Sanchez/Sanchez_0024.png,2,False,True,False
data/v2/processed/fontsense_v2/images/train/serif/Quattrocento/Quattrocento_0067.png,data/v2/processed/fontsense_v2/images/train/serif/IM_Fell_Great_Primer/IM_Fell_Great_Primer_0083.png,2,False,True,False
data/v2/processed/fontsense_v2/images/train/serif/Quattrocento/Quattrocento_0074.png,data/v2/processed/fontsense_v2/images/train/serif/Noto_Serif_Ahom/Noto_Serif_Ahom_0050.png,2,False,True,False
data/v2/processed/fontsense_v2/images/train/serif/Quattrocento/Quattrocento_0074.png,data/v2/processed/fontsense_v2/images/train/serif/Noto_Serif_Ahom/Noto_Serif_Ahom_0051.png,2,False,True,False
data/v2/processed/fontsense_v2/images/train/serif/Quattrocento/Quattrocento_0075.png,data/v2/processed/fontsense_v2/images/train/serif/Quattrocento/Quattrocento_0076.png,2,True,True,False
data/v2/processed/fontsense_v2/images/train/serif/Quattrocento/Quattrocento_0075.png,data/v2/processed/fontsense_v2/images/train/serif/Noto_Serif_Ahom/Noto_Serif_Ahom_0039.png,2,False,True,False
data/v2/processed/fontsense_v2/images/train/serif/Quattrocento/Quattrocento_0076.png,data/v2/processed/fontsense_v2/images/train/serif/Quattrocento/Quattrocento_0098.png,2,True,True,False
data/v2/processed/fontsense_v2/images/train/serif/Quattrocento/Quattrocento_0076.png,data/v2/processed/fontsense_v2/images/train/serif/Noto_Serif_Ahom/Noto_Serif_Ahom_0039.png,2,False,True,False
data/v2/processed/fontsense_v2/images/train/serif/Quattrocento/Quattrocento_0076.png,data/v2/processed/fontsense_v2/images/train/serif/Noto_Serif_Ahom/Noto_Serif_Ahom_0059.png,2,False,True,False
data/v2/processed/fontsense_v2/images/train/serif/Quattrocento/Quattrocento_0079.png,data/v2/processed/fontsense_v2/images/train/serif/Sanchez/Sanchez_0031.png,2,False,True,False
data/v2/processed/fontsense_v2/images/train/serif/Quattrocento/Quattrocento_0080.png,data/v2/processed/fontsense_v2/images/train/serif/Quattrocento/Quattrocento_0093.png,2,True,True,False
data/v2/processed/fontsense_v2/images/train/serif/Quattrocento/Quattrocento_0085.png,data/v2/processed/fontsense_v2/images/train/serif/Noto_Serif_Ahom/Noto_Serif_Ahom_0047.png,2,False,True,False
data/v2/processed/fontsense_v2/images/train/serif/Quattrocento/Quattrocento_0088.png,data/v2/processed/fontsense_v2/images/train/serif/Quattrocento/Quattrocento_0090.png,2,True,True,False
data/v2/processed/fontsense_v2/images/train/serif/Quattrocento/Quattrocento_0088.png,data/v2/processed/fontsense_v2/images/train/serif/Sanchez/Sanchez_0059.png,2,False,True,False
data/v2/processed/fontsense_v2/images/train/serif/Quattrocento/Quattrocento_0093.png,data/v2/processed/fontsense_v2/images/train/serif/Sanchez/Sanchez_0010.png,2,False,True,False
data/v2/processed/fontsense_v2/images/train/serif/Quattrocento/Quattrocento_0093.png,data/v2/processed/fontsense_v2/images/train/serif/IM_Fell_Great_Primer/IM_Fell_Great_Primer_0090.png,2,False,True,False
data/v2/processed/fontsense_v2/images/train/serif/Rokkitt/Rokkitt_0000.png,data/v2/processed/fontsense_v2/images/train/serif/Quattrocento/Quattrocento_0061.png,2,False,True,False
data/v2/processed/fontsense_v2/images/train/serif/Rokkitt/Rokkitt_0000.png,data/v2/processed/fontsense_v2/images/train/serif/Noto_Serif_Ahom/Noto_Serif_Ahom_0046.png,2,False,True,False
data/v2/processed/fontsense_v2/images/train/serif/Rokkitt/Rokkitt_0002.png,data/v2/processed/fontsense_v2/images/train/serif/IM_Fell_Great_Primer/IM_Fell_Great_Primer_0087.png,2,False,True,False
data/v2/processed/fontsense_v2/images/train/serif/Rokkitt/Rokkitt_0002.png,data/v2/processed/fontsense_v2/images/train/serif/Noto_Serif_Ahom/Noto_Serif_Ahom_0048.png,2,False,True,False
data/v2/processed/fontsense_v2/images/train/serif/Rokkitt/Rokkitt_0004.png,data/v2/processed/fontsense_v2/images/train/serif/Quattrocento/Quattrocento_0058.png,2,False,True,False
data/v2/processed/fontsense_v2/images/train/serif/Rokkitt/Rokkitt_0007.png,data/v2/processed/fontsense_v2/images/train/serif/Quattrocento/Quattrocento_0077.png,2,False,True,False
data/v2/processed/fontsense_v2/images/train/serif/Rokkitt/Rokkitt_0011.png,data/v2/processed/fontsense_v2/images/train/serif/IM_Fell_Great_Primer/IM_Fell_Great_Primer_0011.png,2,False,True,False
data/v2/processed/fontsense_v2/images/train/serif/Rokkitt/Rokkitt_0011.png,data/v2/processed/fontsense_v2/images/train/serif/IM_Fell_Great_Primer/IM_Fell_Great_Primer_0052.png,2,False,True,False
data/v2/processed/fontsense_v2/images/train/serif/Rokkitt/Rokkitt_0011.png,data/v2/processed/fontsense_v2/images/train/serif/Noto_Serif_Ahom/Noto_Serif_Ahom_0038.png,2,False,True,False
data/v2/processed/fontsense_v2/images/train/serif/Rokkitt/Rokkitt_0012.png,data/v2/processed/fontsense_v2/images/train/serif/Rokkitt/Rokkitt_0032.png,2,True,True,False
data/v2/processed/fontsense_v2/images/train/serif/Rokkitt/Rokkitt_0012.png,data/v2/processed/fontsense_v2/images/train/serif/Noto_Serif_Ahom/Noto_Serif_Ahom_0013.png,2,False,True,False
data/v2/processed/fontsense_v2/images/train/serif/Rokkitt/Rokkitt_0017.png,data/v2/processed/fontsense_v2/images/train/serif/Quattrocento/Quattrocento_0029.png,2,False,True,False
data/v2/processed/fontsense_v2/images/train/serif/Rokkitt/Rokkitt_0019.png,data/v2/processed/fontsense_v2/images/train/serif/Rokkitt/Rokkitt_0024.png,2,True,True,False
data/v2/processed/fontsense_v2/images/train/serif/Rokkitt/Rokkitt_0019.png,data/v2/processed/fontsense_v2/images/train/serif/Noto_Serif_Ahom/Noto_Serif_Ahom_0001.png,2,False,True,False
data/v2/processed/fontsense_v2/images/train/serif/Rokkitt/Rokkitt_0021.png,data/v2/processed/fontsense_v2/images/train/serif/Quattrocento/Quattrocento_0059.png,2,False,True,False
data/v2/processed/fontsense_v2/images/train/serif/Rokkitt/Rokkitt_0023.png,data/v2/processed/fontsense_v2/images/train/serif/Quattrocento/Quattrocento_0092.png,2,False,True,False
data/v2/processed/fontsense_v2/images/train/serif/Rokkitt/Rokkitt_0027.png,data/v2/processed/fontsense_v2/images/train/serif/IM_Fell_Great_Primer/IM_Fell_Great_Primer_0036.png,2,False,True,False
data/v2/processed/fontsense_v2/images/train/serif/Rokkitt/Rokkitt_0027.png,data/v2/processed/fontsense_v2/images/train/serif/IM_Fell_Great_Primer/IM_Fell_Great_Primer_0079.png,2,False,True,False
data/v2/processed/fontsense_v2/images/train/serif/Rokkitt/Rokkitt_0029.png,data/v2/processed/fontsense_v2/images/train/serif/IM_Fell_Great_Primer/IM_Fell_Great_Primer_0008.png,2,False,True,False
data/v2/processed/fontsense_v2/images/train/serif/Rokkitt/Rokkitt_0032.png,data/v2/processed/fontsense_v2/images/train/serif/Sanchez/Sanchez_0057.png,2,False,True,False
data/v2/processed/fontsense_v2/images/train/serif/Rokkitt/Rokkitt_0035.png,data/v2/processed/fontsense_v2/images/train/serif/Sanchez/Sanchez_0037.png,2,False,True,False
data/v2/processed/fontsense_v2/images/train/serif/Rokkitt/Rokkitt_0035.png,data/v2/processed/fontsense_v2/images/train/serif/Sanchez/Sanchez_0051.png,2,False,True,False
data/v2/processed/fontsense_v2/images/train/serif/Rokkitt/Rokkitt_0039.png,data/v2/processed/fontsense_v2/images/train/serif/Rokkitt/Rokkitt_0040.png,2,True,True,False
data/v2/processed/fontsense_v2/images/train/serif/Rokkitt/Rokkitt_0040.png,data/v2/processed/fontsense_v2/images/train/serif/Rokkitt/Rokkitt_0083.png,2,True,True,False
data/v2/processed/fontsense_v2/images/train/serif/Rokkitt/Rokkitt_0044.png,data/v2/processed/fontsense_v2/images/train/serif/Sanchez/Sanchez_0082.png,2,False,True,False
data/v2/processed/fontsense_v2/images/train/serif/Rokkitt/Rokkitt_0047.png,data/v2/processed/fontsense_v2/images/train/serif/Noto_Serif_Ahom/Noto_Serif_Ahom_0064.png,2,False,True,False
data/v2/processed/fontsense_v2/images/train/serif/Rokkitt/Rokkitt_0049.png,data/v2/processed/fontsense_v2/images/train/serif/Quattrocento/Quattrocento_0015.png,2,False,True,False
data/v2/processed/fontsense_v2/images/train/serif/Rokkitt/Rokkitt_0050.png,data/v2/processed/fontsense_v2/images/train/serif/Rokkitt/Rokkitt_0075.png,2,True,True,False
data/v2/processed/fontsense_v2/images/train/serif/Rokkitt/Rokkitt_0052.png,data/v2/processed/fontsense_v2/images/train/serif/Rokkitt/Rokkitt_0059.png,2,True,True,False
data/v2/processed/fontsense_v2/images/train/serif/Rokkitt/Rokkitt_0052.png,data/v2/processed/fontsense_v2/images/train/serif/Quattrocento/Quattrocento_0066.png,2,False,True,False
data/v2/processed/fontsense_v2/images/train/serif/Rokkitt/Rokkitt_0053.png,data/v2/processed/fontsense_v2/images/train/serif/Rokkitt/Rokkitt_0077.png,2,True,True,False
data/v2/processed/fontsense_v2/images/train/serif/Rokkitt/Rokkitt_0053.png,data/v2/processed/fontsense_v2/images/train/serif/Noto_Serif_Ahom/Noto_Serif_Ahom_0064.png,2,False,True,False
data/v2/processed/fontsense_v2/images/train/serif/Rokkitt/Rokkitt_0057.png,data/v2/processed/fontsense_v2/images/train/serif/IM_Fell_Great_Primer/IM_Fell_Great_Primer_0034.png,2,False,True,False
data/v2/processed/fontsense_v2/images/train/serif/Rokkitt/Rokkitt_0058.png,data/v2/processed/fontsense_v2/images/train/serif/Noto_Serif_Ahom/Noto_Serif_Ahom_0055.png,2,False,True,False
data/v2/processed/fontsense_v2/images/train/serif/Rokkitt/Rokkitt_0059.png,data/v2/processed/fontsense_v2/images/train/serif/Rokkitt/Rokkitt_0082.png,2,True,True,False
data/v2/processed/fontsense_v2/images/train/serif/Rokkitt/Rokkitt_0060.png,data/v2/processed/fontsense_v2/images/train/serif/Quattrocento/Quattrocento_0079.png,2,False,True,False
data/v2/processed/fontsense_v2/images/train/serif/Rokkitt/Rokkitt_0060.png,data/v2/processed/fontsense_v2/images/train/serif/Noto_Serif_Ahom/Noto_Serif_Ahom_0039.png,2,False,True,False
data/v2/processed/fontsense_v2/images/train/serif/Rokkitt/Rokkitt_0060.png,data/v2/processed/fontsense_v2/images/train/serif/Noto_Serif_Ahom/Noto_Serif_Ahom_0049.png,2,False,True,False
data/v2/processed/fontsense_v2/images/train/serif/Rokkitt/Rokkitt_0061.png,data/v2/processed/fontsense_v2/images/train/serif/Rokkitt/Rokkitt_0080.png,2,True,True,False
data/v2/processed/fontsense_v2/images/train/serif/Rokkitt/Rokkitt_0062.png,data/v2/processed/fontsense_v2/images/train/serif/Rokkitt/Rokkitt_0084.png,2,True,True,False
data/v2/processed/fontsense_v2/images/train/serif/Rokkitt/Rokkitt_0062.png,data/v2/processed/fontsense_v2/images/train/serif/Quattrocento/Quattrocento_0061.png,2,False,True,False
data/v2/processed/fontsense_v2/images/train/serif/Rokkitt/Rokkitt_0062.png,data/v2/processed/fontsense_v2/images/train/serif/Quattrocento/Quattrocento_0093.png,2,False,True,False
data/v2/processed/fontsense_v2/images/train/serif/Rokkitt/Rokkitt_0062.png,data/v2/processed/fontsense_v2/images/train/serif/IM_Fell_Great_Primer/IM_Fell_Great_Primer_0090.png,2,False,True,False
data/v2/processed/fontsense_v2/images/train/serif/Rokkitt/Rokkitt_0062.png,data/v2/processed/fontsense_v2/images/train/serif/IM_Fell_Great_Primer/IM_Fell_Great_Primer_0093.png,2,False,True,False
data/v2/processed/fontsense_v2/images/train/serif/Rokkitt/Rokkitt_0065.png,data/v2/processed/fontsense_v2/images/train/serif/Quattrocento/Quattrocento_0092.png,2,False,True,False
data/v2/processed/fontsense_v2/images/train/serif/Rokkitt/Rokkitt_0071.png,data/v2/processed/fontsense_v2/images/train/serif/Rokkitt/Rokkitt_0098.png,2,True,True,False
data/v2/processed/fontsense_v2/images/train/serif/Rokkitt/Rokkitt_0071.png,data/v2/processed/fontsense_v2/images/train/serif/Sanchez/Sanchez_0002.png,2,False,True,False
data/v2/processed/fontsense_v2/images/train/serif/Rokkitt/Rokkitt_0071.png,data/v2/processed/fontsense_v2/images/train/serif/Noto_Serif_Ahom/Noto_Serif_Ahom_0056.png,2,False,True,False
data/v2/processed/fontsense_v2/images/train/serif/Rokkitt/Rokkitt_0076.png,data/v2/processed/fontsense_v2/images/train/serif/Quattrocento/Quattrocento_0049.png,2,False,True,False
data/v2/processed/fontsense_v2/images/train/serif/Rokkitt/Rokkitt_0077.png,data/v2/processed/fontsense_v2/images/train/serif/Quattrocento/Quattrocento_0018.png,2,False,True,False
data/v2/processed/fontsense_v2/images/train/serif/Rokkitt/Rokkitt_0078.png,data/v2/processed/fontsense_v2/images/train/serif/IM_Fell_Great_Primer/IM_Fell_Great_Primer_0024.png,2,False,True,False
data/v2/processed/fontsense_v2/images/train/serif/Rokkitt/Rokkitt_0080.png,data/v2/processed/fontsense_v2/images/train/serif/Sanchez/Sanchez_0091.png,2,False,True,False
data/v2/processed/fontsense_v2/images/train/serif/Rokkitt/Rokkitt_0080.png,data/v2/processed/fontsense_v2/images/train/serif/IM_Fell_Great_Primer/IM_Fell_Great_Primer_0024.png,2,False,True,False
data/v2/processed/fontsense_v2/images/train/serif/Rokkitt/Rokkitt_0080.png,data/v2/processed/fontsense_v2/images/train/serif/IM_Fell_Great_Primer/IM_Fell_Great_Primer_0038.png,2,False,True,False
data/v2/processed/fontsense_v2/images/train/serif/Rokkitt/Rokkitt_0082.png,data/v2/processed/fontsense_v2/images/train/serif/Rokkitt/Rokkitt_0095.png,2,True,True,False
data/v2/processed/fontsense_v2/images/train/serif/Rokkitt/Rokkitt_0082.png,data/v2/processed/fontsense_v2/images/train/serif/Quattrocento/Quattrocento_0066.png,2,False,True,False
data/v2/processed/fontsense_v2/images/train/serif/Rokkitt/Rokkitt_0083.png,data/v2/processed/fontsense_v2/images/train/serif/Sanchez/Sanchez_0053.png,2,False,True,False
data/v2/processed/fontsense_v2/images/train/serif/Rokkitt/Rokkitt_0084.png,data/v2/processed/fontsense_v2/images/train/serif/Quattrocento/Quattrocento_0006.png,2,False,True,False
data/v2/processed/fontsense_v2/images/train/serif/Rokkitt/Rokkitt_0084.png,data/v2/processed/fontsense_v2/images/train/serif/Quattrocento/Quattrocento_0061.png,2,False,True,False
data/v2/processed/fontsense_v2/images/train/serif/Rokkitt/Rokkitt_0084.png,data/v2/processed/fontsense_v2/images/train/serif/Quattrocento/Quattrocento_0080.png,2,False,True,False
data/v2/processed/fontsense_v2/images/train/serif/Rokkitt/Rokkitt_0084.png,data/v2/processed/fontsense_v2/images/train/serif/Quattrocento/Quattrocento_0093.png,2,False,True,False
data/v2/processed/fontsense_v2/images/train/serif/Rokkitt/Rokkitt_0084.png,data/v2/processed/fontsense_v2/images/train/serif/Noto_Serif_Ahom/Noto_Serif_Ahom_0030.png,2,False,True,False
data/v2/processed/fontsense_v2/images/train/serif/Rokkitt/Rokkitt_0085.png,data/v2/processed/fontsense_v2/images/train/serif/Quattrocento/Quattrocento_0018.png,2,False,True,False
data/v2/processed/fontsense_v2/images/train/serif/Rokkitt/Rokkitt_0092.png,data/v2/processed/fontsense_v2/images/train/serif/IM_Fell_Great_Primer/IM_Fell_Great_Primer_0097.png,2,False,True,False
data/v2/processed/fontsense_v2/images/train/serif/Rokkitt/Rokkitt_0098.png,data/v2/processed/fontsense_v2/images/train/serif/Noto_Serif_Ahom/Noto_Serif_Ahom_0006.png,2,False,True,False
data/v2/processed/fontsense_v2/images/train/serif/Rokkitt/Rokkitt_0098.png,data/v2/processed/fontsense_v2/images/train/serif/Noto_Serif_Ahom/Noto_Serif_Ahom_0056.png,2,False,True,False
data/v2/processed/fontsense_v2/images/train/serif/Sanchez/Sanchez_0001.png,data/v2/processed/fontsense_v2/images/train/serif/Sanchez/Sanchez_0006.png,2,True,True,False
data/v2/processed/fontsense_v2/images/train/serif/Sanchez/Sanchez_0001.png,data/v2/processed/fontsense_v2/images/train/serif/Sanchez/Sanchez_0078.png,2,True,True,False
data/v2/processed/fontsense_v2/images/train/serif/Sanchez/Sanchez_0002.png,data/v2/processed/fontsense_v2/images/train/serif/Noto_Serif_Ahom/Noto_Serif_Ahom_0006.png,2,False,True,False
data/v2/processed/fontsense_v2/images/train/serif/Sanchez/Sanchez_0006.png,data/v2/processed/fontsense_v2/images/train/serif/IM_Fell_Great_Primer/IM_Fell_Great_Primer_0032.png,2,False,True,False
data/v2/processed/fontsense_v2/images/train/serif/Sanchez/Sanchez_0010.png,data/v2/processed/fontsense_v2/images/train/serif/Sanchez/Sanchez_0085.png,2,True,True,False
data/v2/processed/fontsense_v2/images/train/serif/Sanchez/Sanchez_0013.png,data/v2/processed/fontsense_v2/images/train/serif/Noto_Serif_Ahom/Noto_Serif_Ahom_0059.png,2,False,True,False
data/v2/processed/fontsense_v2/images/train/serif/Sanchez/Sanchez_0023.png,data/v2/processed/fontsense_v2/images/train/serif/IM_Fell_Great_Primer/IM_Fell_Great_Primer_0097.png,2,False,True,False
data/v2/processed/fontsense_v2/images/train/serif/Sanchez/Sanchez_0023.png,data/v2/processed/fontsense_v2/images/train/serif/Noto_Serif_Ahom/Noto_Serif_Ahom_0035.png,2,False,True,False
data/v2/processed/fontsense_v2/images/train/serif/Sanchez/Sanchez_0024.png,data/v2/processed/fontsense_v2/images/train/serif/Noto_Serif_Ahom/Noto_Serif_Ahom_0000.png,2,False,True,False
data/v2/processed/fontsense_v2/images/train/serif/Sanchez/Sanchez_0025.png,data/v2/processed/fontsense_v2/images/train/serif/Sanchez/Sanchez_0083.png,2,True,True,False
data/v2/processed/fontsense_v2/images/train/serif/Sanchez/Sanchez_0029.png,data/v2/processed/fontsense_v2/images/train/serif/Sanchez/Sanchez_0042.png,2,True,True,False
data/v2/processed/fontsense_v2/images/train/serif/Sanchez/Sanchez_0031.png,data/v2/processed/fontsense_v2/images/train/serif/Noto_Serif_Ahom/Noto_Serif_Ahom_0049.png,2,False,True,False
data/v2/processed/fontsense_v2/images/train/serif/Sanchez/Sanchez_0053.png,data/v2/processed/fontsense_v2/images/train/serif/Sanchez/Sanchez_0079.png,2,True,True,False
data/v2/processed/fontsense_v2/images/train/serif/Sanchez/Sanchez_0053.png,data/v2/processed/fontsense_v2/images/train/serif/IM_Fell_Great_Primer/IM_Fell_Great_Primer_0037.png,2,False,True,False
data/v2/processed/fontsense_v2/images/train/serif/Sanchez/Sanchez_0056.png,data/v2/processed/fontsense_v2/images/train/serif/IM_Fell_Great_Primer/IM_Fell_Great_Primer_0095.png,2,False,True,False
data/v2/processed/fontsense_v2/images/train/serif/Sanchez/Sanchez_0057.png,data/v2/processed/fontsense_v2/images/train/serif/Noto_Serif_Ahom/Noto_Serif_Ahom_0013.png,2,False,True,False
data/v2/processed/fontsense_v2/images/train/serif/Sanchez/Sanchez_0061.png,data/v2/processed/fontsense_v2/images/train/serif/IM_Fell_Great_Primer/IM_Fell_Great_Primer_0095.png,2,False,True,False
data/v2/processed/fontsense_v2/images/train/serif/Sanchez/Sanchez_0067.png,data/v2/processed/fontsense_v2/images/train/serif/Sanchez/Sanchez_0089.png,2,True,True,False
data/v2/processed/fontsense_v2/images/train/serif/Sanchez/Sanchez_0078.png,data/v2/processed/fontsense_v2/images/train/serif/IM_Fell_Great_Primer/IM_Fell_Great_Primer_0032.png,2,False,True,False
data/v2/processed/fontsense_v2/images/train/serif/Sanchez/Sanchez_0082.png,data/v2/processed/fontsense_v2/images/train/serif/IM_Fell_Great_Primer/IM_Fell_Great_Primer_0063.png,2,False,True,False
data/v2/processed/fontsense_v2/images/train/serif/Sanchez/Sanchez_0086.png,data/v2/processed/fontsense_v2/images/train/serif/Noto_Serif_Ahom/Noto_Serif_Ahom_0011.png,2,False,True,False
data/v2/processed/fontsense_v2/images/train/serif/Sanchez/Sanchez_0088.png,data/v2/processed/fontsense_v2/images/train/serif/IM_Fell_Great_Primer/IM_Fell_Great_Primer_0094.png,2,False,True,False
data/v2/processed/fontsense_v2/images/train/serif/Sanchez/Sanchez_0089.png,data/v2/processed/fontsense_v2/images/train/serif/IM_Fell_Great_Primer/IM_Fell_Great_Primer_0049.png,2,False,True,False
data/v2/processed/fontsense_v2/images/train/serif/Wellfleet/Wellfleet_0000.png,data/v2/processed/fontsense_v2/images/train/serif/IM_Fell_Great_Primer/IM_Fell_Great_Primer_0000.png,2,False,True,False
data/v2/processed/fontsense_v2/images/train/serif/Wellfleet/Wellfleet_0002.png,data/v2/processed/fontsense_v2/images/train/serif/Wellfleet/Wellfleet_0015.png,2,True,True,False
data/v2/processed/fontsense_v2/images/train/serif/Wellfleet/Wellfleet_0002.png,data/v2/processed/fontsense_v2/images/train/serif/Domine/Domine_0044.png,2,False,True,False
data/v2/processed/fontsense_v2/images/train/serif/Wellfleet/Wellfleet_0002.png,data/v2/processed/fontsense_v2/images/train/serif/Sanchez/Sanchez_0006.png,2,False,True,False
data/v2/processed/fontsense_v2/images/train/serif/Wellfleet/Wellfleet_0008.png,data/v2/processed/fontsense_v2/images/train/serif/Libre_Caslon_Text/Libre_Caslon_Text_0072.png,2,False,True,False
data/v2/processed/fontsense_v2/images/train/serif/Wellfleet/Wellfleet_0013.png,data/v2/processed/fontsense_v2/images/train/serif/Wellfleet/Wellfleet_0088.png,2,True,True,False
data/v2/processed/fontsense_v2/images/train/serif/Wellfleet/Wellfleet_0014.png,data/v2/processed/fontsense_v2/images/train/serif/Quattrocento/Quattrocento_0043.png,2,False,True,False
data/v2/processed/fontsense_v2/images/train/serif/Wellfleet/Wellfleet_0015.png,data/v2/processed/fontsense_v2/images/train/serif/Wellfleet/Wellfleet_0085.png,2,True,True,False
data/v2/processed/fontsense_v2/images/train/serif/Wellfleet/Wellfleet_0015.png,data/v2/processed/fontsense_v2/images/train/serif/Domine/Domine_0044.png,2,False,True,False
data/v2/processed/fontsense_v2/images/train/serif/Wellfleet/Wellfleet_0015.png,data/v2/processed/fontsense_v2/images/train/serif/Sanchez/Sanchez_0006.png,2,False,True,False
data/v2/processed/fontsense_v2/images/train/serif/Wellfleet/Wellfleet_0015.png,data/v2/processed/fontsense_v2/images/train/serif/IM_Fell_Great_Primer/IM_Fell_Great_Primer_0033.png,2,False,True,False
data/v2/processed/fontsense_v2/images/train/serif/Wellfleet/Wellfleet_0018.png,data/v2/processed/fontsense_v2/images/train/serif/Yuji_Syuku/Yuji_Syuku_0046.png,2,False,True,False
data/v2/processed/fontsense_v2/images/train/serif/Wellfleet/Wellfleet_0020.png,data/v2/processed/fontsense_v2/images/train/serif/Libre_Caslon_Text/Libre_Caslon_Text_0048.png,2,False,True,False
data/v2/processed/fontsense_v2/images/train/serif/Wellfleet/Wellfleet_0021.png,data/v2/processed/fontsense_v2/images/train/serif/Noto_Serif_KR/Noto_Serif_KR_0000.png,2,False,True,False
data/v2/processed/fontsense_v2/images/train/serif/Wellfleet/Wellfleet_0024.png,data/v2/processed/fontsense_v2/images/train/serif/Libre_Caslon_Text/Libre_Caslon_Text_0044.png,2,False,True,False
data/v2/processed/fontsense_v2/images/train/serif/Wellfleet/Wellfleet_0026.png,data/v2/processed/fontsense_v2/images/train/serif/Noto_Serif_KR/Noto_Serif_KR_0086.png,2,False,True,False
data/v2/processed/fontsense_v2/images/train/serif/Wellfleet/Wellfleet_0030.png,data/v2/processed/fontsense_v2/images/train/serif/Sanchez/Sanchez_0042.png,2,False,True,False
data/v2/processed/fontsense_v2/images/train/serif/Wellfleet/Wellfleet_0030.png,data/v2/processed/fontsense_v2/images/train/serif/IM_Fell_Great_Primer/IM_Fell_Great_Primer_0021.png,2,False,True,False
data/v2/processed/fontsense_v2/images/train/serif/Wellfleet/Wellfleet_0034.png,data/v2/processed/fontsense_v2/images/train/serif/Domine/Domine_0068.png,2,False,True,False
data/v2/processed/fontsense_v2/images/train/serif/Wellfleet/Wellfleet_0036.png,data/v2/processed/fontsense_v2/images/train/serif/Sanchez/Sanchez_0095.png,2,False,True,False
data/v2/processed/fontsense_v2/images/train/serif/Wellfleet/Wellfleet_0045.png,data/v2/processed/fontsense_v2/images/train/serif/Domine/Domine_0019.png,2,False,True,False
data/v2/processed/fontsense_v2/images/train/serif/Wellfleet/Wellfleet_0045.png,data/v2/processed/fontsense_v2/images/train/serif/Libre_Caslon_Text/Libre_Caslon_Text_0030.png,2,False,True,False
data/v2/processed/fontsense_v2/images/train/serif/Wellfleet/Wellfleet_0045.png,data/v2/processed/fontsense_v2/images/train/serif/Quattrocento/Quattrocento_0018.png,2,False,True,False
data/v2/processed/fontsense_v2/images/train/serif/Wellfleet/Wellfleet_0046.png,data/v2/processed/fontsense_v2/images/train/serif/Wellfleet/Wellfleet_0051.png,2,True,True,False
data/v2/processed/fontsense_v2/images/train/serif/Wellfleet/Wellfleet_0051.png,data/v2/processed/fontsense_v2/images/train/serif/Sanchez/Sanchez_0082.png,2,False,True,False
data/v2/processed/fontsense_v2/images/train/serif/Wellfleet/Wellfleet_0053.png,data/v2/processed/fontsense_v2/images/train/serif/Noto_Serif_KR/Noto_Serif_KR_0016.png,2,False,True,False
data/v2/processed/fontsense_v2/images/train/serif/Wellfleet/Wellfleet_0053.png,data/v2/processed/fontsense_v2/images/train/serif/Rokkitt/Rokkitt_0091.png,2,False,True,False
data/v2/processed/fontsense_v2/images/train/serif/Wellfleet/Wellfleet_0053.png,data/v2/processed/fontsense_v2/images/train/serif/Quattrocento/Quattrocento_0038.png,2,False,True,False
data/v2/processed/fontsense_v2/images/train/serif/Wellfleet/Wellfleet_0053.png,data/v2/processed/fontsense_v2/images/train/serif/IM_Fell_Great_Primer/IM_Fell_Great_Primer_0098.png,2,False,True,False
data/v2/processed/fontsense_v2/images/train/serif/Wellfleet/Wellfleet_0054.png,data/v2/processed/fontsense_v2/images/train/serif/Yuji_Syuku/Yuji_Syuku_0010.png,2,False,True,False
data/v2/processed/fontsense_v2/images/train/serif/Wellfleet/Wellfleet_0054.png,data/v2/processed/fontsense_v2/images/train/serif/Rokkitt/Rokkitt_0094.png,2,False,True,False
data/v2/processed/fontsense_v2/images/train/serif/Wellfleet/Wellfleet_0054.png,data/v2/processed/fontsense_v2/images/train/serif/Sanchez/Sanchez_0087.png,2,False,True,False
data/v2/processed/fontsense_v2/images/train/serif/Wellfleet/Wellfleet_0056.png,data/v2/processed/fontsense_v2/images/train/serif/Yuji_Syuku/Yuji_Syuku_0093.png,2,False,True,False
data/v2/processed/fontsense_v2/images/train/serif/Wellfleet/Wellfleet_0058.png,data/v2/processed/fontsense_v2/images/train/serif/Noto_Serif_KR/Noto_Serif_KR_0067.png,2,False,True,False
data/v2/processed/fontsense_v2/images/train/serif/Wellfleet/Wellfleet_0058.png,data/v2/processed/fontsense_v2/images/train/serif/Rokkitt/Rokkitt_0050.png,2,False,True,False
data/v2/processed/fontsense_v2/images/train/serif/Wellfleet/Wellfleet_0062.png,data/v2/processed/fontsense_v2/images/train/serif/Yuji_Syuku/Yuji_Syuku_0019.png,2,False,True,False
data/v2/processed/fontsense_v2/images/train/serif/Wellfleet/Wellfleet_0062.png,data/v2/processed/fontsense_v2/images/train/serif/Quattrocento/Quattrocento_0038.png,2,False,True,False
data/v2/processed/fontsense_v2/images/train/serif/Wellfleet/Wellfleet_0062.png,data/v2/processed/fontsense_v2/images/train/serif/Noto_Serif_Ahom/Noto_Serif_Ahom_0059.png,2,False,True,False
data/v2/processed/fontsense_v2/images/train/serif/Wellfleet/Wellfleet_0064.png,data/v2/processed/fontsense_v2/images/train/serif/Domine/Domine_0099.png,2,False,True,False
data/v2/processed/fontsense_v2/images/train/serif/Wellfleet/Wellfleet_0067.png,data/v2/processed/fontsense_v2/images/train/serif/Noto_Serif_KR/Noto_Serif_KR_0082.png,2,False,True,False
data/v2/processed/fontsense_v2/images/train/serif/Wellfleet/Wellfleet_0068.png,data/v2/processed/fontsense_v2/images/train/serif/IM_Fell_Great_Primer/IM_Fell_Great_Primer_0068.png,2,False,True,False
data/v2/processed/fontsense_v2/images/train/serif/Wellfleet/Wellfleet_0077.png,data/v2/processed/fontsense_v2/images/train/serif/Domine/Domine_0053.png,2,False,True,False
data/v2/processed/fontsense_v2/images/train/serif/Wellfleet/Wellfleet_0077.png,data/v2/processed/fontsense_v2/images/train/serif/Noto_Serif_Ahom/Noto_Serif_Ahom_0049.png,2,False,True,False
data/v2/processed/fontsense_v2/images/train/serif/Wellfleet/Wellfleet_0079.png,data/v2/processed/fontsense_v2/images/train/serif/Libre_Caslon_Text/Libre_Caslon_Text_0031.png,2,False,True,False
data/v2/processed/fontsense_v2/images/train/serif/Wellfleet/Wellfleet_0080.png,data/v2/processed/fontsense_v2/images/train/serif/BatangChe/BatangChe_0058.png,2,False,True,False
data/v2/processed/fontsense_v2/images/train/serif/Wellfleet/Wellfleet_0083.png,data/v2/processed/fontsense_v2/images/train/serif/Yuji_Syuku/Yuji_Syuku_0090.png,2,False,True,False
data/v2/processed/fontsense_v2/images/train/serif/Wellfleet/Wellfleet_0084.png,data/v2/processed/fontsense_v2/images/train/serif/Noto_Serif_KR/Noto_Serif_KR_0078.png,2,False,True,False
data/v2/processed/fontsense_v2/images/train/serif/Wellfleet/Wellfleet_0084.png,data/v2/processed/fontsense_v2/images/train/serif/Yuji_Syuku/Yuji_Syuku_0078.png,2,False,True,False
data/v2/processed/fontsense_v2/images/train/serif/Wellfleet/Wellfleet_0084.png,data/v2/processed/fontsense_v2/images/train/serif/Rokkitt/Rokkitt_0000.png,2,False,True,False
data/v2/processed/fontsense_v2/images/train/serif/Wellfleet/Wellfleet_0084.png,data/v2/processed/fontsense_v2/images/train/serif/Rokkitt/Rokkitt_0062.png,2,False,True,False
data/v2/processed/fontsense_v2/images/train/serif/Wellfleet/Wellfleet_0084.png,data/v2/processed/fontsense_v2/images/train/serif/Rokkitt/Rokkitt_0084.png,2,False,True,False
data/v2/processed/fontsense_v2/images/train/serif/Wellfleet/Wellfleet_0084.png,data/v2/processed/fontsense_v2/images/train/serif/Quattrocento/Quattrocento_0006.png,2,False,True,False
data/v2/processed/fontsense_v2/images/train/serif/Wellfleet/Wellfleet_0084.png,data/v2/processed/fontsense_v2/images/train/serif/Quattrocento/Quattrocento_0042.png,2,False,True,False
data/v2/processed/fontsense_v2/images/train/serif/Wellfleet/Wellfleet_0084.png,data/v2/processed/fontsense_v2/images/train/serif/Quattrocento/Quattrocento_0061.png,2,False,True,False
data/v2/processed/fontsense_v2/images/train/serif/Wellfleet/Wellfleet_0084.png,data/v2/processed/fontsense_v2/images/train/serif/Quattrocento/Quattrocento_0080.png,2,False,True,False
data/v2/processed/fontsense_v2/images/train/serif/Wellfleet/Wellfleet_0084.png,data/v2/processed/fontsense_v2/images/train/serif/Quattrocento/Quattrocento_0093.png,2,False,True,False
data/v2/processed/fontsense_v2/images/train/serif/Wellfleet/Wellfleet_0084.png,data/v2/processed/fontsense_v2/images/train/serif/IM_Fell_Great_Primer/IM_Fell_Great_Primer_0039.png,2,False,True,False
data/v2/processed/fontsense_v2/images/train/serif/Wellfleet/Wellfleet_0084.png,data/v2/processed/fontsense_v2/images/train/serif/IM_Fell_Great_Primer/IM_Fell_Great_Primer_0066.png,2,False,True,False
data/v2/processed/fontsense_v2/images/train/serif/Wellfleet/Wellfleet_0084.png,data/v2/processed/fontsense_v2/images/train/serif/IM_Fell_Great_Primer/IM_Fell_Great_Primer_0093.png,2,False,True,False
data/v2/processed/fontsense_v2/images/train/serif/Wellfleet/Wellfleet_0085.png,data/v2/processed/fontsense_v2/images/train/serif/IM_Fell_Great_Primer/IM_Fell_Great_Primer_0033.png,2,False,True,False
data/v2/processed/fontsense_v2/images/train/serif/Wellfleet/Wellfleet_0088.png,data/v2/processed/fontsense_v2/images/train/serif/BatangChe/BatangChe_0065.png,2,False,True,False
data/v2/processed/fontsense_v2/images/train/serif/Wellfleet/Wellfleet_0092.png,data/v2/processed/fontsense_v2/images/train/serif/Yuji_Syuku/Yuji_Syuku_0024.png,2,False,True,False
data/v2/processed/fontsense_v2/images/train/serif/Wellfleet/Wellfleet_0092.png,data/v2/processed/fontsense_v2/images/train/serif/Yuji_Syuku/Yuji_Syuku_0044.png,2,False,True,False
data/v2/processed/fontsense_v2/images/train/serif/Wellfleet/Wellfleet_0092.png,data/v2/processed/fontsense_v2/images/train/serif/Rokkitt/Rokkitt_0049.png,2,False,True,False
data/v2/processed/fontsense_v2/images/train/serif/Wellfleet/Wellfleet_0093.png,data/v2/processed/fontsense_v2/images/train/serif/Yuji_Syuku/Yuji_Syuku_0009.png,2,False,True,False
data/v2/processed/fontsense_v2/images/train/serif/Wellfleet/Wellfleet_0093.png,data/v2/processed/fontsense_v2/images/train/serif/Sanchez/Sanchez_0088.png,2,False,True,False
data/v2/processed/fontsense_v2/images/train/serif/Yuji_Syuku/Yuji_Syuku_0003.png,data/v2/processed/fontsense_v2/images/train/serif/Libre_Caslon_Text/Libre_Caslon_Text_0031.png,2,False,True,False
data/v2/processed/fontsense_v2/images/train/serif/Yuji_Syuku/Yuji_Syuku_0010.png,data/v2/processed/fontsense_v2/images/train/serif/Rokkitt/Rokkitt_0094.png,2,False,True,False
data/v2/processed/fontsense_v2/images/train/serif/Yuji_Syuku/Yuji_Syuku_0015.png,data/v2/processed/fontsense_v2/images/train/serif/Yuji_Syuku/Yuji_Syuku_0019.png,2,True,True,False
data/v2/processed/fontsense_v2/images/train/serif/Yuji_Syuku/Yuji_Syuku_0015.png,data/v2/processed/fontsense_v2/images/train/serif/Quattrocento/Quattrocento_0079.png,2,False,True,False
data/v2/processed/fontsense_v2/images/train/serif/Yuji_Syuku/Yuji_Syuku_0015.png,data/v2/processed/fontsense_v2/images/train/serif/Noto_Serif_Ahom/Noto_Serif_Ahom_0039.png,2,False,True,False
data/v2/processed/fontsense_v2/images/train/serif/Yuji_Syuku/Yuji_Syuku_0015.png,data/v2/processed/fontsense_v2/images/train/serif/Noto_Serif_Ahom/Noto_Serif_Ahom_0049.png,2,False,True,False
data/v2/processed/fontsense_v2/images/train/serif/Yuji_Syuku/Yuji_Syuku_0017.png,data/v2/processed/fontsense_v2/images/train/serif/BatangChe/BatangChe_0093.png,2,False,True,False
data/v2/processed/fontsense_v2/images/train/serif/Yuji_Syuku/Yuji_Syuku_0017.png,data/v2/processed/fontsense_v2/images/train/serif/Rokkitt/Rokkitt_0054.png,2,False,True,False
data/v2/processed/fontsense_v2/images/train/serif/Yuji_Syuku/Yuji_Syuku_0019.png,data/v2/processed/fontsense_v2/images/train/serif/Rokkitt/Rokkitt_0039.png,2,False,True,False
data/v2/processed/fontsense_v2/images/train/serif/Yuji_Syuku/Yuji_Syuku_0019.png,data/v2/processed/fontsense_v2/images/train/serif/Rokkitt/Rokkitt_0060.png,2,False,True,False
data/v2/processed/fontsense_v2/images/train/serif/Yuji_Syuku/Yuji_Syuku_0019.png,data/v2/processed/fontsense_v2/images/train/serif/Quattrocento/Quattrocento_0038.png,2,False,True,False
data/v2/processed/fontsense_v2/images/train/serif/Yuji_Syuku/Yuji_Syuku_0019.png,data/v2/processed/fontsense_v2/images/train/serif/Sanchez/Sanchez_0005.png,2,False,True,False
data/v2/processed/fontsense_v2/images/train/serif/Yuji_Syuku/Yuji_Syuku_0019.png,data/v2/processed/fontsense_v2/images/train/serif/IM_Fell_Great_Primer/IM_Fell_Great_Primer_0003.png,2,False,True,False
data/v2/processed/fontsense_v2/images/train/serif/Yuji_Syuku/Yuji_Syuku_0019.png,data/v2/processed/fontsense_v2/images/train/serif/Noto_Serif_Ahom/Noto_Serif_Ahom_0049.png,2,False,True,False
data/v2/processed/fontsense_v2/images/train/serif/Yuji_Syuku/Yuji_Syuku_0019.png,data/v2/processed/fontsense_v2/images/train/serif/Noto_Serif_Ahom/Noto_Serif_Ahom_0059.png,2,False,True,False
data/v2/processed/fontsense_v2/images/train/serif/Yuji_Syuku/Yuji_Syuku_0024.png,data/v2/processed/fontsense_v2/images/train/serif/Rokkitt/Rokkitt_0049.png,2,False,True,False
data/v2/processed/fontsense_v2/images/train/serif/Yuji_Syuku/Yuji_Syuku_0024.png,data/v2/processed/fontsense_v2/images/train/serif/Quattrocento/Quattrocento_0057.png,2,False,True,False
data/v2/processed/fontsense_v2/images/train/serif/Yuji_Syuku/Yuji_Syuku_0025.png,data/v2/processed/fontsense_v2/images/train/serif/Sanchez/Sanchez_0035.png,2,False,True,False
data/v2/processed/fontsense_v2/images/train/serif/Yuji_Syuku/Yuji_Syuku_0026.png,data/v2/processed/fontsense_v2/images/train/serif/BatangChe/BatangChe_0023.png,2,False,True,False
data/v2/processed/fontsense_v2/images/train/serif/Yuji_Syuku/Yuji_Syuku_0030.png,data/v2/processed/fontsense_v2/images/train/serif/Noto_Serif_Ahom/Noto_Serif_Ahom_0005.png,2,False,True,False
data/v2/processed/fontsense_v2/images/train/serif/Yuji_Syuku/Yuji_Syuku_0044.png,data/v2/processed/fontsense_v2/images/train/serif/Sanchez/Sanchez_0064.png,2,False,True,False
data/v2/processed/fontsense_v2/images/train/serif/Yuji_Syuku/Yuji_Syuku_0045.png,data/v2/processed/fontsense_v2/images/train/serif/IM_Fell_Great_Primer/IM_Fell_Great_Primer_0076.png,2,False,True,False
data/v2/processed/fontsense_v2/images/train/serif/Yuji_Syuku/Yuji_Syuku_0045.png,data/v2/processed/fontsense_v2/images/train/serif/Noto_Serif_Ahom/Noto_Serif_Ahom_0035.png,2,False,True,False
data/v2/processed/fontsense_v2/images/train/serif/Yuji_Syuku/Yuji_Syuku_0064.png,data/v2/processed/fontsense_v2/images/train/serif/BatangChe/BatangChe_0011.png,2,False,True,False
data/v2/processed/fontsense_v2/images/train/serif/Yuji_Syuku/Yuji_Syuku_0069.png,data/v2/processed/fontsense_v2/images/train/serif/Sanchez/Sanchez_0033.png,2,False,True,False
data/v2/processed/fontsense_v2/images/train/serif/Yuji_Syuku/Yuji_Syuku_0070.png,data/v2/processed/fontsense_v2/images/train/serif/Sanchez/Sanchez_0073.png,2,False,True,True
data/v2/processed/fontsense_v2/images/train/serif/Yuji_Syuku/Yuji_Syuku_0074.png,data/v2/processed/fontsense_v2/images/train/serif/Sanchez/Sanchez_0002.png,2,False,True,False
data/v2/processed/fontsense_v2/images/train/serif/Yuji_Syuku/Yuji_Syuku_0078.png,data/v2/processed/fontsense_v2/images/train/serif/Rokkitt/Rokkitt_0045.png,2,False,True,False
data/v2/processed/fontsense_v2/images/train/serif/Yuji_Syuku/Yuji_Syuku_0078.png,data/v2/processed/fontsense_v2/images/train/serif/Quattrocento/Quattrocento_0042.png,2,False,True,False
data/v2/processed/fontsense_v2/images/train/serif/Yuji_Syuku/Yuji_Syuku_0078.png,data/v2/processed/fontsense_v2/images/train/serif/IM_Fell_Great_Primer/IM_Fell_Great_Primer_0090.png,2,False,True,False
data/v2/processed/fontsense_v2/images/train/serif/Yuji_Syuku/Yuji_Syuku_0080.png,data/v2/processed/fontsense_v2/images/train/serif/Libre_Caslon_Text/Libre_Caslon_Text_0024.png,2,False,True,False
data/v2/processed/fontsense_v2/images/train/serif/Yuji_Syuku/Yuji_Syuku_0087.png,data/v2/processed/fontsense_v2/images/train/serif/Libre_Caslon_Text/Libre_Caslon_Text_0081.png,2,False,True,False
data/v2/processed/fontsense_v2/images/train/serif/Yuji_Syuku/Yuji_Syuku_0092.png,data/v2/processed/fontsense_v2/images/train/serif/Noto_Serif_Ahom/Noto_Serif_Ahom_0035.png,2,False,True,False
data/v2/processed/fontsense_v2/images/train/serif/Yuji_Syuku/Yuji_Syuku_0093.png,data/v2/processed/fontsense_v2/images/train/serif/Libre_Caslon_Text/Libre_Caslon_Text_0024.png,2,False,True,False
data/v2/processed/fontsense_v2/images/train/serif/Yuji_Syuku/Yuji_Syuku_0093.png,data/v2/processed/fontsense_v2/images/train/serif/Quattrocento/Quattrocento_0054.png,2,False,True,False
data/v2/processed/fontsense_v2/images/train/serif/Yuji_Syuku/Yuji_Syuku_0097.png,data/v2/processed/fontsense_v2/images/train/serif/Libre_Caslon_Text/Libre_Caslon_Text_0044.png,2,False,True,False
data/v2/processed/fontsense_v2/images/train/serif/BatangChe/BatangChe_0000.png,data/v2/processed/fontsense_v2/images/train/serif/Libre_Caslon_Text/Libre_Caslon_Text_0064.png,3,False,True,False
data/v2/processed/fontsense_v2/images/train/serif/BatangChe/BatangChe_0001.png,data/v2/processed/fontsense_v2/images/train/serif/BatangChe/BatangChe_0052.png,3,True,True,False
data/v2/processed/fontsense_v2/images/train/serif/BatangChe/BatangChe_0002.png,data/v2/processed/fontsense_v2/images/train/serif/BatangChe/BatangChe_0009.png,3,True,True,False
data/v2/processed/fontsense_v2/images/train/serif/BatangChe/BatangChe_0002.png,data/v2/processed/fontsense_v2/images/train/serif/BatangChe/BatangChe_0089.png,3,True,True,False
data/v2/processed/fontsense_v2/images/train/serif/BatangChe/BatangChe_0002.png,data/v2/processed/fontsense_v2/images/train/serif/Libre_Caslon_Text/Libre_Caslon_Text_0097.png,3,False,True,False
data/v2/processed/fontsense_v2/images/train/serif/BatangChe/BatangChe_0006.png,data/v2/processed/fontsense_v2/images/train/serif/IM_Fell_Great_Primer/IM_Fell_Great_Primer_0083.png,3,False,True,False
data/v2/processed/fontsense_v2/images/train/serif/BatangChe/BatangChe_0011.png,data/v2/processed/fontsense_v2/images/train/serif/BatangChe/BatangChe_0068.png,3,True,True,False
data/v2/processed/fontsense_v2/images/train/serif/BatangChe/BatangChe_0011.png,data/v2/processed/fontsense_v2/images/train/serif/Rokkitt/Rokkitt_0045.png,3,False,True,False
data/v2/processed/fontsense_v2/images/train/serif/BatangChe/BatangChe_0011.png,data/v2/processed/fontsense_v2/images/train/serif/Rokkitt/Rokkitt_0084.png,3,False,True,True
data/v2/processed/fontsense_v2/images/train/serif/BatangChe/BatangChe_0011.png,data/v2/processed/fontsense_v2/images/train/serif/Quattrocento/Quattrocento_0093.png,3,False,True,False
data/v2/processed/fontsense_v2/images/train/serif/BatangChe/BatangChe_0011.png,data/v2/processed/fontsense_v2/images/train/serif/Sanchez/Sanchez_0010.png,3,False,True,False
data/v2/processed/fontsense_v2/images/train/serif/BatangChe/BatangChe_0012.png,data/v2/processed/fontsense_v2/images/train/serif/Sanchez/Sanchez_0055.png,3,False,True,False
data/v2/processed/fontsense_v2/images/train/serif/BatangChe/BatangChe_0013.png,data/v2/processed/fontsense_v2/images/train/serif/BatangChe/BatangChe_0051.png,3,True,True,False
data/v2/processed/fontsense_v2/images/train/serif/BatangChe/BatangChe_0018.png,data/v2/processed/fontsense_v2/images/train/serif/BatangChe/BatangChe_0077.png,3,True,True,False
data/v2/processed/fontsense_v2/images/train/serif/BatangChe/BatangChe_0021.png,data/v2/processed/fontsense_v2/images/train/serif/Quattrocento/Quattrocento_0006.png,3,False,True,False
data/v2/processed/fontsense_v2/images/train/serif/BatangChe/BatangChe_0021.png,data/v2/processed/fontsense_v2/images/train/serif/Quattrocento/Quattrocento_0042.png,3,False,True,False
data/v2/processed/fontsense_v2/images/train/serif/BatangChe/BatangChe_0021.png,data/v2/processed/fontsense_v2/images/train/serif/IM_Fell_Great_Primer/IM_Fell_Great_Primer_0030.png,3,False,True,False
data/v2/processed/fontsense_v2/images/train/serif/BatangChe/BatangChe_0021.png,data/v2/processed/fontsense_v2/images/train/serif/Noto_Serif_Ahom/Noto_Serif_Ahom_0071.png,3,False,True,False
data/v2/processed/fontsense_v2/images/train/serif/BatangChe/BatangChe_0023.png,data/v2/processed/fontsense_v2/images/train/serif/Quattrocento/Quattrocento_0090.png,3,False,True,False
data/v2/processed/fontsense_v2/images/train/serif/BatangChe/BatangChe_0025.png,data/v2/processed/fontsense_v2/images/train/serif/BatangChe/BatangChe_0066.png,3,True,True,False
data/v2/processed/fontsense_v2/images/train/serif/BatangChe/BatangChe_0034.png,data/v2/processed/fontsense_v2/images/train/serif/Libre_Caslon_Text/Libre_Caslon_Text_0026.png,3,False,True,False
data/v2/processed/fontsense_v2/images/train/serif/BatangChe/BatangChe_0034.png,data/v2/processed/fontsense_v2/images/train/serif/Rokkitt/Rokkitt_0012.png,3,False,True,False
data/v2/processed/fontsense_v2/images/train/serif/BatangChe/BatangChe_0034.png,data/v2/processed/fontsense_v2/images/train/serif/Rokkitt/Rokkitt_0014.png,3,False,True,False
data/v2/processed/fontsense_v2/images/train/serif/BatangChe/BatangChe_0034.png,data/v2/processed/fontsense_v2/images/train/serif/Quattrocento/Quattrocento_0000.png,3,False,True,False
data/v2/processed/fontsense_v2/images/train/serif/BatangChe/BatangChe_0034.png,data/v2/processed/fontsense_v2/images/train/serif/Sanchez/Sanchez_0057.png,3,False,True,False
data/v2/processed/fontsense_v2/images/train/serif/BatangChe/BatangChe_0041.png,data/v2/processed/fontsense_v2/images/train/serif/Libre_Caslon_Text/Libre_Caslon_Text_0048.png,3,False,True,False
data/v2/processed/fontsense_v2/images/train/serif/BatangChe/BatangChe_0041.png,data/v2/processed/fontsense_v2/images/train/serif/Libre_Caslon_Text/Libre_Caslon_Text_0067.png,3,False,True,False
data/v2/processed/fontsense_v2/images/train/serif/BatangChe/BatangChe_0041.png,data/v2/processed/fontsense_v2/images/train/serif/Libre_Caslon_Text/Libre_Caslon_Text_0087.png,3,False,True,False
data/v2/processed/fontsense_v2/images/train/serif/BatangChe/BatangChe_0041.png,data/v2/processed/fontsense_v2/images/train/serif/Sanchez/Sanchez_0076.png,3,False,True,False
data/v2/processed/fontsense_v2/images/train/serif/BatangChe/BatangChe_0044.png,data/v2/processed/fontsense_v2/images/train/serif/Rokkitt/Rokkitt_0063.png,3,False,True,False
data/v2/processed/fontsense_v2/images/train/serif/BatangChe/BatangChe_0044.png,data/v2/processed/fontsense_v2/images/train/serif/Sanchez/Sanchez_0084.png,3,False,True,False
data/v2/processed/fontsense_v2/images/train/serif/BatangChe/BatangChe_0048.png,data/v2/processed/fontsense_v2/images/train/serif/IM_Fell_Great_Primer/IM_Fell_Great_Primer_0033.png,3,False,True,False
data/v2/processed/fontsense_v2/images/train/serif/BatangChe/BatangChe_0051.png,data/v2/processed/fontsense_v2/images/train/serif/Libre_Caslon_Text/Libre_Caslon_Text_0032.png,3,False,True,False
data/v2/processed/fontsense_v2/images/train/serif/BatangChe/BatangChe_0051.png,data/v2/processed/fontsense_v2/images/train/serif/Libre_Caslon_Text/Libre_Caslon_Text_0097.png,3,False,True,False
data/v2/processed/fontsense_v2/images/train/serif/BatangChe/BatangChe_0051.png,data/v2/processed/fontsense_v2/images/train/serif/Sanchez/Sanchez_0003.png,3,False,True,False
data/v2/processed/fontsense_v2/images/train/serif/BatangChe/BatangChe_0052.png,data/v2/processed/fontsense_v2/images/train/serif/Quattrocento/Quattrocento_0029.png,3,False,True,False
data/v2/processed/fontsense_v2/images/train/serif/BatangChe/BatangChe_0052.png,data/v2/processed/fontsense_v2/images/train/serif/Quattrocento/Quattrocento_0060.png,3,False,True,False
data/v2/processed/fontsense_v2/images/train/serif/BatangChe/BatangChe_0052.png,data/v2/processed/fontsense_v2/images/train/serif/IM_Fell_Great_Primer/IM_Fell_Great_Primer_0072.png,3,False,True,False
data/v2/processed/fontsense_v2/images/train/serif/BatangChe/BatangChe_0057.png,data/v2/processed/fontsense_v2/images/train/serif/Quattrocento/Quattrocento_0043.png,3,False,True,False
data/v2/processed/fontsense_v2/images/train/serif/BatangChe/BatangChe_0057.png,data/v2/processed/fontsense_v2/images/train/serif/IM_Fell_Great_Primer/IM_Fell_Great_Primer_0020.png,3,False,True,False
data/v2/processed/fontsense_v2/images/train/serif/BatangChe/BatangChe_0058.png,data/v2/processed/fontsense_v2/images/train/serif/Sanchez/Sanchez_0054.png,3,False,True,False
data/v2/processed/fontsense_v2/images/train/serif/BatangChe/BatangChe_0058.png,data/v2/processed/fontsense_v2/images/train/serif/Noto_Serif_Ahom/Noto_Serif_Ahom_0028.png,3,False,True,False
data/v2/processed/fontsense_v2/images/train/serif/BatangChe/BatangChe_0058.png,data/v2/processed/fontsense_v2/images/train/serif/Noto_Serif_Ahom/Noto_Serif_Ahom_0044.png,3,False,True,False
data/v2/processed/fontsense_v2/images/train/serif/BatangChe/BatangChe_0061.png,data/v2/processed/fontsense_v2/images/train/serif/BatangChe/BatangChe_0085.png,3,True,True,False
data/v2/processed/fontsense_v2/images/train/serif/BatangChe/BatangChe_0061.png,data/v2/processed/fontsense_v2/images/train/serif/Quattrocento/Quattrocento_0063.png,3,False,True,False
data/v2/processed/fontsense_v2/images/train/serif/BatangChe/BatangChe_0062.png,data/v2/processed/fontsense_v2/images/train/serif/Sanchez/Sanchez_0023.png,3,False,True,False
data/v2/processed/fontsense_v2/images/train/serif/BatangChe/BatangChe_0062.png,data/v2/processed/fontsense_v2/images/train/serif/IM_Fell_Great_Primer/IM_Fell_Great_Primer_0012.png,3,False,True,False
data/v2/processed/fontsense_v2/images/train/serif/BatangChe/BatangChe_0062.png,data/v2/processed/fontsense_v2/images/train/serif/Noto_Serif_Ahom/Noto_Serif_Ahom_0035.png,3,False,True,False
data/v2/processed/fontsense_v2/images/train/serif/BatangChe/BatangChe_0067.png,data/v2/processed/fontsense_v2/images/train/serif/BatangChe/BatangChe_0077.png,3,True,True,False
data/v2/processed/fontsense_v2/images/train/serif/BatangChe/BatangChe_0067.png,data/v2/processed/fontsense_v2/images/train/serif/Sanchez/Sanchez_0002.png,3,False,True,False
data/v2/processed/fontsense_v2/images/train/serif/BatangChe/BatangChe_0067.png,data/v2/processed/fontsense_v2/images/train/serif/Noto_Serif_Ahom/Noto_Serif_Ahom_0006.png,3,False,True,False
data/v2/processed/fontsense_v2/images/train/serif/BatangChe/BatangChe_0068.png,data/v2/processed/fontsense_v2/images/train/serif/Rokkitt/Rokkitt_0092.png,3,False,True,False
data/v2/processed/fontsense_v2/images/train/serif/BatangChe/BatangChe_0068.png,data/v2/processed/fontsense_v2/images/train/serif/Sanchez/Sanchez_0023.png,3,False,True,False
data/v2/processed/fontsense_v2/images/train/serif/BatangChe/BatangChe_0068.png,data/v2/processed/fontsense_v2/images/train/serif/Sanchez/Sanchez_0096.png,3,False,True,False
data/v2/processed/fontsense_v2/images/train/serif/BatangChe/BatangChe_0068.png,data/v2/processed/fontsense_v2/images/train/serif/IM_Fell_Great_Primer/IM_Fell_Great_Primer_0097.png,3,False,True,False
data/v2/processed/fontsense_v2/images/train/serif/BatangChe/BatangChe_0071.png,data/v2/processed/fontsense_v2/images/train/serif/Libre_Caslon_Text/Libre_Caslon_Text_0097.png,3,False,True,False
data/v2/processed/fontsense_v2/images/train/serif/BatangChe/BatangChe_0071.png,data/v2/processed/fontsense_v2/images/train/serif/Sanchez/Sanchez_0003.png,3,False,True,False
data/v2/processed/fontsense_v2/images/train/serif/BatangChe/BatangChe_0072.png,data/v2/processed/fontsense_v2/images/train/serif/Libre_Caslon_Text/Libre_Caslon_Text_0009.png,3,False,True,False
data/v2/processed/fontsense_v2/images/train/serif/BatangChe/BatangChe_0072.png,data/v2/processed/fontsense_v2/images/train/serif/Rokkitt/Rokkitt_0085.png,3,False,True,False
data/v2/processed/fontsense_v2/images/train/serif/BatangChe/BatangChe_0072.png,data/v2/processed/fontsense_v2/images/train/serif/Quattrocento/Quattrocento_0018.png,3,False,True,False
data/v2/processed/fontsense_v2/images/train/serif/BatangChe/BatangChe_0072.png,data/v2/processed/fontsense_v2/images/train/serif/Quattrocento/Quattrocento_0081.png,3,False,True,False
data/v2/processed/fontsense_v2/images/train/serif/BatangChe/BatangChe_0072.png,data/v2/processed/fontsense_v2/images/train/serif/Sanchez/Sanchez_0059.png,3,False,True,False
data/v2/processed/fontsense_v2/images/train/serif/BatangChe/BatangChe_0072.png,data/v2/processed/fontsense_v2/images/train/serif/IM_Fell_Great_Primer/IM_Fell_Great_Primer_0056.png,3,False,True,False
data/v2/processed/fontsense_v2/images/train/serif/BatangChe/BatangChe_0072.png,data/v2/processed/fontsense_v2/images/train/serif/Noto_Serif_Ahom/Noto_Serif_Ahom_0065.png,3,False,True,False
data/v2/processed/fontsense_v2/images/train/serif/BatangChe/BatangChe_0073.png,data/v2/processed/fontsense_v2/images/train/serif/Noto_Serif_Ahom/Noto_Serif_Ahom_0026.png,3,False,True,False
data/v2/processed/fontsense_v2/images/train/serif/BatangChe/BatangChe_0074.png,data/v2/processed/fontsense_v2/images/train/serif/IM_Fell_Great_Primer/IM_Fell_Great_Primer_0092.png,3,False,True,False
data/v2/processed/fontsense_v2/images/train/serif/BatangChe/BatangChe_0075.png,data/v2/processed/fontsense_v2/images/train/serif/BatangChe/BatangChe_0078.png,3,True,True,False
data/v2/processed/fontsense_v2/images/train/serif/BatangChe/BatangChe_0075.png,data/v2/processed/fontsense_v2/images/train/serif/Sanchez/Sanchez_0062.png,3,False,True,False
data/v2/processed/fontsense_v2/images/train/serif/BatangChe/BatangChe_0075.png,data/v2/processed/fontsense_v2/images/train/serif/Sanchez/Sanchez_0072.png,3,False,True,False
data/v2/processed/fontsense_v2/images/train/serif/BatangChe/BatangChe_0077.png,data/v2/processed/fontsense_v2/images/train/serif/Quattrocento/Quattrocento_0088.png,3,False,True,False
data/v2/processed/fontsense_v2/images/train/serif/BatangChe/BatangChe_0078.png,data/v2/processed/fontsense_v2/images/train/serif/Libre_Caslon_Text/Libre_Caslon_Text_0048.png,3,False,True,False
data/v2/processed/fontsense_v2/images/train/serif/BatangChe/BatangChe_0078.png,data/v2/processed/fontsense_v2/images/train/serif/Rokkitt/Rokkitt_0039.png,3,False,True,False
data/v2/processed/fontsense_v2/images/train/serif/BatangChe/BatangChe_0078.png,data/v2/processed/fontsense_v2/images/train/serif/Quattrocento/Quattrocento_0038.png,3,False,True,False
data/v2/processed/fontsense_v2/images/train/serif/BatangChe/BatangChe_0078.png,data/v2/processed/fontsense_v2/images/train/serif/Quattrocento/Quattrocento_0076.png,3,False,True,False
data/v2/processed/fontsense_v2/images/train/serif/BatangChe/BatangChe_0078.png,data/v2/processed/fontsense_v2/images/train/serif/Sanchez/Sanchez_0031.png,3,False,True,False
data/v2/processed/fontsense_v2/images/train/serif/BatangChe/BatangChe_0078.png,data/v2/processed/fontsense_v2/images/train/serif/Sanchez/Sanchez_0081.png,3,False,True,False
data/v2/processed/fontsense_v2/images/train/serif/BatangChe/BatangChe_0078.png,data/v2/processed/fontsense_v2/images/train/serif/IM_Fell_Great_Primer/IM_Fell_Great_Primer_0003.png,3,False,True,False
data/v2/processed/fontsense_v2/images/train/serif/BatangChe/BatangChe_0078.png,data/v2/processed/fontsense_v2/images/train/serif/IM_Fell_Great_Primer/IM_Fell_Great_Primer_0072.png,3,False,True,False
data/v2/processed/fontsense_v2/images/train/serif/BatangChe/BatangChe_0078.png,data/v2/processed/fontsense_v2/images/train/serif/IM_Fell_Great_Primer/IM_Fell_Great_Primer_0099.png,3,False,True,False
data/v2/processed/fontsense_v2/images/train/serif/BatangChe/BatangChe_0080.png,data/v2/processed/fontsense_v2/images/train/serif/Libre_Caslon_Text/Libre_Caslon_Text_0005.png,3,False,True,False
data/v2/processed/fontsense_v2/images/train/serif/BatangChe/BatangChe_0081.png,data/v2/processed/fontsense_v2/images/train/serif/Rokkitt/Rokkitt_0034.png,3,False,True,False
data/v2/processed/fontsense_v2/images/train/serif/BatangChe/BatangChe_0082.png,data/v2/processed/fontsense_v2/images/train/serif/Libre_Caslon_Text/Libre_Caslon_Text_0008.png,3,False,True,False
data/v2/processed/fontsense_v2/images/train/serif/BatangChe/BatangChe_0082.png,data/v2/processed/fontsense_v2/images/train/serif/Rokkitt/Rokkitt_0098.png,3,False,True,False
data/v2/processed/fontsense_v2/images/train/serif/BatangChe/BatangChe_0082.png,data/v2/processed/fontsense_v2/images/train/serif/Sanchez/Sanchez_0002.png,3,False,True,False
data/v2/processed/fontsense_v2/images/train/serif/BatangChe/BatangChe_0083.png,data/v2/processed/fontsense_v2/images/train/serif/Quattrocento/Quattrocento_0061.png,3,False,True,False
data/v2/processed/fontsense_v2/images/train/serif/BatangChe/BatangChe_0089.png,data/v2/processed/fontsense_v2/images/train/serif/Libre_Caslon_Text/Libre_Caslon_Text_0045.png,3,False,True,False
data/v2/processed/fontsense_v2/images/train/serif/BatangChe/BatangChe_0093.png,data/v2/processed/fontsense_v2/images/train/serif/Quattrocento/Quattrocento_0036.png,3,False,True,False
data/v2/processed/fontsense_v2/images/train/serif/BatangChe/BatangChe_0093.png,data/v2/processed/fontsense_v2/images/train/serif/Quattrocento/Quattrocento_0074.png,3,False,True,False
data/v2/processed/fontsense_v2/images/train/serif/BatangChe/BatangChe_0093.png,data/v2/processed/fontsense_v2/images/train/serif/Noto_Serif_Ahom/Noto_Serif_Ahom_0050.png,3,False,True,False
data/v2/processed/fontsense_v2/images/train/serif/BatangChe/BatangChe_0094.png,data/v2/processed/fontsense_v2/images/train/serif/Quattrocento/Quattrocento_0088.png,3,False,True,False
data/v2/processed/fontsense_v2/images/train/serif/BatangChe/BatangChe_0094.png,data/v2/processed/fontsense_v2/images/train/serif/Quattrocento/Quattrocento_0090.png,3,False,True,False
data/v2/processed/fontsense_v2/images/train/serif/BatangChe/BatangChe_0094.png,data/v2/processed/fontsense_v2/images/train/serif/Noto_Serif_Ahom/Noto_Serif_Ahom_0065.png,3,False,True,False
data/v2/processed/fontsense_v2/images/train/serif/BatangChe/BatangChe_0096.png,data/v2/processed/fontsense_v2/images/train/serif/Sanchez/Sanchez_0044.png,3,False,True,False
data/v2/processed/fontsense_v2/images/train/serif/BatangChe/BatangChe_0096.png,data/v2/processed/fontsense_v2/images/train/serif/IM_Fell_Great_Primer/IM_Fell_Great_Primer_0068.png,3,False,True,False
data/v2/processed/fontsense_v2/images/train/serif/BatangChe/BatangChe_0099.png,data/v2/processed/fontsense_v2/images/train/serif/Quattrocento/Quattrocento_0032.png,3,False,True,False
data/v2/processed/fontsense_v2/images/train/serif/Domine/Domine_0000.png,data/v2/processed/fontsense_v2/images/train/serif/Sanchez/Sanchez_0035.png,3,False,True,False
data/v2/processed/fontsense_v2/images/train/serif/Domine/Domine_0002.png,data/v2/processed/fontsense_v2/images/train/serif/IM_Fell_Great_Primer/IM_Fell_Great_Primer_0021.png,3,False,True,False
data/v2/processed/fontsense_v2/images/train/serif/Domine/Domine_0005.png,data/v2/processed/fontsense_v2/images/train/serif/Yuji_Syuku/Yuji_Syuku_0012.png,3,False,True,False
data/v2/processed/fontsense_v2/images/train/serif/Domine/Domine_0005.png,data/v2/processed/fontsense_v2/images/train/serif/Yuji_Syuku/Yuji_Syuku_0076.png,3,False,True,False
data/v2/processed/fontsense_v2/images/train/serif/Domine/Domine_0007.png,data/v2/processed/fontsense_v2/images/train/serif/Yuji_Syuku/Yuji_Syuku_0042.png,3,False,True,False
data/v2/processed/fontsense_v2/images/train/serif/Domine/Domine_0011.png,data/v2/processed/fontsense_v2/images/train/serif/Rokkitt/Rokkitt_0029.png,3,False,True,False
data/v2/processed/fontsense_v2/images/train/serif/Domine/Domine_0011.png,data/v2/processed/fontsense_v2/images/train/serif/IM_Fell_Great_Primer/IM_Fell_Great_Primer_0060.png,3,False,True,False
data/v2/processed/fontsense_v2/images/train/serif/Domine/Domine_0016.png,data/v2/processed/fontsense_v2/images/train/serif/BatangChe/BatangChe_0037.png,3,False,True,False
data/v2/processed/fontsense_v2/images/train/serif/Domine/Domine_0019.png,data/v2/processed/fontsense_v2/images/train/serif/Noto_Serif_Ahom/Noto_Serif_Ahom_0049.png,3,False,True,False
data/v2/processed/fontsense_v2/images/train/serif/Domine/Domine_0026.png,data/v2/processed/fontsense_v2/images/train/serif/Sanchez/Sanchez_0018.png,3,False,True,False
data/v2/processed/fontsense_v2/images/train/serif/Domine/Domine_0036.png,data/v2/processed/fontsense_v2/images/train/serif/IM_Fell_Great_Primer/IM_Fell_Great_Primer_0059.png,3,False,True,False
data/v2/processed/fontsense_v2/images/train/serif/Domine/Domine_0040.png,data/v2/processed/fontsense_v2/images/train/serif/Sanchez/Sanchez_0086.png,3,False,True,False
data/v2/processed/fontsense_v2/images/train/serif/Domine/Domine_0043.png,data/v2/processed/fontsense_v2/images/train/serif/Domine/Domine_0068.png,3,True,True,False
data/v2/processed/fontsense_v2/images/train/serif/Domine/Domine_0043.png,data/v2/processed/fontsense_v2/images/train/serif/Yuji_Syuku/Yuji_Syuku_0015.png,3,False,True,False
data/v2/processed/fontsense_v2/images/train/serif/Domine/Domine_0043.png,data/v2/processed/fontsense_v2/images/train/serif/Yuji_Syuku/Yuji_Syuku_0019.png,3,False,True,False
data/v2/processed/fontsense_v2/images/train/serif/Domine/Domine_0043.png,data/v2/processed/fontsense_v2/images/train/serif/Rokkitt/Rokkitt_0060.png,3,False,True,False
data/v2/processed/fontsense_v2/images/train/serif/Domine/Domine_0043.png,data/v2/processed/fontsense_v2/images/train/serif/Quattrocento/Quattrocento_0075.png,3,False,True,False
data/v2/processed/fontsense_v2/images/train/serif/Domine/Domine_0043.png,data/v2/processed/fontsense_v2/images/train/serif/Sanchez/Sanchez_0013.png,3,False,True,False
data/v2/processed/fontsense_v2/images/train/serif/Domine/Domine_0043.png,data/v2/processed/fontsense_v2/images/train/serif/IM_Fell_Great_Primer/IM_Fell_Great_Primer_0058.png,3,False,True,False
data/v2/processed/fontsense_v2/images/train/serif/Domine/Domine_0045.png,data/v2/processed/fontsense_v2/images/train/serif/Libre_Caslon_Text/Libre_Caslon_Text_0062.png,3,False,True,False
data/v2/processed/fontsense_v2/images/train/serif/Domine/Domine_0047.png,data/v2/processed/fontsense_v2/images/train/serif/BatangChe/BatangChe_0003.png,3,False,True,False
data/v2/processed/fontsense_v2/images/train/serif/Domine/Domine_0052.png,data/v2/processed/fontsense_v2/images/train/serif/Yuji_Syuku/Yuji_Syuku_0064.png,3,False,True,False
data/v2/processed/fontsense_v2/images/train/serif/Domine/Domine_0052.png,data/v2/processed/fontsense_v2/images/train/serif/IM_Fell_Great_Primer/IM_Fell_Great_Primer_0076.png,3,False,True,False
data/v2/processed/fontsense_v2/images/train/serif/Domine/Domine_0052.png,data/v2/processed/fontsense_v2/images/train/serif/Noto_Serif_Ahom/Noto_Serif_Ahom_0067.png,3,False,True,False
data/v2/processed/fontsense_v2/images/train/serif/Domine/Domine_0053.png,data/v2/processed/fontsense_v2/images/train/serif/BatangChe/BatangChe_0041.png,3,False,True,False
data/v2/processed/fontsense_v2/images/train/serif/Domine/Domine_0053.png,data/v2/processed/fontsense_v2/images/train/serif/Sanchez/Sanchez_0006.png,3,False,True,False
data/v2/processed/fontsense_v2/images/train/serif/Domine/Domine_0053.png,data/v2/processed/fontsense_v2/images/train/serif/Sanchez/Sanchez_0062.png,3,False,True,False
data/v2/processed/fontsense_v2/images/train/serif/Domine/Domine_0053.png,data/v2/processed/fontsense_v2/images/train/serif/Sanchez/Sanchez_0078.png,3,False,True,False
data/v2/processed/fontsense_v2/images/train/serif/Domine/Domine_0056.png,data/v2/processed/fontsense_v2/images/train/serif/BatangChe/BatangChe_0027.png,3,False,True,False
data/v2/processed/fontsense_v2/images/train/serif/Domine/Domine_0060.png,data/v2/processed/fontsense_v2/images/train/serif/Domine/Domine_0062.png,3,True,True,False
data/v2/processed/fontsense_v2/images/train/serif/Domine/Domine_0060.png,data/v2/processed/fontsense_v2/images/train/serif/BatangChe/BatangChe_0067.png,3,False,True,False
data/v2/processed/fontsense_v2/images/train/serif/Domine/Domine_0060.png,data/v2/processed/fontsense_v2/images/train/serif/Rokkitt/Rokkitt_0042.png,3,False,True,False
data/v2/processed/fontsense_v2/images/train/serif/Domine/Domine_0060.png,data/v2/processed/fontsense_v2/images/train/serif/Quattrocento/Quattrocento_0015.png,3,False,True,False
data/v2/processed/fontsense_v2/images/train/serif/Domine/Domine_0060.png,data/v2/processed/fontsense_v2/images/train/serif/Quattrocento/Quattrocento_0052.png,3,False,True,False
data/v2/processed/fontsense_v2/images/train/serif/Domine/Domine_0060.png,data/v2/processed/fontsense_v2/images/train/serif/Quattrocento/Quattrocento_0061.png,3,False,True,False
data/v2/processed/fontsense_v2/images/train/serif/Domine/Domine_0060.png,data/v2/processed/fontsense_v2/images/train/serif/IM_Fell_Great_Primer/IM_Fell_Great_Primer_0090.png,3,False,True,False
data/v2/processed/fontsense_v2/images/train/serif/Domine/Domine_0060.png,data/v2/processed/fontsense_v2/images/train/serif/Noto_Serif_Ahom/Noto_Serif_Ahom_0046.png,3,False,True,False
data/v2/processed/fontsense_v2/images/train/serif/Domine/Domine_0062.png,data/v2/processed/fontsense_v2/images/train/serif/Yuji_Syuku/Yuji_Syuku_0029.png,3,False,True,False
data/v2/processed/fontsense_v2/images/train/serif/Domine/Domine_0066.png,data/v2/processed/fontsense_v2/images/train/serif/Libre_Caslon_Text/Libre_Caslon_Text_0044.png,3,False,True,False
data/v2/processed/fontsense_v2/images/train/serif/Domine/Domine_0067.png,data/v2/processed/fontsense_v2/images/train/serif/Sanchez/Sanchez_0027.png,3,False,True,False
data/v2/processed/fontsense_v2/images/train/serif/Domine/Domine_0068.png,data/v2/processed/fontsense_v2/images/train/serif/BatangChe/BatangChe_0041.png,3,False,True,False
data/v2/processed/fontsense_v2/images/train/serif/Domine/Domine_0068.png,data/v2/processed/fontsense_v2/images/train/serif/Sanchez/Sanchez_0062.png,3,False,True,False
data/v2/processed/fontsense_v2/images/train/serif/Domine/Domine_0069.png,data/v2/processed/fontsense_v2/images/train/serif/Domine/Domine_0091.png,3,True,True,False
data/v2/processed/fontsense_v2/images/train/serif/Domine/Domine_0073.png,data/v2/processed/fontsense_v2/images/train/serif/BatangChe/BatangChe_0044.png,3,False,True,False
data/v2/processed/fontsense_v2/images/train/serif/Domine/Domine_0073.png,data/v2/processed/fontsense_v2/images/train/serif/Quattrocento/Quattrocento_0096.png,3,False,True,False
data/v2/processed/fontsense_v2/images/train/serif/Domine/Domine_0073.png,data/v2/processed/fontsense_v2/images/train/serif/IM_Fell_Great_Primer/IM_Fell_Great_Primer_0041.png,3,False,True,False
data/v2/processed/fontsense_v2/images/train/serif/Domine/Domine_0078.png,data/v2/processed/fontsense_v2/images/train/serif/BatangChe/BatangChe_0080.png,3,False,True,False
data/v2/processed/fontsense_v2/images/train/serif/Domine/Domine_0078.png,data/v2/processed/fontsense_v2/images/train/serif/Quattrocento/Quattrocento_0048.png,3,False,True,False
data/v2/processed/fontsense_v2/images/train/serif/Domine/Domine_0078.png,data/v2/processed/fontsense_v2/images/train/serif/Noto_Serif_Ahom/Noto_Serif_Ahom_0060.png,3,False,True,False
data/v2/processed/fontsense_v2/images/train/serif/Domine/Domine_0080.png,data/v2/processed/fontsense_v2/images/train/serif/BatangChe/BatangChe_0071.png,3,False,True,False
data/v2/processed/fontsense_v2/images/train/serif/Domine/Domine_0083.png,data/v2/processed/fontsense_v2/images/train/serif/Sanchez/Sanchez_0076.png,3,False,True,False
data/v2/processed/fontsense_v2/images/train/serif/Domine/Domine_0084.png,data/v2/processed/fontsense_v2/images/train/serif/Sanchez/Sanchez_0080.png,3,False,True,False
data/v2/processed/fontsense_v2/images/train/serif/Domine/Domine_0090.png,data/v2/processed/fontsense_v2/images/train/serif/BatangChe/BatangChe_0044.png,3,False,True,False
data/v2/processed/fontsense_v2/images/train/serif/Domine/Domine_0091.png,data/v2/processed/fontsense_v2/images/train/serif/BatangChe/BatangChe_0018.png,3,False,True,False
data/v2/processed/fontsense_v2/images/train/serif/Domine/Domine_0091.png,data/v2/processed/fontsense_v2/images/train/serif/BatangChe/BatangChe_0045.png,3,False,True,False
data/v2/processed/fontsense_v2/images/train/serif/Domine/Domine_0092.png,data/v2/processed/fontsense_v2/images/train/serif/BatangChe/BatangChe_0002.png,3,False,True,False
data/v2/processed/fontsense_v2/images/train/serif/Domine/Domine_0097.png,data/v2/processed/fontsense_v2/images/train/serif/Sanchez/Sanchez_0060.png,3,False,True,False
data/v2/processed/fontsense_v2/images/train/serif/Domine/Domine_0099.png,data/v2/processed/fontsense_v2/images/train/serif/Noto_Serif_Ahom/Noto_Serif_Ahom_0028.png,3,False,True,False
data/v2/processed/fontsense_v2/images/train/serif/IM_Fell_Great_Primer/IM_Fell_Great_Primer_0002.png,data/v2/processed/fontsense_v2/images/train/serif/IM_Fell_Great_Primer/IM_Fell_Great_Primer_0004.png,3,True,True,False
data/v2/processed/fontsense_v2/images/train/serif/IM_Fell_Great_Primer/IM_Fell_Great_Primer_0002.png,data/v2/processed/fontsense_v2/images/train/serif/Noto_Serif_Ahom/Noto_Serif_Ahom_0018.png,3,False,True,False
data/v2/processed/fontsense_v2/images/train/serif/IM_Fell_Great_Primer/IM_Fell_Great_Primer_0003.png,data/v2/processed/fontsense_v2/images/train/serif/IM_Fell_Great_Primer/IM_Fell_Great_Primer_0032.png,3,True,True,False
data/v2/processed/fontsense_v2/images/train/serif/IM_Fell_Great_Primer/IM_Fell_Great_Primer_0003.png,data/v2/processed/fontsense_v2/images/train/serif/IM_Fell_Great_Primer/IM_Fell_Great_Primer_0069.png,3,True,True,False
data/v2/processed/fontsense_v2/images/train/serif/IM_Fell_Great_Primer/IM_Fell_Great_Primer_0004.png,data/v2/processed/fontsense_v2/images/train/serif/Noto_Serif_Ahom/Noto_Serif_Ahom_0050.png,3,False,True,False
data/v2/processed/fontsense_v2/images/train/serif/IM_Fell_Great_Primer/IM_Fell_Great_Primer_0004.png,data/v2/processed/fontsense_v2/images/train/serif/Noto_Serif_Ahom/Noto_Serif_Ahom_0051.png,3,False,True,False
data/v2/processed/fontsense_v2/images/train/serif/IM_Fell_Great_Primer/IM_Fell_Great_Primer_0005.png,data/v2/processed/fontsense_v2/images/train/serif/IM_Fell_Great_Primer/IM_Fell_Great_Primer_0088.png,3,True,True,False
data/v2/processed/fontsense_v2/images/train/serif/IM_Fell_Great_Primer/IM_Fell_Great_Primer_0009.png,data/v2/processed/fontsense_v2/images/train/serif/Noto_Serif_Ahom/Noto_Serif_Ahom_0003.png,3,False,True,False
data/v2/processed/fontsense_v2/images/train/serif/IM_Fell_Great_Primer/IM_Fell_Great_Primer_0010.png,data/v2/processed/fontsense_v2/images/train/serif/IM_Fell_Great_Primer/IM_Fell_Great_Primer_0012.png,3,True,True,False
data/v2/processed/fontsense_v2/images/train/serif/IM_Fell_Great_Primer/IM_Fell_Great_Primer_0011.png,data/v2/processed/fontsense_v2/images/train/serif/IM_Fell_Great_Primer/IM_Fell_Great_Primer_0019.png,3,True,True,False
data/v2/processed/fontsense_v2/images/train/serif/IM_Fell_Great_Primer/IM_Fell_Great_Primer_0012.png,data/v2/processed/fontsense_v2/images/train/serif/IM_Fell_Great_Primer/IM_Fell_Great_Primer_0066.png,3,True,True,False
data/v2/processed/fontsense_v2/images/train/serif/IM_Fell_Great_Primer/IM_Fell_Great_Primer_0012.png,data/v2/processed/fontsense_v2/images/train/serif/IM_Fell_Great_Primer/IM_Fell_Great_Primer_0093.png,3,True,True,False
data/v2/processed/fontsense_v2/images/train/serif/IM_Fell_Great_Primer/IM_Fell_Great_Primer_0013.png,data/v2/processed/fontsense_v2/images/train/serif/Noto_Serif_Ahom/Noto_Serif_Ahom_0038.png,3,False,True,False
data/v2/processed/fontsense_v2/images/train/serif/IM_Fell_Great_Primer/IM_Fell_Great_Primer_0016.png,data/v2/processed/fontsense_v2/images/train/serif/IM_Fell_Great_Primer/IM_Fell_Great_Primer_0033.png,3,True,True,False
data/v2/processed/fontsense_v2/images/train/serif/IM_Fell_Great_Primer/IM_Fell_Great_Primer_0018.png,data/v2/processed/fontsense_v2/images/train/serif/IM_Fell_Great_Primer/IM_Fell_Great_Primer_0052.png,3,True,True,False
data/v2/processed/fontsense_v2/images/train/serif/IM_Fell_Great_Primer/IM_Fell_Great_Primer_0021.png,data/v2/processed/fontsense_v2/images/train/serif/Noto_Serif_Ahom/Noto_Serif_Ahom_0046.png,3,False,True,False
data/v2/processed/fontsense_v2/images/train/serif/IM_Fell_Great_Primer/IM_Fell_Great_Primer_0030.png,data/v2/processed/fontsense_v2/images/train/serif/IM_Fell_Great_Primer/IM_Fell_Great_Primer_0065.png,3,True,True,False
data/v2/processed/fontsense_v2/images/train/serif/IM_Fell_Great_Primer/IM_Fell_Great_Primer_0030.png,data/v2/processed/fontsense_v2/images/train/serif/Noto_Serif_Ahom/Noto_Serif_Ahom_0035.png,3,False,True,False
data/v2/processed/fontsense_v2/images/train/serif/IM_Fell_Great_Primer/IM_Fell_Great_Primer_0032.png,data/v2/processed/fontsense_v2/images/train/serif/IM_Fell_Great_Primer/IM_Fell_Great_Primer_0037.png,3,True,True,False
data/v2/processed/fontsense_v2/images/train/serif/IM_Fell_Great_Primer/IM_Fell_Great_Primer_0032.png,data/v2/processed/fontsense_v2/images/train/serif/Noto_Serif_Ahom/Noto_Serif_Ahom_0049.png,3,False,True,False
data/v2/processed/fontsense_v2/images/train/serif/IM_Fell_Great_Primer/IM_Fell_Great_Primer_0032.png,data/v2/processed/fontsense_v2/images/train/serif/Noto_Serif_Ahom/Noto_Serif_Ahom_0059.png,3,False,True,False
data/v2/processed/fontsense_v2/images/train/serif/IM_Fell_Great_Primer/IM_Fell_Great_Primer_0034.png,data/v2/processed/fontsense_v2/images/train/serif/Noto_Serif_Ahom/Noto_Serif_Ahom_0026.png,3,False,True,False
data/v2/processed/fontsense_v2/images/train/serif/IM_Fell_Great_Primer/IM_Fell_Great_Primer_0039.png,data/v2/processed/fontsense_v2/images/train/serif/IM_Fell_Great_Primer/IM_Fell_Great_Primer_0079.png,3,True,True,False
data/v2/processed/fontsense_v2/images/train/serif/IM_Fell_Great_Primer/IM_Fell_Great_Primer_0039.png,data/v2/processed/fontsense_v2/images/train/serif/Noto_Serif_Ahom/Noto_Serif_Ahom_0035.png,3,False,True,False
data/v2/processed/fontsense_v2/images/train/serif/IM_Fell_Great_Primer/IM_Fell_Great_Primer_0047.png,data/v2/processed/fontsense_v2/images/train/serif/IM_Fell_Great_Primer/IM_Fell_Great_Primer_0062.png,3,True,True,False
data/v2/processed/fontsense_v2/images/train/serif/IM_Fell_Great_Primer/IM_Fell_Great_Primer_0052.png,data/v2/processed/fontsense_v2/images/train/serif/Noto_Serif_Ahom/Noto_Serif_Ahom_0048.png,3,False,True,False
data/v2/processed/fontsense_v2/images/train/serif/IM_Fell_Great_Primer/IM_Fell_Great_Primer_0053.png,data/v2/processed/fontsense_v2/images/train/serif/Noto_Serif_Ahom/Noto_Serif_Ahom_0029.png,3,False,True,False
data/v2/processed/fontsense_v2/images/train/serif/IM_Fell_Great_Primer/IM_Fell_Great_Primer_0055.png,data/v2/processed/fontsense_v2/images/train/serif/IM_Fell_Great_Primer/IM_Fell_Great_Primer_0088.png,3,True,True,False
data/v2/processed/fontsense_v2/images/train/serif/IM_Fell_Great_Primer/IM_Fell_Great_Primer_0062.png,data/v2/processed/fontsense_v2/images/train/serif/IM_Fell_Great_Primer/IM_Fell_Great_Primer_0065.png,3,True,True,False
data/v2/processed/fontsense_v2/images/train/serif/IM_Fell_Great_Primer/IM_Fell_Great_Primer_0062.png,data/v2/processed/fontsense_v2/images/train/serif/Noto_Serif_Ahom/Noto_Serif_Ahom_0069.png,3,False,True,False
data/v2/processed/fontsense_v2/images/train/serif/IM_Fell_Great_Primer/IM_Fell_Great_Primer_0063.png,data/v2/processed/fontsense_v2/images/train/serif/Noto_Serif_Ahom/Noto_Serif_Ahom_0034.png,3,False,True,False
data/v2/processed/fontsense_v2/images/train/serif/IM_Fell_Great_Primer/IM_Fell_Great_Primer_0064.png,data/v2/processed/fontsense_v2/images/train/serif/IM_Fell_Great_Primer/IM_Fell_Great_Primer_0065.png,3,True,True,False
data/v2/processed/fontsense_v2/images/train/serif/IM_Fell_Great_Primer/IM_Fell_Great_Primer_0065.png,data/v2/processed/fontsense_v2/images/train/serif/IM_Fell_Great_Primer/IM_Fell_Great_Primer_0093.png,3,True,True,False
data/v2/processed/fontsense_v2/images/train/serif/IM_Fell_Great_Primer/IM_Fell_Great_Primer_0065.png,data/v2/processed/fontsense_v2/images/train/serif/Noto_Serif_Ahom/Noto_Serif_Ahom_0030.png,3,False,True,False
data/v2/processed/fontsense_v2/images/train/serif/IM_Fell_Great_Primer/IM_Fell_Great_Primer_0066.png,data/v2/processed/fontsense_v2/images/train/serif/IM_Fell_Great_Primer/IM_Fell_Great_Primer_0076.png,3,True,True,False
data/v2/processed/fontsense_v2/images/train/serif/IM_Fell_Great_Primer/IM_Fell_Great_Primer_0066.png,data/v2/processed/fontsense_v2/images/train/serif/Noto_Serif_Ahom/Noto_Serif_Ahom_0029.png,3,False,True,False
data/v2/processed/fontsense_v2/images/train/serif/IM_Fell_Great_Primer/IM_Fell_Great_Primer_0066.png,data/v2/processed/fontsense_v2/images/train/serif/Noto_Serif_Ahom/Noto_Serif_Ahom_0035.png,3,False,True,False
data/v2/processed/fontsense_v2/images/train/serif/IM_Fell_Great_Primer/IM_Fell_Great_Primer_0066.png,data/v2/processed/fontsense_v2/images/train/serif/Noto_Serif_Ahom/Noto_Serif_Ahom_0060.png,3,False,True,False
data/v2/processed/fontsense_v2/images/train/serif/IM_Fell_Great_Primer/IM_Fell_Great_Primer_0069.png,data/v2/processed/fontsense_v2/images/train/serif/IM_Fell_Great_Primer/IM_Fell_Great_Primer_0099.png,3,True,True,False
data/v2/processed/fontsense_v2/images/train/serif/IM_Fell_Great_Primer/IM_Fell_Great_Primer_0072.png,data/v2/processed/fontsense_v2/images/train/serif/Noto_Serif_Ahom/Noto_Serif_Ahom_0043.png,3,False,True,False
data/v2/processed/fontsense_v2/images/train/serif/IM_Fell_Great_Primer/IM_Fell_Great_Primer_0072.png,data/v2/processed/fontsense_v2/images/train/serif/Noto_Serif_Ahom/Noto_Serif_Ahom_0064.png,3,False,True,False
data/v2/processed/fontsense_v2/images/train/serif/IM_Fell_Great_Primer/IM_Fell_Great_Primer_0073.png,data/v2/processed/fontsense_v2/images/train/serif/Noto_Serif_Ahom/Noto_Serif_Ahom_0045.png,3,False,True,False
data/v2/processed/fontsense_v2/images/train/serif/IM_Fell_Great_Primer/IM_Fell_Great_Primer_0076.png,data/v2/processed/fontsense_v2/images/train/serif/IM_Fell_Great_Primer/IM_Fell_Great_Primer_0090.png,3,True,True,False
data/v2/processed/fontsense_v2/images/train/serif/IM_Fell_Great_Primer/IM_Fell_Great_Primer_0077.png,data/v2/processed/fontsense_v2/images/train/serif/IM_Fell_Great_Primer/IM_Fell_Great_Primer_0096.png,3,True,True,False
data/v2/processed/fontsense_v2/images/train/serif/IM_Fell_Great_Primer/IM_Fell_Great_Primer_0079.png,data/v2/processed/fontsense_v2/images/train/serif/IM_Fell_Great_Primer/IM_Fell_Great_Primer_0090.png,3,True,True,False
data/v2/processed/fontsense_v2/images/train/serif/IM_Fell_Great_Primer/IM_Fell_Great_Primer_0079.png,data/v2/processed/fontsense_v2/images/train/serif/IM_Fell_Great_Primer/IM_Fell_Great_Primer_0093.png,3,True,True,False
data/v2/processed/fontsense_v2/images/train/serif/IM_Fell_Great_Primer/IM_Fell_Great_Primer_0083.png,data/v2/processed/fontsense_v2/images/train/serif/Noto_Serif_Ahom/Noto_Serif_Ahom_0005.png,3,False,True,False
data/v2/processed/fontsense_v2/images/train/serif/IM_Fell_Great_Primer/IM_Fell_Great_Primer_0090.png,data/v2/processed/fontsense_v2/images/train/serif/IM_Fell_Great_Primer/IM_Fell_Great_Primer_0098.png,3,True,True,False
data/v2/processed/fontsense_v2/images/train/serif/IM_Fell_Great_Primer/IM_Fell_Great_Primer_0090.png,data/v2/processed/fontsense_v2/images/train/serif/Noto_Serif_Ahom/Noto_Serif_Ahom_0069.png,3,False,True,False
data/v2/processed/fontsense_v2/images/train/serif/IM_Fell_Great_Primer/IM_Fell_Great_Primer_0093.png,data/v2/processed/fontsense_v2/images/train/serif/Noto_Serif_Ahom/Noto_Serif_Ahom_0035.png,3,False,True,False
data/v2/processed/fontsense_v2/images/train/serif/Libre_Caslon_Text/Libre_Caslon_Text_0000.png,data/v2/processed/fontsense_v2/images/train/serif/Sanchez/Sanchez_0004.png,3,False,True,False
data/v2/processed/fontsense_v2/images/train/serif/Libre_Caslon_Text/Libre_Caslon_Text_0000.png,data/v2/processed/fontsense_v2/images/train/serif/Sanchez/Sanchez_0060.png,3,False,True,False
data/v2/processed/fontsense_v2/images/train/serif/Libre_Caslon_Text/Libre_Caslon_Text_0004.png,data/v2/processed/fontsense_v2/images/train/serif/Libre_Caslon_Text/Libre_Caslon_Text_0017.png,3,True,True,False
data/v2/processed/fontsense_v2/images/train/serif/Libre_Caslon_Text/Libre_Caslon_Text_0004.png,data/v2/processed/fontsense_v2/images/train/serif/Libre_Caslon_Text/Libre_Caslon_Text_0048.png,3,True,True,False
data/v2/processed/fontsense_v2/images/train/serif/Libre_Caslon_Text/Libre_Caslon_Text_0004.png,data/v2/processed/fontsense_v2/images/train/serif/Sanchez/Sanchez_0031.png,3,False,True,False
data/v2/processed/fontsense_v2/images/train/serif/Libre_Caslon_Text/Libre_Caslon_Text_0004.png,data/v2/processed/fontsense_v2/images/train/serif/Sanchez/Sanchez_0075.png,3,False,True,False
data/v2/processed/fontsense_v2/images/train/serif/Libre_Caslon_Text/Libre_Caslon_Text_0004.png,data/v2/processed/fontsense_v2/images/train/serif/IM_Fell_Great_Primer/IM_Fell_Great_Primer_0072.png,3,False,True,False
data/v2/processed/fontsense_v2/images/train/serif/Libre_Caslon_Text/Libre_Caslon_Text_0008.png,data/v2/processed/fontsense_v2/images/train/serif/Quattrocento/Quattrocento_0052.png,3,False,True,False
data/v2/processed/fontsense_v2/images/train/serif/Libre_Caslon_Text/Libre_Caslon_Text_0009.png,data/v2/processed/fontsense_v2/images/train/serif/Libre_Caslon_Text/Libre_Caslon_Text_0045.png,3,True,True,False
data/v2/processed/fontsense_v2/images/train/serif/Libre_Caslon_Text/Libre_Caslon_Text_0009.png,data/v2/processed/fontsense_v2/images/train/serif/Rokkitt/Rokkitt_0086.png,3,False,True,False
data/v2/processed/fontsense_v2/images/train/serif/Libre_Caslon_Text/Libre_Caslon_Text_0009.png,data/v2/processed/fontsense_v2/images/train/serif/Rokkitt/Rokkitt_0089.png,3,False,True,False
data/v2/processed/fontsense_v2/images/train/serif/Libre_Caslon_Text/Libre_Caslon_Text_0009.png,data/v2/processed/fontsense_v2/images/train/serif/Sanchez/Sanchez_0028.png,3,False,True,False
data/v2/processed/fontsense_v2/images/train/serif/Libre_Caslon_Text/Libre_Caslon_Text_0009.png,data/v2/processed/fontsense_v2/images/train/serif/Sanchez/Sanchez_0075.png,3,False,True,False
data/v2/processed/fontsense_v2/images/train/serif/Libre_Caslon_Text/Libre_Caslon_Text_0011.png,data/v2/processed/fontsense_v2/images/train/serif/Noto_Serif_Ahom/Noto_Serif_Ahom_0064.png,3,False,True,False
data/v2/processed/fontsense_v2/images/train/serif/Libre_Caslon_Text/Libre_Caslon_Text_0013.png,data/v2/processed/fontsense_v2/images/train/serif/Sanchez/Sanchez_0054.png,3,False,True,False
data/v2/processed/fontsense_v2/images/train/serif/Libre_Caslon_Text/Libre_Caslon_Text_0017.png,data/v2/processed/fontsense_v2/images/train/serif/Rokkitt/Rokkitt_0069.png,3,False,True,False
data/v2/processed/fontsense_v2/images/train/serif/Libre_Caslon_Text/Libre_Caslon_Text_0017.png,data/v2/processed/fontsense_v2/images/train/serif/Sanchez/Sanchez_0062.png,3,False,True,False
data/v2/processed/fontsense_v2/images/train/serif/Libre_Caslon_Text/Libre_Caslon_Text_0022.png,data/v2/processed/fontsense_v2/images/train/serif/Quattrocento/Quattrocento_0061.png,3,False,True,False
data/v2/processed/fontsense_v2/images/train/serif/Libre_Caslon_Text/Libre_Caslon_Text_0022.png,data/v2/processed/fontsense_v2/images/train/serif/Sanchez/Sanchez_0095.png,3,False,True,False
data/v2/processed/fontsense_v2/images/train/serif/Libre_Caslon_Text/Libre_Caslon_Text_0030.png,data/v2/processed/fontsense_v2/images/train/serif/Noto_Serif_Ahom/Noto_Serif_Ahom_0027.png,3,False,True,False
data/v2/processed/fontsense_v2/images/train/serif/Libre_Caslon_Text/Libre_Caslon_Text_0030.png,data/v2/processed/fontsense_v2/images/train/serif/Noto_Serif_Ahom/Noto_Serif_Ahom_0040.png,3,False,True,False
data/v2/processed/fontsense_v2/images/train/serif/Libre_Caslon_Text/Libre_Caslon_Text_0030.png,data/v2/processed/fontsense_v2/images/train/serif/Noto_Serif_Ahom/Noto_Serif_Ahom_0049.png,3,False,True,False
data/v2/processed/fontsense_v2/images/train/serif/Libre_Caslon_Text/Libre_Caslon_Text_0031.png,data/v2/processed/fontsense_v2/images/train/serif/Rokkitt/Rokkitt_0044.png,3,False,True,False
data/v2/processed/fontsense_v2/images/train/serif/Libre_Caslon_Text/Libre_Caslon_Text_0031.png,data/v2/processed/fontsense_v2/images/train/serif/Sanchez/Sanchez_0082.png,3,False,True,False
data/v2/processed/fontsense_v2/images/train/serif/Libre_Caslon_Text/Libre_Caslon_Text_0031.png,data/v2/processed/fontsense_v2/images/train/serif/IM_Fell_Great_Primer/IM_Fell_Great_Primer_0063.png,3,False,True,False
data/v2/processed/fontsense_v2/images/train/serif/Libre_Caslon_Text/Libre_Caslon_Text_0033.png,data/v2/processed/fontsense_v2/images/train/serif/Rokkitt/Rokkitt_0098.png,3,False,True,False
data/v2/processed/fontsense_v2/images/train/serif/Libre_Caslon_Text/Libre_Caslon_Text_0033.png,data/v2/processed/fontsense_v2/images/train/serif/Noto_Serif_Ahom/Noto_Serif_Ahom_0056.png,3,False,True,False
data/v2/processed/fontsense_v2/images/train/serif/Libre_Caslon_Text/Libre_Caslon_Text_0034.png,data/v2/processed/fontsense_v2/images/train/serif/Sanchez/Sanchez_0084.png,3,False,True,False
data/v2/processed/fontsense_v2/images/train/serif/Libre_Caslon_Text/Libre_Caslon_Text_0045.png,data/v2/processed/fontsense_v2/images/train/serif/Rokkitt/Rokkitt_0065.png,3,False,True,False
data/v2/processed/fontsense_v2/images/train/serif/Libre_Caslon_Text/Libre_Caslon_Text_0048.png,data/v2/processed/fontsense_v2/images/train/serif/Libre_Caslon_Text/Libre_Caslon_Text_0086.png,3,True,True,False
data/v2/processed/fontsense_v2/images/train/serif/Libre_Caslon_Text/Libre_Caslon_Text_0048.png,data/v2/processed/fontsense_v2/images/train/serif/Rokkitt/Rokkitt_0069.png,3,False,True,False
data/v2/processed/fontsense_v2/images/train/serif/Libre_Caslon_Text/Libre_Caslon_Text_0048.png,data/v2/processed/fontsense_v2/images/train/serif/Sanchez/Sanchez_0001.png,3,False,True,False
data/v2/processed/fontsense_v2/images/train/serif/Libre_Caslon_Text/Libre_Caslon_Text_0048.png,data/v2/processed/fontsense_v2/images/train/serif/IM_Fell_Great_Primer/IM_Fell_Great_Primer_0032.png,3,False,True,False
data/v2/processed/fontsense_v2/images/train/serif/Libre_Caslon_Text/Libre_Caslon_Text_0049.png,data/v2/processed/fontsense_v2/images/train/serif/Sanchez/Sanchez_0050.png,3,False,True,False
data/v2/processed/fontsense_v2/images/train/serif/Libre_Caslon_Text/Libre_Caslon_Text_0053.png,data/v2/processed/fontsense_v2/images/train/serif/Rokkitt/Rokkitt_0016.png,3,False,True,False
data/v2/processed/fontsense_v2/images/train/serif/Libre_Caslon_Text/Libre_Caslon_Text_0059.png,data/v2/processed/fontsense_v2/images/train/serif/Quattrocento/Quattrocento_0049.png,3,False,True,False
data/v2/processed/fontsense_v2/images/train/serif/Libre_Caslon_Text/Libre_Caslon_Text_0059.png,data/v2/processed/fontsense_v2/images/train/serif/IM_Fell_Great_Primer/IM_Fell_Great_Primer_0014.png,3,False,True,False
data/v2/processed/fontsense_v2/images/train/serif/Libre_Caslon_Text/Libre_Caslon_Text_0078.png,data/v2/processed/fontsense_v2/images/train/serif/Rokkitt/Rokkitt_0006.png,3,False,True,False
data/v2/processed/fontsense_v2/images/train/serif/Libre_Caslon_Text/Libre_Caslon_Text_0081.png,data/v2/processed/fontsense_v2/images/train/serif/Noto_Serif_Ahom/Noto_Serif_Ahom_0032.png,3,False,True,False
data/v2/processed/fontsense_v2/images/train/serif/Libre_Caslon_Text/Libre_Caslon_Text_0082.png,data/v2/processed/fontsense_v2/images/train/serif/Libre_Caslon_Text/Libre_Caslon_Text_0089.png,3,True,True,False
data/v2/processed/fontsense_v2/images/train/serif/Libre_Caslon_Text/Libre_Caslon_Text_0083.png,data/v2/processed/fontsense_v2/images/train/serif/Noto_Serif_Ahom/Noto_Serif_Ahom_0024.png,3,False,True,False
data/v2/processed/fontsense_v2/images/train/serif/Libre_Caslon_Text/Libre_Caslon_Text_0093.png,data/v2/processed/fontsense_v2/images/train/serif/Sanchez/Sanchez_0054.png,3,False,True,False
data/v2/processed/fontsense_v2/images/train/serif/Lisu_Bosa/Lisu_Bosa_0000.png,data/v2/processed/fontsense_v2/images/train/serif/Lisu_Bosa/Lisu_Bosa_0045.png,3,True,True,False
data/v2/processed/fontsense_v2/images/train/serif/Lisu_Bosa/Lisu_Bosa_0000.png,data/v2/processed/fontsense_v2/images/train/serif/Lisu_Bosa/Lisu_Bosa_0057.png,3,True,True,False
data/v2/processed/fontsense_v2/images/train/serif/Lisu_Bosa/Lisu_Bosa_0002.png,data/v2/processed/fontsense_v2/images/train/serif/Lisu_Bosa/Lisu_Bosa_0009.png,3,True,True,False
data/v2/processed/fontsense_v2/images/train/serif/Lisu_Bosa/Lisu_Bosa_0002.png,data/v2/processed/fontsense_v2/images/train/serif/Lisu_Bosa/Lisu_Bosa_0042.png,3,True,True,False
data/v2/processed/fontsense_v2/images/train/serif/Lisu_Bosa/Lisu_Bosa_0002.png,data/v2/processed/fontsense_v2/images/train/serif/Lisu_Bosa/Lisu_Bosa_0052.png,3,True,True,False
data/v2/processed/fontsense_v2/images/train/serif/Lisu_Bosa/Lisu_Bosa_0002.png,data/v2/processed/fontsense_v2/images/train/serif/Lisu_Bosa/Lisu_Bosa_0070.png,3,True,True,False
data/v2/processed/fontsense_v2/images/train/serif/Lisu_Bosa/Lisu_Bosa_0003.png,data/v2/processed/fontsense_v2/images/train/serif/Lisu_Bosa/Lisu_Bosa_0004.png,3,True,True,False
data/v2/processed/fontsense_v2/images/train/serif/Lisu_Bosa/Lisu_Bosa_0003.png,data/v2/processed/fontsense_v2/images/train/serif/Lisu_Bosa/Lisu_Bosa_0012.png,3,True,True,False
data/v2/processed/fontsense_v2/images/train/serif/Lisu_Bosa/Lisu_Bosa_0003.png,data/v2/processed/fontsense_v2/images/train/serif/Lisu_Bosa/Lisu_Bosa_0015.png,3,True,True,False
data/v2/processed/fontsense_v2/images/train/serif/Lisu_Bosa/Lisu_Bosa_0003.png,data/v2/processed/fontsense_v2/images/train/serif/Lisu_Bosa/Lisu_Bosa_0038.png,3,True,True,False
data/v2/processed/fontsense_v2/images/train/serif/Lisu_Bosa/Lisu_Bosa_0003.png,data/v2/processed/fontsense_v2/images/train/serif/Lisu_Bosa/Lisu_Bosa_0043.png,3,True,True,False
data/v2/processed/fontsense_v2/images/train/serif/Lisu_Bosa/Lisu_Bosa_0003.png,data/v2/processed/fontsense_v2/images/train/serif/Lisu_Bosa/Lisu_Bosa_0054.png,3,True,True,False
data/v2/processed/fontsense_v2/images/train/serif/Lisu_Bosa/Lisu_Bosa_0003.png,data/v2/processed/fontsense_v2/images/train/serif/Lisu_Bosa/Lisu_Bosa_0069.png,3,True,True,False
data/v2/processed/fontsense_v2/images/train/serif/Lisu_Bosa/Lisu_Bosa_0003.png,data/v2/processed/fontsense_v2/images/train/serif/Lisu_Bosa/Lisu_Bosa_0088.png,3,True,True,False
data/v2/processed/fontsense_v2/images/train/serif/Lisu_Bosa/Lisu_Bosa_0003.png,data/v2/processed/fontsense_v2/images/train/serif/Lisu_Bosa/Lisu_Bosa_0098.png,3,True,True,False
data/v2/processed/fontsense_v2/images/train/serif/Lisu_Bosa/Lisu_Bosa_0003.png,data/v2/processed/fontsense_v2/images/train/serif/Rokkitt/Rokkitt_0005.png,3,False,True,False
data/v2/processed/fontsense_v2/images/train/serif/Lisu_Bosa/Lisu_Bosa_0004.png,data/v2/processed/fontsense_v2/images/train/serif/Lisu_Bosa/Lisu_Bosa_0006.png,3,True,True,False
data/v2/processed/fontsense_v2/images/train/serif/Lisu_Bosa/Lisu_Bosa_0004.png,data/v2/processed/fontsense_v2/images/train/serif/Lisu_Bosa/Lisu_Bosa_0009.png,3,True,True,False
data/v2/processed/fontsense_v2/images/train/serif/Lisu_Bosa/Lisu_Bosa_0004.png,data/v2/processed/fontsense_v2/images/train/serif/Lisu_Bosa/Lisu_Bosa_0018.png,3,True,True,False
data/v2/processed/fontsense_v2/images/train/serif/Lisu_Bosa/Lisu_Bosa_0004.png,data/v2/processed/fontsense_v2/images/train/serif/Lisu_Bosa/Lisu_Bosa_0036.png,3,True,True,False
data/v2/processed/fontsense_v2/images/train/serif/Lisu_Bosa/Lisu_Bosa_0004.png,data/v2/processed/fontsense_v2/images/train/serif/Lisu_Bosa/Lisu_Bosa_0039.png,3,True,True,False
data/v2/processed/fontsense_v2/images/train/serif/Lisu_Bosa/Lisu_Bosa_0004.png,data/v2/processed/fontsense_v2/images/train/serif/Lisu_Bosa/Lisu_Bosa_0042.png,3,True,True,False
data/v2/processed/fontsense_v2/images/train/serif/Lisu_Bosa/Lisu_Bosa_0004.png,data/v2/processed/fontsense_v2/images/train/serif/Lisu_Bosa/Lisu_Bosa_0049.png,3,True,True,False
data/v2/processed/fontsense_v2/images/train/serif/Lisu_Bosa/Lisu_Bosa_0004.png,data/v2/processed/fontsense_v2/images/train/serif/Lisu_Bosa/Lisu_Bosa_0051.png,3,True,True,False
data/v2/processed/fontsense_v2/images/train/serif/Lisu_Bosa/Lisu_Bosa_0004.png,data/v2/processed/fontsense_v2/images/train/serif/Lisu_Bosa/Lisu_Bosa_0053.png,3,True,True,False
data/v2/processed/fontsense_v2/images/train/serif/Lisu_Bosa/Lisu_Bosa_0004.png,data/v2/processed/fontsense_v2/images/train/serif/Lisu_Bosa/Lisu_Bosa_0082.png,3,True,True,False
data/v2/processed/fontsense_v2/images/train/serif/Lisu_Bosa/Lisu_Bosa_0004.png,data/v2/processed/fontsense_v2/images/train/serif/Lisu_Bosa/Lisu_Bosa_0083.png,3,True,True,False
data/v2/processed/fontsense_v2/images/train/serif/Lisu_Bosa/Lisu_Bosa_0004.png,data/v2/processed/fontsense_v2/images/train/serif/Lisu_Bosa/Lisu_Bosa_0096.png,3,True,True,False
data/v2/processed/fontsense_v2/images/train/serif/Lisu_Bosa/Lisu_Bosa_0005.png,data/v2/processed/fontsense_v2/images/train/serif/Lisu_Bosa/Lisu_Bosa_0046.png,3,True,True,False
data/v2/processed/fontsense_v2/images/train/serif/Lisu_Bosa/Lisu_Bosa_0005.png,data/v2/processed/fontsense_v2/images/train/serif/Lisu_Bosa/Lisu_Bosa_0066.png,3,True,True,False
data/v2/processed/fontsense_v2/images/train/serif/Lisu_Bosa/Lisu_Bosa_0006.png,data/v2/processed/fontsense_v2/images/train/serif/Lisu_Bosa/Lisu_Bosa_0015.png,3,True,True,False
data/v2/processed/fontsense_v2/images/train/serif/Lisu_Bosa/Lisu_Bosa_0006.png,data/v2/processed/fontsense_v2/images/train/serif/Lisu_Bosa/Lisu_Bosa_0034.png,3,True,True,False
data/v2/processed/fontsense_v2/images/train/serif/Lisu_Bosa/Lisu_Bosa_0006.png,data/v2/processed/fontsense_v2/images/train/serif/Lisu_Bosa/Lisu_Bosa_0035.png,3,True,True,False
data/v2/processed/fontsense_v2/images/train/serif/Lisu_Bosa/Lisu_Bosa_0006.png,data/v2/processed/fontsense_v2/images/train/serif/Lisu_Bosa/Lisu_Bosa_0043.png,3,True,True,False
data/v2/processed/fontsense_v2/images/train/serif/Lisu_Bosa/Lisu_Bosa_0006.png,data/v2/processed/fontsense_v2/images/train/serif/Lisu_Bosa/Lisu_Bosa_0069.png,3,True,True,False
data/v2/processed/fontsense_v2/images/train/serif/Lisu_Bosa/Lisu_Bosa_0006.png,data/v2/processed/fontsense_v2/images/train/serif/Lisu_Bosa/Lisu_Bosa_0071.png,3,True,True,False
data/v2/processed/fontsense_v2/images/train/serif/Lisu_Bosa/Lisu_Bosa_0006.png,data/v2/processed/fontsense_v2/images/train/serif/Lisu_Bosa/Lisu_Bosa_0072.png,3,True,True,False
data/v2/processed/fontsense_v2/images/train/serif/Lisu_Bosa/Lisu_Bosa_0006.png,data/v2/processed/fontsense_v2/images/train/serif/Lisu_Bosa/Lisu_Bosa_0080.png,3,True,True,False
data/v2/processed/fontsense_v2/images/train/serif/Lisu_Bosa/Lisu_Bosa_0006.png,data/v2/processed/fontsense_v2/images/train/serif/Lisu_Bosa/Lisu_Bosa_0087.png,3,True,True,False
data/v2/processed/fontsense_v2/images/train/serif/Lisu_Bosa/Lisu_Bosa_0006.png,data/v2/processed/fontsense_v2/images/train/serif/Lisu_Bosa/Lisu_Bosa_0088.png,3,True,True,False
data/v2/processed/fontsense_v2/images/train/serif/Lisu_Bosa/Lisu_Bosa_0006.png,data/v2/processed/fontsense_v2/images/train/serif/Lisu_Bosa/Lisu_Bosa_0094.png,3,True,True,False
data/v2/processed/fontsense_v2/images/train/serif/Lisu_Bosa/Lisu_Bosa_0006.png,data/v2/processed/fontsense_v2/images/train/serif/Rokkitt/Rokkitt_0088.png,3,False,True,False
data/v2/processed/fontsense_v2/images/train/serif/Lisu_Bosa/Lisu_Bosa_0007.png,data/v2/processed/fontsense_v2/images/train/serif/Lisu_Bosa/Lisu_Bosa_0055.png,3,True,True,False
data/v2/processed/fontsense_v2/images/train/serif/Lisu_Bosa/Lisu_Bosa_0007.png,data/v2/processed/fontsense_v2/images/train/serif/Lisu_Bosa/Lisu_Bosa_0066.png,3,True,True,False
data/v2/processed/fontsense_v2/images/train/serif/Lisu_Bosa/Lisu_Bosa_0007.png,data/v2/processed/fontsense_v2/images/train/serif/Lisu_Bosa/Lisu_Bosa_0074.png,3,True,True,False
data/v2/processed/fontsense_v2/images/train/serif/Lisu_Bosa/Lisu_Bosa_0007.png,data/v2/processed/fontsense_v2/images/train/serif/Lisu_Bosa/Lisu_Bosa_0099.png,3,True,True,False
data/v2/processed/fontsense_v2/images/train/serif/Lisu_Bosa/Lisu_Bosa_0008.png,data/v2/processed/fontsense_v2/images/train/serif/Lisu_Bosa/Lisu_Bosa_0055.png,3,True,True,False
data/v2/processed/fontsense_v2/images/train/serif/Lisu_Bosa/Lisu_Bosa_0008.png,data/v2/processed/fontsense_v2/images/train/serif/Lisu_Bosa/Lisu_Bosa_0063.png,3,True,True,False
data/v2/processed/fontsense_v2/images/train/serif/Lisu_Bosa/Lisu_Bosa_0008.png,data/v2/processed/fontsense_v2/images/train/serif/Lisu_Bosa/Lisu_Bosa_0074.png,3,True,True,False
data/v2/processed/fontsense_v2/images/train/serif/Lisu_Bosa/Lisu_Bosa_0008.png,data/v2/processed/fontsense_v2/images/train/serif/Lisu_Bosa/Lisu_Bosa_0099.png,3,True,True,False
data/v2/processed/fontsense_v2/images/train/serif/Lisu_Bosa/Lisu_Bosa_0009.png,data/v2/processed/fontsense_v2/images/train/serif/Lisu_Bosa/Lisu_Bosa_0011.png,3,True,True,False
data/v2/processed/fontsense_v2/images/train/serif/Lisu_Bosa/Lisu_Bosa_0009.png,data/v2/processed/fontsense_v2/images/train/serif/Lisu_Bosa/Lisu_Bosa_0015.png,3,True,True,False
data/v2/processed/fontsense_v2/images/train/serif/Lisu_Bosa/Lisu_Bosa_0009.png,data/v2/processed/fontsense_v2/images/train/serif/Lisu_Bosa/Lisu_Bosa_0017.png,3,True,True,False
data/v2/processed/fontsense_v2/images/train/serif/Lisu_Bosa/Lisu_Bosa_0009.png,data/v2/processed/fontsense_v2/images/train/serif/Lisu_Bosa/Lisu_Bosa_0029.png,3,True,True,False
data/v2/processed/fontsense_v2/images/train/serif/Lisu_Bosa/Lisu_Bosa_0009.png,data/v2/processed/fontsense_v2/images/train/serif/Lisu_Bosa/Lisu_Bosa_0038.png,3,True,True,False
data/v2/processed/fontsense_v2/images/train/serif/Lisu_Bosa/Lisu_Bosa_0009.png,data/v2/processed/fontsense_v2/images/train/serif/Lisu_Bosa/Lisu_Bosa_0054.png,3,True,True,False
data/v2/processed/fontsense_v2/images/train/serif/Lisu_Bosa/Lisu_Bosa_0009.png,data/v2/processed/fontsense_v2/images/train/serif/Lisu_Bosa/Lisu_Bosa_0067.png,3,True,True,False
data/v2/processed/fontsense_v2/images/train/serif/Lisu_Bosa/Lisu_Bosa_0009.png,data/v2/processed/fontsense_v2/images/train/serif/Lisu_Bosa/Lisu_Bosa_0069.png,3,True,True,False
data/v2/processed/fontsense_v2/images/train/serif/Lisu_Bosa/Lisu_Bosa_0009.png,data/v2/processed/fontsense_v2/images/train/serif/Lisu_Bosa/Lisu_Bosa_0080.png,3,True,True,False
data/v2/processed/fontsense_v2/images/train/serif/Lisu_Bosa/Lisu_Bosa_0009.png,data/v2/processed/fontsense_v2/images/train/serif/Lisu_Bosa/Lisu_Bosa_0088.png,3,True,True,False
data/v2/processed/fontsense_v2/images/train/serif/Lisu_Bosa/Lisu_Bosa_0009.png,data/v2/processed/fontsense_v2/images/train/serif/Lisu_Bosa/Lisu_Bosa_0098.png,3,True,True,False
data/v2/processed/fontsense_v2/images/train/serif/Lisu_Bosa/Lisu_Bosa_0009.png,data/v2/processed/fontsense_v2/images/train/serif/Rokkitt/Rokkitt_0019.png,3,False,True,False
data/v2/processed/fontsense_v2/images/train/serif/Lisu_Bosa/Lisu_Bosa_0010.png,data/v2/processed/fontsense_v2/images/train/serif/Lisu_Bosa/Lisu_Bosa_0021.png,3,True,True,False
data/v2/processed/fontsense_v2/images/train/serif/Lisu_Bosa/Lisu_Bosa_0010.png,data/v2/processed/fontsense_v2/images/train/serif/Lisu_Bosa/Lisu_Bosa_0023.png,3,True,True,False
data/v2/processed/fontsense_v2/images/train/serif/Lisu_Bosa/Lisu_Bosa_0010.png,data/v2/processed/fontsense_v2/images/train/serif/Lisu_Bosa/Lisu_Bosa_0026.png,3,True,True,False
data/v2/processed/fontsense_v2/images/train/serif/Lisu_Bosa/Lisu_Bosa_0010.png,data/v2/processed/fontsense_v2/images/train/serif/Lisu_Bosa/Lisu_Bosa_0030.png,3,True,True,False
data/v2/processed/fontsense_v2/images/train/serif/Lisu_Bosa/Lisu_Bosa_0010.png,data/v2/processed/fontsense_v2/images/train/serif/Lisu_Bosa/Lisu_Bosa_0039.png,3,True,True,False
data/v2/processed/fontsense_v2/images/train/serif/Lisu_Bosa/Lisu_Bosa_0010.png,data/v2/processed/fontsense_v2/images/train/serif/Lisu_Bosa/Lisu_Bosa_0042.png,3,True,True,False
data/v2/processed/fontsense_v2/images/train/serif/Lisu_Bosa/Lisu_Bosa_0010.png,data/v2/processed/fontsense_v2/images/train/serif/Lisu_Bosa/Lisu_Bosa_0044.png,3,True,True,False
data/v2/processed/fontsense_v2/images/train/serif/Lisu_Bosa/Lisu_Bosa_0010.png,data/v2/processed/fontsense_v2/images/train/serif/Lisu_Bosa/Lisu_Bosa_0047.png,3,True,True,False
data/v2/processed/fontsense_v2/images/train/serif/Lisu_Bosa/Lisu_Bosa_0010.png,data/v2/processed/fontsense_v2/images/train/serif/Lisu_Bosa/Lisu_Bosa_0049.png,3,True,True,False
data/v2/processed/fontsense_v2/images/train/serif/Lisu_Bosa/Lisu_Bosa_0010.png,data/v2/processed/fontsense_v2/images/train/serif/Lisu_Bosa/Lisu_Bosa_0051.png,3,True,True,False
data/v2/processed/fontsense_v2/images/train/serif/Lisu_Bosa/Lisu_Bosa_0010.png,data/v2/processed/fontsense_v2/images/train/serif/Lisu_Bosa/Lisu_Bosa_0053.png,3,True,True,False
data/v2/processed/fontsense_v2/images/train/serif/Lisu_Bosa/Lisu_Bosa_0010.png,data/v2/processed/fontsense_v2/images/train/serif/Lisu_Bosa/Lisu_Bosa_0083.png,3,True,True,False
data/v2/processed/fontsense_v2/images/train/serif/Lisu_Bosa/Lisu_Bosa_0010.png,data/v2/processed/fontsense_v2/images/train/serif/Lisu_Bosa/Lisu_Bosa_0093.png,3,True,True,False
data/v2/processed/fontsense_v2/images/train/serif/Lisu_Bosa/Lisu_Bosa_0011.png,data/v2/processed/fontsense_v2/images/train/serif/Lisu_Bosa/Lisu_Bosa_0018.png,3,True,True,False
data/v2/processed/fontsense_v2/images/train/serif/Lisu_Bosa/Lisu_Bosa_0011.png,data/v2/processed/fontsense_v2/images/train/serif/Lisu_Bosa/Lisu_Bosa_0042.png,3,True,True,False
data/v2/processed/fontsense_v2/images/train/serif/Lisu_Bosa/Lisu_Bosa_0011.png,data/v2/processed/fontsense_v2/images/train/serif/Lisu_Bosa/Lisu_Bosa_0047.png,3,True,True,False
data/v2/processed/fontsense_v2/images/train/serif/Lisu_Bosa/Lisu_Bosa_0012.png,data/v2/processed/fontsense_v2/images/train/serif/Lisu_Bosa/Lisu_Bosa_0014.png,3,True,True,False
data/v2/processed/fontsense_v2/images/train/serif/Lisu_Bosa/Lisu_Bosa_0012.png,data/v2/processed/fontsense_v2/images/train/serif/Lisu_Bosa/Lisu_Bosa_0039.png,3,True,True,False
data/v2/processed/fontsense_v2/images/train/serif/Lisu_Bosa/Lisu_Bosa_0012.png,data/v2/processed/fontsense_v2/images/train/serif/Lisu_Bosa/Lisu_Bosa_0047.png,3,True,True,False
data/v2/processed/fontsense_v2/images/train/serif/Lisu_Bosa/Lisu_Bosa_0012.png,data/v2/processed/fontsense_v2/images/train/serif/Lisu_Bosa/Lisu_Bosa_0049.png,3,True,True,False
data/v2/processed/fontsense_v2/images/train/serif/Lisu_Bosa/Lisu_Bosa_0012.png,data/v2/processed/fontsense_v2/images/train/serif/Lisu_Bosa/Lisu_Bosa_0081.png,3,True,True,False
data/v2/processed/fontsense_v2/images/train/serif/Lisu_Bosa/Lisu_Bosa_0012.png,data/v2/processed/fontsense_v2/images/train/serif/Lisu_Bosa/Lisu_Bosa_0082.png,3,True,True,False
data/v2/processed/fontsense_v2/images/train/serif/Lisu_Bosa/Lisu_Bosa_0012.png,data/v2/processed/fontsense_v2/images/train/serif/Lisu_Bosa/Lisu_Bosa_0096.png,3,True,True,False
data/v2/processed/fontsense_v2/images/train/serif/Lisu_Bosa/Lisu_Bosa_0013.png,data/v2/processed/fontsense_v2/images/train/serif/Lisu_Bosa/Lisu_Bosa_0018.png,3,True,True,False
data/v2/processed/fontsense_v2/images/train/serif/Lisu_Bosa/Lisu_Bosa_0013.png,data/v2/processed/fontsense_v2/images/train/serif/Lisu_Bosa/Lisu_Bosa_0026.png,3,True,True,False
data/v2/processed/fontsense_v2/images/train/serif/Lisu_Bosa/Lisu_Bosa_0013.png,data/v2/processed/fontsense_v2/images/train/serif/Lisu_Bosa/Lisu_Bosa_0039.png,3,True,True,False
data/v2/processed/fontsense_v2/images/train/serif/Lisu_Bosa/Lisu_Bosa_0013.png,data/v2/processed/fontsense_v2/images/train/serif/Lisu_Bosa/Lisu_Bosa_0047.png,3,True,True,False
data/v2/processed/fontsense_v2/images/train/serif/Lisu_Bosa/Lisu_Bosa_0013.png,data/v2/processed/fontsense_v2/images/train/serif/Lisu_Bosa/Lisu_Bosa_0051.png,3,True,True,False
data/v2/processed/fontsense_v2/images/train/serif/Lisu_Bosa/Lisu_Bosa_0013.png,data/v2/processed/fontsense_v2/images/train/serif/Lisu_Bosa/Lisu_Bosa_0081.png,3,True,True,False
data/v2/processed/fontsense_v2/images/train/serif/Lisu_Bosa/Lisu_Bosa_0013.png,data/v2/processed/fontsense_v2/images/train/serif/Lisu_Bosa/Lisu_Bosa_0082.png,3,True,True,False
data/v2/processed/fontsense_v2/images/train/serif/Lisu_Bosa/Lisu_Bosa_0013.png,data/v2/processed/fontsense_v2/images/train/serif/Lisu_Bosa/Lisu_Bosa_0093.png,3,True,True,False
data/v2/processed/fontsense_v2/images/train/serif/Lisu_Bosa/Lisu_Bosa_0013.png,data/v2/processed/fontsense_v2/images/train/serif/Rokkitt/Rokkitt_0082.png,3,False,True,False
data/v2/processed/fontsense_v2/images/train/serif/Lisu_Bosa/Lisu_Bosa_0014.png,data/v2/processed/fontsense_v2/images/train/serif/Lisu_Bosa/Lisu_Bosa_0015.png,3,True,True,False
data/v2/processed/fontsense_v2/images/train/serif/Lisu_Bosa/Lisu_Bosa_0014.png,data/v2/processed/fontsense_v2/images/train/serif/Lisu_Bosa/Lisu_Bosa_0098.png,3,True,True,False
data/v2/processed/fontsense_v2/images/train/serif/Lisu_Bosa/Lisu_Bosa_0015.png,data/v2/processed/fontsense_v2/images/train/serif/Lisu_Bosa/Lisu_Bosa_0039.png,3,True,True,False
data/v2/processed/fontsense_v2/images/train/serif/Lisu_Bosa/Lisu_Bosa_0015.png,data/v2/processed/fontsense_v2/images/train/serif/Lisu_Bosa/Lisu_Bosa_0047.png,3,True,True,False
data/v2/processed/fontsense_v2/images/train/serif/Lisu_Bosa/Lisu_Bosa_0015.png,data/v2/processed/fontsense_v2/images/train/serif/Lisu_Bosa/Lisu_Bosa_0052.png,3,True,True,False
data/v2/processed/fontsense_v2/images/train/serif/Lisu_Bosa/Lisu_Bosa_0015.png,data/v2/processed/fontsense_v2/images/train/serif/Lisu_Bosa/Lisu_Bosa_0053.png,3,True,True,False
data/v2/processed/fontsense_v2/images/train/serif/Lisu_Bosa/Lisu_Bosa_0015.png,data/v2/processed/fontsense_v2/images/train/serif/Lisu_Bosa/Lisu_Bosa_0070.png,3,True,True,False
data/v2/processed/fontsense_v2/images/train/serif/Lisu_Bosa/Lisu_Bosa_0015.png,data/v2/processed/fontsense_v2/images/train/serif/Lisu_Bosa/Lisu_Bosa_0083.png,3,True,True,False
data/v2/processed/fontsense_v2/images/train/serif/Lisu_Bosa/Lisu_Bosa_0016.png,data/v2/processed/fontsense_v2/images/train/serif/Lisu_Bosa/Lisu_Bosa_0036.png,3,True,True,False
data/v2/processed/fontsense_v2/images/train/serif/Lisu_Bosa/Lisu_Bosa_0016.png,data/v2/processed/fontsense_v2/images/train/serif/Lisu_Bosa/Lisu_Bosa_0039.png,3,True,True,False
data/v2/processed/fontsense_v2/images/train/serif/Lisu_Bosa/Lisu_Bosa_0016.png,data/v2/processed/fontsense_v2/images/train/serif/Lisu_Bosa/Lisu_Bosa_0044.png,3,True,True,False
data/v2/processed/fontsense_v2/images/train/serif/Lisu_Bosa/Lisu_Bosa_0016.png,data/v2/processed/fontsense_v2/images/train/serif/Lisu_Bosa/Lisu_Bosa_0051.png,3,True,True,False
data/v2/processed/fontsense_v2/images/train/serif/Lisu_Bosa/Lisu_Bosa_0016.png,data/v2/processed/fontsense_v2/images/train/serif/Lisu_Bosa/Lisu_Bosa_0081.png,3,True,True,False
data/v2/processed/fontsense_v2/images/train/serif/Lisu_Bosa/Lisu_Bosa_0016.png,data/v2/processed/fontsense_v2/images/train/serif/Lisu_Bosa/Lisu_Bosa_0083.png,3,True,True,False
data/v2/processed/fontsense_v2/images/train/serif/Lisu_Bosa/Lisu_Bosa_0017.png,data/v2/processed/fontsense_v2/images/train/serif/Lisu_Bosa/Lisu_Bosa_0026.png,3,True,True,False
data/v2/processed/fontsense_v2/images/train/serif/Lisu_Bosa/Lisu_Bosa_0017.png,data/v2/processed/fontsense_v2/images/train/serif/Lisu_Bosa/Lisu_Bosa_0042.png,3,True,True,False
data/v2/processed/fontsense_v2/images/train/serif/Lisu_Bosa/Lisu_Bosa_0017.png,data/v2/processed/fontsense_v2/images/train/serif/Lisu_Bosa/Lisu_Bosa_0047.png,3,True,True,False
data/v2/processed/fontsense_v2/images/train/serif/Lisu_Bosa/Lisu_Bosa_0017.png,data/v2/processed/fontsense_v2/images/train/serif/Lisu_Bosa/Lisu_Bosa_0081.png,3,True,True,False
data/v2/processed/fontsense_v2/images/train/serif/Lisu_Bosa/Lisu_Bosa_0017.png,data/v2/processed/fontsense_v2/images/train/serif/Lisu_Bosa/Lisu_Bosa_0095.png,3,True,True,False
data/v2/processed/fontsense_v2/images/train/serif/Lisu_Bosa/Lisu_Bosa_0018.png,data/v2/processed/fontsense_v2/images/train/serif/Lisu_Bosa/Lisu_Bosa_0025.png,3,True,True,False
data/v2/processed/fontsense_v2/images/train/serif/Lisu_Bosa/Lisu_Bosa_0018.png,data/v2/processed/fontsense_v2/images/train/serif/Lisu_Bosa/Lisu_Bosa_0032.png,3,True,True,False
data/v2/processed/fontsense_v2/images/train/serif/Lisu_Bosa/Lisu_Bosa_0018.png,data/v2/processed/fontsense_v2/images/train/serif/Lisu_Bosa/Lisu_Bosa_0034.png,3,True,True,False
data/v2/processed/fontsense_v2/images/train/serif/Lisu_Bosa/Lisu_Bosa_0018.png,data/v2/processed/fontsense_v2/images/train/serif/Lisu_Bosa/Lisu_Bosa_0043.png,3,True,True,False
data/v2/processed/fontsense_v2/images/train/serif/Lisu_Bosa/Lisu_Bosa_0018.png,data/v2/processed/fontsense_v2/images/train/serif/Lisu_Bosa/Lisu_Bosa_0050.png,3,True,True,False
data/v2/processed/fontsense_v2/images/train/serif/Lisu_Bosa/Lisu_Bosa_0018.png,data/v2/processed/fontsense_v2/images/train/serif/Lisu_Bosa/Lisu_Bosa_0054.png,3,True,True,False
data/v2/processed/fontsense_v2/images/train/serif/Lisu_Bosa/Lisu_Bosa_0018.png,data/v2/processed/fontsense_v2/images/train/serif/Lisu_Bosa/Lisu_Bosa_0065.png,3,True,True,False
data/v2/processed/fontsense_v2/images/train/serif/Lisu_Bosa/Lisu_Bosa_0018.png,data/v2/processed/fontsense_v2/images/train/serif/Lisu_Bosa/Lisu_Bosa_0067.png,3,True,True,False
data/v2/processed/fontsense_v2/images/train/serif/Lisu_Bosa/Lisu_Bosa_0018.png,data/v2/processed/fontsense_v2/images/train/serif/Lisu_Bosa/Lisu_Bosa_0069.png,3,True,True,False
data/v2/processed/fontsense_v2/images/train/serif/Lisu_Bosa/Lisu_Bosa_0018.png,data/v2/processed/fontsense_v2/images/train/serif/Lisu_Bosa/Lisu_Bosa_0071.png,3,True,True,False
data/v2/processed/fontsense_v2/images/train/serif/Lisu_Bosa/Lisu_Bosa_0018.png,data/v2/processed/fontsense_v2/images/train/serif/Lisu_Bosa/Lisu_Bosa_0079.png,3,True,True,False
data/v2/processed/fontsense_v2/images/train/serif/Lisu_Bosa/Lisu_Bosa_0018.png,data/v2/processed/fontsense_v2/images/train/serif/Lisu_Bosa/Lisu_Bosa_0084.png,3,True,True,False
data/v2/processed/fontsense_v2/images/train/serif/Lisu_Bosa/Lisu_Bosa_0018.png,data/v2/processed/fontsense_v2/images/train/serif/Lisu_Bosa/Lisu_Bosa_0088.png,3,True,True,False
data/v2/processed/fontsense_v2/images/train/serif/Lisu_Bosa/Lisu_Bosa_0019.png,data/v2/processed/fontsense_v2/images/train/serif/Lisu_Bosa/Lisu_Bosa_0026.png,3,True,True,False
data/v2/processed/fontsense_v2/images/train/serif/Lisu_Bosa/Lisu_Bosa_0019.png,data/v2/processed/fontsense_v2/images/train/serif/Lisu_Bosa/Lisu_Bosa_0036.png,3,True,True,False
data/v2/processed/fontsense_v2/images/train/serif/Lisu_Bosa/Lisu_Bosa_0019.png,data/v2/processed/fontsense_v2/images/train/serif/Lisu_Bosa/Lisu_Bosa_0039.png,3,True,True,False
data/v2/processed/fontsense_v2/images/train/serif/Lisu_Bosa/Lisu_Bosa_0019.png,data/v2/processed/fontsense_v2/images/train/serif/Lisu_Bosa/Lisu_Bosa_0049.png,3,True,True,False
data/v2/processed/fontsense_v2/images/train/serif/Lisu_Bosa/Lisu_Bosa_0019.png,data/v2/processed/fontsense_v2/images/train/serif/Lisu_Bosa/Lisu_Bosa_0068.png,3,True,True,False
data/v2/processed/fontsense_v2/images/train/serif/Lisu_Bosa/Lisu_Bosa_0019.png,data/v2/processed/fontsense_v2/images/train/serif/Lisu_Bosa/Lisu_Bosa_0081.png,3,True,True,False
data/v2/processed/fontsense_v2/images/train/serif/Lisu_Bosa/Lisu_Bosa_0020.png,data/v2/processed/fontsense_v2/images/train/serif/Lisu_Bosa/Lisu_Bosa_0061.png,3,True,True,False
data/v2/processed/fontsense_v2/images/train/serif/Lisu_Bosa/Lisu_Bosa_0021.png,data/v2/processed/fontsense_v2/images/train/serif/Lisu_Bosa/Lisu_Bosa_0072.png,3,True,True,False
data/v2/processed/fontsense_v2/images/train/serif/Lisu_Bosa/Lisu_Bosa_0021.png,data/v2/processed/fontsense_v2/images/train/serif/Lisu_Bosa/Lisu_Bosa_0094.png,3,True,True,False
data/v2/processed/fontsense_v2/images/train/serif/Lisu_Bosa/Lisu_Bosa_0021.png,data/v2/processed/fontsense_v2/images/train/serif/Rokkitt/Rokkitt_0007.png,3,False,True,False
data/v2/processed/fontsense_v2/images/train/serif/Lisu_Bosa/Lisu_Bosa_0021.png,data/v2/processed/fontsense_v2/images/train/serif/Rokkitt/Rokkitt_0022.png,3,False,True,False
data/v2/processed/fontsense_v2/images/train/serif/Lisu_Bosa/Lisu_Bosa_0022.png,data/v2/processed/fontsense_v2/images/train/serif/Lisu_Bosa/Lisu_Bosa_0046.png,3,True,True,False
data/v2/processed/fontsense_v2/images/train/serif/Lisu_Bosa/Lisu_Bosa_0022.png,data/v2/processed/fontsense_v2/images/train/serif/Lisu_Bosa/Lisu_Bosa_0059.png,3,True,True,False
data/v2/processed/fontsense_v2/images/train/serif/Lisu_Bosa/Lisu_Bosa_0022.png,data/v2/processed/fontsense_v2/images/train/serif/Lisu_Bosa/Lisu_Bosa_0099.png,3,True,True,False
data/v2/processed/fontsense_v2/images/train/serif/Lisu_Bosa/Lisu_Bosa_0022.png,data/v2/processed/fontsense_v2/images/train/serif/Rokkitt/Rokkitt_0008.png,3,False,True,False
data/v2/processed/fontsense_v2/images/train/serif/Lisu_Bosa/Lisu_Bosa_0023.png,data/v2/processed/fontsense_v2/images/train/serif/Lisu_Bosa/Lisu_Bosa_0034.png,3,True,True,False
data/v2/processed/fontsense_v2/images/train/serif/Lisu_Bosa/Lisu_Bosa_0023.png,data/v2/processed/fontsense_v2/images/train/serif/Lisu_Bosa/Lisu_Bosa_0048.png,3,True,True,False
data/v2/processed/fontsense_v2/images/train/serif/Lisu_Bosa/Lisu_Bosa_0023.png,data/v2/processed/fontsense_v2/images/train/serif/Lisu_Bosa/Lisu_Bosa_0054.png,3,True,True,False
data/v2/processed/fontsense_v2/images/train/serif/Lisu_Bosa/Lisu_Bosa_0023.png,data/v2/processed/fontsense_v2/images/train/serif/Lisu_Bosa/Lisu_Bosa_0071.png,3,True,True,False
data/v2/processed/fontsense_v2/images/train/serif/Lisu_Bosa/Lisu_Bosa_0023.png,data/v2/processed/fontsense_v2/images/train/serif/Lisu_Bosa/Lisu_Bosa_0072.png,3,True,True,False
data/v2/processed/fontsense_v2/images/train/serif/Lisu_Bosa/Lisu_Bosa_0023.png,data/v2/processed/fontsense_v2/images/train/serif/Rokkitt/Rokkitt_0088.png,3,False,True,False
data/v2/processed/fontsense_v2/images/train/serif/Lisu_Bosa/Lisu_Bosa_0023.png,data/v2/processed/fontsense_v2/images/train/serif/IM_Fell_Great_Primer/IM_Fell_Great_Primer_0088.png,3,False,True,False
data/v2/processed/fontsense_v2/images/train/serif/Lisu_Bosa/Lisu_Bosa_0024.png,data/v2/processed/fontsense_v2/images/train/serif/Noto_Serif_Ahom/Noto_Serif_Ahom_0038.png,3,False,True,False
data/v2/processed/fontsense_v2/images/train/serif/Lisu_Bosa/Lisu_Bosa_0025.png,data/v2/processed/fontsense_v2/images/train/serif/Lisu_Bosa/Lisu_Bosa_0036.png,3,True,True,False
data/v2/processed/fontsense_v2/images/train/serif/Lisu_Bosa/Lisu_Bosa_0025.png,data/v2/processed/fontsense_v2/images/train/serif/Lisu_Bosa/Lisu_Bosa_0039.png,3,True,True,False
data/v2/processed/fontsense_v2/images/train/serif/Lisu_Bosa/Lisu_Bosa_0025.png,data/v2/processed/fontsense_v2/images/train/serif/Lisu_Bosa/Lisu_Bosa_0042.png,3,True,True,False
data/v2/processed/fontsense_v2/images/train/serif/Lisu_Bosa/Lisu_Bosa_0025.png,data/v2/processed/fontsense_v2/images/train/serif/Lisu_Bosa/Lisu_Bosa_0051.png,3,True,True,False
data/v2/processed/fontsense_v2/images/train/serif/Lisu_Bosa/Lisu_Bosa_0025.png,data/v2/processed/fontsense_v2/images/train/serif/Lisu_Bosa/Lisu_Bosa_0081.png,3,True,True,False
data/v2/processed/fontsense_v2/images/train/serif/Lisu_Bosa/Lisu_Bosa_0025.png,data/v2/processed/fontsense_v2/images/train/serif/Rokkitt/Rokkitt_0056.png,3,False,True,False
data/v2/processed/fontsense_v2/images/train/serif/Lisu_Bosa/Lisu_Bosa_0026.png,data/v2/processed/fontsense_v2/images/train/serif/Lisu_Bosa/Lisu_Bosa_0034.png,3,True,True,False
data/v2/processed/fontsense_v2/images/train/serif/Lisu_Bosa/Lisu_Bosa_0026.png,data/v2/processed/fontsense_v2/images/train/serif/Lisu_Bosa/Lisu_Bosa_0043.png,3,True,True,False
data/v2/processed/fontsense_v2/images/train/serif/Lisu_Bosa/Lisu_Bosa_0026.png,data/v2/processed/fontsense_v2/images/train/serif/Lisu_Bosa/Lisu_Bosa_0045.png,3,True,True,False
data/v2/processed/fontsense_v2/images/train/serif/Lisu_Bosa/Lisu_Bosa_0026.png,data/v2/processed/fontsense_v2/images/train/serif/Lisu_Bosa/Lisu_Bosa_0050.png,3,True,True,False
data/v2/processed/fontsense_v2/images/train/serif/Lisu_Bosa/Lisu_Bosa_0026.png,data/v2/processed/fontsense_v2/images/train/serif/Lisu_Bosa/Lisu_Bosa_0054.png,3,True,True,False
data/v2/processed/fontsense_v2/images/train/serif/Lisu_Bosa/Lisu_Bosa_0026.png,data/v2/processed/fontsense_v2/images/train/serif/Lisu_Bosa/Lisu_Bosa_0065.png,3,True,True,False
data/v2/processed/fontsense_v2/images/train/serif/Lisu_Bosa/Lisu_Bosa_0026.png,data/v2/processed/fontsense_v2/images/train/serif/Lisu_Bosa/Lisu_Bosa_0079.png,3,True,True,False
data/v2/processed/fontsense_v2/images/train/serif/Lisu_Bosa/Lisu_Bosa_0026.png,data/v2/processed/fontsense_v2/images/train/serif/Lisu_Bosa/Lisu_Bosa_0080.png,3,True,True,False
data/v2/processed/fontsense_v2/images/train/serif/Lisu_Bosa/Lisu_Bosa_0026.png,data/v2/processed/fontsense_v2/images/train/serif/Lisu_Bosa/Lisu_Bosa_0094.png,3,True,True,False
data/v2/processed/fontsense_v2/images/train/serif/Lisu_Bosa/Lisu_Bosa_0029.png,data/v2/processed/fontsense_v2/images/train/serif/Lisu_Bosa/Lisu_Bosa_0036.png,3,True,True,False
data/v2/processed/fontsense_v2/images/train/serif/Lisu_Bosa/Lisu_Bosa_0029.png,data/v2/processed/fontsense_v2/images/train/serif/Lisu_Bosa/Lisu_Bosa_0039.png,3,True,True,False
data/v2/processed/fontsense_v2/images/train/serif/Lisu_Bosa/Lisu_Bosa_0029.png,data/v2/processed/fontsense_v2/images/train/serif/Lisu_Bosa/Lisu_Bosa_0042.png,3,True,True,False
data/v2/processed/fontsense_v2/images/train/serif/Lisu_Bosa/Lisu_Bosa_0029.png,data/v2/processed/fontsense_v2/images/train/serif/Lisu_Bosa/Lisu_Bosa_0051.png,3,True,True,False
data/v2/processed/fontsense_v2/images/train/serif/Lisu_Bosa/Lisu_Bosa_0029.png,data/v2/processed/fontsense_v2/images/train/serif/Lisu_Bosa/Lisu_Bosa_0052.png,3,True,True,False
data/v2/processed/fontsense_v2/images/train/serif/Lisu_Bosa/Lisu_Bosa_0029.png,data/v2/processed/fontsense_v2/images/train/serif/Lisu_Bosa/Lisu_Bosa_0070.png,3,True,True,False
data/v2/processed/fontsense_v2/images/train/serif/Lisu_Bosa/Lisu_Bosa_0029.png,data/v2/processed/fontsense_v2/images/train/serif/Lisu_Bosa/Lisu_Bosa_0081.png,3,True,True,False
data/v2/processed/fontsense_v2/images/train/serif/Lisu_Bosa/Lisu_Bosa_0029.png,data/v2/processed/fontsense_v2/images/train/serif/Lisu_Bosa/Lisu_Bosa_0086.png,3,True,True,False
data/v2/processed/fontsense_v2/images/train/serif/Lisu_Bosa/Lisu_Bosa_0029.png,data/v2/processed/fontsense_v2/images/train/serif/Rokkitt/Rokkitt_0056.png,3,False,True,False
data/v2/processed/fontsense_v2/images/train/serif/Lisu_Bosa/Lisu_Bosa_0030.png,data/v2/processed/fontsense_v2/images/train/serif/Lisu_Bosa/Lisu_Bosa_0050.png,3,True,True,False
data/v2/processed/fontsense_v2/images/train/serif/Lisu_Bosa/Lisu_Bosa_0030.png,data/v2/processed/fontsense_v2/images/train/serif/Lisu_Bosa/Lisu_Bosa_0065.png,3,True,True,False
data/v2/processed/fontsense_v2/images/train/serif/Lisu_Bosa/Lisu_Bosa_0030.png,data/v2/processed/fontsense_v2/images/train/serif/Lisu_Bosa/Lisu_Bosa_0079.png,3,True,True,False
data/v2/processed/fontsense_v2/images/train/serif/Lisu_Bosa/Lisu_Bosa_0030.png,data/v2/processed/fontsense_v2/images/train/serif/Lisu_Bosa/Lisu_Bosa_0087.png,3,True,True,False
data/v2/processed/fontsense_v2/images/train/serif/Lisu_Bosa/Lisu_Bosa_0030.png,data/v2/processed/fontsense_v2/images/train/serif/Lisu_Bosa/Lisu_Bosa_0094.png,3,True,True,False
data/v2/processed/fontsense_v2/images/train/serif/Lisu_Bosa/Lisu_Bosa_0031.png,data/v2/processed/fontsense_v2/images/train/serif/Noto_Serif_Ahom/Noto_Serif_Ahom_0029.png,3,False,True,False
data/v2/processed/fontsense_v2/images/train/serif/Lisu_Bosa/Lisu_Bosa_0032.png,data/v2/processed/fontsense_v2/images/train/serif/Lisu_Bosa/Lisu_Bosa_0042.png,3,True,True,False
data/v2/processed/fontsense_v2/images/train/serif/Lisu_Bosa/Lisu_Bosa_0032.png,data/v2/processed/fontsense_v2/images/train/serif/Lisu_Bosa/Lisu_Bosa_0047.png,3,True,True,False
data/v2/processed/fontsense_v2/images/train/serif/Lisu_Bosa/Lisu_Bosa_0032.png,data/v2/processed/fontsense_v2/images/train/serif/Lisu_Bosa/Lisu_Bosa_0052.png,3,True,True,False
data/v2/processed/fontsense_v2/images/train/serif/Lisu_Bosa/Lisu_Bosa_0032.png,data/v2/processed/fontsense_v2/images/train/serif/Lisu_Bosa/Lisu_Bosa_0070.png,3,True,True,False
data/v2/processed/fontsense_v2/images/train/serif/Lisu_Bosa/Lisu_Bosa_0032.png,data/v2/processed/fontsense_v2/images/train/serif/Quattrocento/Quattrocento_0017.png,3,False,True,False
data/v2/processed/fontsense_v2/images/train/serif/Lisu_Bosa/Lisu_Bosa_0032.png,data/v2/processed/fontsense_v2/images/train/serif/Quattrocento/Quattrocento_0095.png,3,False,True,False
data/v2/processed/fontsense_v2/images/train/serif/Lisu_Bosa/Lisu_Bosa_0033.png,data/v2/processed/fontsense_v2/images/train/serif/Lisu_Bosa/Lisu_Bosa_0035.png,3,True,True,False
data/v2/processed/fontsense_v2/images/train/serif/Lisu_Bosa/Lisu_Bosa_0034.png,data/v2/processed/fontsense_v2/images/train/serif/Lisu_Bosa/Lisu_Bosa_0042.png,3,True,True,False
data/v2/processed/fontsense_v2/images/train/serif/Lisu_Bosa/Lisu_Bosa_0034.png,data/v2/processed/fontsense_v2/images/train/serif/Lisu_Bosa/Lisu_Bosa_0044.png,3,True,True,False
data/v2/processed/fontsense_v2/images/train/serif/Lisu_Bosa/Lisu_Bosa_0034.png,data/v2/processed/fontsense_v2/images/train/serif/Lisu_Bosa/Lisu_Bosa_0047.png,3,True,True,False
data/v2/processed/fontsense_v2/images/train/serif/Lisu_Bosa/Lisu_Bosa_0034.png,data/v2/processed/fontsense_v2/images/train/serif/Lisu_Bosa/Lisu_Bosa_0049.png,3,True,True,False
data/v2/processed/fontsense_v2/images/train/serif/Lisu_Bosa/Lisu_Bosa_0034.png,data/v2/processed/fontsense_v2/images/train/serif/Lisu_Bosa/Lisu_Bosa_0053.png,3,True,True,False
data/v2/processed/fontsense_v2/images/train/serif/Lisu_Bosa/Lisu_Bosa_0034.png,data/v2/processed/fontsense_v2/images/train/serif/Lisu_Bosa/Lisu_Bosa_0083.png,3,True,True,False
data/v2/processed/fontsense_v2/images/train/serif/Lisu_Bosa/Lisu_Bosa_0034.png,data/v2/processed/fontsense_v2/images/train/serif/Lisu_Bosa/Lisu_Bosa_0095.png,3,True,True,False
data/v2/processed/fontsense_v2/images/train/serif/Lisu_Bosa/Lisu_Bosa_0034.png,data/v2/processed/fontsense_v2/images/train/serif/Lisu_Bosa/Lisu_Bosa_0096.png,3,True,True,False
data/v2/processed/fontsense_v2/images/train/serif/Lisu_Bosa/Lisu_Bosa_0035.png,data/v2/processed/fontsense_v2/images/train/serif/Lisu_Bosa/Lisu_Bosa_0044.png,3,True,True,False
data/v2/processed/fontsense_v2/images/train/serif/Lisu_Bosa/Lisu_Bosa_0035.png,data/v2/processed/fontsense_v2/images/train/serif/Lisu_Bosa/Lisu_Bosa_0047.png,3,True,True,False
data/v2/processed/fontsense_v2/images/train/serif/Lisu_Bosa/Lisu_Bosa_0035.png,data/v2/processed/fontsense_v2/images/train/serif/Lisu_Bosa/Lisu_Bosa_0053.png,3,True,True,False
data/v2/processed/fontsense_v2/images/train/serif/Lisu_Bosa/Lisu_Bosa_0035.png,data/v2/processed/fontsense_v2/images/train/serif/Lisu_Bosa/Lisu_Bosa_0083.png,3,True,True,False
data/v2/processed/fontsense_v2/images/train/serif/Lisu_Bosa/Lisu_Bosa_0035.png,data/v2/processed/fontsense_v2/images/train/serif/Lisu_Bosa/Lisu_Bosa_0093.png,3,True,True,False
data/v2/processed/fontsense_v2/images/train/serif/Lisu_Bosa/Lisu_Bosa_0036.png,data/v2/processed/fontsense_v2/images/train/serif/Lisu_Bosa/Lisu_Bosa_0037.png,3,True,True,False
data/v2/processed/fontsense_v2/images/train/serif/Lisu_Bosa/Lisu_Bosa_0036.png,data/v2/processed/fontsense_v2/images/train/serif/Lisu_Bosa/Lisu_Bosa_0050.png,3,True,True,False
data/v2/processed/fontsense_v2/images/train/serif/Lisu_Bosa/Lisu_Bosa_0036.png,data/v2/processed/fontsense_v2/images/train/serif/Lisu_Bosa/Lisu_Bosa_0065.png,3,True,True,False
data/v2/processed/fontsense_v2/images/train/serif/Lisu_Bosa/Lisu_Bosa_0036.png,data/v2/processed/fontsense_v2/images/train/serif/Lisu_Bosa/Lisu_Bosa_0071.png,3,True,True,False
data/v2/processed/fontsense_v2/images/train/serif/Lisu_Bosa/Lisu_Bosa_0036.png,data/v2/processed/fontsense_v2/images/train/serif/Lisu_Bosa/Lisu_Bosa_0072.png,3,True,True,False
data/v2/processed/fontsense_v2/images/train/serif/Lisu_Bosa/Lisu_Bosa_0036.png,data/v2/processed/fontsense_v2/images/train/serif/Lisu_Bosa/Lisu_Bosa_0079.png,3,True,True,False
data/v2/processed/fontsense_v2/images/train/serif/Lisu_Bosa/Lisu_Bosa_0036.png,data/v2/processed/fontsense_v2/images/train/serif/Lisu_Bosa/Lisu_Bosa_0080.png,3,True,True,False
data/v2/processed/fontsense_v2/images/train/serif/Lisu_Bosa/Lisu_Bosa_0036.png,data/v2/processed/fontsense_v2/images/train/serif/Lisu_Bosa/Lisu_Bosa_0084.png,3,True,True,False
data/v2/processed/fontsense_v2/images/train/serif/Lisu_Bosa/Lisu_Bosa_0036.png,data/v2/processed/fontsense_v2/images/train/serif/Lisu_Bosa/Lisu_Bosa_0088.png,3,True,True,False
data/v2/processed/fontsense_v2/images/train/serif/Lisu_Bosa/Lisu_Bosa_0036.png,data/v2/processed/fontsense_v2/images/train/serif/Lisu_Bosa/Lisu_Bosa_0091.png,3,True,True,False
data/v2/processed/fontsense_v2/images/train/serif/Lisu_Bosa/Lisu_Bosa_0037.png,data/v2/processed/fontsense_v2/images/train/serif/Lisu_Bosa/Lisu_Bosa_0039.png,3,True,True,False
data/v2/processed/fontsense_v2/images/train/serif/Lisu_Bosa/Lisu_Bosa_0037.png,data/v2/processed/fontsense_v2/images/train/serif/Lisu_Bosa/Lisu_Bosa_0044.png,3,True,True,False
data/v2/processed/fontsense_v2/images/train/serif/Lisu_Bosa/Lisu_Bosa_0037.png,data/v2/processed/fontsense_v2/images/train/serif/Lisu_Bosa/Lisu_Bosa_0051.png,3,True,True,False
data/v2/processed/fontsense_v2/images/train/serif/Lisu_Bosa/Lisu_Bosa_0037.png,data/v2/processed/fontsense_v2/images/train/serif/Lisu_Bosa/Lisu_Bosa_0052.png,3,True,True,False
data/v2/processed/fontsense_v2/images/train/serif/Lisu_Bosa/Lisu_Bosa_0037.png,data/v2/processed/fontsense_v2/images/train/serif/Lisu_Bosa/Lisu_Bosa_0070.png,3,True,True,False
data/v2/processed/fontsense_v2/images/train/serif/Lisu_Bosa/Lisu_Bosa_0037.png,data/v2/processed/fontsense_v2/images/train/serif/Lisu_Bosa/Lisu_Bosa_0081.png,3,True,True,False
data/v2/processed/fontsense_v2/images/train/serif/Lisu_Bosa/Lisu_Bosa_0037.png,data/v2/processed/fontsense_v2/images/train/serif/Lisu_Bosa/Lisu_Bosa_0083.png,3,True,True,False
data/v2/processed/fontsense_v2/images/train/serif/Lisu_Bosa/Lisu_Bosa_0037.png,data/v2/processed/fontsense_v2/images/train/serif/Lisu_Bosa/Lisu_Bosa_0086.png,3,True,True,False
data/v2/processed/fontsense_v2/images/train/serif/Lisu_Bosa/Lisu_Bosa_0038.png,data/v2/processed/fontsense_v2/images/train/serif/Lisu_Bosa/Lisu_Bosa_0047.png,3,True,True,False
data/v2/processed/fontsense_v2/images/train/serif/Lisu_Bosa/Lisu_Bosa_0038.png,data/v2/processed/fontsense_v2/images/train/serif/BatangChe/BatangChe_0021.png,3,False,True,False
data/v2/processed/fontsense_v2/images/train/serif/Lisu_Bosa/Lisu_Bosa_0039.png,data/v2/processed/fontsense_v2/images/train/serif/Lisu_Bosa/Lisu_Bosa_0043.png,3,True,True,False
data/v2/processed/fontsense_v2/images/train/serif/Lisu_Bosa/Lisu_Bosa_0039.png,data/v2/processed/fontsense_v2/images/train/serif/Lisu_Bosa/Lisu_Bosa_0048.png,3,True,True,False
data/v2/processed/fontsense_v2/images/train/serif/Lisu_Bosa/Lisu_Bosa_0039.png,data/v2/processed/fontsense_v2/images/train/serif/Lisu_Bosa/Lisu_Bosa_0050.png,3,True,True,False
data/v2/processed/fontsense_v2/images/train/serif/Lisu_Bosa/Lisu_Bosa_0039.png,data/v2/processed/fontsense_v2/images/train/serif/Lisu_Bosa/Lisu_Bosa_0054.png,3,True,True,False
data/v2/processed/fontsense_v2/images/train/serif/Lisu_Bosa/Lisu_Bosa_0039.png,data/v2/processed/fontsense_v2/images/train/serif/Lisu_Bosa/Lisu_Bosa_0058.png,3,True,True,False
data/v2/processed/fontsense_v2/images/train/serif/Lisu_Bosa/Lisu_Bosa_0039.png,data/v2/processed/fontsense_v2/images/train/serif/Lisu_Bosa/Lisu_Bosa_0065.png,3,True,True,False
data/v2/processed/fontsense_v2/images/train/serif/Lisu_Bosa/Lisu_Bosa_0039.png,data/v2/processed/fontsense_v2/images/train/serif/Lisu_Bosa/Lisu_Bosa_0069.png,3,True,True,False
data/v2/processed/fontsense_v2/images/train/serif/Lisu_Bosa/Lisu_Bosa_0039.png,data/v2/processed/fontsense_v2/images/train/serif/Lisu_Bosa/Lisu_Bosa_0072.png,3,True,True,False
data/v2/processed/fontsense_v2/images/train/serif/Lisu_Bosa/Lisu_Bosa_0039.png,data/v2/processed/fontsense_v2/images/train/serif/Lisu_Bosa/Lisu_Bosa_0079.png,3,True,True,False
data/v2/processed/fontsense_v2/images/train/serif/Lisu_Bosa/Lisu_Bosa_0039.png,data/v2/processed/fontsense_v2/images/train/serif/Lisu_Bosa/Lisu_Bosa_0080.png,3,True,True,False
data/v2/processed/fontsense_v2/images/train/serif/Lisu_Bosa/Lisu_Bosa_0039.png,data/v2/processed/fontsense_v2/images/train/serif/Lisu_Bosa/Lisu_Bosa_0084.png,3,True,True,False
data/v2/processed/fontsense_v2/images/train/serif/Lisu_Bosa/Lisu_Bosa_0039.png,data/v2/processed/fontsense_v2/images/train/serif/Lisu_Bosa/Lisu_Bosa_0088.png,3,True,True,False
data/v2/processed/fontsense_v2/images/train/serif/Lisu_Bosa/Lisu_Bosa_0039.png,data/v2/processed/fontsense_v2/images/train/serif/Lisu_Bosa/Lisu_Bosa_0098.png,3,True,True,False
data/v2/processed/fontsense_v2/images/train/serif/Lisu_Bosa/Lisu_Bosa_0039.png,data/v2/processed/fontsense_v2/images/train/serif/IM_Fell_Great_Primer/IM_Fell_Great_Primer_0088.png,3,False,True,False
data/v2/processed/fontsense_v2/images/train/serif/Lisu_Bosa/Lisu_Bosa_0040.png,data/v2/processed/fontsense_v2/images/train/serif/IM_Fell_Great_Primer/IM_Fell_Great_Primer_0079.png,3,False,True,False
data/v2/processed/fontsense_v2/images/train/serif/Lisu_Bosa/Lisu_Bosa_0042.png,data/v2/processed/fontsense_v2/images/train/serif/Lisu_Bosa/Lisu_Bosa_0048.png,3,True,True,False
data/v2/processed/fontsense_v2/images/train/serif/Lisu_Bosa/Lisu_Bosa_0042.png,data/v2/processed/fontsense_v2/images/train/serif/Lisu_Bosa/Lisu_Bosa_0054.png,3,True,True,False
data/v2/processed/fontsense_v2/images/train/serif/Lisu_Bosa/Lisu_Bosa_0042.png,data/v2/processed/fontsense_v2/images/train/serif/Lisu_Bosa/Lisu_Bosa_0057.png,3,True,True,False
data/v2/processed/fontsense_v2/images/train/serif/Lisu_Bosa/Lisu_Bosa_0042.png,data/v2/processed/fontsense_v2/images/train/serif/Lisu_Bosa/Lisu_Bosa_0058.png,3,True,True,False
data/v2/processed/fontsense_v2/images/train/serif/Lisu_Bosa/Lisu_Bosa_0042.png,data/v2/processed/fontsense_v2/images/train/serif/Lisu_Bosa/Lisu_Bosa_0069.png,3,True,True,False
data/v2/processed/fontsense_v2/images/train/serif/Lisu_Bosa/Lisu_Bosa_0042.png,data/v2/processed/fontsense_v2/images/train/serif/Lisu_Bosa/Lisu_Bosa_0071.png,3,True,True,False
data/v2/processed/fontsense_v2/images/train/serif/Lisu_Bosa/Lisu_Bosa_0042.png,data/v2/processed/fontsense_v2/images/train/serif/Lisu_Bosa/Lisu_Bosa_0088.png,3,True,True,False
data/v2/processed/fontsense_v2/images/train/serif/Lisu_Bosa/Lisu_Bosa_0042.png,data/v2/processed/fontsense_v2/images/train/serif/Lisu_Bosa/Lisu_Bosa_0089.png,3,True,True,False
data/v2/processed/fontsense_v2/images/train/serif/Lisu_Bosa/Lisu_Bosa_0042.png,data/v2/processed/fontsense_v2/images/train/serif/Lisu_Bosa/Lisu_Bosa_0098.png,3,True,True,False
data/v2/processed/fontsense_v2/images/train/serif/Lisu_Bosa/Lisu_Bosa_0043.png,data/v2/processed/fontsense_v2/images/train/serif/Lisu_Bosa/Lisu_Bosa_0049.png,3,True,True,False
data/v2/processed/fontsense_v2/images/train/serif/Lisu_Bosa/Lisu_Bosa_0043.png,data/v2/processed/fontsense_v2/images/train/serif/Lisu_Bosa/Lisu_Bosa_0052.png,3,True,True,False
data/v2/processed/fontsense_v2/images/train/serif/Lisu_Bosa/Lisu_Bosa_0043.png,data/v2/processed/fontsense_v2/images/train/serif/Lisu_Bosa/Lisu_Bosa_0053.png,3,True,True,False
data/v2/processed/fontsense_v2/images/train/serif/Lisu_Bosa/Lisu_Bosa_0043.png,data/v2/processed/fontsense_v2/images/train/serif/Lisu_Bosa/Lisu_Bosa_0070.png,3,True,True,False
data/v2/processed/fontsense_v2/images/train/serif/Lisu_Bosa/Lisu_Bosa_0043.png,data/v2/processed/fontsense_v2/images/train/serif/Lisu_Bosa/Lisu_Bosa_0081.png,3,True,True,False
data/v2/processed/fontsense_v2/images/train/serif/Lisu_Bosa/Lisu_Bosa_0043.png,data/v2/processed/fontsense_v2/images/train/serif/Lisu_Bosa/Lisu_Bosa_0083.png,3,True,True,False
data/v2/processed/fontsense_v2/images/train/serif/Lisu_Bosa/Lisu_Bosa_0043.png,data/v2/processed/fontsense_v2/images/train/serif/Lisu_Bosa/Lisu_Bosa_0093.png,3,True,True,False
data/v2/processed/fontsense_v2/images/train/serif/Lisu_Bosa/Lisu_Bosa_0043.png,data/v2/processed/fontsense_v2/images/train/serif/Lisu_Bosa/Lisu_Bosa_0095.png,3,True,True,False
data/v2/processed/fontsense_v2/images/train/serif/Lisu_Bosa/Lisu_Bosa_0043.png,data/v2/processed/fontsense_v2/images/train/serif/Lisu_Bosa/Lisu_Bosa_0096.png,3,True,True,False
data/v2/processed/fontsense_v2/images/train/serif/Lisu_Bosa/Lisu_Bosa_0043.png,data/v2/processed/fontsense_v2/images/train/serif/IM_Fell_Great_Primer/IM_Fell_Great_Primer_0082.png,3,False,True,False
data/v2/processed/fontsense_v2/images/train/serif/Lisu_Bosa/Lisu_Bosa_0044.png,data/v2/processed/fontsense_v2/images/train/serif/Lisu_Bosa/Lisu_Bosa_0054.png,3,True,True,False
data/v2/processed/fontsense_v2/images/train/serif/Lisu_Bosa/Lisu_Bosa_0044.png,data/v2/processed/fontsense_v2/images/train/serif/Lisu_Bosa/Lisu_Bosa_0058.png,3,True,True,False
data/v2/processed/fontsense_v2/images/train/serif/Lisu_Bosa/Lisu_Bosa_0044.png,data/v2/processed/fontsense_v2/images/train/serif/Lisu_Bosa/Lisu_Bosa_0072.png,3,True,True,False
data/v2/processed/fontsense_v2/images/train/serif/Lisu_Bosa/Lisu_Bosa_0045.png,data/v2/processed/fontsense_v2/images/train/serif/Lisu_Bosa/Lisu_Bosa_0068.png,3,True,True,False
data/v2/processed/fontsense_v2/images/train/serif/Lisu_Bosa/Lisu_Bosa_0046.png,data/v2/processed/fontsense_v2/images/train/serif/Lisu_Bosa/Lisu_Bosa_0064.png,3,True,True,False
data/v2/processed/fontsense_v2/images/train/serif/Lisu_Bosa/Lisu_Bosa_0046.png,data/v2/processed/fontsense_v2/images/train/serif/Lisu_Bosa/Lisu_Bosa_0085.png,3,True,True,False
data/v2/processed/fontsense_v2/images/train/serif/Lisu_Bosa/Lisu_Bosa_0046.png,data/v2/processed/fontsense_v2/images/train/serif/IM_Fell_Great_Primer/IM_Fell_Great_Primer_0001.png,3,False,True,False
data/v2/processed/fontsense_v2/images/train/serif/Lisu_Bosa/Lisu_Bosa_0046.png,data/v2/processed/fontsense_v2/images/train/serif/Noto_Serif_Ahom/Noto_Serif_Ahom_0038.png,3,False,True,False
data/v2/processed/fontsense_v2/images/train/serif/Lisu_Bosa/Lisu_Bosa_0047.png,data/v2/processed/fontsense_v2/images/train/serif/Lisu_Bosa/Lisu_Bosa_0048.png,3,True,True,False
data/v2/processed/fontsense_v2/images/train/serif/Lisu_Bosa/Lisu_Bosa_0047.png,data/v2/processed/fontsense_v2/images/train/serif/Lisu_Bosa/Lisu_Bosa_0050.png,3,True,True,False
data/v2/processed/fontsense_v2/images/train/serif/Lisu_Bosa/Lisu_Bosa_0047.png,data/v2/processed/fontsense_v2/images/train/serif/Lisu_Bosa/Lisu_Bosa_0065.png,3,True,True,False
data/v2/processed/fontsense_v2/images/train/serif/Lisu_Bosa/Lisu_Bosa_0047.png,data/v2/processed/fontsense_v2/images/train/serif/Lisu_Bosa/Lisu_Bosa_0071.png,3,True,True,False
data/v2/processed/fontsense_v2/images/train/serif/Lisu_Bosa/Lisu_Bosa_0047.png,data/v2/processed/fontsense_v2/images/train/serif/Lisu_Bosa/Lisu_Bosa_0079.png,3,True,True,False
data/v2/processed/fontsense_v2/images/train/serif/Lisu_Bosa/Lisu_Bosa_0047.png,data/v2/processed/fontsense_v2/images/train/serif/Lisu_Bosa/Lisu_Bosa_0080.png,3,True,True,False
data/v2/processed/fontsense_v2/images/train/serif/Lisu_Bosa/Lisu_Bosa_0047.png,data/v2/processed/fontsense_v2/images/train/serif/Lisu_Bosa/Lisu_Bosa_0089.png,3,True,True,False
data/v2/processed/fontsense_v2/images/train/serif/Lisu_Bosa/Lisu_Bosa_0047.png,data/v2/processed/fontsense_v2/images/train/serif/Lisu_Bosa/Lisu_Bosa_0094.png,3,True,True,False
data/v2/processed/fontsense_v2/images/train/serif/Lisu_Bosa/Lisu_Bosa_0048.png,data/v2/processed/fontsense_v2/images/train/serif/Lisu_Bosa/Lisu_Bosa_0052.png,3,True,True,False
data/v2/processed/fontsense_v2/images/train/serif/Lisu_Bosa/Lisu_Bosa_0048.png,data/v2/processed/fontsense_v2/images/train/serif/Lisu_Bosa/Lisu_Bosa_0053.png,3,True,True,False
data/v2/processed/fontsense_v2/images/train/serif/Lisu_Bosa/Lisu_Bosa_0048.png,data/v2/processed/fontsense_v2/images/train/serif/Lisu_Bosa/Lisu_Bosa_0070.png,3,True,True,False
data/v2/processed/fontsense_v2/images/train/serif/Lisu_Bosa/Lisu_Bosa_0049.png,data/v2/processed/fontsense_v2/images/train/serif/Lisu_Bosa/Lisu_Bosa_0054.png,3,True,True,False
data/v2/processed/fontsense_v2/images/train/serif/Lisu_Bosa/Lisu_Bosa_0049.png,data/v2/processed/fontsense_v2/images/train/serif/Lisu_Bosa/Lisu_Bosa_0069.png,3,True,True,False
data/v2/processed/fontsense_v2/images/train/serif/Lisu_Bosa/Lisu_Bosa_0049.png,data/v2/processed/fontsense_v2/images/train/serif/Lisu_Bosa/Lisu_Bosa_0071.png,3,True,True,False
data/v2/processed/fontsense_v2/images/train/serif/Lisu_Bosa/Lisu_Bosa_0049.png,data/v2/processed/fontsense_v2/images/train/serif/Lisu_Bosa/Lisu_Bosa_0072.png,3,True,True,False
data/v2/processed/fontsense_v2/images/train/serif/Lisu_Bosa/Lisu_Bosa_0049.png,data/v2/processed/fontsense_v2/images/train/serif/Lisu_Bosa/Lisu_Bosa_0088.png,3,True,True,False
data/v2/processed/fontsense_v2/images/train/serif/Lisu_Bosa/Lisu_Bosa_0049.png,data/v2/processed/fontsense_v2/images/train/serif/Lisu_Bosa/Lisu_Bosa_0094.png,3,True,True,False
data/v2/processed/fontsense_v2/images/train/serif/Lisu_Bosa/Lisu_Bosa_0049.png,data/v2/processed/fontsense_v2/images/train/serif/Lisu_Bosa/Lisu_Bosa_0098.png,3,True,True,False
data/v2/processed/fontsense_v2/images/train/serif/Lisu_Bosa/Lisu_Bosa_0049.png,data/v2/processed/fontsense_v2/images/train/serif/IM_Fell_Great_Primer/IM_Fell_Great_Primer_0088.png,3,False,True,False
data/v2/processed/fontsense_v2/images/train/serif/Lisu_Bosa/Lisu_Bosa_0050.png,data/v2/processed/fontsense_v2/images/train/serif/Lisu_Bosa/Lisu_Bosa_0051.png,3,True,True,False
data/v2/processed/fontsense_v2/images/train/serif/Lisu_Bosa/Lisu_Bosa_0050.png,data/v2/processed/fontsense_v2/images/train/serif/Lisu_Bosa/Lisu_Bosa_0053.png,3,True,True,False
data/v2/processed/fontsense_v2/images/train/serif/Lisu_Bosa/Lisu_Bosa_0050.png,data/v2/processed/fontsense_v2/images/train/serif/Lisu_Bosa/Lisu_Bosa_0081.png,3,True,True,False
data/v2/processed/fontsense_v2/images/train/serif/Lisu_Bosa/Lisu_Bosa_0050.png,data/v2/processed/fontsense_v2/images/train/serif/Lisu_Bosa/Lisu_Bosa_0096.png,3,True,True,False
data/v2/processed/fontsense_v2/images/train/serif/Lisu_Bosa/Lisu_Bosa_0050.png,data/v2/processed/fontsense_v2/images/train/serif/Noto_Serif_Ahom/Noto_Serif_Ahom_0052.png,3,False,True,False
data/v2/processed/fontsense_v2/images/train/serif/Lisu_Bosa/Lisu_Bosa_0051.png,data/v2/processed/fontsense_v2/images/train/serif/Lisu_Bosa/Lisu_Bosa_0065.png,3,True,True,False
data/v2/processed/fontsense_v2/images/train/serif/Lisu_Bosa/Lisu_Bosa_0051.png,data/v2/processed/fontsense_v2/images/train/serif/Lisu_Bosa/Lisu_Bosa_0069.png,3,True,True,False
data/v2/processed/fontsense_v2/images/train/serif/Lisu_Bosa/Lisu_Bosa_0051.png,data/v2/processed/fontsense_v2/images/train/serif/Lisu_Bosa/Lisu_Bosa_0071.png,3,True,True,False
data/v2/processed/fontsense_v2/images/train/serif/Lisu_Bosa/Lisu_Bosa_0051.png,data/v2/processed/fontsense_v2/images/train/serif/Lisu_Bosa/Lisu_Bosa_0072.png,3,True,True,False
data/v2/processed/fontsense_v2/images/train/serif/Lisu_Bosa/Lisu_Bosa_0051.png,data/v2/processed/fontsense_v2/images/train/serif/Lisu_Bosa/Lisu_Bosa_0079.png,3,True,True,False
data/v2/processed/fontsense_v2/images/train/serif/Lisu_Bosa/Lisu_Bosa_0051.png,data/v2/processed/fontsense_v2/images/train/serif/Lisu_Bosa/Lisu_Bosa_0088.png,3,True,True,False
data/v2/processed/fontsense_v2/images/train/serif/Lisu_Bosa/Lisu_Bosa_0051.png,data/v2/processed/fontsense_v2/images/train/serif/Lisu_Bosa/Lisu_Bosa_0091.png,3,True,True,False
data/v2/processed/fontsense_v2/images/train/serif/Lisu_Bosa/Lisu_Bosa_0052.png,data/v2/processed/fontsense_v2/images/train/serif/Lisu_Bosa/Lisu_Bosa_0057.png,3,True,True,False
data/v2/processed/fontsense_v2/images/train/serif/Lisu_Bosa/Lisu_Bosa_0052.png,data/v2/processed/fontsense_v2/images/train/serif/Lisu_Bosa/Lisu_Bosa_0067.png,3,True,True,False
data/v2/processed/fontsense_v2/images/train/serif/Lisu_Bosa/Lisu_Bosa_0052.png,data/v2/processed/fontsense_v2/images/train/serif/Lisu_Bosa/Lisu_Bosa_0071.png,3,True,True,False
data/v2/processed/fontsense_v2/images/train/serif/Lisu_Bosa/Lisu_Bosa_0052.png,data/v2/processed/fontsense_v2/images/train/serif/Lisu_Bosa/Lisu_Bosa_0080.png,3,True,True,False
data/v2/processed/fontsense_v2/images/train/serif/Lisu_Bosa/Lisu_Bosa_0052.png,data/v2/processed/fontsense_v2/images/train/serif/Noto_Serif_Ahom/Noto_Serif_Ahom_0001.png,3,False,True,False
data/v2/processed/fontsense_v2/images/train/serif/Lisu_Bosa/Lisu_Bosa_0053.png,data/v2/processed/fontsense_v2/images/train/serif/Lisu_Bosa/Lisu_Bosa_0054.png,3,True,True,False
data/v2/processed/fontsense_v2/images/train/serif/Lisu_Bosa/Lisu_Bosa_0053.png,data/v2/processed/fontsense_v2/images/train/serif/Lisu_Bosa/Lisu_Bosa_0065.png,3,True,True,False
data/v2/processed/fontsense_v2/images/train/serif/Lisu_Bosa/Lisu_Bosa_0053.png,data/v2/processed/fontsense_v2/images/train/serif/Lisu_Bosa/Lisu_Bosa_0069.png,3,True,True,False
data/v2/processed/fontsense_v2/images/train/serif/Lisu_Bosa/Lisu_Bosa_0053.png,data/v2/processed/fontsense_v2/images/train/serif/Lisu_Bosa/Lisu_Bosa_0072.png,3,True,True,False
data/v2/processed/fontsense_v2/images/train/serif/Lisu_Bosa/Lisu_Bosa_0053.png,data/v2/processed/fontsense_v2/images/train/serif/Lisu_Bosa/Lisu_Bosa_0079.png,3,True,True,False
data/v2/processed/fontsense_v2/images/train/serif/Lisu_Bosa/Lisu_Bosa_0053.png,data/v2/processed/fontsense_v2/images/train/serif/Lisu_Bosa/Lisu_Bosa_0087.png,3,True,True,False
data/v2/processed/fontsense_v2/images/train/serif/Lisu_Bosa/Lisu_Bosa_0053.png,data/v2/processed/fontsense_v2/images/train/serif/Lisu_Bosa/Lisu_Bosa_0088.png,3,True,True,False
data/v2/processed/fontsense_v2/images/train/serif/Lisu_Bosa/Lisu_Bosa_0053.png,data/v2/processed/fontsense_v2/images/train/serif/IM_Fell_Great_Primer/IM_Fell_Great_Primer_0088.png,3,False,True,False
data/v2/processed/fontsense_v2/images/train/serif/Lisu_Bosa/Lisu_Bosa_0054.png,data/v2/processed/fontsense_v2/images/train/serif/Lisu_Bosa/Lisu_Bosa_0081.png,3,True,True,False
data/v2/processed/fontsense_v2/images/train/serif/Lisu_Bosa/Lisu_Bosa_0054.png,data/v2/processed/fontsense_v2/images/train/serif/Lisu_Bosa/Lisu_Bosa_0083.png,3,True,True,False
data/v2/processed/fontsense_v2/images/train/serif/Lisu_Bosa/Lisu_Bosa_0054.png,data/v2/processed/fontsense_v2/images/train/serif/Lisu_Bosa/Lisu_Bosa_0093.png,3,True,True,False
data/v2/processed/fontsense_v2/images/train/serif/Lisu_Bosa/Lisu_Bosa_0054.png,data/v2/processed/fontsense_v2/images/train/serif/Lisu_Bosa/Lisu_Bosa_0095.png,3,True,True,False
data/v2/processed/fontsense_v2/images/train/serif/Lisu_Bosa/Lisu_Bosa_0054.png,data/v2/processed/fontsense_v2/images/train/serif/Lisu_Bosa/Lisu_Bosa_0096.png,3,True,True,False
data/v2/processed/fontsense_v2/images/train/serif/Lisu_Bosa/Lisu_Bosa_0054.png,data/v2/processed/fontsense_v2/images/train/serif/Quattrocento/Quattrocento_0095.png,3,False,True,False
data/v2/processed/fontsense_v2/images/train/serif/Lisu_Bosa/Lisu_Bosa_0055.png,data/v2/processed/fontsense_v2/images/train/serif/Lisu_Bosa/Lisu_Bosa_0056.png,3,True,True,False
data/v2/processed/fontsense_v2/images/train/serif/Lisu_Bosa/Lisu_Bosa_0055.png,data/v2/processed/fontsense_v2/images/train/serif/Lisu_Bosa/Lisu_Bosa_0061.png,3,True,True,False
data/v2/processed/fontsense_v2/images/train/serif/Lisu_Bosa/Lisu_Bosa_0055.png,data/v2/processed/fontsense_v2/images/train/serif/Lisu_Bosa/Lisu_Bosa_0085.png,3,True,True,False
data/v2/processed/fontsense_v2/images/train/serif/Lisu_Bosa/Lisu_Bosa_0056.png,data/v2/processed/fontsense_v2/images/train/serif/Lisu_Bosa/Lisu_Bosa_0074.png,3,True,True,False
data/v2/processed/fontsense_v2/images/train/serif/Lisu_Bosa/Lisu_Bosa_0057.png,data/v2/processed/fontsense_v2/images/train/serif/Lisu_Bosa/Lisu_Bosa_0070.png,3,True,True,False
data/v2/processed/fontsense_v2/images/train/serif/Lisu_Bosa/Lisu_Bosa_0057.png,data/v2/processed/fontsense_v2/images/train/serif/Lisu_Bosa/Lisu_Bosa_0083.png,3,True,True,False
data/v2/processed/fontsense_v2/images/train/serif/Lisu_Bosa/Lisu_Bosa_0058.png,data/v2/processed/fontsense_v2/images/train/serif/Lisu_Bosa/Lisu_Bosa_0070.png,3,True,True,False
data/v2/processed/fontsense_v2/images/train/serif/Lisu_Bosa/Lisu_Bosa_0058.png,data/v2/processed/fontsense_v2/images/train/serif/Lisu_Bosa/Lisu_Bosa_0083.png,3,True,True,False
data/v2/processed/fontsense_v2/images/train/serif/Lisu_Bosa/Lisu_Bosa_0058.png,data/v2/processed/fontsense_v2/images/train/serif/Lisu_Bosa/Lisu_Bosa_0086.png,3,True,True,False
data/v2/processed/fontsense_v2/images/train/serif/Lisu_Bosa/Lisu_Bosa_0059.png,data/v2/processed/fontsense_v2/images/train/serif/Rokkitt/Rokkitt_0054.png,3,False,True,False
data/v2/processed/fontsense_v2/images/train/serif/Lisu_Bosa/Lisu_Bosa_0059.png,data/v2/processed/fontsense_v2/images/train/serif/IM_Fell_Great_Primer/IM_Fell_Great_Primer_0004.png,3,False,True,False
data/v2/processed/fontsense_v2/images/train/serif/Lisu_Bosa/Lisu_Bosa_0060.png,data/v2/processed/fontsense_v2/images/train/serif/Noto_Serif_Hebrew/Noto_Serif_Hebrew_0009.png,3,False,True,False
data/v2/processed/fontsense_v2/images/train/serif/Lisu_Bosa/Lisu_Bosa_0060.png,data/v2/processed/fontsense_v2/images/train/serif/Noto_Serif_Hebrew/Noto_Serif_Hebrew_0028.png,3,False,True,False
data/v2/processed/fontsense_v2/images/train/serif/Lisu_Bosa/Lisu_Bosa_0060.png,data/v2/processed/fontsense_v2/images/train/serif/Yuji_Syuku/Yuji_Syuku_0015.png,3,False,True,False
data/v2/processed/fontsense_v2/images/train/serif/Lisu_Bosa/Lisu_Bosa_0060.png,data/v2/processed/fontsense_v2/images/train/serif/Yuji_Syuku/Yuji_Syuku_0019.png,3,False,True,False
data/v2/processed/fontsense_v2/images/train/serif/Lisu_Bosa/Lisu_Bosa_0060.png,data/v2/processed/fontsense_v2/images/train/serif/Rokkitt/Rokkitt_0060.png,3,False,True,False
data/v2/processed/fontsense_v2/images/train/serif/Lisu_Bosa/Lisu_Bosa_0060.png,data/v2/processed/fontsense_v2/images/train/serif/Rokkitt/Rokkitt_0086.png,3,False,True,False
data/v2/processed/fontsense_v2/images/train/serif/Lisu_Bosa/Lisu_Bosa_0060.png,data/v2/processed/fontsense_v2/images/train/serif/Quattrocento/Quattrocento_0029.png,3,False,True,False
data/v2/processed/fontsense_v2/images/train/serif/Lisu_Bosa/Lisu_Bosa_0060.png,data/v2/processed/fontsense_v2/images/train/serif/Quattrocento/Quattrocento_0038.png,3,False,True,False
data/v2/processed/fontsense_v2/images/train/serif/Lisu_Bosa/Lisu_Bosa_0060.png,data/v2/processed/fontsense_v2/images/train/serif/Quattrocento/Quattrocento_0079.png,3,False,True,False
data/v2/processed/fontsense_v2/images/train/serif/Lisu_Bosa/Lisu_Bosa_0060.png,data/v2/processed/fontsense_v2/images/train/serif/Sanchez/Sanchez_0005.png,3,False,True,False
data/v2/processed/fontsense_v2/images/train/serif/Lisu_Bosa/Lisu_Bosa_0060.png,data/v2/processed/fontsense_v2/images/train/serif/Noto_Serif_Ahom/Noto_Serif_Ahom_0049.png,3,False,True,False
data/v2/processed/fontsense_v2/images/train/serif/Lisu_Bosa/Lisu_Bosa_0060.png,data/v2/processed/fontsense_v2/images/train/serif/Noto_Serif_Ahom/Noto_Serif_Ahom_0052.png,3,False,True,False
data/v2/processed/fontsense_v2/images/train/serif/Lisu_Bosa/Lisu_Bosa_0061.png,data/v2/processed/fontsense_v2/images/train/serif/Lisu_Bosa/Lisu_Bosa_0063.png,3,True,True,False
data/v2/processed/fontsense_v2/images/train/serif/Lisu_Bosa/Lisu_Bosa_0061.png,data/v2/processed/fontsense_v2/images/train/serif/Lisu_Bosa/Lisu_Bosa_0074.png,3,True,True,False
data/v2/processed/fontsense_v2/images/train/serif/Lisu_Bosa/Lisu_Bosa_0063.png,data/v2/processed/fontsense_v2/images/train/serif/Yuji_Syuku/Yuji_Syuku_0030.png,3,False,True,False
data/v2/processed/fontsense_v2/images/train/serif/Lisu_Bosa/Lisu_Bosa_0064.png,data/v2/processed/fontsense_v2/images/train/serif/Rokkitt/Rokkitt_0008.png,3,False,True,False
data/v2/processed/fontsense_v2/images/train/serif/Lisu_Bosa/Lisu_Bosa_0065.png,data/v2/processed/fontsense_v2/images/train/serif/Lisu_Bosa/Lisu_Bosa_0081.png,3,True,True,False
data/v2/processed/fontsense_v2/images/train/serif/Lisu_Bosa/Lisu_Bosa_0065.png,data/v2/processed/fontsense_v2/images/train/serif/Lisu_Bosa/Lisu_Bosa_0096.png,3,True,True,False
data/v2/processed/fontsense_v2/images/train/serif/Lisu_Bosa/Lisu_Bosa_0065.png,data/v2/processed/fontsense_v2/images/train/serif/Rokkitt/Rokkitt_0095.png,3,False,True,False
data/v2/processed/fontsense_v2/images/train/serif/Lisu_Bosa/Lisu_Bosa_0067.png,data/v2/processed/fontsense_v2/images/train/serif/Lisu_Bosa/Lisu_Bosa_0070.png,3,True,True,False
data/v2/processed/fontsense_v2/images/train/serif/Lisu_Bosa/Lisu_Bosa_0067.png,data/v2/processed/fontsense_v2/images/train/serif/Lisu_Bosa/Lisu_Bosa_0086.png,3,True,True,False
data/v2/processed/fontsense_v2/images/train/serif/Lisu_Bosa/Lisu_Bosa_0069.png,data/v2/processed/fontsense_v2/images/train/serif/Lisu_Bosa/Lisu_Bosa_0083.png,3,True,True,False
data/v2/processed/fontsense_v2/images/train/serif/Lisu_Bosa/Lisu_Bosa_0069.png,data/v2/processed/fontsense_v2/images/train/serif/Lisu_Bosa/Lisu_Bosa_0093.png,3,True,True,False
data/v2/processed/fontsense_v2/images/train/serif/Lisu_Bosa/Lisu_Bosa_0069.png,data/v2/processed/fontsense_v2/images/train/serif/Lisu_Bosa/Lisu_Bosa_0096.png,3,True,True,False
data/v2/processed/fontsense_v2/images/train/serif/Lisu_Bosa/Lisu_Bosa_0070.png,data/v2/processed/fontsense_v2/images/train/serif/Lisu_Bosa/Lisu_Bosa_0071.png,3,True,True,False
data/v2/processed/fontsense_v2/images/train/serif/Lisu_Bosa/Lisu_Bosa_0070.png,data/v2/processed/fontsense_v2/images/train/serif/Lisu_Bosa/Lisu_Bosa_0080.png,3,True,True,False
data/v2/processed/fontsense_v2/images/train/serif/Lisu_Bosa/Lisu_Bosa_0070.png,data/v2/processed/fontsense_v2/images/train/serif/Noto_Serif_Ahom/Noto_Serif_Ahom_0001.png,3,False,True,False
data/v2/processed/fontsense_v2/images/train/serif/Lisu_Bosa/Lisu_Bosa_0071.png,data/v2/processed/fontsense_v2/images/train/serif/Lisu_Bosa/Lisu_Bosa_0081.png,3,True,True,False
data/v2/processed/fontsense_v2/images/train/serif/Lisu_Bosa/Lisu_Bosa_0071.png,data/v2/processed/fontsense_v2/images/train/serif/Lisu_Bosa/Lisu_Bosa_0086.png,3,True,True,False
data/v2/processed/fontsense_v2/images/train/serif/Lisu_Bosa/Lisu_Bosa_0071.png,data/v2/processed/fontsense_v2/images/train/serif/Lisu_Bosa/Lisu_Bosa_0096.png,3,True,True,False
data/v2/processed/fontsense_v2/images/train/serif/Lisu_Bosa/Lisu_Bosa_0072.png,data/v2/processed/fontsense_v2/images/train/serif/Lisu_Bosa/Lisu_Bosa_0093.png,3,True,True,False
data/v2/processed/fontsense_v2/images/train/serif/Lisu_Bosa/Lisu_Bosa_0072.png,data/v2/processed/fontsense_v2/images/train/serif/Rokkitt/Rokkitt_0057.png,3,False,True,False
data/v2/processed/fontsense_v2/images/train/serif/Lisu_Bosa/Lisu_Bosa_0072.png,data/v2/processed/fontsense_v2/images/train/serif/Rokkitt/Rokkitt_0082.png,3,False,True,False
data/v2/processed/fontsense_v2/images/train/serif/Lisu_Bosa/Lisu_Bosa_0073.png,data/v2/processed/fontsense_v2/images/train/serif/Lisu_Bosa/Lisu_Bosa_0078.png,3,True,True,False
data/v2/processed/fontsense_v2/images/train/serif/Lisu_Bosa/Lisu_Bosa_0073.png,data/v2/processed/fontsense_v2/images/train/serif/Noto_Serif_Hebrew/Noto_Serif_Hebrew_0073.png,3,False,True,False
data/v2/processed/fontsense_v2/images/train/serif/Lisu_Bosa/Lisu_Bosa_0073.png,data/v2/processed/fontsense_v2/images/train/serif/Wellfleet/Wellfleet_0053.png,3,False,True,False
data/v2/processed/fontsense_v2/images/train/serif/Lisu_Bosa/Lisu_Bosa_0073.png,data/v2/processed/fontsense_v2/images/train/serif/Domine/Domine_0060.png,3,False,True,False
data/v2/processed/fontsense_v2/images/train/serif/Lisu_Bosa/Lisu_Bosa_0073.png,data/v2/processed/fontsense_v2/images/train/serif/Yuji_Syuku/Yuji_Syuku_0007.png,3,False,True,False
data/v2/processed/fontsense_v2/images/train/serif/Lisu_Bosa/Lisu_Bosa_0073.png,data/v2/processed/fontsense_v2/images/train/serif/Rokkitt/Rokkitt_0055.png,3,False,True,False
data/v2/processed/fontsense_v2/images/train/serif/Lisu_Bosa/Lisu_Bosa_0073.png,data/v2/processed/fontsense_v2/images/train/serif/Rokkitt/Rokkitt_0072.png,3,False,True,False
data/v2/processed/fontsense_v2/images/train/serif/Lisu_Bosa/Lisu_Bosa_0073.png,data/v2/processed/fontsense_v2/images/train/serif/Quattrocento/Quattrocento_0089.png,3,False,True,False
data/v2/processed/fontsense_v2/images/train/serif/Lisu_Bosa/Lisu_Bosa_0073.png,data/v2/processed/fontsense_v2/images/train/serif/IM_Fell_Great_Primer/IM_Fell_Great_Primer_0079.png,3,False,True,False
data/v2/processed/fontsense_v2/images/train/serif/Lisu_Bosa/Lisu_Bosa_0073.png,data/v2/processed/fontsense_v2/images/train/serif/Noto_Serif_Ahom/Noto_Serif_Ahom_0069.png,3,False,True,False
data/v2/processed/fontsense_v2/images/train/serif/Lisu_Bosa/Lisu_Bosa_0074.png,data/v2/processed/fontsense_v2/images/train/serif/Lisu_Bosa/Lisu_Bosa_0085.png,3,True,True,False
data/v2/processed/fontsense_v2/images/train/serif/Lisu_Bosa/Lisu_Bosa_0077.png,data/v2/processed/fontsense_v2/images/train/serif/Noto_Serif_Ahom/Noto_Serif_Ahom_0003.png,3,False,True,False
data/v2/processed/fontsense_v2/images/train/serif/Lisu_Bosa/Lisu_Bosa_0078.png,data/v2/processed/fontsense_v2/images/train/serif/Wellfleet/Wellfleet_0084.png,3,False,True,False
data/v2/processed/fontsense_v2/images/train/serif/Lisu_Bosa/Lisu_Bosa_0078.png,data/v2/processed/fontsense_v2/images/train/serif/Domine/Domine_0062.png,3,False,True,False
data/v2/processed/fontsense_v2/images/train/serif/Lisu_Bosa/Lisu_Bosa_0078.png,data/v2/processed/fontsense_v2/images/train/serif/Rokkitt/Rokkitt_0000.png,3,False,True,False
data/v2/processed/fontsense_v2/images/train/serif/Lisu_Bosa/Lisu_Bosa_0078.png,data/v2/processed/fontsense_v2/images/train/serif/Quattrocento/Quattrocento_0015.png,3,False,True,False
data/v2/processed/fontsense_v2/images/train/serif/Lisu_Bosa/Lisu_Bosa_0078.png,data/v2/processed/fontsense_v2/images/train/serif/IM_Fell_Great_Primer/IM_Fell_Great_Primer_0066.png,3,False,True,False
data/v2/processed/fontsense_v2/images/train/serif/Lisu_Bosa/Lisu_Bosa_0079.png,data/v2/processed/fontsense_v2/images/train/serif/Lisu_Bosa/Lisu_Bosa_0081.png,3,True,True,False
data/v2/processed/fontsense_v2/images/train/serif/Lisu_Bosa/Lisu_Bosa_0079.png,data/v2/processed/fontsense_v2/images/train/serif/Lisu_Bosa/Lisu_Bosa_0082.png,3,True,True,False
data/v2/processed/fontsense_v2/images/train/serif/Lisu_Bosa/Lisu_Bosa_0079.png,data/v2/processed/fontsense_v2/images/train/serif/Lisu_Bosa/Lisu_Bosa_0096.png,3,True,True,False
data/v2/processed/fontsense_v2/images/train/serif/Lisu_Bosa/Lisu_Bosa_0080.png,data/v2/processed/fontsense_v2/images/train/serif/Lisu_Bosa/Lisu_Bosa_0081.png,3,True,True,False
data/v2/processed/fontsense_v2/images/train/serif/Lisu_Bosa/Lisu_Bosa_0080.png,data/v2/processed/fontsense_v2/images/train/serif/Lisu_Bosa/Lisu_Bosa_0083.png,3,True,True,False
data/v2/processed/fontsense_v2/images/train/serif/Lisu_Bosa/Lisu_Bosa_0080.png,data/v2/processed/fontsense_v2/images/train/serif/Lisu_Bosa/Lisu_Bosa_0095.png,3,True,True,False
data/v2/processed/fontsense_v2/images/train/serif/Lisu_Bosa/Lisu_Bosa_0081.png,data/v2/processed/fontsense_v2/images/train/serif/Lisu_Bosa/Lisu_Bosa_0084.png,3,True,True,False
data/v2/processed/fontsense_v2/images/train/serif/Lisu_Bosa/Lisu_Bosa_0081.png,data/v2/processed/fontsense_v2/images/train/serif/Lisu_Bosa/Lisu_Bosa_0098.png,3,True,True,False
data/v2/processed/fontsense_v2/images/train/serif/Lisu_Bosa/Lisu_Bosa_0083.png,data/v2/processed/fontsense_v2/images/train/serif/Lisu_Bosa/Lisu_Bosa_0088.png,3,True,True,False
data/v2/processed/fontsense_v2/images/train/serif/Lisu_Bosa/Lisu_Bosa_0083.png,data/v2/processed/fontsense_v2/images/train/serif/Lisu_Bosa/Lisu_Bosa_0089.png,3,True,True,False
data/v2/processed/fontsense_v2/images/train/serif/Lisu_Bosa/Lisu_Bosa_0083.png,data/v2/processed/fontsense_v2/images/train/serif/Lisu_Bosa/Lisu_Bosa_0098.png,3,True,True,False
data/v2/processed/fontsense_v2/images/train/serif/Lisu_Bosa/Lisu_Bosa_0086.png,data/v2/processed/fontsense_v2/images/train/serif/Lisu_Bosa/Lisu_Bosa_0089.png,3,True,True,False
data/v2/processed/fontsense_v2/images/train/serif/Lisu_Bosa/Lisu_Bosa_0087.png,data/v2/processed/fontsense_v2/images/train/serif/Lisu_Bosa/Lisu_Bosa_0093.png,3,True,True,False
data/v2/processed/fontsense_v2/images/train/serif/Lisu_Bosa/Lisu_Bosa_0088.png,data/v2/processed/fontsense_v2/images/train/serif/Lisu_Bosa/Lisu_Bosa_0093.png,3,True,True,False
data/v2/processed/fontsense_v2/images/train/serif/Lisu_Bosa/Lisu_Bosa_0088.png,data/v2/processed/fontsense_v2/images/train/serif/Lisu_Bosa/Lisu_Bosa_0096.png,3,True,True,False
data/v2/processed/fontsense_v2/images/train/serif/Lisu_Bosa/Lisu_Bosa_0091.png,data/v2/processed/fontsense_v2/images/train/serif/Rokkitt/Rokkitt_0052.png,3,False,True,False
data/v2/processed/fontsense_v2/images/train/serif/Lisu_Bosa/Lisu_Bosa_0093.png,data/v2/processed/fontsense_v2/images/train/serif/Lisu_Bosa/Lisu_Bosa_0098.png,3,True,True,False
data/v2/processed/fontsense_v2/images/train/serif/Lisu_Bosa/Lisu_Bosa_0093.png,data/v2/processed/fontsense_v2/images/train/serif/IM_Fell_Great_Primer/IM_Fell_Great_Primer_0029.png,3,False,True,False
data/v2/processed/fontsense_v2/images/train/serif/Lisu_Bosa/Lisu_Bosa_0093.png,data/v2/processed/fontsense_v2/images/train/serif/IM_Fell_Great_Primer/IM_Fell_Great_Primer_0088.png,3,False,True,False
data/v2/processed/fontsense_v2/images/train/serif/Lisu_Bosa/Lisu_Bosa_0094.png,data/v2/processed/fontsense_v2/images/train/serif/Rokkitt/Rokkitt_0095.png,3,False,True,False
data/v2/processed/fontsense_v2/images/train/serif/Lisu_Bosa/Lisu_Bosa_0095.png,data/v2/processed/fontsense_v2/images/train/serif/Lisu_Bosa/Lisu_Bosa_0098.png,3,True,True,False
data/v2/processed/fontsense_v2/images/train/serif/Lisu_Bosa/Lisu_Bosa_0096.png,data/v2/processed/fontsense_v2/images/train/serif/Lisu_Bosa/Lisu_Bosa_0098.png,3,True,True,False
data/v2/processed/fontsense_v2/images/train/serif/Lisu_Bosa/Lisu_Bosa_0098.png,data/v2/processed/fontsense_v2/images/train/serif/Quattrocento/Quattrocento_0095.png,3,False,True,False
data/v2/processed/fontsense_v2/images/train/serif/Noto_Serif_Ahom/Noto_Serif_Ahom_0000.png,data/v2/processed/fontsense_v2/images/train/serif/Noto_Serif_Ahom/Noto_Serif_Ahom_0036.png,3,True,True,False
data/v2/processed/fontsense_v2/images/train/serif/Noto_Serif_Ahom/Noto_Serif_Ahom_0006.png,data/v2/processed/fontsense_v2/images/train/serif/Noto_Serif_Ahom/Noto_Serif_Ahom_0055.png,3,True,True,False
data/v2/processed/fontsense_v2/images/train/serif/Noto_Serif_Ahom/Noto_Serif_Ahom_0006.png,data/v2/processed/fontsense_v2/images/train/serif/Noto_Serif_Ahom/Noto_Serif_Ahom_0065.png,3,True,True,False
data/v2/processed/fontsense_v2/images/train/serif/Noto_Serif_Ahom/Noto_Serif_Ahom_0009.png,data/v2/processed/fontsense_v2/images/train/serif/Noto_Serif_Ahom/Noto_Serif_Ahom_0020.png,3,True,True,False
data/v2/processed/fontsense_v2/images/train/serif/Noto_Serif_Ahom/Noto_Serif_Ahom_0009.png,data/v2/processed/fontsense_v2/images/train/serif/Noto_Serif_Ahom/Noto_Serif_Ahom_0039.png,3,True,True,False
data/v2/processed/fontsense_v2/images/train/serif/Noto_Serif_Ahom/Noto_Serif_Ahom_0009.png,data/v2/processed/fontsense_v2/images/train/serif/Noto_Serif_Ahom/Noto_Serif_Ahom_0052.png,3,True,True,False
data/v2/processed/fontsense_v2/images/train/serif/Noto_Serif_Ahom/Noto_Serif_Ahom_0019.png,data/v2/processed/fontsense_v2/images/train/serif/Noto_Serif_Ahom/Noto_Serif_Ahom_0069.png,3,True,True,False
data/v2/processed/fontsense_v2/images/train/serif/Noto_Serif_Ahom/Noto_Serif_Ahom_0030.png,data/v2/processed/fontsense_v2/images/train/serif/Noto_Serif_Ahom/Noto_Serif_Ahom_0035.png,3,True,True,False
data/v2/processed/fontsense_v2/images/train/serif/Noto_Serif_Ahom/Noto_Serif_Ahom_0030.png,data/v2/processed/fontsense_v2/images/train/serif/Noto_Serif_Ahom/Noto_Serif_Ahom_0067.png,3,True,True,False
data/v2/processed/fontsense_v2/images/train/serif/Noto_Serif_Ahom/Noto_Serif_Ahom_0032.png,data/v2/processed/fontsense_v2/images/train/serif/Noto_Serif_Ahom/Noto_Serif_Ahom_0055.png,3,True,True,False
data/v2/processed/fontsense_v2/images/train/serif/Noto_Serif_Ahom/Noto_Serif_Ahom_0032.png,data/v2/processed/fontsense_v2/images/train/serif/Noto_Serif_Ahom/Noto_Serif_Ahom_0062.png,3,True,True,False
data/v2/processed/fontsense_v2/images/train/serif/Noto_Serif_Ahom/Noto_Serif_Ahom_0032.png,data/v2/processed/fontsense_v2/images/train/serif/Noto_Serif_Ahom/Noto_Serif_Ahom_0065.png,3,True,True,False
data/v2/processed/fontsense_v2/images/train/serif/Noto_Serif_Ahom/Noto_Serif_Ahom_0069.png,data/v2/processed/fontsense_v2/images/train/serif/Noto_Serif_Ahom/Noto_Serif_Ahom_0071.png,3,True,True,False
data/v2/processed/fontsense_v2/images/train/serif/Noto_Serif_Hebrew/Noto_Serif_Hebrew_0000.png,data/v2/processed/fontsense_v2/images/train/serif/IM_Fell_Great_Primer/IM_Fell_Great_Primer_0092.png,3,False,True,False
data/v2/processed/fontsense_v2/images/train/serif/Noto_Serif_Hebrew/Noto_Serif_Hebrew_0003.png,data/v2/processed/fontsense_v2/images/train/serif/Wellfleet/Wellfleet_0030.png,3,False,True,False
data/v2/processed/fontsense_v2/images/train/serif/Noto_Serif_Hebrew/Noto_Serif_Hebrew_0003.png,data/v2/processed/fontsense_v2/images/train/serif/Rokkitt/Rokkitt_0071.png,3,False,True,False
data/v2/processed/fontsense_v2/images/train/serif/Noto_Serif_Hebrew/Noto_Serif_Hebrew_0004.png,data/v2/processed/fontsense_v2/images/train/serif/Noto_Serif_KR/Noto_Serif_KR_0058.png,3,False,True,False
data/v2/processed/fontsense_v2/images/train/serif/Noto_Serif_Hebrew/Noto_Serif_Hebrew_0004.png,data/v2/processed/fontsense_v2/images/train/serif/Yuji_Syuku/Yuji_Syuku_0069.png,3,False,True,False
data/v2/processed/fontsense_v2/images/train/serif/Noto_Serif_Hebrew/Noto_Serif_Hebrew_0004.png,data/v2/processed/fontsense_v2/images/train/serif/Noto_Serif_Ahom/Noto_Serif_Ahom_0030.png,3,False,True,False
data/v2/processed/fontsense_v2/images/train/serif/Noto_Serif_Hebrew/Noto_Serif_Hebrew_0005.png,data/v2/processed/fontsense_v2/images/train/serif/Noto_Serif_Hebrew/Noto_Serif_Hebrew_0053.png,3,True,True,False
data/v2/processed/fontsense_v2/images/train/serif/Noto_Serif_Hebrew/Noto_Serif_Hebrew_0005.png,data/v2/processed/fontsense_v2/images/train/serif/IM_Fell_Great_Primer/IM_Fell_Great_Primer_0076.png,3,False,True,False
data/v2/processed/fontsense_v2/images/train/serif/Noto_Serif_Hebrew/Noto_Serif_Hebrew_0005.png,data/v2/processed/fontsense_v2/images/train/serif/Noto_Serif_Ahom/Noto_Serif_Ahom_0035.png,3,False,True,False
data/v2/processed/fontsense_v2/images/train/serif/Noto_Serif_Hebrew/Noto_Serif_Hebrew_0006.png,data/v2/processed/fontsense_v2/images/train/serif/Noto_Serif_Hebrew/Noto_Serif_Hebrew_0028.png,3,True,True,False
data/v2/processed/fontsense_v2/images/train/serif/Noto_Serif_Hebrew/Noto_Serif_Hebrew_0006.png,data/v2/processed/fontsense_v2/images/train/serif/Noto_Serif_Hebrew/Noto_Serif_Hebrew_0054.png,3,True,True,False
data/v2/processed/fontsense_v2/images/train/serif/Noto_Serif_Hebrew/Noto_Serif_Hebrew_0006.png,data/v2/processed/fontsense_v2/images/train/serif/Noto_Serif_Hebrew/Noto_Serif_Hebrew_0071.png,3,True,True,False
data/v2/processed/fontsense_v2/images/train/serif/Noto_Serif_Hebrew/Noto_Serif_Hebrew_0006.png,data/v2/processed/fontsense_v2/images/train/serif/Noto_Serif_Hebrew/Noto_Serif_Hebrew_0094.png,3,True,True,False
data/v2/processed/fontsense_v2/images/train/serif/Noto_Serif_Hebrew/Noto_Serif_Hebrew_0006.png,data/v2/processed/fontsense_v2/images/train/serif/Domine/Domine_0053.png,3,False,True,False
data/v2/processed/fontsense_v2/images/train/serif/Noto_Serif_Hebrew/Noto_Serif_Hebrew_0006.png,data/v2/processed/fontsense_v2/images/train/serif/BatangChe/BatangChe_0075.png,3,False,True,False
data/v2/processed/fontsense_v2/images/train/serif/Noto_Serif_Hebrew/Noto_Serif_Hebrew_0006.png,data/v2/processed/fontsense_v2/images/train/serif/Quattrocento/Quattrocento_0038.png,3,False,True,False
data/v2/processed/fontsense_v2/images/train/serif/Noto_Serif_Hebrew/Noto_Serif_Hebrew_0006.png,data/v2/processed/fontsense_v2/images/train/serif/Noto_Serif_Ahom/Noto_Serif_Ahom_0049.png,3,False,True,False
data/v2/processed/fontsense_v2/images/train/serif/Noto_Serif_Hebrew/Noto_Serif_Hebrew_0009.png,data/v2/processed/fontsense_v2/images/train/serif/Noto_Serif_Hebrew/Noto_Serif_Hebrew_0072.png,3,True,True,False
data/v2/processed/fontsense_v2/images/train/serif/Noto_Serif_Hebrew/Noto_Serif_Hebrew_0009.png,data/v2/processed/fontsense_v2/images/train/serif/Rokkitt/Rokkitt_0029.png,3,False,True,False
data/v2/processed/fontsense_v2/images/train/serif/Noto_Serif_Hebrew/Noto_Serif_Hebrew_0009.png,data/v2/processed/fontsense_v2/images/train/serif/Quattrocento/Quattrocento_0018.png,3,False,True,False
data/v2/processed/fontsense_v2/images/train/serif/Noto_Serif_Hebrew/Noto_Serif_Hebrew_0009.png,data/v2/processed/fontsense_v2/images/train/serif/Sanchez/Sanchez_0059.png,3,False,True,False
data/v2/processed/fontsense_v2/images/train/serif/Noto_Serif_Hebrew/Noto_Serif_Hebrew_0009.png,data/v2/processed/fontsense_v2/images/train/serif/IM_Fell_Great_Primer/IM_Fell_Great_Primer_0008.png,3,False,True,False
data/v2/processed/fontsense_v2/images/train/serif/Noto_Serif_Hebrew/Noto_Serif_Hebrew_0009.png,data/v2/processed/fontsense_v2/images/train/serif/IM_Fell_Great_Primer/IM_Fell_Great_Primer_0041.png,3,False,True,False
data/v2/processed/fontsense_v2/images/train/serif/Noto_Serif_Hebrew/Noto_Serif_Hebrew_0009.png,data/v2/processed/fontsense_v2/images/train/serif/IM_Fell_Great_Primer/IM_Fell_Great_Primer_0060.png,3,False,True,False
data/v2/processed/fontsense_v2/images/train/serif/Noto_Serif_Hebrew/Noto_Serif_Hebrew_0010.png,data/v2/processed/fontsense_v2/images/train/serif/Noto_Serif_Hebrew/Noto_Serif_Hebrew_0060.png,3,True,True,False
data/v2/processed/fontsense_v2/images/train/serif/Noto_Serif_Hebrew/Noto_Serif_Hebrew_0010.png,data/v2/processed/fontsense_v2/images/train/serif/Yuji_Syuku/Yuji_Syuku_0045.png,3,False,True,False
data/v2/processed/fontsense_v2/images/train/serif/Noto_Serif_Hebrew/Noto_Serif_Hebrew_0010.png,data/v2/processed/fontsense_v2/images/train/serif/Rokkitt/Rokkitt_0055.png,3,False,True,False
data/v2/processed/fontsense_v2/images/train/serif/Noto_Serif_Hebrew/Noto_Serif_Hebrew_0010.png,data/v2/processed/fontsense_v2/images/train/serif/Quattrocento/Quattrocento_0030.png,3,False,True,False
data/v2/processed/fontsense_v2/images/train/serif/Noto_Serif_Hebrew/Noto_Serif_Hebrew_0010.png,data/v2/processed/fontsense_v2/images/train/serif/Noto_Serif_Ahom/Noto_Serif_Ahom_0035.png,3,False,True,False
data/v2/processed/fontsense_v2/images/train/serif/Noto_Serif_Hebrew/Noto_Serif_Hebrew_0010.png,data/v2/processed/fontsense_v2/images/train/serif/Noto_Serif_Ahom/Noto_Serif_Ahom_0069.png,3,False,True,False
data/v2/processed/fontsense_v2/images/train/serif/Noto_Serif_Hebrew/Noto_Serif_Hebrew_0011.png,data/v2/processed/fontsense_v2/images/train/serif/Noto_Serif_Hebrew/Noto_Serif_Hebrew_0023.png,3,True,True,False
data/v2/processed/fontsense_v2/images/train/serif/Noto_Serif_Hebrew/Noto_Serif_Hebrew_0011.png,data/v2/processed/fontsense_v2/images/train/serif/IM_Fell_Great_Primer/IM_Fell_Great_Primer_0098.png,3,False,True,False
data/v2/processed/fontsense_v2/images/train/serif/Noto_Serif_Hebrew/Noto_Serif_Hebrew_0011.png,data/v2/processed/fontsense_v2/images/train/serif/Noto_Serif_Ahom/Noto_Serif_Ahom_0029.png,3,False,True,False
data/v2/processed/fontsense_v2/images/train/serif/Noto_Serif_Hebrew/Noto_Serif_Hebrew_0013.png,data/v2/processed/fontsense_v2/images/train/serif/Noto_Serif_Hebrew/Noto_Serif_Hebrew_0035.png,3,True,True,False
data/v2/processed/fontsense_v2/images/train/serif/Noto_Serif_Hebrew/Noto_Serif_Hebrew_0014.png,data/v2/processed/fontsense_v2/images/train/serif/Sanchez/Sanchez_0054.png,3,False,True,False
data/v2/processed/fontsense_v2/images/train/serif/Noto_Serif_Hebrew/Noto_Serif_Hebrew_0014.png,data/v2/processed/fontsense_v2/images/train/serif/Noto_Serif_Ahom/Noto_Serif_Ahom_0052.png,3,False,True,False
data/v2/processed/fontsense_v2/images/train/serif/Noto_Serif_Hebrew/Noto_Serif_Hebrew_0015.png,data/v2/processed/fontsense_v2/images/train/serif/Quattrocento/Quattrocento_0050.png,3,False,True,False
data/v2/processed/fontsense_v2/images/train/serif/Noto_Serif_Hebrew/Noto_Serif_Hebrew_0015.png,data/v2/processed/fontsense_v2/images/train/serif/Noto_Serif_Ahom/Noto_Serif_Ahom_0070.png,3,False,True,False
data/v2/processed/fontsense_v2/images/train/serif/Noto_Serif_Hebrew/Noto_Serif_Hebrew_0018.png,data/v2/processed/fontsense_v2/images/train/serif/Noto_Serif_Ahom/Noto_Serif_Ahom_0003.png,3,False,True,False
data/v2/processed/fontsense_v2/images/train/serif/Noto_Serif_Hebrew/Noto_Serif_Hebrew_0019.png,data/v2/processed/fontsense_v2/images/train/serif/Rokkitt/Rokkitt_0047.png,3,False,True,False
data/v2/processed/fontsense_v2/images/train/serif/Noto_Serif_Hebrew/Noto_Serif_Hebrew_0019.png,data/v2/processed/fontsense_v2/images/train/serif/Quattrocento/Quattrocento_0016.png,3,False,True,False
data/v2/processed/fontsense_v2/images/train/serif/Noto_Serif_Hebrew/Noto_Serif_Hebrew_0019.png,data/v2/processed/fontsense_v2/images/train/serif/Quattrocento/Quattrocento_0023.png,3,False,True,False
data/v2/processed/fontsense_v2/images/train/serif/Noto_Serif_Hebrew/Noto_Serif_Hebrew_0020.png,data/v2/processed/fontsense_v2/images/train/serif/Sanchez/Sanchez_0044.png,3,False,True,False
data/v2/processed/fontsense_v2/images/train/serif/Noto_Serif_Hebrew/Noto_Serif_Hebrew_0023.png,data/v2/processed/fontsense_v2/images/train/serif/Noto_Serif_Hebrew/Noto_Serif_Hebrew_0043.png,3,True,True,False
data/v2/processed/fontsense_v2/images/train/serif/Noto_Serif_Hebrew/Noto_Serif_Hebrew_0023.png,data/v2/processed/fontsense_v2/images/train/serif/Wellfleet/Wellfleet_0092.png,3,False,True,False
data/v2/processed/fontsense_v2/images/train/serif/Noto_Serif_Hebrew/Noto_Serif_Hebrew_0023.png,data/v2/processed/fontsense_v2/images/train/serif/Quattrocento/Quattrocento_0015.png,3,False,True,False
data/v2/processed/fontsense_v2/images/train/serif/Noto_Serif_Hebrew/Noto_Serif_Hebrew_0023.png,data/v2/processed/fontsense_v2/images/train/serif/Sanchez/Sanchez_0043.png,3,False,True,False
data/v2/processed/fontsense_v2/images/train/serif/Noto_Serif_Hebrew/Noto_Serif_Hebrew_0025.png,data/v2/processed/fontsense_v2/images/train/serif/Libre_Caslon_Text/Libre_Caslon_Text_0033.png,3,False,True,False
data/v2/processed/fontsense_v2/images/train/serif/Noto_Serif_Hebrew/Noto_Serif_Hebrew_0026.png,data/v2/processed/fontsense_v2/images/train/serif/Noto_Serif_KR/Noto_Serif_KR_0011.png,3,False,True,False
data/v2/processed/fontsense_v2/images/train/serif/Noto_Serif_Hebrew/Noto_Serif_Hebrew_0026.png,data/v2/processed/fontsense_v2/images/train/serif/Rokkitt/Rokkitt_0061.png,3,False,True,False
data/v2/processed/fontsense_v2/images/train/serif/Noto_Serif_Hebrew/Noto_Serif_Hebrew_0026.png,data/v2/processed/fontsense_v2/images/train/serif/Rokkitt/Rokkitt_0078.png,3,False,True,False
data/v2/processed/fontsense_v2/images/train/serif/Noto_Serif_Hebrew/Noto_Serif_Hebrew_0026.png,data/v2/processed/fontsense_v2/images/train/serif/Rokkitt/Rokkitt_0080.png,3,False,True,False
data/v2/processed/fontsense_v2/images/train/serif/Noto_Serif_Hebrew/Noto_Serif_Hebrew_0026.png,data/v2/processed/fontsense_v2/images/train/serif/Rokkitt/Rokkitt_0097.png,3,False,True,False
data/v2/processed/fontsense_v2/images/train/serif/Noto_Serif_Hebrew/Noto_Serif_Hebrew_0026.png,data/v2/processed/fontsense_v2/images/train/serif/Quattrocento/Quattrocento_0016.png,3,False,True,False
data/v2/processed/fontsense_v2/images/train/serif/Noto_Serif_Hebrew/Noto_Serif_Hebrew_0027.png,data/v2/processed/fontsense_v2/images/train/serif/Noto_Serif_Hebrew/Noto_Serif_Hebrew_0072.png,3,True,True,False
data/v2/processed/fontsense_v2/images/train/serif/Noto_Serif_Hebrew/Noto_Serif_Hebrew_0027.png,data/v2/processed/fontsense_v2/images/train/serif/BatangChe/BatangChe_0052.png,3,False,True,False
data/v2/processed/fontsense_v2/images/train/serif/Noto_Serif_Hebrew/Noto_Serif_Hebrew_0027.png,data/v2/processed/fontsense_v2/images/train/serif/Rokkitt/Rokkitt_0029.png,3,False,True,False
data/v2/processed/fontsense_v2/images/train/serif/Noto_Serif_Hebrew/Noto_Serif_Hebrew_0027.png,data/v2/processed/fontsense_v2/images/train/serif/Quattrocento/Quattrocento_0041.png,3,False,True,False
data/v2/processed/fontsense_v2/images/train/serif/Noto_Serif_Hebrew/Noto_Serif_Hebrew_0027.png,data/v2/processed/fontsense_v2/images/train/serif/Sanchez/Sanchez_0080.png,3,False,True,False
data/v2/processed/fontsense_v2/images/train/serif/Noto_Serif_Hebrew/Noto_Serif_Hebrew_0027.png,data/v2/processed/fontsense_v2/images/train/serif/IM_Fell_Great_Primer/IM_Fell_Great_Primer_0008.png,3,False,True,False
data/v2/processed/fontsense_v2/images/train/serif/Noto_Serif_Hebrew/Noto_Serif_Hebrew_0027.png,data/v2/processed/fontsense_v2/images/train/serif/IM_Fell_Great_Primer/IM_Fell_Great_Primer_0060.png,3,False,True,False
data/v2/processed/fontsense_v2/images/train/serif/Noto_Serif_Hebrew/Noto_Serif_Hebrew_0027.png,data/v2/processed/fontsense_v2/images/train/serif/IM_Fell_Great_Primer/IM_Fell_Great_Primer_0069.png,3,False,True,False
data/v2/processed/fontsense_v2/images/train/serif/Noto_Serif_Hebrew/Noto_Serif_Hebrew_0028.png,data/v2/processed/fontsense_v2/images/train/serif/Wellfleet/Wellfleet_0061.png,3,False,True,False
data/v2/processed/fontsense_v2/images/train/serif/Noto_Serif_Hebrew/Noto_Serif_Hebrew_0028.png,data/v2/processed/fontsense_v2/images/train/serif/Noto_Serif_KR/Noto_Serif_KR_0005.png,3,False,True,False
data/v2/processed/fontsense_v2/images/train/serif/Noto_Serif_Hebrew/Noto_Serif_Hebrew_0028.png,data/v2/processed/fontsense_v2/images/train/serif/Domine/Domine_0019.png,3,False,True,False
data/v2/processed/fontsense_v2/images/train/serif/Noto_Serif_Hebrew/Noto_Serif_Hebrew_0028.png,data/v2/processed/fontsense_v2/images/train/serif/Libre_Caslon_Text/Libre_Caslon_Text_0030.png,3,False,True,False
data/v2/processed/fontsense_v2/images/train/serif/Noto_Serif_Hebrew/Noto_Serif_Hebrew_0028.png,data/v2/processed/fontsense_v2/images/train/serif/Rokkitt/Rokkitt_0065.png,3,False,True,False
data/v2/processed/fontsense_v2/images/train/serif/Noto_Serif_Hebrew/Noto_Serif_Hebrew_0028.png,data/v2/processed/fontsense_v2/images/train/serif/Rokkitt/Rokkitt_0077.png,3,False,True,False
data/v2/processed/fontsense_v2/images/train/serif/Noto_Serif_Hebrew/Noto_Serif_Hebrew_0028.png,data/v2/processed/fontsense_v2/images/train/serif/Quattrocento/Quattrocento_0088.png,3,False,True,False
data/v2/processed/fontsense_v2/images/train/serif/Noto_Serif_Hebrew/Noto_Serif_Hebrew_0028.png,data/v2/processed/fontsense_v2/images/train/serif/Quattrocento/Quattrocento_0092.png,3,False,True,False
data/v2/processed/fontsense_v2/images/train/serif/Noto_Serif_Hebrew/Noto_Serif_Hebrew_0028.png,data/v2/processed/fontsense_v2/images/train/serif/Sanchez/Sanchez_0001.png,3,False,True,False
data/v2/processed/fontsense_v2/images/train/serif/Noto_Serif_Hebrew/Noto_Serif_Hebrew_0028.png,data/v2/processed/fontsense_v2/images/train/serif/Sanchez/Sanchez_0006.png,3,False,True,False
data/v2/processed/fontsense_v2/images/train/serif/Noto_Serif_Hebrew/Noto_Serif_Hebrew_0028.png,data/v2/processed/fontsense_v2/images/train/serif/IM_Fell_Great_Primer/IM_Fell_Great_Primer_0032.png,3,False,True,False
data/v2/processed/fontsense_v2/images/train/serif/Noto_Serif_Hebrew/Noto_Serif_Hebrew_0031.png,data/v2/processed/fontsense_v2/images/train/serif/Noto_Serif_Hebrew/Noto_Serif_Hebrew_0068.png,3,True,True,False
data/v2/processed/fontsense_v2/images/train/serif/Noto_Serif_Hebrew/Noto_Serif_Hebrew_0031.png,data/v2/processed/fontsense_v2/images/train/serif/Noto_Serif_KR/Noto_Serif_KR_0077.png,3,False,True,False
data/v2/processed/fontsense_v2/images/train/serif/Noto_Serif_Hebrew/Noto_Serif_Hebrew_0032.png,data/v2/processed/fontsense_v2/images/train/serif/BatangChe/BatangChe_0074.png,3,False,True,False
data/v2/processed/fontsense_v2/images/train/serif/Noto_Serif_Hebrew/Noto_Serif_Hebrew_0033.png,data/v2/processed/fontsense_v2/images/train/serif/Rokkitt/Rokkitt_0039.png,3,False,True,False
data/v2/processed/fontsense_v2/images/train/serif/Noto_Serif_Hebrew/Noto_Serif_Hebrew_0033.png,data/v2/processed/fontsense_v2/images/train/serif/Quattrocento/Quattrocento_0025.png,3,False,True,False
data/v2/processed/fontsense_v2/images/train/serif/Noto_Serif_Hebrew/Noto_Serif_Hebrew_0034.png,data/v2/processed/fontsense_v2/images/train/serif/Noto_Serif_Ahom/Noto_Serif_Ahom_0023.png,3,False,True,False
data/v2/processed/fontsense_v2/images/train/serif/Noto_Serif_Hebrew/Noto_Serif_Hebrew_0035.png,data/v2/processed/fontsense_v2/images/train/serif/Yuji_Syuku/Yuji_Syuku_0029.png,3,False,True,False
data/v2/processed/fontsense_v2/images/train/serif/Noto_Serif_Hebrew/Noto_Serif_Hebrew_0035.png,data/v2/processed/fontsense_v2/images/train/serif/Yuji_Syuku/Yuji_Syuku_0042.png,3,False,True,False
data/v2/processed/fontsense_v2/images/train/serif/Noto_Serif_Hebrew/Noto_Serif_Hebrew_0038.png,data/v2/processed/fontsense_v2/images/train/serif/Quattrocento/Quattrocento_0016.png,3,False,True,False
data/v2/processed/fontsense_v2/images/train/serif/Noto_Serif_Hebrew/Noto_Serif_Hebrew_0039.png,data/v2/processed/fontsense_v2/images/train/serif/Libre_Caslon_Text/Libre_Caslon_Text_0030.png,3,False,True,False
data/v2/processed/fontsense_v2/images/train/serif/Noto_Serif_Hebrew/Noto_Serif_Hebrew_0039.png,data/v2/processed/fontsense_v2/images/train/serif/Rokkitt/Rokkitt_0069.png,3,False,True,False
data/v2/processed/fontsense_v2/images/train/serif/Noto_Serif_Hebrew/Noto_Serif_Hebrew_0039.png,data/v2/processed/fontsense_v2/images/train/serif/Quattrocento/Quattrocento_0092.png,3,False,True,False
data/v2/processed/fontsense_v2/images/train/serif/Noto_Serif_Hebrew/Noto_Serif_Hebrew_0040.png,data/v2/processed/fontsense_v2/images/train/serif/Rokkitt/Rokkitt_0099.png,3,False,True,False
data/v2/processed/fontsense_v2/images/train/serif/Noto_Serif_Hebrew/Noto_Serif_Hebrew_0040.png,data/v2/processed/fontsense_v2/images/train/serif/Sanchez/Sanchez_0024.png,3,False,True,False
data/v2/processed/fontsense_v2/images/train/serif/Noto_Serif_Hebrew/Noto_Serif_Hebrew_0040.png,data/v2/processed/fontsense_v2/images/train/serif/Sanchez/Sanchez_0036.png,3,False,True,False
data/v2/processed/fontsense_v2/images/train/serif/Noto_Serif_Hebrew/Noto_Serif_Hebrew_0041.png,data/v2/processed/fontsense_v2/images/train/serif/Yuji_Syuku/Yuji_Syuku_0007.png,3,False,True,False
data/v2/processed/fontsense_v2/images/train/serif/Noto_Serif_Hebrew/Noto_Serif_Hebrew_0041.png,data/v2/processed/fontsense_v2/images/train/serif/Libre_Caslon_Text/Libre_Caslon_Text_0016.png,3,False,True,False
data/v2/processed/fontsense_v2/images/train/serif/Noto_Serif_Hebrew/Noto_Serif_Hebrew_0041.png,data/v2/processed/fontsense_v2/images/train/serif/Sanchez/Sanchez_0005.png,3,False,True,False
data/v2/processed/fontsense_v2/images/train/serif/Noto_Serif_Hebrew/Noto_Serif_Hebrew_0042.png,data/v2/processed/fontsense_v2/images/train/serif/Yuji_Syuku/Yuji_Syuku_0084.png,3,False,True,False
data/v2/processed/fontsense_v2/images/train/serif/Noto_Serif_Hebrew/Noto_Serif_Hebrew_0043.png,data/v2/processed/fontsense_v2/images/train/serif/IM_Fell_Great_Primer/IM_Fell_Great_Primer_0076.png,3,False,True,False
data/v2/processed/fontsense_v2/images/train/serif/Noto_Serif_Hebrew/Noto_Serif_Hebrew_0049.png,data/v2/processed/fontsense_v2/images/train/serif/Rokkitt/Rokkitt_0093.png,3,False,True,False
data/v2/processed/fontsense_v2/images/train/serif/Noto_Serif_Hebrew/Noto_Serif_Hebrew_0051.png,data/v2/processed/fontsense_v2/images/train/serif/IM_Fell_Great_Primer/IM_Fell_Great_Primer_0075.png,3,False,True,False
data/v2/processed/fontsense_v2/images/train/serif/Noto_Serif_Hebrew/Noto_Serif_Hebrew_0052.png,data/v2/processed/fontsense_v2/images/train/serif/Rokkitt/Rokkitt_0079.png,3,False,True,False
data/v2/processed/fontsense_v2/images/train/serif/Noto_Serif_Hebrew/Noto_Serif_Hebrew_0053.png,data/v2/processed/fontsense_v2/images/train/serif/BatangChe/BatangChe_0068.png,3,False,True,False
data/v2/processed/fontsense_v2/images/train/serif/Noto_Serif_Hebrew/Noto_Serif_Hebrew_0053.png,data/v2/processed/fontsense_v2/images/train/serif/Quattrocento/Quattrocento_0061.png,3,False,True,False
data/v2/processed/fontsense_v2/images/train/serif/Noto_Serif_Hebrew/Noto_Serif_Hebrew_0054.png,data/v2/processed/fontsense_v2/images/train/serif/Quattrocento/Quattrocento_0088.png,3,False,True,False
data/v2/processed/fontsense_v2/images/train/serif/Noto_Serif_Hebrew/Noto_Serif_Hebrew_0054.png,data/v2/processed/fontsense_v2/images/train/serif/Sanchez/Sanchez_0059.png,3,False,True,False
data/v2/processed/fontsense_v2/images/train/serif/Noto_Serif_Hebrew/Noto_Serif_Hebrew_0055.png,data/v2/processed/fontsense_v2/images/train/serif/Wellfleet/Wellfleet_0083.png,3,False,True,False
data/v2/processed/fontsense_v2/images/train/serif/Noto_Serif_Hebrew/Noto_Serif_Hebrew_0055.png,data/v2/processed/fontsense_v2/images/train/serif/Yuji_Syuku/Yuji_Syuku_0093.png,3,False,True,False
data/v2/processed/fontsense_v2/images/train/serif/Noto_Serif_Hebrew/Noto_Serif_Hebrew_0055.png,data/v2/processed/fontsense_v2/images/train/serif/Quattrocento/Quattrocento_0074.png,3,False,True,False
data/v2/processed/fontsense_v2/images/train/serif/Noto_Serif_Hebrew/Noto_Serif_Hebrew_0055.png,data/v2/processed/fontsense_v2/images/train/serif/Sanchez/Sanchez_0008.png,3,False,True,False
data/v2/processed/fontsense_v2/images/train/serif/Noto_Serif_Hebrew/Noto_Serif_Hebrew_0055.png,data/v2/processed/fontsense_v2/images/train/serif/Noto_Serif_Ahom/Noto_Serif_Ahom_0050.png,3,False,True,False
data/v2/processed/fontsense_v2/images/train/serif/Noto_Serif_Hebrew/Noto_Serif_Hebrew_0058.png,data/v2/processed/fontsense_v2/images/train/serif/Noto_Serif_Hebrew/Noto_Serif_Hebrew_0072.png,3,True,True,False
data/v2/processed/fontsense_v2/images/train/serif/Noto_Serif_Hebrew/Noto_Serif_Hebrew_0058.png,data/v2/processed/fontsense_v2/images/train/serif/Noto_Serif_KR/Noto_Serif_KR_0019.png,3,False,True,False
data/v2/processed/fontsense_v2/images/train/serif/Noto_Serif_Hebrew/Noto_Serif_Hebrew_0058.png,data/v2/processed/fontsense_v2/images/train/serif/Libre_Caslon_Text/Libre_Caslon_Text_0009.png,3,False,True,False
data/v2/processed/fontsense_v2/images/train/serif/Noto_Serif_Hebrew/Noto_Serif_Hebrew_0058.png,data/v2/processed/fontsense_v2/images/train/serif/Quattrocento/Quattrocento_0088.png,3,False,True,False
data/v2/processed/fontsense_v2/images/train/serif/Noto_Serif_Hebrew/Noto_Serif_Hebrew_0058.png,data/v2/processed/fontsense_v2/images/train/serif/Sanchez/Sanchez_0059.png,3,False,True,False
data/v2/processed/fontsense_v2/images/train/serif/Noto_Serif_Hebrew/Noto_Serif_Hebrew_0058.png,data/v2/processed/fontsense_v2/images/train/serif/IM_Fell_Great_Primer/IM_Fell_Great_Primer_0056.png,3,False,True,False
data/v2/processed/fontsense_v2/images/train/serif/Noto_Serif_Hebrew/Noto_Serif_Hebrew_0060.png,data/v2/processed/fontsense_v2/images/train/serif/Quattrocento/Quattrocento_0015.png,3,False,True,False
data/v2/processed/fontsense_v2/images/train/serif/Noto_Serif_Hebrew/Noto_Serif_Hebrew_0061.png,data/v2/processed/fontsense_v2/images/train/serif/Sanchez/Sanchez_0083.png,3,False,True,False
data/v2/processed/fontsense_v2/images/train/serif/Noto_Serif_Hebrew/Noto_Serif_Hebrew_0062.png,data/v2/processed/fontsense_v2/images/train/serif/Rokkitt/Rokkitt_0093.png,3,False,True,False
data/v2/processed/fontsense_v2/images/train/serif/Noto_Serif_Hebrew/Noto_Serif_Hebrew_0064.png,data/v2/processed/fontsense_v2/images/train/serif/Rokkitt/Rokkitt_0093.png,3,False,True,False
data/v2/processed/fontsense_v2/images/train/serif/Noto_Serif_Hebrew/Noto_Serif_Hebrew_0065.png,data/v2/processed/fontsense_v2/images/train/serif/Domine/Domine_0060.png,3,False,True,False
data/v2/processed/fontsense_v2/images/train/serif/Noto_Serif_Hebrew/Noto_Serif_Hebrew_0065.png,data/v2/processed/fontsense_v2/images/train/serif/BatangChe/BatangChe_0083.png,3,False,True,False
data/v2/processed/fontsense_v2/images/train/serif/Noto_Serif_Hebrew/Noto_Serif_Hebrew_0065.png,data/v2/processed/fontsense_v2/images/train/serif/Noto_Serif_Ahom/Noto_Serif_Ahom_0035.png,3,False,True,False
data/v2/processed/fontsense_v2/images/train/serif/Noto_Serif_Hebrew/Noto_Serif_Hebrew_0066.png,data/v2/processed/fontsense_v2/images/train/serif/Libre_Caslon_Text/Libre_Caslon_Text_0056.png,3,False,True,False
data/v2/processed/fontsense_v2/images/train/serif/Noto_Serif_Hebrew/Noto_Serif_Hebrew_0067.png,data/v2/processed/fontsense_v2/images/train/serif/Sanchez/Sanchez_0024.png,3,False,True,False
data/v2/processed/fontsense_v2/images/train/serif/Noto_Serif_Hebrew/Noto_Serif_Hebrew_0067.png,data/v2/processed/fontsense_v2/images/train/serif/Sanchez/Sanchez_0036.png,3,False,True,False
data/v2/processed/fontsense_v2/images/train/serif/Noto_Serif_Hebrew/Noto_Serif_Hebrew_0067.png,data/v2/processed/fontsense_v2/images/train/serif/IM_Fell_Great_Primer/IM_Fell_Great_Primer_0014.png,3,False,True,False
data/v2/processed/fontsense_v2/images/train/serif/Noto_Serif_Hebrew/Noto_Serif_Hebrew_0070.png,data/v2/processed/fontsense_v2/images/train/serif/Noto_Serif_Ahom/Noto_Serif_Ahom_0036.png,3,False,True,False
data/v2/processed/fontsense_v2/images/train/serif/Noto_Serif_Hebrew/Noto_Serif_Hebrew_0071.png,data/v2/processed/fontsense_v2/images/train/serif/Yuji_Syuku/Yuji_Syuku_0065.png,3,False,True,False
data/v2/processed/fontsense_v2/images/train/serif/Noto_Serif_Hebrew/Noto_Serif_Hebrew_0071.png,data/v2/processed/fontsense_v2/images/train/serif/BatangChe/BatangChe_0013.png,3,False,True,False
data/v2/processed/fontsense_v2/images/train/serif/Noto_Serif_Hebrew/Noto_Serif_Hebrew_0071.png,data/v2/processed/fontsense_v2/images/train/serif/BatangChe/BatangChe_0041.png,3,False,True,False
data/v2/processed/fontsense_v2/images/train/serif/Noto_Serif_Hebrew/Noto_Serif_Hebrew_0071.png,data/v2/processed/fontsense_v2/images/train/serif/Libre_Caslon_Text/Libre_Caslon_Text_0097.png,3,False,True,False
data/v2/processed/fontsense_v2/images/train/serif/Noto_Serif_Hebrew/Noto_Serif_Hebrew_0072.png,data/v2/processed/fontsense_v2/images/train/serif/Quattrocento/Quattrocento_0029.png,3,False,True,False
data/v2/processed/fontsense_v2/images/train/serif/Noto_Serif_Hebrew/Noto_Serif_Hebrew_0073.png,data/v2/processed/fontsense_v2/images/train/serif/Wellfleet/Wellfleet_0084.png,3,False,True,False
data/v2/processed/fontsense_v2/images/train/serif/Noto_Serif_Hebrew/Noto_Serif_Hebrew_0073.png,data/v2/processed/fontsense_v2/images/train/serif/Wellfleet/Wellfleet_0085.png,3,False,True,False
data/v2/processed/fontsense_v2/images/train/serif/Noto_Serif_Hebrew/Noto_Serif_Hebrew_0073.png,data/v2/processed/fontsense_v2/images/train/serif/Rokkitt/Rokkitt_0062.png,3,False,True,False
data/v2/processed/fontsense_v2/images/train/serif/Noto_Serif_Hebrew/Noto_Serif_Hebrew_0073.png,data/v2/processed/fontsense_v2/images/train/serif/Quattrocento/Quattrocento_0026.png,3,False,True,False
data/v2/processed/fontsense_v2/images/train/serif/Noto_Serif_Hebrew/Noto_Serif_Hebrew_0073.png,data/v2/processed/fontsense_v2/images/train/serif/IM_Fell_Great_Primer/IM_Fell_Great_Primer_0090.png,3,False,True,False
data/v2/processed/fontsense_v2/images/train/serif/Noto_Serif_Hebrew/Noto_Serif_Hebrew_0073.png,data/v2/processed/fontsense_v2/images/train/serif/IM_Fell_Great_Primer/IM_Fell_Great_Primer_0093.png,3,False,True,False
data/v2/processed/fontsense_v2/images/train/serif/Noto_Serif_Hebrew/Noto_Serif_Hebrew_0073.png,data/v2/processed/fontsense_v2/images/train/serif/Noto_Serif_Ahom/Noto_Serif_Ahom_0019.png,3,False,True,False
data/v2/processed/fontsense_v2/images/train/serif/Noto_Serif_Hebrew/Noto_Serif_Hebrew_0075.png,data/v2/processed/fontsense_v2/images/train/serif/Wellfleet/Wellfleet_0059.png,3,False,True,False
data/v2/processed/fontsense_v2/images/train/serif/Noto_Serif_Hebrew/Noto_Serif_Hebrew_0075.png,data/v2/processed/fontsense_v2/images/train/serif/BatangChe/BatangChe_0002.png,3,False,True,False
data/v2/processed/fontsense_v2/images/train/serif/Noto_Serif_Hebrew/Noto_Serif_Hebrew_0076.png,data/v2/processed/fontsense_v2/images/train/serif/BatangChe/BatangChe_0062.png,3,False,True,False
data/v2/processed/fontsense_v2/images/train/serif/Noto_Serif_Hebrew/Noto_Serif_Hebrew_0076.png,data/v2/processed/fontsense_v2/images/train/serif/Quattrocento/Quattrocento_0090.png,3,False,True,False
data/v2/processed/fontsense_v2/images/train/serif/Noto_Serif_Hebrew/Noto_Serif_Hebrew_0076.png,data/v2/processed/fontsense_v2/images/train/serif/Sanchez/Sanchez_0010.png,3,False,True,False
data/v2/processed/fontsense_v2/images/train/serif/Noto_Serif_Hebrew/Noto_Serif_Hebrew_0077.png,data/v2/processed/fontsense_v2/images/train/serif/Wellfleet/Wellfleet_0092.png,3,False,True,False
data/v2/processed/fontsense_v2/images/train/serif/Noto_Serif_Hebrew/Noto_Serif_Hebrew_0077.png,data/v2/processed/fontsense_v2/images/train/serif/Domine/Domine_0078.png,3,False,True,False
data/v2/processed/fontsense_v2/images/train/serif/Noto_Serif_Hebrew/Noto_Serif_Hebrew_0077.png,data/v2/processed/fontsense_v2/images/train/serif/Rokkitt/Rokkitt_0049.png,3,False,True,False
data/v2/processed/fontsense_v2/images/train/serif/Noto_Serif_Hebrew/Noto_Serif_Hebrew_0077.png,data/v2/processed/fontsense_v2/images/train/serif/Quattrocento/Quattrocento_0015.png,3,False,True,False
data/v2/processed/fontsense_v2/images/train/serif/Noto_Serif_Hebrew/Noto_Serif_Hebrew_0077.png,data/v2/processed/fontsense_v2/images/train/serif/IM_Fell_Great_Primer/IM_Fell_Great_Primer_0066.png,3,False,True,False
data/v2/processed/fontsense_v2/images/train/serif/Noto_Serif_Hebrew/Noto_Serif_Hebrew_0080.png,data/v2/processed/fontsense_v2/images/train/serif/Sanchez/Sanchez_0025.png,3,False,True,False
data/v2/processed/fontsense_v2/images/train/serif/Noto_Serif_Hebrew/Noto_Serif_Hebrew_0080.png,data/v2/processed/fontsense_v2/images/train/serif/Sanchez/Sanchez_0083.png,3,False,True,False
data/v2/processed/fontsense_v2/images/train/serif/Noto_Serif_Hebrew/Noto_Serif_Hebrew_0083.png,data/v2/processed/fontsense_v2/images/train/serif/Yuji_Syuku/Yuji_Syuku_0008.png,3,False,True,False
data/v2/processed/fontsense_v2/images/train/serif/Noto_Serif_Hebrew/Noto_Serif_Hebrew_0083.png,data/v2/processed/fontsense_v2/images/train/serif/Rokkitt/Rokkitt_0081.png,3,False,True,False
data/v2/processed/fontsense_v2/images/train/serif/Noto_Serif_Hebrew/Noto_Serif_Hebrew_0088.png,data/v2/processed/fontsense_v2/images/train/serif/Domine/Domine_0019.png,3,False,True,False
data/v2/processed/fontsense_v2/images/train/serif/Noto_Serif_Hebrew/Noto_Serif_Hebrew_0088.png,data/v2/processed/fontsense_v2/images/train/serif/Rokkitt/Rokkitt_0029.png,3,False,True,False
data/v2/processed/fontsense_v2/images/train/serif/Noto_Serif_Hebrew/Noto_Serif_Hebrew_0088.png,data/v2/processed/fontsense_v2/images/train/serif/IM_Fell_Great_Primer/IM_Fell_Great_Primer_0008.png,3,False,True,False
data/v2/processed/fontsense_v2/images/train/serif/Noto_Serif_Hebrew/Noto_Serif_Hebrew_0088.png,data/v2/processed/fontsense_v2/images/train/serif/IM_Fell_Great_Primer/IM_Fell_Great_Primer_0060.png,3,False,True,False
data/v2/processed/fontsense_v2/images/train/serif/Noto_Serif_Hebrew/Noto_Serif_Hebrew_0089.png,data/v2/processed/fontsense_v2/images/train/serif/Sanchez/Sanchez_0054.png,3,False,True,False
data/v2/processed/fontsense_v2/images/train/serif/Noto_Serif_Hebrew/Noto_Serif_Hebrew_0089.png,data/v2/processed/fontsense_v2/images/train/serif/Noto_Serif_Ahom/Noto_Serif_Ahom_0028.png,3,False,True,False
data/v2/processed/fontsense_v2/images/train/serif/Noto_Serif_Hebrew/Noto_Serif_Hebrew_0089.png,data/v2/processed/fontsense_v2/images/train/serif/Noto_Serif_Ahom/Noto_Serif_Ahom_0047.png,3,False,True,False
data/v2/processed/fontsense_v2/images/train/serif/Noto_Serif_Hebrew/Noto_Serif_Hebrew_0090.png,data/v2/processed/fontsense_v2/images/train/serif/Wellfleet/Wellfleet_0027.png,3,False,True,False
data/v2/processed/fontsense_v2/images/train/serif/Noto_Serif_Hebrew/Noto_Serif_Hebrew_0090.png,data/v2/processed/fontsense_v2/images/train/serif/BatangChe/BatangChe_0055.png,3,False,True,False
data/v2/processed/fontsense_v2/images/train/serif/Noto_Serif_Hebrew/Noto_Serif_Hebrew_0090.png,data/v2/processed/fontsense_v2/images/train/serif/Quattrocento/Quattrocento_0036.png,3,False,True,False
data/v2/processed/fontsense_v2/images/train/serif/Noto_Serif_Hebrew/Noto_Serif_Hebrew_0090.png,data/v2/processed/fontsense_v2/images/train/serif/Noto_Serif_Ahom/Noto_Serif_Ahom_0050.png,3,False,True,False
data/v2/processed/fontsense_v2/images/train/serif/Noto_Serif_Hebrew/Noto_Serif_Hebrew_0092.png,data/v2/processed/fontsense_v2/images/train/serif/IM_Fell_Great_Primer/IM_Fell_Great_Primer_0040.png,3,False,True,False
data/v2/processed/fontsense_v2/images/train/serif/Noto_Serif_Hebrew/Noto_Serif_Hebrew_0094.png,data/v2/processed/fontsense_v2/images/train/serif/Wellfleet/Wellfleet_0084.png,3,False,True,False
data/v2/processed/fontsense_v2/images/train/serif/Noto_Serif_Hebrew/Noto_Serif_Hebrew_0094.png,data/v2/processed/fontsense_v2/images/train/serif/Rokkitt/Rokkitt_0062.png,3,False,True,False
data/v2/processed/fontsense_v2/images/train/serif/Noto_Serif_Hebrew/Noto_Serif_Hebrew_0094.png,data/v2/processed/fontsense_v2/images/train/serif/Quattrocento/Quattrocento_0093.png,3,False,True,False
data/v2/processed/fontsense_v2/images/train/serif/Noto_Serif_Hebrew/Noto_Serif_Hebrew_0094.png,data/v2/processed/fontsense_v2/images/train/serif/IM_Fell_Great_Primer/IM_Fell_Great_Primer_0031.png,3,False,True,False
data/v2/processed/fontsense_v2/images/train/serif/Noto_Serif_Hebrew/Noto_Serif_Hebrew_0094.png,data/v2/processed/fontsense_v2/images/train/serif/IM_Fell_Great_Primer/IM_Fell_Great_Primer_0090.png,3,False,True,False
data/v2/processed/fontsense_v2/images/train/serif/Noto_Serif_Hebrew/Noto_Serif_Hebrew_0094.png,data/v2/processed/fontsense_v2/images/train/serif/IM_Fell_Great_Primer/IM_Fell_Great_Primer_0093.png,3,False,True,False
data/v2/processed/fontsense_v2/images/train/serif/Noto_Serif_Hebrew/Noto_Serif_Hebrew_0096.png,data/v2/processed/fontsense_v2/images/train/serif/Wellfleet/Wellfleet_0051.png,3,False,True,False
data/v2/processed/fontsense_v2/images/train/serif/Noto_Serif_Hebrew/Noto_Serif_Hebrew_0096.png,data/v2/processed/fontsense_v2/images/train/serif/Libre_Caslon_Text/Libre_Caslon_Text_0026.png,3,False,True,False
data/v2/processed/fontsense_v2/images/train/serif/Noto_Serif_Hebrew/Noto_Serif_Hebrew_0097.png,data/v2/processed/fontsense_v2/images/train/serif/Sanchez/Sanchez_0087.png,3,False,True,False
data/v2/processed/fontsense_v2/images/train/serif/Noto_Serif_Hebrew/Noto_Serif_Hebrew_0098.png,data/v2/processed/fontsense_v2/images/train/serif/Yuji_Syuku/Yuji_Syuku_0072.png,3,False,True,False
data/v2/processed/fontsense_v2/images/train/serif/Noto_Serif_Hebrew/Noto_Serif_Hebrew_0098.png,data/v2/processed/fontsense_v2/images/train/serif/Quattrocento/Quattrocento_0045.png,3,False,True,False
data/v2/processed/fontsense_v2/images/train/serif/Noto_Serif_Hebrew/Noto_Serif_Hebrew_0099.png,data/v2/processed/fontsense_v2/images/train/serif/Quattrocento/Quattrocento_0010.png,3,False,True,False
data/v2/processed/fontsense_v2/images/train/serif/Noto_Serif_KR/Noto_Serif_KR_0003.png,data/v2/processed/fontsense_v2/images/train/serif/Domine/Domine_0062.png,3,False,True,False
data/v2/processed/fontsense_v2/images/train/serif/Noto_Serif_KR/Noto_Serif_KR_0004.png,data/v2/processed/fontsense_v2/images/train/serif/Quattrocento/Quattrocento_0088.png,3,False,True,False
data/v2/processed/fontsense_v2/images/train/serif/Noto_Serif_KR/Noto_Serif_KR_0005.png,data/v2/processed/fontsense_v2/images/train/serif/Domine/Domine_0053.png,3,False,True,False
data/v2/processed/fontsense_v2/images/train/serif/Noto_Serif_KR/Noto_Serif_KR_0005.png,data/v2/processed/fontsense_v2/images/train/serif/Yuji_Syuku/Yuji_Syuku_0015.png,3,False,True,False
data/v2/processed/fontsense_v2/images/train/serif/Noto_Serif_KR/Noto_Serif_KR_0005.png,data/v2/processed/fontsense_v2/images/train/serif/Rokkitt/Rokkitt_0040.png,3,False,True,False
data/v2/processed/fontsense_v2/images/train/serif/Noto_Serif_KR/Noto_Serif_KR_0005.png,data/v2/processed/fontsense_v2/images/train/serif/Rokkitt/Rokkitt_0092.png,3,False,True,False
data/v2/processed/fontsense_v2/images/train/serif/Noto_Serif_KR/Noto_Serif_KR_0005.png,data/v2/processed/fontsense_v2/images/train/serif/Quattrocento/Quattrocento_0038.png,3,False,True,False
data/v2/processed/fontsense_v2/images/train/serif/Noto_Serif_KR/Noto_Serif_KR_0005.png,data/v2/processed/fontsense_v2/images/train/serif/Quattrocento/Quattrocento_0064.png,3,False,True,False
data/v2/processed/fontsense_v2/images/train/serif/Noto_Serif_KR/Noto_Serif_KR_0005.png,data/v2/processed/fontsense_v2/images/train/serif/Quattrocento/Quattrocento_0076.png,3,False,True,False
data/v2/processed/fontsense_v2/images/train/serif/Noto_Serif_KR/Noto_Serif_KR_0005.png,data/v2/processed/fontsense_v2/images/train/serif/IM_Fell_Great_Primer/IM_Fell_Great_Primer_0003.png,3,False,True,False
data/v2/processed/fontsense_v2/images/train/serif/Noto_Serif_KR/Noto_Serif_KR_0005.png,data/v2/processed/fontsense_v2/images/train/serif/Noto_Serif_Ahom/Noto_Serif_Ahom_0049.png,3,False,True,False
data/v2/processed/fontsense_v2/images/train/serif/Noto_Serif_KR/Noto_Serif_KR_0005.png,data/v2/processed/fontsense_v2/images/train/serif/Noto_Serif_Ahom/Noto_Serif_Ahom_0059.png,3,False,True,False
data/v2/processed/fontsense_v2/images/train/serif/Noto_Serif_KR/Noto_Serif_KR_0010.png,data/v2/processed/fontsense_v2/images/train/serif/Noto_Serif_KR/Noto_Serif_KR_0015.png,3,True,True,False
data/v2/processed/fontsense_v2/images/train/serif/Noto_Serif_KR/Noto_Serif_KR_0010.png,data/v2/processed/fontsense_v2/images/train/serif/Yuji_Syuku/Yuji_Syuku_0017.png,3,False,True,False
data/v2/processed/fontsense_v2/images/train/serif/Noto_Serif_KR/Noto_Serif_KR_0010.png,data/v2/processed/fontsense_v2/images/train/serif/Rokkitt/Rokkitt_0016.png,3,False,True,False
data/v2/processed/fontsense_v2/images/train/serif/Noto_Serif_KR/Noto_Serif_KR_0010.png,data/v2/processed/fontsense_v2/images/train/serif/Rokkitt/Rokkitt_0054.png,3,False,True,False
data/v2/processed/fontsense_v2/images/train/serif/Noto_Serif_KR/Noto_Serif_KR_0011.png,data/v2/processed/fontsense_v2/images/train/serif/Noto_Serif_KR/Noto_Serif_KR_0082.png,3,True,True,False
data/v2/processed/fontsense_v2/images/train/serif/Noto_Serif_KR/Noto_Serif_KR_0011.png,data/v2/processed/fontsense_v2/images/train/serif/Sanchez/Sanchez_0041.png,3,False,True,False
data/v2/processed/fontsense_v2/images/train/serif/Noto_Serif_KR/Noto_Serif_KR_0013.png,data/v2/processed/fontsense_v2/images/train/serif/BatangChe/BatangChe_0022.png,3,False,True,False
data/v2/processed/fontsense_v2/images/train/serif/Noto_Serif_KR/Noto_Serif_KR_0013.png,data/v2/processed/fontsense_v2/images/train/serif/Libre_Caslon_Text/Libre_Caslon_Text_0017.png,3,False,True,False
data/v2/processed/fontsense_v2/images/train/serif/Noto_Serif_KR/Noto_Serif_KR_0013.png,data/v2/processed/fontsense_v2/images/train/serif/Libre_Caslon_Text/Libre_Caslon_Text_0048.png,3,False,True,False
data/v2/processed/fontsense_v2/images/train/serif/Noto_Serif_KR/Noto_Serif_KR_0015.png,data/v2/processed/fontsense_v2/images/train/serif/Noto_Serif_KR/Noto_Serif_KR_0069.png,3,True,True,False
data/v2/processed/fontsense_v2/images/train/serif/Noto_Serif_KR/Noto_Serif_KR_0015.png,data/v2/processed/fontsense_v2/images/train/serif/Libre_Caslon_Text/Libre_Caslon_Text_0053.png,3,False,True,False
data/v2/processed/fontsense_v2/images/train/serif/Noto_Serif_KR/Noto_Serif_KR_0015.png,data/v2/processed/fontsense_v2/images/train/serif/Rokkitt/Rokkitt_0006.png,3,False,True,False
data/v2/processed/fontsense_v2/images/train/serif/Noto_Serif_KR/Noto_Serif_KR_0015.png,data/v2/processed/fontsense_v2/images/train/serif/Rokkitt/Rokkitt_0050.png,3,False,True,False
data/v2/processed/fontsense_v2/images/train/serif/Noto_Serif_KR/Noto_Serif_KR_0015.png,data/v2/processed/fontsense_v2/images/train/serif/Rokkitt/Rokkitt_0070.png,3,False,True,False
data/v2/processed/fontsense_v2/images/train/serif/Noto_Serif_KR/Noto_Serif_KR_0015.png,data/v2/processed/fontsense_v2/images/train/serif/Quattrocento/Quattrocento_0074.png,3,False,True,False
data/v2/processed/fontsense_v2/images/train/serif/Noto_Serif_KR/Noto_Serif_KR_0015.png,data/v2/processed/fontsense_v2/images/train/serif/IM_Fell_Great_Primer/IM_Fell_Great_Primer_0015.png,3,False,True,False
data/v2/processed/fontsense_v2/images/train/serif/Noto_Serif_KR/Noto_Serif_KR_0016.png,data/v2/processed/fontsense_v2/images/train/serif/Yuji_Syuku/Yuji_Syuku_0084.png,3,False,True,False
data/v2/processed/fontsense_v2/images/train/serif/Noto_Serif_KR/Noto_Serif_KR_0016.png,data/v2/processed/fontsense_v2/images/train/serif/Rokkitt/Rokkitt_0062.png,3,False,True,False
data/v2/processed/fontsense_v2/images/train/serif/Noto_Serif_KR/Noto_Serif_KR_0016.png,data/v2/processed/fontsense_v2/images/train/serif/Quattrocento/Quattrocento_0006.png,3,False,True,False
data/v2/processed/fontsense_v2/images/train/serif/Noto_Serif_KR/Noto_Serif_KR_0016.png,data/v2/processed/fontsense_v2/images/train/serif/Sanchez/Sanchez_0006.png,3,False,True,False
data/v2/processed/fontsense_v2/images/train/serif/Noto_Serif_KR/Noto_Serif_KR_0016.png,data/v2/processed/fontsense_v2/images/train/serif/IM_Fell_Great_Primer/IM_Fell_Great_Primer_0039.png,3,False,True,False
data/v2/processed/fontsense_v2/images/train/serif/Noto_Serif_KR/Noto_Serif_KR_0016.png,data/v2/processed/fontsense_v2/images/train/serif/IM_Fell_Great_Primer/IM_Fell_Great_Primer_0090.png,3,False,True,True
data/v2/processed/fontsense_v2/images/train/serif/Noto_Serif_KR/Noto_Serif_KR_0016.png,data/v2/processed/fontsense_v2/images/train/serif/IM_Fell_Great_Primer/IM_Fell_Great_Primer_0093.png,3,False,True,False
data/v2/processed/fontsense_v2/images/train/serif/Noto_Serif_KR/Noto_Serif_KR_0016.png,data/v2/processed/fontsense_v2/images/train/serif/Noto_Serif_Ahom/Noto_Serif_Ahom_0017.png,3,False,True,False
data/v2/processed/fontsense_v2/images/train/serif/Noto_Serif_KR/Noto_Serif_KR_0017.png,data/v2/processed/fontsense_v2/images/train/serif/Noto_Serif_KR/Noto_Serif_KR_0059.png,3,True,True,False
data/v2/processed/fontsense_v2/images/train/serif/Noto_Serif_KR/Noto_Serif_KR_0017.png,data/v2/processed/fontsense_v2/images/train/serif/Domine/Domine_0045.png,3,False,True,False
data/v2/processed/fontsense_v2/images/train/serif/Noto_Serif_KR/Noto_Serif_KR_0017.png,data/v2/processed/fontsense_v2/images/train/serif/IM_Fell_Great_Primer/IM_Fell_Great_Primer_0063.png,3,False,True,False
data/v2/processed/fontsense_v2/images/train/serif/Noto_Serif_KR/Noto_Serif_KR_0019.png,data/v2/processed/fontsense_v2/images/train/serif/Domine/Domine_0073.png,3,False,True,False
data/v2/processed/fontsense_v2/images/train/serif/Noto_Serif_KR/Noto_Serif_KR_0024.png,data/v2/processed/fontsense_v2/images/train/serif/Libre_Caslon_Text/Libre_Caslon_Text_0081.png,3,False,True,False
data/v2/processed/fontsense_v2/images/train/serif/Noto_Serif_KR/Noto_Serif_KR_0027.png,data/v2/processed/fontsense_v2/images/train/serif/Domine/Domine_0019.png,3,False,True,False
data/v2/processed/fontsense_v2/images/train/serif/Noto_Serif_KR/Noto_Serif_KR_0027.png,data/v2/processed/fontsense_v2/images/train/serif/Domine/Domine_0043.png,3,False,True,False
data/v2/processed/fontsense_v2/images/train/serif/Noto_Serif_KR/Noto_Serif_KR_0027.png,data/v2/processed/fontsense_v2/images/train/serif/Rokkitt/Rokkitt_0065.png,3,False,True,False
data/v2/processed/fontsense_v2/images/train/serif/Noto_Serif_KR/Noto_Serif_KR_0027.png,data/v2/processed/fontsense_v2/images/train/serif/Sanchez/Sanchez_0070.png,3,False,True,False
data/v2/processed/fontsense_v2/images/train/serif/Noto_Serif_KR/Noto_Serif_KR_0031.png,data/v2/processed/fontsense_v2/images/train/serif/Rokkitt/Rokkitt_0092.png,3,False,True,False
data/v2/processed/fontsense_v2/images/train/serif/Noto_Serif_KR/Noto_Serif_KR_0031.png,data/v2/processed/fontsense_v2/images/train/serif/Quattrocento/Quattrocento_0038.png,3,False,True,False
data/v2/processed/fontsense_v2/images/train/serif/Noto_Serif_KR/Noto_Serif_KR_0031.png,data/v2/processed/fontsense_v2/images/train/serif/Sanchez/Sanchez_0023.png,3,False,True,False
data/v2/processed/fontsense_v2/images/train/serif/Noto_Serif_KR/Noto_Serif_KR_0031.png,data/v2/processed/fontsense_v2/images/train/serif/Noto_Serif_Ahom/Noto_Serif_Ahom_0035.png,3,False,True,False
data/v2/processed/fontsense_v2/images/train/serif/Noto_Serif_KR/Noto_Serif_KR_0033.png,data/v2/processed/fontsense_v2/images/train/serif/Domine/Domine_0069.png,3,False,True,False
data/v2/processed/fontsense_v2/images/train/serif/Noto_Serif_KR/Noto_Serif_KR_0033.png,data/v2/processed/fontsense_v2/images/train/serif/Domine/Domine_0070.png,3,False,True,False
data/v2/processed/fontsense_v2/images/train/serif/Noto_Serif_KR/Noto_Serif_KR_0033.png,data/v2/processed/fontsense_v2/images/train/serif/BatangChe/BatangChe_0045.png,3,False,True,False
data/v2/processed/fontsense_v2/images/train/serif/Noto_Serif_KR/Noto_Serif_KR_0043.png,data/v2/processed/fontsense_v2/images/train/serif/Domine/Domine_0082.png,3,False,True,False
data/v2/processed/fontsense_v2/images/train/serif/Noto_Serif_KR/Noto_Serif_KR_0044.png,data/v2/processed/fontsense_v2/images/train/serif/Yuji_Syuku/Yuji_Syuku_0076.png,3,False,True,False
data/v2/processed/fontsense_v2/images/train/serif/Noto_Serif_KR/Noto_Serif_KR_0046.png,data/v2/processed/fontsense_v2/images/train/serif/Sanchez/Sanchez_0006.png,3,False,True,False
data/v2/processed/fontsense_v2/images/train/serif/Noto_Serif_KR/Noto_Serif_KR_0046.png,data/v2/processed/fontsense_v2/images/train/serif/Sanchez/Sanchez_0094.png,3,False,True,False
data/v2/processed/fontsense_v2/images/train/serif/Noto_Serif_KR/Noto_Serif_KR_0046.png,data/v2/processed/fontsense_v2/images/train/serif/IM_Fell_Great_Primer/IM_Fell_Great_Primer_0062.png,3,False,True,False
data/v2/processed/fontsense_v2/images/train/serif/Noto_Serif_KR/Noto_Serif_KR_0047.png,data/v2/processed/fontsense_v2/images/train/serif/Noto_Serif_KR/Noto_Serif_KR_0049.png,3,True,True,False
data/v2/processed/fontsense_v2/images/train/serif/Noto_Serif_KR/Noto_Serif_KR_0047.png,data/v2/processed/fontsense_v2/images/train/serif/Rokkitt/Rokkitt_0034.png,3,False,True,False
data/v2/processed/fontsense_v2/images/train/serif/Noto_Serif_KR/Noto_Serif_KR_0053.png,data/v2/processed/fontsense_v2/images/train/serif/Domine/Domine_0061.png,3,False,True,False
data/v2/processed/fontsense_v2/images/train/serif/Noto_Serif_KR/Noto_Serif_KR_0054.png,data/v2/processed/fontsense_v2/images/train/serif/Libre_Caslon_Text/Libre_Caslon_Text_0004.png,3,False,True,False
data/v2/processed/fontsense_v2/images/train/serif/Noto_Serif_KR/Noto_Serif_KR_0054.png,data/v2/processed/fontsense_v2/images/train/serif/Sanchez/Sanchez_0062.png,3,False,True,False
data/v2/processed/fontsense_v2/images/train/serif/Noto_Serif_KR/Noto_Serif_KR_0054.png,data/v2/processed/fontsense_v2/images/train/serif/IM_Fell_Great_Primer/IM_Fell_Great_Primer_0068.png,3,False,True,False
data/v2/processed/fontsense_v2/images/train/serif/Noto_Serif_KR/Noto_Serif_KR_0058.png,data/v2/processed/fontsense_v2/images/train/serif/Yuji_Syuku/Yuji_Syuku_0045.png,3,False,True,False
data/v2/processed/fontsense_v2/images/train/serif/Noto_Serif_KR/Noto_Serif_KR_0058.png,data/v2/processed/fontsense_v2/images/train/serif/BatangChe/BatangChe_0057.png,3,False,True,False
data/v2/processed/fontsense_v2/images/train/serif/Noto_Serif_KR/Noto_Serif_KR_0058.png,data/v2/processed/fontsense_v2/images/train/serif/Rokkitt/Rokkitt_0098.png,3,False,True,False
data/v2/processed/fontsense_v2/images/train/serif/Noto_Serif_KR/Noto_Serif_KR_0058.png,data/v2/processed/fontsense_v2/images/train/serif/Quattrocento/Quattrocento_0050.png,3,False,True,False
data/v2/processed/fontsense_v2/images/train/serif/Noto_Serif_KR/Noto_Serif_KR_0058.png,data/v2/processed/fontsense_v2/images/train/serif/Sanchez/Sanchez_0025.png,3,False,True,False
data/v2/processed/fontsense_v2/images/train/serif/Noto_Serif_KR/Noto_Serif_KR_0058.png,data/v2/processed/fontsense_v2/images/train/serif/Sanchez/Sanchez_0083.png,3,False,True,False
data/v2/processed/fontsense_v2/images/train/serif/Noto_Serif_KR/Noto_Serif_KR_0062.png,data/v2/processed/fontsense_v2/images/train/serif/Libre_Caslon_Text/Libre_Caslon_Text_0062.png,3,False,True,False
data/v2/processed/fontsense_v2/images/train/serif/Noto_Serif_KR/Noto_Serif_KR_0063.png,data/v2/processed/fontsense_v2/images/train/serif/Libre_Caslon_Text/Libre_Caslon_Text_0059.png,3,False,True,False
data/v2/processed/fontsense_v2/images/train/serif/Noto_Serif_KR/Noto_Serif_KR_0063.png,data/v2/processed/fontsense_v2/images/train/serif/Rokkitt/Rokkitt_0013.png,3,False,True,False
data/v2/processed/fontsense_v2/images/train/serif/Noto_Serif_KR/Noto_Serif_KR_0066.png,data/v2/processed/fontsense_v2/images/train/serif/Domine/Domine_0097.png,3,False,True,False
data/v2/processed/fontsense_v2/images/train/serif/Noto_Serif_KR/Noto_Serif_KR_0066.png,data/v2/processed/fontsense_v2/images/train/serif/IM_Fell_Great_Primer/IM_Fell_Great_Primer_0037.png,3,False,True,False
data/v2/processed/fontsense_v2/images/train/serif/Noto_Serif_KR/Noto_Serif_KR_0068.png,data/v2/processed/fontsense_v2/images/train/serif/Domine/Domine_0062.png,3,False,True,False
data/v2/processed/fontsense_v2/images/train/serif/Noto_Serif_KR/Noto_Serif_KR_0069.png,data/v2/processed/fontsense_v2/images/train/serif/Rokkitt/Rokkitt_0016.png,3,False,True,False
data/v2/processed/fontsense_v2/images/train/serif/Noto_Serif_KR/Noto_Serif_KR_0069.png,data/v2/processed/fontsense_v2/images/train/serif/Rokkitt/Rokkitt_0048.png,3,False,True,False
data/v2/processed/fontsense_v2/images/train/serif/Noto_Serif_KR/Noto_Serif_KR_0073.png,data/v2/processed/fontsense_v2/images/train/serif/Rokkitt/Rokkitt_0067.png,3,False,True,False
data/v2/processed/fontsense_v2/images/train/serif/Noto_Serif_KR/Noto_Serif_KR_0074.png,data/v2/processed/fontsense_v2/images/train/serif/Libre_Caslon_Text/Libre_Caslon_Text_0026.png,3,False,True,False
data/v2/processed/fontsense_v2/images/train/serif/Noto_Serif_KR/Noto_Serif_KR_0074.png,data/v2/processed/fontsense_v2/images/train/serif/Rokkitt/Rokkitt_0012.png,3,False,True,False
data/v2/processed/fontsense_v2/images/train/serif/Noto_Serif_KR/Noto_Serif_KR_0074.png,data/v2/processed/fontsense_v2/images/train/serif/Sanchez/Sanchez_0011.png,3,False,True,False
data/v2/processed/fontsense_v2/images/train/serif/Noto_Serif_KR/Noto_Serif_KR_0074.png,data/v2/processed/fontsense_v2/images/train/serif/Sanchez/Sanchez_0057.png,3,False,True,False
data/v2/processed/fontsense_v2/images/train/serif/Noto_Serif_KR/Noto_Serif_KR_0074.png,data/v2/processed/fontsense_v2/images/train/serif/Noto_Serif_Ahom/Noto_Serif_Ahom_0003.png,3,False,True,False
data/v2/processed/fontsense_v2/images/train/serif/Noto_Serif_KR/Noto_Serif_KR_0074.png,data/v2/processed/fontsense_v2/images/train/serif/Noto_Serif_Ahom/Noto_Serif_Ahom_0013.png,3,False,True,False
data/v2/processed/fontsense_v2/images/train/serif/Noto_Serif_KR/Noto_Serif_KR_0075.png,data/v2/processed/fontsense_v2/images/train/serif/Domine/Domine_0025.png,3,False,True,False
data/v2/processed/fontsense_v2/images/train/serif/Noto_Serif_KR/Noto_Serif_KR_0077.png,data/v2/processed/fontsense_v2/images/train/serif/Domine/Domine_0069.png,3,False,True,False
data/v2/processed/fontsense_v2/images/train/serif/Noto_Serif_KR/Noto_Serif_KR_0077.png,data/v2/processed/fontsense_v2/images/train/serif/Yuji_Syuku/Yuji_Syuku_0023.png,3,False,True,False
data/v2/processed/fontsense_v2/images/train/serif/Noto_Serif_KR/Noto_Serif_KR_0078.png,data/v2/processed/fontsense_v2/images/train/serif/Domine/Domine_0060.png,3,False,True,False
data/v2/processed/fontsense_v2/images/train/serif/Noto_Serif_KR/Noto_Serif_KR_0078.png,data/v2/processed/fontsense_v2/images/train/serif/Yuji_Syuku/Yuji_Syuku_0045.png,3,False,True,False
data/v2/processed/fontsense_v2/images/train/serif/Noto_Serif_KR/Noto_Serif_KR_0078.png,data/v2/processed/fontsense_v2/images/train/serif/Quattrocento/Quattrocento_0028.png,3,False,True,False
data/v2/processed/fontsense_v2/images/train/serif/Noto_Serif_KR/Noto_Serif_KR_0078.png,data/v2/processed/fontsense_v2/images/train/serif/Sanchez/Sanchez_0023.png,3,False,True,False
data/v2/processed/fontsense_v2/images/train/serif/Noto_Serif_KR/Noto_Serif_KR_0082.png,data/v2/processed/fontsense_v2/images/train/serif/BatangChe/BatangChe_0089.png,3,False,True,False
data/v2/processed/fontsense_v2/images/train/serif/Noto_Serif_KR/Noto_Serif_KR_0082.png,data/v2/processed/fontsense_v2/images/train/serif/Libre_Caslon_Text/Libre_Caslon_Text_0009.png,3,False,True,False
data/v2/processed/fontsense_v2/images/train/serif/Noto_Serif_KR/Noto_Serif_KR_0086.png,data/v2/processed/fontsense_v2/images/train/serif/Noto_Serif_KR/Noto_Serif_KR_0097.png,3,True,True,False
data/v2/processed/fontsense_v2/images/train/serif/Noto_Serif_KR/Noto_Serif_KR_0086.png,data/v2/processed/fontsense_v2/images/train/serif/Domine/Domine_0073.png,3,False,True,False
data/v2/processed/fontsense_v2/images/train/serif/Noto_Serif_KR/Noto_Serif_KR_0086.png,data/v2/processed/fontsense_v2/images/train/serif/BatangChe/BatangChe_0072.png,3,False,True,False
data/v2/processed/fontsense_v2/images/train/serif/Noto_Serif_KR/Noto_Serif_KR_0086.png,data/v2/processed/fontsense_v2/images/train/serif/Rokkitt/Rokkitt_0086.png,3,False,True,False
data/v2/processed/fontsense_v2/images/train/serif/Noto_Serif_KR/Noto_Serif_KR_0086.png,data/v2/processed/fontsense_v2/images/train/serif/Noto_Serif_Ahom/Noto_Serif_Ahom_0025.png,3,False,True,False
data/v2/processed/fontsense_v2/images/train/serif/Noto_Serif_KR/Noto_Serif_KR_0090.png,data/v2/processed/fontsense_v2/images/train/serif/BatangChe/BatangChe_0003.png,3,False,True,False
data/v2/processed/fontsense_v2/images/train/serif/Noto_Serif_KR/Noto_Serif_KR_0092.png,data/v2/processed/fontsense_v2/images/train/serif/Libre_Caslon_Text/Libre_Caslon_Text_0008.png,3,False,True,False
data/v2/processed/fontsense_v2/images/train/serif/Noto_Serif_KR/Noto_Serif_KR_0092.png,data/v2/processed/fontsense_v2/images/train/serif/Rokkitt/Rokkitt_0071.png,3,False,True,False
data/v2/processed/fontsense_v2/images/train/serif/Noto_Serif_KR/Noto_Serif_KR_0092.png,data/v2/processed/fontsense_v2/images/train/serif/Rokkitt/Rokkitt_0098.png,3,False,True,False
data/v2/processed/fontsense_v2/images/train/serif/Noto_Serif_KR/Noto_Serif_KR_0095.png,data/v2/processed/fontsense_v2/images/train/serif/Sanchez/Sanchez_0075.png,3,False,True,False
data/v2/processed/fontsense_v2/images/train/serif/Noto_Serif_KR/Noto_Serif_KR_0095.png,data/v2/processed/fontsense_v2/images/train/serif/Noto_Serif_Ahom/Noto_Serif_Ahom_0027.png,3,False,True,False
data/v2/processed/fontsense_v2/images/train/serif/Noto_Serif_KR/Noto_Serif_KR_0098.png,data/v2/processed/fontsense_v2/images/train/serif/Domine/Domine_0060.png,3,False,True,False
data/v2/processed/fontsense_v2/images/train/serif/Noto_Serif_KR/Noto_Serif_KR_0098.png,data/v2/processed/fontsense_v2/images/train/serif/BatangChe/BatangChe_0077.png,3,False,True,False
data/v2/processed/fontsense_v2/images/train/serif/Noto_Serif_KR/Noto_Serif_KR_0098.png,data/v2/processed/fontsense_v2/images/train/serif/BatangChe/BatangChe_0094.png,3,False,True,False
data/v2/processed/fontsense_v2/images/train/serif/Noto_Serif_KR/Noto_Serif_KR_0098.png,data/v2/processed/fontsense_v2/images/train/serif/Noto_Serif_Ahom/Noto_Serif_Ahom_0006.png,3,False,True,False
data/v2/processed/fontsense_v2/images/train/serif/Noto_Serif_KR/Noto_Serif_KR_0099.png,data/v2/processed/fontsense_v2/images/train/serif/IM_Fell_Great_Primer/IM_Fell_Great_Primer_0081.png,3,False,True,False
data/v2/processed/fontsense_v2/images/train/serif/Noto_Serif_KR/Noto_Serif_KR_0099.png,data/v2/processed/fontsense_v2/images/train/serif/Noto_Serif_Ahom/Noto_Serif_Ahom_0062.png,3,False,True,False
data/v2/processed/fontsense_v2/images/train/serif/Quattrocento/Quattrocento_0004.png,data/v2/processed/fontsense_v2/images/train/serif/IM_Fell_Great_Primer/IM_Fell_Great_Primer_0011.png,3,False,True,False
data/v2/processed/fontsense_v2/images/train/serif/Quattrocento/Quattrocento_0006.png,data/v2/processed/fontsense_v2/images/train/serif/Quattrocento/Quattrocento_0025.png,3,True,True,False
data/v2/processed/fontsense_v2/images/train/serif/Quattrocento/Quattrocento_0006.png,data/v2/processed/fontsense_v2/images/train/serif/Noto_Serif_Ahom/Noto_Serif_Ahom_0035.png,3,False,True,False
data/v2/processed/fontsense_v2/images/train/serif/Quattrocento/Quattrocento_0006.png,data/v2/processed/fontsense_v2/images/train/serif/Noto_Serif_Ahom/Noto_Serif_Ahom_0067.png,3,False,True,False
data/v2/processed/fontsense_v2/images/train/serif/Quattrocento/Quattrocento_0006.png,data/v2/processed/fontsense_v2/images/train/serif/Noto_Serif_Ahom/Noto_Serif_Ahom_0069.png,3,False,True,False
data/v2/processed/fontsense_v2/images/train/serif/Quattrocento/Quattrocento_0009.png,data/v2/processed/fontsense_v2/images/train/serif/Quattrocento/Quattrocento_0089.png,3,True,True,False
data/v2/processed/fontsense_v2/images/train/serif/Quattrocento/Quattrocento_0011.png,data/v2/processed/fontsense_v2/images/train/serif/Noto_Serif_Ahom/Noto_Serif_Ahom_0021.png,3,False,True,False
data/v2/processed/fontsense_v2/images/train/serif/Quattrocento/Quattrocento_0013.png,data/v2/processed/fontsense_v2/images/train/serif/IM_Fell_Great_Primer/IM_Fell_Great_Primer_0096.png,3,False,True,False
data/v2/processed/fontsense_v2/images/train/serif/Quattrocento/Quattrocento_0013.png,data/v2/processed/fontsense_v2/images/train/serif/Noto_Serif_Ahom/Noto_Serif_Ahom_0003.png,3,False,True,False
data/v2/processed/fontsense_v2/images/train/serif/Quattrocento/Quattrocento_0015.png,data/v2/processed/fontsense_v2/images/train/serif/Quattrocento/Quattrocento_0030.png,3,True,True,False
data/v2/processed/fontsense_v2/images/train/serif/Quattrocento/Quattrocento_0015.png,data/v2/processed/fontsense_v2/images/train/serif/Quattrocento/Quattrocento_0048.png,3,True,True,False
data/v2/processed/fontsense_v2/images/train/serif/Quattrocento/Quattrocento_0015.png,data/v2/processed/fontsense_v2/images/train/serif/Noto_Serif_Ahom/Noto_Serif_Ahom_0060.png,3,False,True,False
data/v2/processed/fontsense_v2/images/train/serif/Quattrocento/Quattrocento_0016.png,data/v2/processed/fontsense_v2/images/train/serif/Quattrocento/Quattrocento_0097.png,3,True,True,False
data/v2/processed/fontsense_v2/images/train/serif/Quattrocento/Quattrocento_0016.png,data/v2/processed/fontsense_v2/images/train/serif/Sanchez/Sanchez_0088.png,3,False,True,False
data/v2/processed/fontsense_v2/images/train/serif/Quattrocento/Quattrocento_0016.png,data/v2/processed/fontsense_v2/images/train/serif/Noto_Serif_Ahom/Noto_Serif_Ahom_0028.png,3,False,True,False
data/v2/processed/fontsense_v2/images/train/serif/Quattrocento/Quattrocento_0017.png,data/v2/processed/fontsense_v2/images/train/serif/Noto_Serif_Ahom/Noto_Serif_Ahom_0001.png,3,False,True,False
data/v2/processed/fontsense_v2/images/train/serif/Quattrocento/Quattrocento_0017.png,data/v2/processed/fontsense_v2/images/train/serif/Noto_Serif_Ahom/Noto_Serif_Ahom_0023.png,3,False,True,False
data/v2/processed/fontsense_v2/images/train/serif/Quattrocento/Quattrocento_0018.png,data/v2/processed/fontsense_v2/images/train/serif/Quattrocento/Quattrocento_0038.png,3,True,True,False
data/v2/processed/fontsense_v2/images/train/serif/Quattrocento/Quattrocento_0018.png,data/v2/processed/fontsense_v2/images/train/serif/Quattrocento/Quattrocento_0079.png,3,True,True,False
data/v2/processed/fontsense_v2/images/train/serif/Quattrocento/Quattrocento_0018.png,data/v2/processed/fontsense_v2/images/train/serif/Sanchez/Sanchez_0005.png,3,False,True,False
data/v2/processed/fontsense_v2/images/train/serif/Quattrocento/Quattrocento_0018.png,data/v2/processed/fontsense_v2/images/train/serif/IM_Fell_Great_Primer/IM_Fell_Great_Primer_0072.png,3,False,True,False
data/v2/processed/fontsense_v2/images/train/serif/Quattrocento/Quattrocento_0021.png,data/v2/processed/fontsense_v2/images/train/serif/Sanchez/Sanchez_0055.png,3,False,True,False
data/v2/processed/fontsense_v2/images/train/serif/Quattrocento/Quattrocento_0023.png,data/v2/processed/fontsense_v2/images/train/serif/Quattrocento/Quattrocento_0059.png,3,True,True,False
data/v2/processed/fontsense_v2/images/train/serif/Quattrocento/Quattrocento_0023.png,data/v2/processed/fontsense_v2/images/train/serif/Quattrocento/Quattrocento_0075.png,3,True,True,False
data/v2/processed/fontsense_v2/images/train/serif/Quattrocento/Quattrocento_0023.png,data/v2/processed/fontsense_v2/images/train/serif/Quattrocento/Quattrocento_0097.png,3,True,True,False
data/v2/processed/fontsense_v2/images/train/serif/Quattrocento/Quattrocento_0026.png,data/v2/processed/fontsense_v2/images/train/serif/Sanchez/Sanchez_0005.png,3,False,True,False
data/v2/processed/fontsense_v2/images/train/serif/Quattrocento/Quattrocento_0029.png,data/v2/processed/fontsense_v2/images/train/serif/Quattrocento/Quattrocento_0088.png,3,True,True,False
data/v2/processed/fontsense_v2/images/train/serif/Quattrocento/Quattrocento_0030.png,data/v2/processed/fontsense_v2/images/train/serif/IM_Fell_Great_Primer/IM_Fell_Great_Primer_0000.png,3,False,True,False
data/v2/processed/fontsense_v2/images/train/serif/Quattrocento/Quattrocento_0033.png,data/v2/processed/fontsense_v2/images/train/serif/Quattrocento/Quattrocento_0036.png,3,True,True,False
data/v2/processed/fontsense_v2/images/train/serif/Quattrocento/Quattrocento_0034.png,data/v2/processed/fontsense_v2/images/train/serif/Noto_Serif_Ahom/Noto_Serif_Ahom_0019.png,3,False,True,False
data/v2/processed/fontsense_v2/images/train/serif/Quattrocento/Quattrocento_0034.png,data/v2/processed/fontsense_v2/images/train/serif/Noto_Serif_Ahom/Noto_Serif_Ahom_0066.png,3,False,True,False
data/v2/processed/fontsense_v2/images/train/serif/Quattrocento/Quattrocento_0038.png,data/v2/processed/fontsense_v2/images/train/serif/Quattrocento/Quattrocento_0093.png,3,True,True,False
data/v2/processed/fontsense_v2/images/train/serif/Quattrocento/Quattrocento_0038.png,data/v2/processed/fontsense_v2/images/train/serif/Sanchez/Sanchez_0044.png,3,False,True,False
data/v2/processed/fontsense_v2/images/train/serif/Quattrocento/Quattrocento_0038.png,data/v2/processed/fontsense_v2/images/train/serif/IM_Fell_Great_Primer/IM_Fell_Great_Primer_0090.png,3,False,True,False
data/v2/processed/fontsense_v2/images/train/serif/Quattrocento/Quattrocento_0038.png,data/v2/processed/fontsense_v2/images/train/serif/IM_Fell_Great_Primer/IM_Fell_Great_Primer_0093.png,3,False,True,False
data/v2/processed/fontsense_v2/images/train/serif/Quattrocento/Quattrocento_0041.png,data/v2/processed/fontsense_v2/images/train/serif/Quattrocento/Quattrocento_0045.png,3,True,True,False
data/v2/processed/fontsense_v2/images/train/serif/Quattrocento/Quattrocento_0042.png,data/v2/processed/fontsense_v2/images/train/serif/Sanchez/Sanchez_0002.png,3,False,True,False
data/v2/processed/fontsense_v2/images/train/serif/Quattrocento/Quattrocento_0042.png,data/v2/processed/fontsense_v2/images/train/serif/Noto_Serif_Ahom/Noto_Serif_Ahom_0006.png,3,False,True,False
data/v2/processed/fontsense_v2/images/train/serif/Quattrocento/Quattrocento_0042.png,data/v2/processed/fontsense_v2/images/train/serif/Noto_Serif_Ahom/Noto_Serif_Ahom_0035.png,3,False,True,False
data/v2/processed/fontsense_v2/images/train/serif/Quattrocento/Quattrocento_0045.png,data/v2/processed/fontsense_v2/images/train/serif/Sanchez/Sanchez_0086.png,3,False,True,False
data/v2/processed/fontsense_v2/images/train/serif/Quattrocento/Quattrocento_0046.png,data/v2/processed/fontsense_v2/images/train/serif/IM_Fell_Great_Primer/IM_Fell_Great_Primer_0002.png,3,False,True,False
data/v2/processed/fontsense_v2/images/train/serif/Quattrocento/Quattrocento_0048.png,data/v2/processed/fontsense_v2/images/train/serif/IM_Fell_Great_Primer/IM_Fell_Great_Primer_0066.png,3,False,True,False
data/v2/processed/fontsense_v2/images/train/serif/Quattrocento/Quattrocento_0049.png,data/v2/processed/fontsense_v2/images/train/serif/Sanchez/Sanchez_0056.png,3,False,True,False
data/v2/processed/fontsense_v2/images/train/serif/Quattrocento/Quattrocento_0050.png,data/v2/processed/fontsense_v2/images/train/serif/Sanchez/Sanchez_0060.png,3,False,True,False
data/v2/processed/fontsense_v2/images/train/serif/Quattrocento/Quattrocento_0052.png,data/v2/processed/fontsense_v2/images/train/serif/Sanchez/Sanchez_0002.png,3,False,True,False
data/v2/processed/fontsense_v2/images/train/serif/Quattrocento/Quattrocento_0052.png,data/v2/processed/fontsense_v2/images/train/serif/IM_Fell_Great_Primer/IM_Fell_Great_Primer_0021.png,3,False,True,False
data/v2/processed/fontsense_v2/images/train/serif/Quattrocento/Quattrocento_0054.png,data/v2/processed/fontsense_v2/images/train/serif/Sanchez/Sanchez_0082.png,3,False,True,False
data/v2/processed/fontsense_v2/images/train/serif/Quattrocento/Quattrocento_0054.png,data/v2/processed/fontsense_v2/images/train/serif/IM_Fell_Great_Primer/IM_Fell_Great_Primer_0004.png,3,False,True,False
data/v2/processed/fontsense_v2/images/train/serif/Quattrocento/Quattrocento_0056.png,data/v2/processed/fontsense_v2/images/train/serif/IM_Fell_Great_Primer/IM_Fell_Great_Primer_0031.png,3,False,True,False
data/v2/processed/fontsense_v2/images/train/serif/Quattrocento/Quattrocento_0058.png,data/v2/processed/fontsense_v2/images/train/serif/IM_Fell_Great_Primer/IM_Fell_Great_Primer_0011.png,3,False,True,False
data/v2/processed/fontsense_v2/images/train/serif/Quattrocento/Quattrocento_0058.png,data/v2/processed/fontsense_v2/images/train/serif/IM_Fell_Great_Primer/IM_Fell_Great_Primer_0052.png,3,False,True,False
data/v2/processed/fontsense_v2/images/train/serif/Quattrocento/Quattrocento_0059.png,data/v2/processed/fontsense_v2/images/train/serif/IM_Fell_Great_Primer/IM_Fell_Great_Primer_0088.png,3,False,True,False
data/v2/processed/fontsense_v2/images/train/serif/Quattrocento/Quattrocento_0061.png,data/v2/processed/fontsense_v2/images/train/serif/IM_Fell_Great_Primer/IM_Fell_Great_Primer_0097.png,3,False,True,False
data/v2/processed/fontsense_v2/images/train/serif/Quattrocento/Quattrocento_0061.png,data/v2/processed/fontsense_v2/images/train/serif/Noto_Serif_Ahom/Noto_Serif_Ahom_0006.png,3,False,True,False
data/v2/processed/fontsense_v2/images/train/serif/Quattrocento/Quattrocento_0061.png,data/v2/processed/fontsense_v2/images/train/serif/Noto_Serif_Ahom/Noto_Serif_Ahom_0067.png,3,False,True,False
data/v2/processed/fontsense_v2/images/train/serif/Quattrocento/Quattrocento_0063.png,data/v2/processed/fontsense_v2/images/train/serif/Sanchez/Sanchez_0011.png,3,False,True,False
data/v2/processed/fontsense_v2/images/train/serif/Quattrocento/Quattrocento_0063.png,data/v2/processed/fontsense_v2/images/train/serif/Sanchez/Sanchez_0037.png,3,False,True,False
data/v2/processed/fontsense_v2/images/train/serif/Quattrocento/Quattrocento_0066.png,data/v2/processed/fontsense_v2/images/train/serif/IM_Fell_Great_Primer/IM_Fell_Great_Primer_0029.png,3,False,True,False
data/v2/processed/fontsense_v2/images/train/serif/Quattrocento/Quattrocento_0066.png,data/v2/processed/fontsense_v2/images/train/serif/IM_Fell_Great_Primer/IM_Fell_Great_Primer_0088.png,3,False,True,False
data/v2/processed/fontsense_v2/images/train/serif/Quattrocento/Quattrocento_0069.png,data/v2/processed/fontsense_v2/images/train/serif/Sanchez/Sanchez_0089.png,3,False,True,False
data/v2/processed/fontsense_v2/images/train/serif/Quattrocento/Quattrocento_0074.png,data/v2/processed/fontsense_v2/images/train/serif/IM_Fell_Great_Primer/IM_Fell_Great_Primer_0004.png,3,False,True,False
data/v2/processed/fontsense_v2/images/train/serif/Quattrocento/Quattrocento_0076.png,data/v2/processed/fontsense_v2/images/train/serif/Quattrocento/Quattrocento_0077.png,3,True,True,False
data/v2/processed/fontsense_v2/images/train/serif/Quattrocento/Quattrocento_0076.png,data/v2/processed/fontsense_v2/images/train/serif/Sanchez/Sanchez_0044.png,3,False,True,False
data/v2/processed/fontsense_v2/images/train/serif/Quattrocento/Quattrocento_0077.png,data/v2/processed/fontsense_v2/images/train/serif/Quattrocento/Quattrocento_0098.png,3,True,True,False
data/v2/processed/fontsense_v2/images/train/serif/Quattrocento/Quattrocento_0079.png,data/v2/processed/fontsense_v2/images/train/serif/Quattrocento/Quattrocento_0092.png,3,True,True,False
data/v2/processed/fontsense_v2/images/train/serif/Quattrocento/Quattrocento_0079.png,data/v2/processed/fontsense_v2/images/train/serif/Noto_Serif_Ahom/Noto_Serif_Ahom_0015.png,3,False,True,False
data/v2/processed/fontsense_v2/images/train/serif/Quattrocento/Quattrocento_0079.png,data/v2/processed/fontsense_v2/images/train/serif/Noto_Serif_Ahom/Noto_Serif_Ahom_0064.png,3,False,True,False
data/v2/processed/fontsense_v2/images/train/serif/Quattrocento/Quattrocento_0080.png,data/v2/processed/fontsense_v2/images/train/serif/Sanchez/Sanchez_0023.png,3,False,True,False
data/v2/processed/fontsense_v2/images/train/serif/Quattrocento/Quattrocento_0080.png,data/v2/processed/fontsense_v2/images/train/serif/Noto_Serif_Ahom/Noto_Serif_Ahom_0035.png,3,False,True,False
data/v2/processed/fontsense_v2/images/train/serif/Quattrocento/Quattrocento_0080.png,data/v2/processed/fontsense_v2/images/train/serif/Noto_Serif_Ahom/Noto_Serif_Ahom_0067.png,3,False,True,False
data/v2/processed/fontsense_v2/images/train/serif/Quattrocento/Quattrocento_0081.png,data/v2/processed/fontsense_v2/images/train/serif/IM_Fell_Great_Primer/IM_Fell_Great_Primer_0072.png,3,False,True,False
data/v2/processed/fontsense_v2/images/train/serif/Quattrocento/Quattrocento_0081.png,data/v2/processed/fontsense_v2/images/train/serif/Noto_Serif_Ahom/Noto_Serif_Ahom_0028.png,3,False,True,False
data/v2/processed/fontsense_v2/images/train/serif/Quattrocento/Quattrocento_0084.png,data/v2/processed/fontsense_v2/images/train/serif/Sanchez/Sanchez_0070.png,3,False,True,False
data/v2/processed/fontsense_v2/images/train/serif/Quattrocento/Quattrocento_0084.png,data/v2/processed/fontsense_v2/images/train/serif/IM_Fell_Great_Primer/IM_Fell_Great_Primer_0008.png,3,False,True,False
data/v2/processed/fontsense_v2/images/train/serif/Quattrocento/Quattrocento_0086.png,data/v2/processed/fontsense_v2/images/train/serif/Noto_Serif_Ahom/Noto_Serif_Ahom_0026.png,3,False,True,False
data/v2/processed/fontsense_v2/images/train/serif/Quattrocento/Quattrocento_0088.png,data/v2/processed/fontsense_v2/images/train/serif/Sanchez/Sanchez_0031.png,3,False,True,False
data/v2/processed/fontsense_v2/images/train/serif/Quattrocento/Quattrocento_0088.png,data/v2/processed/fontsense_v2/images/train/serif/IM_Fell_Great_Primer/IM_Fell_Great_Primer_0072.png,3,False,True,False
data/v2/processed/fontsense_v2/images/train/serif/Quattrocento/Quattrocento_0088.png,data/v2/processed/fontsense_v2/images/train/serif/Noto_Serif_Ahom/Noto_Serif_Ahom_0040.png,3,False,True,False
data/v2/processed/fontsense_v2/images/train/serif/Quattrocento/Quattrocento_0088.png,data/v2/processed/fontsense_v2/images/train/serif/Noto_Serif_Ahom/Noto_Serif_Ahom_0049.png,3,False,True,False
data/v2/processed/fontsense_v2/images/train/serif/Quattrocento/Quattrocento_0089.png,data/v2/processed/fontsense_v2/images/train/serif/IM_Fell_Great_Primer/IM_Fell_Great_Primer_0093.png,3,False,True,False
data/v2/processed/fontsense_v2/images/train/serif/Quattrocento/Quattrocento_0089.png,data/v2/processed/fontsense_v2/images/train/serif/Noto_Serif_Ahom/Noto_Serif_Ahom_0019.png,3,False,True,False
data/v2/processed/fontsense_v2/images/train/serif/Quattrocento/Quattrocento_0089.png,data/v2/processed/fontsense_v2/images/train/serif/Noto_Serif_Ahom/Noto_Serif_Ahom_0066.png,3,False,True,False
data/v2/processed/fontsense_v2/images/train/serif/Quattrocento/Quattrocento_0093.png,data/v2/processed/fontsense_v2/images/train/serif/Sanchez/Sanchez_0023.png,3,False,True,False
data/v2/processed/fontsense_v2/images/train/serif/Quattrocento/Quattrocento_0093.png,data/v2/processed/fontsense_v2/images/train/serif/IM_Fell_Great_Primer/IM_Fell_Great_Primer_0012.png,3,False,True,False
data/v2/processed/fontsense_v2/images/train/serif/Quattrocento/Quattrocento_0094.png,data/v2/processed/fontsense_v2/images/train/serif/Noto_Serif_Ahom/Noto_Serif_Ahom_0071.png,3,False,True,False
data/v2/processed/fontsense_v2/images/train/serif/Quattrocento/Quattrocento_0095.png,data/v2/processed/fontsense_v2/images/train/serif/Noto_Serif_Ahom/Noto_Serif_Ahom_0071.png,3,False,True,False
data/v2/processed/fontsense_v2/images/train/serif/Quattrocento/Quattrocento_0096.png,data/v2/processed/fontsense_v2/images/train/serif/Noto_Serif_Ahom/Noto_Serif_Ahom_0025.png,3,False,True,False
data/v2/processed/fontsense_v2/images/train/serif/Quattrocento/Quattrocento_0098.png,data/v2/processed/fontsense_v2/images/train/serif/Sanchez/Sanchez_0070.png,3,False,True,False
data/v2/processed/fontsense_v2/images/train/serif/Quattrocento/Quattrocento_0099.png,data/v2/processed/fontsense_v2/images/train/serif/IM_Fell_Great_Primer/IM_Fell_Great_Primer_0000.png,3,False,True,False
data/v2/processed/fontsense_v2/images/train/serif/Rokkitt/Rokkitt_0000.png,data/v2/processed/fontsense_v2/images/train/serif/Quattrocento/Quattrocento_0028.png,3,False,True,False
data/v2/processed/fontsense_v2/images/train/serif/Rokkitt/Rokkitt_0000.png,data/v2/processed/fontsense_v2/images/train/serif/Sanchez/Sanchez_0023.png,3,False,True,False
data/v2/processed/fontsense_v2/images/train/serif/Rokkitt/Rokkitt_0000.png,data/v2/processed/fontsense_v2/images/train/serif/IM_Fell_Great_Primer/IM_Fell_Great_Primer_0012.png,3,False,True,False
data/v2/processed/fontsense_v2/images/train/serif/Rokkitt/Rokkitt_0000.png,data/v2/processed/fontsense_v2/images/train/serif/IM_Fell_Great_Primer/IM_Fell_Great_Primer_0076.png,3,False,True,False
data/v2/processed/fontsense_v2/images/train/serif/Rokkitt/Rokkitt_0002.png,data/v2/processed/fontsense_v2/images/train/serif/Rokkitt/Rokkitt_0011.png,3,True,True,False
data/v2/processed/fontsense_v2/images/train/serif/Rokkitt/Rokkitt_0002.png,data/v2/processed/fontsense_v2/images/train/serif/Quattrocento/Quattrocento_0033.png,3,False,True,False
data/v2/processed/fontsense_v2/images/train/serif/Rokkitt/Rokkitt_0002.png,data/v2/processed/fontsense_v2/images/train/serif/IM_Fell_Great_Primer/IM_Fell_Great_Primer_0001.png,3,False,True,False
data/v2/processed/fontsense_v2/images/train/serif/Rokkitt/Rokkitt_0004.png,data/v2/processed/fontsense_v2/images/train/serif/Rokkitt/Rokkitt_0032.png,3,True,True,False
data/v2/processed/fontsense_v2/images/train/serif/Rokkitt/Rokkitt_0004.png,data/v2/processed/fontsense_v2/images/train/serif/Quattrocento/Quattrocento_0033.png,3,False,True,False
data/v2/processed/fontsense_v2/images/train/serif/Rokkitt/Rokkitt_0004.png,data/v2/processed/fontsense_v2/images/train/serif/Noto_Serif_Ahom/Noto_Serif_Ahom_0038.png,3,False,True,False
data/v2/processed/fontsense_v2/images/train/serif/Rokkitt/Rokkitt_0005.png,data/v2/processed/fontsense_v2/images/train/serif/Rokkitt/Rokkitt_0056.png,3,True,True,False
data/v2/processed/fontsense_v2/images/train/serif/Rokkitt/Rokkitt_0005.png,data/v2/processed/fontsense_v2/images/train/serif/Quattrocento/Quattrocento_0017.png,3,False,True,False
data/v2/processed/fontsense_v2/images/train/serif/Rokkitt/Rokkitt_0005.png,data/v2/processed/fontsense_v2/images/train/serif/Quattrocento/Quattrocento_0095.png,3,False,True,False
data/v2/processed/fontsense_v2/images/train/serif/Rokkitt/Rokkitt_0006.png,data/v2/processed/fontsense_v2/images/train/serif/Rokkitt/Rokkitt_0016.png,3,True,True,False
data/v2/processed/fontsense_v2/images/train/serif/Rokkitt/Rokkitt_0006.png,data/v2/processed/fontsense_v2/images/train/serif/Rokkitt/Rokkitt_0048.png,3,True,True,False
data/v2/processed/fontsense_v2/images/train/serif/Rokkitt/Rokkitt_0007.png,data/v2/processed/fontsense_v2/images/train/serif/Quattrocento/Quattrocento_0085.png,3,False,True,False
data/v2/processed/fontsense_v2/images/train/serif/Rokkitt/Rokkitt_0007.png,data/v2/processed/fontsense_v2/images/train/serif/Noto_Serif_Ahom/Noto_Serif_Ahom_0047.png,3,False,True,False
data/v2/processed/fontsense_v2/images/train/serif/Rokkitt/Rokkitt_0009.png,data/v2/processed/fontsense_v2/images/train/serif/Sanchez/Sanchez_0041.png,3,False,True,False
data/v2/processed/fontsense_v2/images/train/serif/Rokkitt/Rokkitt_0011.png,data/v2/processed/fontsense_v2/images/train/serif/Quattrocento/Quattrocento_0058.png,3,False,True,False
data/v2/processed/fontsense_v2/images/train/serif/Rokkitt/Rokkitt_0011.png,data/v2/processed/fontsense_v2/images/train/serif/IM_Fell_Great_Primer/IM_Fell_Great_Primer_0087.png,3,False,True,False
data/v2/processed/fontsense_v2/images/train/serif/Rokkitt/Rokkitt_0012.png,data/v2/processed/fontsense_v2/images/train/serif/Rokkitt/Rokkitt_0081.png,3,True,True,False
data/v2/processed/fontsense_v2/images/train/serif/Rokkitt/Rokkitt_0012.png,data/v2/processed/fontsense_v2/images/train/serif/IM_Fell_Great_Primer/IM_Fell_Great_Primer_0009.png,3,False,True,False
data/v2/processed/fontsense_v2/images/train/serif/Rokkitt/Rokkitt_0013.png,data/v2/processed/fontsense_v2/images/train/serif/Rokkitt/Rokkitt_0076.png,3,True,True,False
data/v2/processed/fontsense_v2/images/train/serif/Rokkitt/Rokkitt_0013.png,data/v2/processed/fontsense_v2/images/train/serif/Quattrocento/Quattrocento_0049.png,3,False,True,False
data/v2/processed/fontsense_v2/images/train/serif/Rokkitt/Rokkitt_0013.png,data/v2/processed/fontsense_v2/images/train/serif/Quattrocento/Quattrocento_0063.png,3,False,True,False
data/v2/processed/fontsense_v2/images/train/serif/Rokkitt/Rokkitt_0013.png,data/v2/processed/fontsense_v2/images/train/serif/IM_Fell_Great_Primer/IM_Fell_Great_Primer_0014.png,3,False,True,False
data/v2/processed/fontsense_v2/images/train/serif/Rokkitt/Rokkitt_0014.png,data/v2/processed/fontsense_v2/images/train/serif/Rokkitt/Rokkitt_0081.png,3,True,True,False
data/v2/processed/fontsense_v2/images/train/serif/Rokkitt/Rokkitt_0014.png,data/v2/processed/fontsense_v2/images/train/serif/Quattrocento/Quattrocento_0004.png,3,False,True,False
data/v2/processed/fontsense_v2/images/train/serif/Rokkitt/Rokkitt_0016.png,data/v2/processed/fontsense_v2/images/train/serif/Rokkitt/Rokkitt_0070.png,3,True,True,False
data/v2/processed/fontsense_v2/images/train/serif/Rokkitt/Rokkitt_0016.png,data/v2/processed/fontsense_v2/images/train/serif/IM_Fell_Great_Primer/IM_Fell_Great_Primer_0015.png,3,False,True,False
data/v2/processed/fontsense_v2/images/train/serif/Rokkitt/Rokkitt_0016.png,data/v2/processed/fontsense_v2/images/train/serif/Noto_Serif_Ahom/Noto_Serif_Ahom_0051.png,3,False,True,False
data/v2/processed/fontsense_v2/images/train/serif/Rokkitt/Rokkitt_0017.png,data/v2/processed/fontsense_v2/images/train/serif/Rokkitt/Rokkitt_0029.png,3,True,True,False
data/v2/processed/fontsense_v2/images/train/serif/Rokkitt/Rokkitt_0017.png,data/v2/processed/fontsense_v2/images/train/serif/Quattrocento/Quattrocento_0090.png,3,False,True,False
data/v2/processed/fontsense_v2/images/train/serif/Rokkitt/Rokkitt_0017.png,data/v2/processed/fontsense_v2/images/train/serif/IM_Fell_Great_Primer/IM_Fell_Great_Primer_0008.png,3,False,True,False
data/v2/processed/fontsense_v2/images/train/serif/Rokkitt/Rokkitt_0018.png,data/v2/processed/fontsense_v2/images/train/serif/Quattrocento/Quattrocento_0041.png,3,False,True,False
data/v2/processed/fontsense_v2/images/train/serif/Rokkitt/Rokkitt_0019.png,data/v2/processed/fontsense_v2/images/train/serif/Rokkitt/Rokkitt_0073.png,3,True,True,False
data/v2/processed/fontsense_v2/images/train/serif/Rokkitt/Rokkitt_0019.png,data/v2/processed/fontsense_v2/images/train/serif/Rokkitt/Rokkitt_0094.png,3,True,True,False
data/v2/processed/fontsense_v2/images/train/serif/Rokkitt/Rokkitt_0021.png,data/v2/processed/fontsense_v2/images/train/serif/Rokkitt/Rokkitt_0047.png,3,True,True,False
data/v2/processed/fontsense_v2/images/train/serif/Rokkitt/Rokkitt_0021.png,data/v2/processed/fontsense_v2/images/train/serif/Noto_Serif_Ahom/Noto_Serif_Ahom_0064.png,3,False,True,False
data/v2/processed/fontsense_v2/images/train/serif/Rokkitt/Rokkitt_0022.png,data/v2/processed/fontsense_v2/images/train/serif/Quattrocento/Quattrocento_0059.png,3,False,True,False
data/v2/processed/fontsense_v2/images/train/serif/Rokkitt/Rokkitt_0023.png,data/v2/processed/fontsense_v2/images/train/serif/Sanchez/Sanchez_0031.png,3,False,True,False
data/v2/processed/fontsense_v2/images/train/serif/Rokkitt/Rokkitt_0024.png,data/v2/processed/fontsense_v2/images/train/serif/Rokkitt/Rokkitt_0056.png,3,True,True,False
data/v2/processed/fontsense_v2/images/train/serif/Rokkitt/Rokkitt_0025.png,data/v2/processed/fontsense_v2/images/train/serif/Noto_Serif_Ahom/Noto_Serif_Ahom_0011.png,3,False,True,False
data/v2/processed/fontsense_v2/images/train/serif/Rokkitt/Rokkitt_0026.png,data/v2/processed/fontsense_v2/images/train/serif/IM_Fell_Great_Primer/IM_Fell_Great_Primer_0042.png,3,False,True,False
data/v2/processed/fontsense_v2/images/train/serif/Rokkitt/Rokkitt_0028.png,data/v2/processed/fontsense_v2/images/train/serif/Sanchez/Sanchez_0082.png,3,False,True,False
data/v2/processed/fontsense_v2/images/train/serif/Rokkitt/Rokkitt_0032.png,data/v2/processed/fontsense_v2/images/train/serif/Quattrocento/Quattrocento_0036.png,3,False,True,False
data/v2/processed/fontsense_v2/images/train/serif/Rokkitt/Rokkitt_0034.png,data/v2/processed/fontsense_v2/images/train/serif/Quattrocento/Quattrocento_0024.png,3,False,True,False
data/v2/processed/fontsense_v2/images/train/serif/Rokkitt/Rokkitt_0037.png,data/v2/processed/fontsense_v2/images/train/serif/Noto_Serif_Ahom/Noto_Serif_Ahom_0006.png,3,False,True,False
data/v2/processed/fontsense_v2/images/train/serif/Rokkitt/Rokkitt_0039.png,data/v2/processed/fontsense_v2/images/train/serif/Rokkitt/Rokkitt_0077.png,3,True,True,False
data/v2/processed/fontsense_v2/images/train/serif/Rokkitt/Rokkitt_0039.png,data/v2/processed/fontsense_v2/images/train/serif/Quattrocento/Quattrocento_0006.png,3,False,True,False
data/v2/processed/fontsense_v2/images/train/serif/Rokkitt/Rokkitt_0039.png,data/v2/processed/fontsense_v2/images/train/serif/Quattrocento/Quattrocento_0026.png,3,False,True,False
data/v2/processed/fontsense_v2/images/train/serif/Rokkitt/Rokkitt_0039.png,data/v2/processed/fontsense_v2/images/train/serif/Sanchez/Sanchez_0001.png,3,False,True,False
data/v2/processed/fontsense_v2/images/train/serif/Rokkitt/Rokkitt_0039.png,data/v2/processed/fontsense_v2/images/train/serif/IM_Fell_Great_Primer/IM_Fell_Great_Primer_0032.png,3,False,True,False
data/v2/processed/fontsense_v2/images/train/serif/Rokkitt/Rokkitt_0039.png,data/v2/processed/fontsense_v2/images/train/serif/Noto_Serif_Ahom/Noto_Serif_Ahom_0019.png,3,False,True,False
data/v2/processed/fontsense_v2/images/train/serif/Rokkitt/Rokkitt_0039.png,data/v2/processed/fontsense_v2/images/train/serif/Noto_Serif_Ahom/Noto_Serif_Ahom_0066.png,3,False,True,False
data/v2/processed/fontsense_v2/images/train/serif/Rokkitt/Rokkitt_0040.png,data/v2/processed/fontsense_v2/images/train/serif/Rokkitt/Rokkitt_0062.png,3,True,True,False
data/v2/processed/fontsense_v2/images/train/serif/Rokkitt/Rokkitt_0040.png,data/v2/processed/fontsense_v2/images/train/serif/Quattrocento/Quattrocento_0006.png,3,False,True,False
data/v2/processed/fontsense_v2/images/train/serif/Rokkitt/Rokkitt_0040.png,data/v2/processed/fontsense_v2/images/train/serif/Quattrocento/Quattrocento_0042.png,3,False,True,False
data/v2/processed/fontsense_v2/images/train/serif/Rokkitt/Rokkitt_0040.png,data/v2/processed/fontsense_v2/images/train/serif/Sanchez/Sanchez_0006.png,3,False,True,True
data/v2/processed/fontsense_v2/images/train/serif/Rokkitt/Rokkitt_0040.png,data/v2/processed/fontsense_v2/images/train/serif/Sanchez/Sanchez_0044.png,3,False,True,False
data/v2/processed/fontsense_v2/images/train/serif/Rokkitt/Rokkitt_0040.png,data/v2/processed/fontsense_v2/images/train/serif/IM_Fell_Great_Primer/IM_Fell_Great_Primer_0030.png,3,False,True,False
data/v2/processed/fontsense_v2/images/train/serif/Rokkitt/Rokkitt_0040.png,data/v2/processed/fontsense_v2/images/train/serif/IM_Fell_Great_Primer/IM_Fell_Great_Primer_0062.png,3,False,True,False
data/v2/processed/fontsense_v2/images/train/serif/Rokkitt/Rokkitt_0040.png,data/v2/processed/fontsense_v2/images/train/serif/IM_Fell_Great_Primer/IM_Fell_Great_Primer_0090.png,3,False,True,False
data/v2/processed/fontsense_v2/images/train/serif/Rokkitt/Rokkitt_0040.png,data/v2/processed/fontsense_v2/images/train/serif/IM_Fell_Great_Primer/IM_Fell_Great_Primer_0093.png,3,False,True,False
data/v2/processed/fontsense_v2/images/train/serif/Rokkitt/Rokkitt_0040.png,data/v2/processed/fontsense_v2/images/train/serif/Noto_Serif_Ahom/Noto_Serif_Ahom_0071.png,3,False,True,False
data/v2/processed/fontsense_v2/images/train/serif/Rokkitt/Rokkitt_0041.png,data/v2/processed/fontsense_v2/images/train/serif/IM_Fell_Great_Primer/IM_Fell_Great_Primer_0008.png,3,False,True,False
data/v2/processed/fontsense_v2/images/train/serif/Rokkitt/Rokkitt_0044.png,data/v2/processed/fontsense_v2/images/train/serif/Noto_Serif_Ahom/Noto_Serif_Ahom_0034.png,3,False,True,False
data/v2/processed/fontsense_v2/images/train/serif/Rokkitt/Rokkitt_0045.png,data/v2/processed/fontsense_v2/images/train/serif/IM_Fell_Great_Primer/IM_Fell_Great_Primer_0076.png,3,False,True,False
data/v2/processed/fontsense_v2/images/train/serif/Rokkitt/Rokkitt_0046.png,data/v2/processed/fontsense_v2/images/train/serif/Rokkitt/Rokkitt_0098.png,3,True,True,False
data/v2/processed/fontsense_v2/images/train/serif/Rokkitt/Rokkitt_0046.png,data/v2/processed/fontsense_v2/images/train/serif/Noto_Serif_Ahom/Noto_Serif_Ahom_0035.png,3,False,True,False
data/v2/processed/fontsense_v2/images/train/serif/Rokkitt/Rokkitt_0047.png,data/v2/processed/fontsense_v2/images/train/serif/Quattrocento/Quattrocento_0059.png,3,False,True,False
data/v2/processed/fontsense_v2/images/train/serif/Rokkitt/Rokkitt_0048.png,data/v2/processed/fontsense_v2/images/train/serif/Sanchez/Sanchez_0036.png,3,False,True,False
data/v2/processed/fontsense_v2/images/train/serif/Rokkitt/Rokkitt_0048.png,data/v2/processed/fontsense_v2/images/train/serif/IM_Fell_Great_Primer/IM_Fell_Great_Primer_0015.png,3,False,True,False
data/v2/processed/fontsense_v2/images/train/serif/Rokkitt/Rokkitt_0049.png,data/v2/processed/fontsense_v2/images/train/serif/Quattrocento/Quattrocento_0048.png,3,False,True,False
data/v2/processed/fontsense_v2/images/train/serif/Rokkitt/Rokkitt_0049.png,data/v2/processed/fontsense_v2/images/train/serif/Noto_Serif_Ahom/Noto_Serif_Ahom_0060.png,3,False,True,False
data/v2/processed/fontsense_v2/images/train/serif/Rokkitt/Rokkitt_0050.png,data/v2/processed/fontsense_v2/images/train/serif/Quattrocento/Quattrocento_0001.png,3,False,True,False
data/v2/processed/fontsense_v2/images/train/serif/Rokkitt/Rokkitt_0050.png,data/v2/processed/fontsense_v2/images/train/serif/IM_Fell_Great_Primer/IM_Fell_Great_Primer_0004.png,3,False,True,False
data/v2/processed/fontsense_v2/images/train/serif/Rokkitt/Rokkitt_0053.png,data/v2/processed/fontsense_v2/images/train/serif/Sanchez/Sanchez_0031.png,3,False,True,False
data/v2/processed/fontsense_v2/images/train/serif/Rokkitt/Rokkitt_0054.png,data/v2/processed/fontsense_v2/images/train/serif/Quattrocento/Quattrocento_0074.png,3,False,True,False
data/v2/processed/fontsense_v2/images/train/serif/Rokkitt/Rokkitt_0055.png,data/v2/processed/fontsense_v2/images/train/serif/Rokkitt/Rokkitt_0062.png,3,True,True,False
data/v2/processed/fontsense_v2/images/train/serif/Rokkitt/Rokkitt_0055.png,data/v2/processed/fontsense_v2/images/train/serif/Quattrocento/Quattrocento_0006.png,3,False,True,False
data/v2/processed/fontsense_v2/images/train/serif/Rokkitt/Rokkitt_0055.png,data/v2/processed/fontsense_v2/images/train/serif/IM_Fell_Great_Primer/IM_Fell_Great_Primer_0062.png,3,False,True,False
data/v2/processed/fontsense_v2/images/train/serif/Rokkitt/Rokkitt_0055.png,data/v2/processed/fontsense_v2/images/train/serif/Noto_Serif_Ahom/Noto_Serif_Ahom_0019.png,3,False,True,False
data/v2/processed/fontsense_v2/images/train/serif/Rokkitt/Rokkitt_0055.png,data/v2/processed/fontsense_v2/images/train/serif/Noto_Serif_Ahom/Noto_Serif_Ahom_0030.png,3,False,True,False
data/v2/processed/fontsense_v2/images/train/serif/Rokkitt/Rokkitt_0057.png,data/v2/processed/fontsense_v2/images/train/serif/Rokkitt/Rokkitt_0061.png,3,True,True,False
data/v2/processed/fontsense_v2/images/train/serif/Rokkitt/Rokkitt_0057.png,data/v2/processed/fontsense_v2/images/train/serif/Rokkitt/Rokkitt_0080.png,3,True,True,False
data/v2/processed/fontsense_v2/images/train/serif/Rokkitt/Rokkitt_0058.png,data/v2/processed/fontsense_v2/images/train/serif/Rokkitt/Rokkitt_0098.png,3,True,True,False
data/v2/processed/fontsense_v2/images/train/serif/Rokkitt/Rokkitt_0058.png,data/v2/processed/fontsense_v2/images/train/serif/Noto_Serif_Ahom/Noto_Serif_Ahom_0006.png,3,False,True,False
data/v2/processed/fontsense_v2/images/train/serif/Rokkitt/Rokkitt_0059.png,data/v2/processed/fontsense_v2/images/train/serif/IM_Fell_Great_Primer/IM_Fell_Great_Primer_0029.png,3,False,True,False
data/v2/processed/fontsense_v2/images/train/serif/Rokkitt/Rokkitt_0059.png,data/v2/processed/fontsense_v2/images/train/serif/IM_Fell_Great_Primer/IM_Fell_Great_Primer_0088.png,3,False,True,False
data/v2/processed/fontsense_v2/images/train/serif/Rokkitt/Rokkitt_0060.png,data/v2/processed/fontsense_v2/images/train/serif/Quattrocento/Quattrocento_0018.png,3,False,True,False
data/v2/processed/fontsense_v2/images/train/serif/Rokkitt/Rokkitt_0060.png,data/v2/processed/fontsense_v2/images/train/serif/Sanchez/Sanchez_0001.png,3,False,True,False
data/v2/processed/fontsense_v2/images/train/serif/Rokkitt/Rokkitt_0060.png,data/v2/processed/fontsense_v2/images/train/serif/Sanchez/Sanchez_0006.png,3,False,True,False
data/v2/processed/fontsense_v2/images/train/serif/Rokkitt/Rokkitt_0060.png,data/v2/processed/fontsense_v2/images/train/serif/Sanchez/Sanchez_0044.png,3,False,True,False
data/v2/processed/fontsense_v2/images/train/serif/Rokkitt/Rokkitt_0060.png,data/v2/processed/fontsense_v2/images/train/serif/Noto_Serif_Ahom/Noto_Serif_Ahom_0009.png,3,False,True,False
data/v2/processed/fontsense_v2/images/train/serif/Rokkitt/Rokkitt_0062.png,data/v2/processed/fontsense_v2/images/train/serif/Rokkitt/Rokkitt_0072.png,3,True,True,False
data/v2/processed/fontsense_v2/images/train/serif/Rokkitt/Rokkitt_0062.png,data/v2/processed/fontsense_v2/images/train/serif/Rokkitt/Rokkitt_0092.png,3,True,True,False
data/v2/processed/fontsense_v2/images/train/serif/Rokkitt/Rokkitt_0062.png,data/v2/processed/fontsense_v2/images/train/serif/Sanchez/Sanchez_0005.png,3,False,True,False
data/v2/processed/fontsense_v2/images/train/serif/Rokkitt/Rokkitt_0062.png,data/v2/processed/fontsense_v2/images/train/serif/IM_Fell_Great_Primer/IM_Fell_Great_Primer_0012.png,3,False,True,False
data/v2/processed/fontsense_v2/images/train/serif/Rokkitt/Rokkitt_0062.png,data/v2/processed/fontsense_v2/images/train/serif/IM_Fell_Great_Primer/IM_Fell_Great_Primer_0079.png,3,False,True,False
data/v2/processed/fontsense_v2/images/train/serif/Rokkitt/Rokkitt_0062.png,data/v2/processed/fontsense_v2/images/train/serif/Noto_Serif_Ahom/Noto_Serif_Ahom_0035.png,3,False,True,False
data/v2/processed/fontsense_v2/images/train/serif/Rokkitt/Rokkitt_0062.png,data/v2/processed/fontsense_v2/images/train/serif/Noto_Serif_Ahom/Noto_Serif_Ahom_0069.png,3,False,True,False
data/v2/processed/fontsense_v2/images/train/serif/Rokkitt/Rokkitt_0065.png,data/v2/processed/fontsense_v2/images/train/serif/Sanchez/Sanchez_0075.png,3,False,True,False
data/v2/processed/fontsense_v2/images/train/serif/Rokkitt/Rokkitt_0065.png,data/v2/processed/fontsense_v2/images/train/serif/Noto_Serif_Ahom/Noto_Serif_Ahom_0027.png,3,False,True,False
data/v2/processed/fontsense_v2/images/train/serif/Rokkitt/Rokkitt_0065.png,data/v2/processed/fontsense_v2/images/train/serif/Noto_Serif_Ahom/Noto_Serif_Ahom_0049.png,3,False,True,False
data/v2/processed/fontsense_v2/images/train/serif/Rokkitt/Rokkitt_0066.png,data/v2/processed/fontsense_v2/images/train/serif/Quattrocento/Quattrocento_0015.png,3,False,True,False
data/v2/processed/fontsense_v2/images/train/serif/Rokkitt/Rokkitt_0066.png,data/v2/processed/fontsense_v2/images/train/serif/Quattrocento/Quattrocento_0052.png,3,False,True,False
data/v2/processed/fontsense_v2/images/train/serif/Rokkitt/Rokkitt_0068.png,data/v2/processed/fontsense_v2/images/train/serif/Quattrocento/Quattrocento_0059.png,3,False,True,False
data/v2/processed/fontsense_v2/images/train/serif/Rokkitt/Rokkitt_0069.png,data/v2/processed/fontsense_v2/images/train/serif/Sanchez/Sanchez_0031.png,3,False,True,False
data/v2/processed/fontsense_v2/images/train/serif/Rokkitt/Rokkitt_0069.png,data/v2/processed/fontsense_v2/images/train/serif/IM_Fell_Great_Primer/IM_Fell_Great_Primer_0072.png,3,False,True,False
data/v2/processed/fontsense_v2/images/train/serif/Rokkitt/Rokkitt_0070.png,data/v2/processed/fontsense_v2/images/train/serif/Noto_Serif_Ahom/Noto_Serif_Ahom_0036.png,3,False,True,False
data/v2/processed/fontsense_v2/images/train/serif/Rokkitt/Rokkitt_0071.png,data/v2/processed/fontsense_v2/images/train/serif/Quattrocento/Quattrocento_0052.png,3,False,True,False
data/v2/processed/fontsense_v2/images/train/serif/Rokkitt/Rokkitt_0073.png,data/v2/processed/fontsense_v2/images/train/serif/Noto_Serif_Ahom/Noto_Serif_Ahom_0001.png,3,False,True,True
data/v2/processed/fontsense_v2/images/train/serif/Rokkitt/Rokkitt_0075.png,data/v2/processed/fontsense_v2/images/train/serif/IM_Fell_Great_Primer/IM_Fell_Great_Primer_0004.png,3,False,True,False
data/v2/processed/fontsense_v2/images/train/serif/Rokkitt/Rokkitt_0076.png,data/v2/processed/fontsense_v2/images/train/serif/Sanchez/Sanchez_0056.png,3,False,True,False
data/v2/processed/fontsense_v2/images/train/serif/Rokkitt/Rokkitt_0077.png,data/v2/processed/fontsense_v2/images/train/serif/Rokkitt/Rokkitt_0095.png,3,True,True,False
data/v2/processed/fontsense_v2/images/train/serif/Rokkitt/Rokkitt_0077.png,data/v2/processed/fontsense_v2/images/train/serif/Sanchez/Sanchez_0031.png,3,False,True,False
data/v2/processed/fontsense_v2/images/train/serif/Rokkitt/Rokkitt_0077.png,data/v2/processed/fontsense_v2/images/train/serif/Noto_Serif_Ahom/Noto_Serif_Ahom_0049.png,3,False,True,False
data/v2/processed/fontsense_v2/images/train/serif/Rokkitt/Rokkitt_0079.png,data/v2/processed/fontsense_v2/images/train/serif/Quattrocento/Quattrocento_0028.png,3,False,True,False
data/v2/processed/fontsense_v2/images/train/serif/Rokkitt/Rokkitt_0079.png,data/v2/processed/fontsense_v2/images/train/serif/Sanchez/Sanchez_0002.png,3,False,True,False
data/v2/processed/fontsense_v2/images/train/serif/Rokkitt/Rokkitt_0079.png,data/v2/processed/fontsense_v2/images/train/serif/Noto_Serif_Ahom/Noto_Serif_Ahom_0006.png,3,False,True,False
data/v2/processed/fontsense_v2/images/train/serif/Rokkitt/Rokkitt_0081.png,data/v2/processed/fontsense_v2/images/train/serif/Sanchez/Sanchez_0057.png,3,False,True,False
data/v2/processed/fontsense_v2/images/train/serif/Rokkitt/Rokkitt_0081.png,data/v2/processed/fontsense_v2/images/train/serif/Noto_Serif_Ahom/Noto_Serif_Ahom_0013.png,3,False,True,False
data/v2/processed/fontsense_v2/images/train/serif/Rokkitt/Rokkitt_0082.png,data/v2/processed/fontsense_v2/images/train/serif/IM_Fell_Great_Primer/IM_Fell_Great_Primer_0088.png,3,False,True,False
data/v2/processed/fontsense_v2/images/train/serif/Rokkitt/Rokkitt_0083.png,data/v2/processed/fontsense_v2/images/train/serif/Quattrocento/Quattrocento_0068.png,3,False,True,False
data/v2/processed/fontsense_v2/images/train/serif/Rokkitt/Rokkitt_0083.png,data/v2/processed/fontsense_v2/images/train/serif/IM_Fell_Great_Primer/IM_Fell_Great_Primer_0030.png,3,False,True,False
data/v2/processed/fontsense_v2/images/train/serif/Rokkitt/Rokkitt_0083.png,data/v2/processed/fontsense_v2/images/train/serif/IM_Fell_Great_Primer/IM_Fell_Great_Primer_0062.png,3,False,True,False
data/v2/processed/fontsense_v2/images/train/serif/Rokkitt/Rokkitt_0084.png,data/v2/processed/fontsense_v2/images/train/serif/Sanchez/Sanchez_0023.png,3,False,True,False
data/v2/processed/fontsense_v2/images/train/serif/Rokkitt/Rokkitt_0084.png,data/v2/processed/fontsense_v2/images/train/serif/Noto_Serif_Ahom/Noto_Serif_Ahom_0035.png,3,False,True,False
data/v2/processed/fontsense_v2/images/train/serif/Rokkitt/Rokkitt_0085.png,data/v2/processed/fontsense_v2/images/train/serif/Rokkitt/Rokkitt_0086.png,3,True,True,False
data/v2/processed/fontsense_v2/images/train/serif/Rokkitt/Rokkitt_0085.png,data/v2/processed/fontsense_v2/images/train/serif/Quattrocento/Quattrocento_0038.png,3,False,True,False
data/v2/processed/fontsense_v2/images/train/serif/Rokkitt/Rokkitt_0086.png,data/v2/processed/fontsense_v2/images/train/serif/Quattrocento/Quattrocento_0018.png,3,False,True,False
data/v2/processed/fontsense_v2/images/train/serif/Rokkitt/Rokkitt_0088.png,data/v2/processed/fontsense_v2/images/train/serif/Quattrocento/Quattrocento_0086.png,3,False,True,False
data/v2/processed/fontsense_v2/images/train/serif/Rokkitt/Rokkitt_0089.png,data/v2/processed/fontsense_v2/images/train/serif/Quattrocento/Quattrocento_0088.png,3,False,True,False
data/v2/processed/fontsense_v2/images/train/serif/Rokkitt/Rokkitt_0091.png,data/v2/processed/fontsense_v2/images/train/serif/Noto_Serif_Ahom/Noto_Serif_Ahom_0017.png,3,False,True,False
data/v2/processed/fontsense_v2/images/train/serif/Rokkitt/Rokkitt_0092.png,data/v2/processed/fontsense_v2/images/train/serif/Sanchez/Sanchez_0078.png,3,False,True,False
data/v2/processed/fontsense_v2/images/train/serif/Rokkitt/Rokkitt_0094.png,data/v2/processed/fontsense_v2/images/train/serif/Quattrocento/Quattrocento_0068.png,3,False,True,False
data/v2/processed/fontsense_v2/images/train/serif/Rokkitt/Rokkitt_0094.png,data/v2/processed/fontsense_v2/images/train/serif/Noto_Serif_Ahom/Noto_Serif_Ahom_0001.png,3,False,True,False
data/v2/processed/fontsense_v2/images/train/serif/Rokkitt/Rokkitt_0097.png,data/v2/processed/fontsense_v2/images/train/serif/Quattrocento/Quattrocento_0097.png,3,False,True,False
data/v2/processed/fontsense_v2/images/train/serif/Rokkitt/Rokkitt_0098.png,data/v2/processed/fontsense_v2/images/train/serif/Noto_Serif_Ahom/Noto_Serif_Ahom_0046.png,3,False,True,False
data/v2/processed/fontsense_v2/images/train/serif/Rokkitt/Rokkitt_0098.png,data/v2/processed/fontsense_v2/images/train/serif/Noto_Serif_Ahom/Noto_Serif_Ahom_0055.png,3,False,True,False
data/v2/processed/fontsense_v2/images/train/serif/Rokkitt/Rokkitt_0099.png,data/v2/processed/fontsense_v2/images/train/serif/Quattrocento/Quattrocento_0046.png,3,False,True,False
data/v2/processed/fontsense_v2/images/train/serif/Rokkitt/Rokkitt_0099.png,data/v2/processed/fontsense_v2/images/train/serif/Noto_Serif_Ahom/Noto_Serif_Ahom_0018.png,3,False,True,False
data/v2/processed/fontsense_v2/images/train/serif/Sanchez/Sanchez_0001.png,data/v2/processed/fontsense_v2/images/train/serif/Sanchez/Sanchez_0005.png,3,True,True,False
data/v2/processed/fontsense_v2/images/train/serif/Sanchez/Sanchez_0001.png,data/v2/processed/fontsense_v2/images/train/serif/Sanchez/Sanchez_0053.png,3,True,True,False
data/v2/processed/fontsense_v2/images/train/serif/Sanchez/Sanchez_0001.png,data/v2/processed/fontsense_v2/images/train/serif/IM_Fell_Great_Primer/IM_Fell_Great_Primer_0003.png,3,False,True,False
data/v2/processed/fontsense_v2/images/train/serif/Sanchez/Sanchez_0001.png,data/v2/processed/fontsense_v2/images/train/serif/IM_Fell_Great_Primer/IM_Fell_Great_Primer_0037.png,3,False,True,False
data/v2/processed/fontsense_v2/images/train/serif/Sanchez/Sanchez_0001.png,data/v2/processed/fontsense_v2/images/train/serif/Noto_Serif_Ahom/Noto_Serif_Ahom_0049.png,3,False,True,False
data/v2/processed/fontsense_v2/images/train/serif/Sanchez/Sanchez_0001.png,data/v2/processed/fontsense_v2/images/train/serif/Noto_Serif_Ahom/Noto_Serif_Ahom_0059.png,3,False,True,False
data/v2/processed/fontsense_v2/images/train/serif/Sanchez/Sanchez_0005.png,data/v2/processed/fontsense_v2/images/train/serif/Sanchez/Sanchez_0006.png,3,True,True,False
data/v2/processed/fontsense_v2/images/train/serif/Sanchez/Sanchez_0005.png,data/v2/processed/fontsense_v2/images/train/serif/IM_Fell_Great_Primer/IM_Fell_Great_Primer_0031.png,3,False,True,False
data/v2/processed/fontsense_v2/images/train/serif/Sanchez/Sanchez_0005.png,data/v2/processed/fontsense_v2/images/train/serif/IM_Fell_Great_Primer/IM_Fell_Great_Primer_0032.png,3,False,True,False
data/v2/processed/fontsense_v2/images/train/serif/Sanchez/Sanchez_0005.png,data/v2/processed/fontsense_v2/images/train/serif/IM_Fell_Great_Primer/IM_Fell_Great_Primer_0056.png,3,False,True,False
data/v2/processed/fontsense_v2/images/train/serif/Sanchez/Sanchez_0005.png,data/v2/processed/fontsense_v2/images/train/serif/IM_Fell_Great_Primer/IM_Fell_Great_Primer_0093.png,3,False,True,False
data/v2/processed/fontsense_v2/images/train/serif/Sanchez/Sanchez_0006.png,data/v2/processed/fontsense_v2/images/train/serif/Sanchez/Sanchez_0013.png,3,True,True,False
data/v2/processed/fontsense_v2/images/train/serif/Sanchez/Sanchez_0006.png,data/v2/processed/fontsense_v2/images/train/serif/Sanchez/Sanchez_0053.png,3,True,True,False
data/v2/processed/fontsense_v2/images/train/serif/Sanchez/Sanchez_0006.png,data/v2/processed/fontsense_v2/images/train/serif/IM_Fell_Great_Primer/IM_Fell_Great_Primer_0003.png,3,False,True,False
data/v2/processed/fontsense_v2/images/train/serif/Sanchez/Sanchez_0006.png,data/v2/processed/fontsense_v2/images/train/serif/IM_Fell_Great_Primer/IM_Fell_Great_Primer_0037.png,3,False,True,False
data/v2/processed/fontsense_v2/images/train/serif/Sanchez/Sanchez_0006.png,data/v2/processed/fontsense_v2/images/train/serif/Noto_Serif_Ahom/Noto_Serif_Ahom_0049.png,3,False,True,False
data/v2/processed/fontsense_v2/images/train/serif/Sanchez/Sanchez_0006.png,data/v2/processed/fontsense_v2/images/train/serif/Noto_Serif_Ahom/Noto_Serif_Ahom_0059.png,3,False,True,False
data/v2/processed/fontsense_v2/images/train/serif/Sanchez/Sanchez_0008.png,data/v2/processed/fontsense_v2/images/train/serif/IM_Fell_Great_Primer/IM_Fell_Great_Primer_0075.png,3,False,True,False
data/v2/processed/fontsense_v2/images/train/serif/Sanchez/Sanchez_0010.png,data/v2/processed/fontsense_v2/images/train/serif/Sanchez/Sanchez_0023.png,3,True,True,False
data/v2/processed/fontsense_v2/images/train/serif/Sanchez/Sanchez_0010.png,data/v2/processed/fontsense_v2/images/train/serif/Noto_Serif_Ahom/Noto_Serif_Ahom_0067.png,3,False,True,False
data/v2/processed/fontsense_v2/images/train/serif/Sanchez/Sanchez_0011.png,data/v2/processed/fontsense_v2/images/train/serif/IM_Fell_Great_Primer/IM_Fell_Great_Primer_0048.png,3,False,True,False
data/v2/processed/fontsense_v2/images/train/serif/Sanchez/Sanchez_0013.png,data/v2/processed/fontsense_v2/images/train/serif/Sanchez/Sanchez_0059.png,3,True,True,False
data/v2/processed/fontsense_v2/images/train/serif/Sanchez/Sanchez_0013.png,data/v2/processed/fontsense_v2/images/train/serif/Sanchez/Sanchez_0070.png,3,True,True,False
data/v2/processed/fontsense_v2/images/train/serif/Sanchez/Sanchez_0016.png,data/v2/processed/fontsense_v2/images/train/serif/Noto_Serif_Ahom/Noto_Serif_Ahom_0021.png,3,False,True,False
data/v2/processed/fontsense_v2/images/train/serif/Sanchez/Sanchez_0023.png,data/v2/processed/fontsense_v2/images/train/serif/Sanchez/Sanchez_0095.png,3,True,True,False
data/v2/processed/fontsense_v2/images/train/serif/Sanchez/Sanchez_0023.png,data/v2/processed/fontsense_v2/images/train/serif/Noto_Serif_Ahom/Noto_Serif_Ahom_0046.png,3,False,True,False
data/v2/processed/fontsense_v2/images/train/serif/Sanchez/Sanchez_0024.png,data/v2/processed/fontsense_v2/images/train/serif/Noto_Serif_Ahom/Noto_Serif_Ahom_0003.png,3,False,True,False
data/v2/processed/fontsense_v2/images/train/serif/Sanchez/Sanchez_0025.png,data/v2/processed/fontsense_v2/images/train/serif/Sanchez/Sanchez_0060.png,3,True,True,False
data/v2/processed/fontsense_v2/images/train/serif/Sanchez/Sanchez_0031.png,data/v2/processed/fontsense_v2/images/train/serif/Noto_Serif_Ahom/Noto_Serif_Ahom_0043.png,3,False,True,False
data/v2/processed/fontsense_v2/images/train/serif/Sanchez/Sanchez_0035.png,data/v2/processed/fontsense_v2/images/train/serif/Sanchez/Sanchez_0055.png,3,True,True,False
data/v2/processed/fontsense_v2/images/train/serif/Sanchez/Sanchez_0036.png,data/v2/processed/fontsense_v2/images/train/serif/Noto_Serif_Ahom/Noto_Serif_Ahom_0036.png,3,False,True,False
data/v2/processed/fontsense_v2/images/train/serif/Sanchez/Sanchez_0037.png,data/v2/processed/fontsense_v2/images/train/serif/IM_Fell_Great_Primer/IM_Fell_Great_Primer_0048.png,3,False,True,False
data/v2/processed/fontsense_v2/images/train/serif/Sanchez/Sanchez_0037.png,data/v2/processed/fontsense_v2/images/train/serif/IM_Fell_Great_Primer/IM_Fell_Great_Primer_0092.png,3,False,True,False
data/v2/processed/fontsense_v2/images/train/serif/Sanchez/Sanchez_0040.png,data/v2/processed/fontsense_v2/images/train/serif/Noto_Serif_Ahom/Noto_Serif_Ahom_0013.png,3,False,True,False
data/v2/processed/fontsense_v2/images/train/serif/Sanchez/Sanchez_0043.png,data/v2/processed/fontsense_v2/images/train/serif/IM_Fell_Great_Primer/IM_Fell_Great_Primer_0016.png,3,False,True,False
data/v2/processed/fontsense_v2/images/train/serif/Sanchez/Sanchez_0044.png,data/v2/processed/fontsense_v2/images/train/serif/IM_Fell_Great_Primer/IM_Fell_Great_Primer_0058.png,3,False,True,False
data/v2/processed/fontsense_v2/images/train/serif/Sanchez/Sanchez_0044.png,data/v2/processed/fontsense_v2/images/train/serif/Noto_Serif_Ahom/Noto_Serif_Ahom_0039.png,3,False,True,False
data/v2/processed/fontsense_v2/images/train/serif/Sanchez/Sanchez_0044.png,data/v2/processed/fontsense_v2/images/train/serif/Noto_Serif_Ahom/Noto_Serif_Ahom_0059.png,3,False,True,False
data/v2/processed/fontsense_v2/images/train/serif/Sanchez/Sanchez_0049.png,data/v2/processed/fontsense_v2/images/train/serif/Sanchez/Sanchez_0085.png,3,True,True,False
data/v2/processed/fontsense_v2/images/train/serif/Sanchez/Sanchez_0053.png,data/v2/processed/fontsense_v2/images/train/serif/IM_Fell_Great_Primer/IM_Fell_Great_Primer_0032.png,3,False,True,False
data/v2/processed/fontsense_v2/images/train/serif/Sanchez/Sanchez_0055.png,data/v2/processed/fontsense_v2/images/train/serif/Sanchez/Sanchez_0073.png,3,True,True,False
data/v2/processed/fontsense_v2/images/train/serif/Sanchez/Sanchez_0055.png,data/v2/processed/fontsense_v2/images/train/serif/Sanchez/Sanchez_0089.png,3,True,True,False
data/v2/processed/fontsense_v2/images/train/serif/Sanchez/Sanchez_0057.png,data/v2/processed/fontsense_v2/images/train/serif/IM_Fell_Great_Primer/IM_Fell_Great_Primer_0009.png,3,False,True,False
data/v2/processed/fontsense_v2/images/train/serif/Sanchez/Sanchez_0059.png,data/v2/processed/fontsense_v2/images/train/serif/Noto_Serif_Ahom/Noto_Serif_Ahom_0059.png,3,False,True,False
data/v2/processed/fontsense_v2/images/train/serif/Sanchez/Sanchez_0060.png,data/v2/processed/fontsense_v2/images/train/serif/Sanchez/Sanchez_0083.png,3,True,True,False
data/v2/processed/fontsense_v2/images/train/serif/Sanchez/Sanchez_0061.png,data/v2/processed/fontsense_v2/images/train/serif/IM_Fell_Great_Primer/IM_Fell_Great_Primer_0092.png,3,False,True,False
data/v2/processed/fontsense_v2/images/train/serif/Sanchez/Sanchez_0062.png,data/v2/processed/fontsense_v2/images/train/serif/Sanchez/Sanchez_0076.png,3,True,True,False
data/v2/processed/fontsense_v2/images/train/serif/Sanchez/Sanchez_0070.png,data/v2/processed/fontsense_v2/images/train/serif/Sanchez/Sanchez_0081.png,3,True,True,False
data/v2/processed/fontsense_v2/images/train/serif/Sanchez/Sanchez_0070.png,data/v2/processed/fontsense_v2/images/train/serif/IM_Fell_Great_Primer/IM_Fell_Great_Primer_0044.png,3,False,True,False
data/v2/processed/fontsense_v2/images/train/serif/Sanchez/Sanchez_0070.png,data/v2/processed/fontsense_v2/images/train/serif/IM_Fell_Great_Primer/IM_Fell_Great_Primer_0047.png,3,False,True,False
data/v2/processed/fontsense_v2/images/train/serif/Sanchez/Sanchez_0070.png,data/v2/processed/fontsense_v2/images/train/serif/IM_Fell_Great_Primer/IM_Fell_Great_Primer_0099.png,3,False,True,False
data/v2/processed/fontsense_v2/images/train/serif/Sanchez/Sanchez_0072.png,data/v2/processed/fontsense_v2/images/train/serif/IM_Fell_Great_Primer/IM_Fell_Great_Primer_0012.png,3,False,True,False
data/v2/processed/fontsense_v2/images/train/serif/Sanchez/Sanchez_0078.png,data/v2/processed/fontsense_v2/images/train/serif/IM_Fell_Great_Primer/IM_Fell_Great_Primer_0037.png,3,False,True,False
data/v2/processed/fontsense_v2/images/train/serif/Sanchez/Sanchez_0078.png,data/v2/processed/fontsense_v2/images/train/serif/IM_Fell_Great_Primer/IM_Fell_Great_Primer_0097.png,3,False,True,False
data/v2/processed/fontsense_v2/images/train/serif/Sanchez/Sanchez_0078.png,data/v2/processed/fontsense_v2/images/train/serif/Noto_Serif_Ahom/Noto_Serif_Ahom_0040.png,3,False,True,False
data/v2/processed/fontsense_v2/images/train/serif/Sanchez/Sanchez_0079.png,data/v2/processed/fontsense_v2/images/train/serif/Sanchez/Sanchez_0094.png,3,True,True,False
data/v2/processed/fontsense_v2/images/train/serif/Sanchez/Sanchez_0079.png,data/v2/processed/fontsense_v2/images/train/serif/IM_Fell_Great_Primer/IM_Fell_Great_Primer_0090.png,3,False,True,False
data/v2/processed/fontsense_v2/images/train/serif/Sanchez/Sanchez_0079.png,data/v2/processed/fontsense_v2/images/train/serif/IM_Fell_Great_Primer/IM_Fell_Great_Primer_0093.png,3,False,True,False
data/v2/processed/fontsense_v2/images/train/serif/Sanchez/Sanchez_0081.png,data/v2/processed/fontsense_v2/images/train/serif/IM_Fell_Great_Primer/IM_Fell_Great_Primer_0069.png,3,False,True,False
data/v2/processed/fontsense_v2/images/train/serif/Sanchez/Sanchez_0085.png,data/v2/processed/fontsense_v2/images/train/serif/IM_Fell_Great_Primer/IM_Fell_Great_Primer_0076.png,3,False,True,False
data/v2/processed/fontsense_v2/images/train/serif/Sanchez/Sanchez_0085.png,data/v2/processed/fontsense_v2/images/train/serif/Noto_Serif_Ahom/Noto_Serif_Ahom_0035.png,3,False,True,False
data/v2/processed/fontsense_v2/images/train/serif/Sanchez/Sanchez_0094.png,data/v2/processed/fontsense_v2/images/train/serif/IM_Fell_Great_Primer/IM_Fell_Great_Primer_0037.png,3,False,True,False
data/v2/processed/fontsense_v2/images/train/serif/Sanchez/Sanchez_0099.png,data/v2/processed/fontsense_v2/images/train/serif/IM_Fell_Great_Primer/IM_Fell_Great_Primer_0030.png,3,False,True,False
data/v2/processed/fontsense_v2/images/train/serif/Wellfleet/Wellfleet_0000.png,data/v2/processed/fontsense_v2/images/train/serif/Noto_Serif_KR/Noto_Serif_KR_0035.png,3,False,True,False
data/v2/processed/fontsense_v2/images/train/serif/Wellfleet/Wellfleet_0000.png,data/v2/processed/fontsense_v2/images/train/serif/Quattrocento/Quattrocento_0030.png,3,False,True,False
data/v2/processed/fontsense_v2/images/train/serif/Wellfleet/Wellfleet_0002.png,data/v2/processed/fontsense_v2/images/train/serif/Wellfleet/Wellfleet_0066.png,3,True,True,False
data/v2/processed/fontsense_v2/images/train/serif/Wellfleet/Wellfleet_0002.png,data/v2/processed/fontsense_v2/images/train/serif/Yuji_Syuku/Yuji_Syuku_0019.png,3,False,True,False
data/v2/processed/fontsense_v2/images/train/serif/Wellfleet/Wellfleet_0002.png,data/v2/processed/fontsense_v2/images/train/serif/Yuji_Syuku/Yuji_Syuku_0045.png,3,False,True,False
data/v2/processed/fontsense_v2/images/train/serif/Wellfleet/Wellfleet_0002.png,data/v2/processed/fontsense_v2/images/train/serif/Yuji_Syuku/Yuji_Syuku_0092.png,3,False,True,False
data/v2/processed/fontsense_v2/images/train/serif/Wellfleet/Wellfleet_0002.png,data/v2/processed/fontsense_v2/images/train/serif/Sanchez/Sanchez_0013.png,3,False,True,False
data/v2/processed/fontsense_v2/images/train/serif/Wellfleet/Wellfleet_0002.png,data/v2/processed/fontsense_v2/images/train/serif/Sanchez/Sanchez_0042.png,3,False,True,False
data/v2/processed/fontsense_v2/images/train/serif/Wellfleet/Wellfleet_0002.png,data/v2/processed/fontsense_v2/images/train/serif/IM_Fell_Great_Primer/IM_Fell_Great_Primer_0037.png,3,False,True,False
data/v2/processed/fontsense_v2/images/train/serif/Wellfleet/Wellfleet_0002.png,data/v2/processed/fontsense_v2/images/train/serif/IM_Fell_Great_Primer/IM_Fell_Great_Primer_0076.png,3,False,True,False
data/v2/processed/fontsense_v2/images/train/serif/Wellfleet/Wellfleet_0002.png,data/v2/processed/fontsense_v2/images/train/serif/Noto_Serif_Ahom/Noto_Serif_Ahom_0035.png,3,False,True,False
data/v2/processed/fontsense_v2/images/train/serif/Wellfleet/Wellfleet_0002.png,data/v2/processed/fontsense_v2/images/train/serif/Noto_Serif_Ahom/Noto_Serif_Ahom_0070.png,3,False,True,False
data/v2/processed/fontsense_v2/images/train/serif/Wellfleet/Wellfleet_0004.png,data/v2/processed/fontsense_v2/images/train/serif/Rokkitt/Rokkitt_0098.png,3,False,True,False
data/v2/processed/fontsense_v2/images/train/serif/Wellfleet/Wellfleet_0004.png,data/v2/processed/fontsense_v2/images/train/serif/Sanchez/Sanchez_0025.png,3,False,True,False
data/v2/processed/fontsense_v2/images/train/serif/Wellfleet/Wellfleet_0004.png,data/v2/processed/fontsense_v2/images/train/serif/Sanchez/Sanchez_0083.png,3,False,True,False
data/v2/processed/fontsense_v2/images/train/serif/Wellfleet/Wellfleet_0006.png,data/v2/processed/fontsense_v2/images/train/serif/BatangChe/BatangChe_0009.png,3,False,True,False
data/v2/processed/fontsense_v2/images/train/serif/Wellfleet/Wellfleet_0013.png,data/v2/processed/fontsense_v2/images/train/serif/Noto_Serif_KR/Noto_Serif_KR_0008.png,3,False,True,False
data/v2/processed/fontsense_v2/images/train/serif/Wellfleet/Wellfleet_0013.png,data/v2/processed/fontsense_v2/images/train/serif/Noto_Serif_KR/Noto_Serif_KR_0033.png,3,False,True,False
data/v2/processed/fontsense_v2/images/train/serif/Wellfleet/Wellfleet_0013.png,data/v2/processed/fontsense_v2/images/train/serif/Domine/Domine_0091.png,3,False,True,False
data/v2/processed/fontsense_v2/images/train/serif/Wellfleet/Wellfleet_0015.png,data/v2/processed/fontsense_v2/images/train/serif/Yuji_Syuku/Yuji_Syuku_0019.png,3,False,True,False
data/v2/processed/fontsense_v2/images/train/serif/Wellfleet/Wellfleet_0015.png,data/v2/processed/fontsense_v2/images/train/serif/Rokkitt/Rokkitt_0039.png,3,False,True,False
data/v2/processed/fontsense_v2/images/train/serif/Wellfleet/Wellfleet_0015.png,data/v2/processed/fontsense_v2/images/train/serif/IM_Fell_Great_Primer/IM_Fell_Great_Primer_0098.png,3,False,True,False
data/v2/processed/fontsense_v2/images/train/serif/Wellfleet/Wellfleet_0017.png,data/v2/processed/fontsense_v2/images/train/serif/Libre_Caslon_Text/Libre_Caslon_Text_0062.png,3,False,True,False
data/v2/processed/fontsense_v2/images/train/serif/Wellfleet/Wellfleet_0018.png,data/v2/processed/fontsense_v2/images/train/serif/Wellfleet/Wellfleet_0083.png,3,True,True,False
data/v2/processed/fontsense_v2/images/train/serif/Wellfleet/Wellfleet_0018.png,data/v2/processed/fontsense_v2/images/train/serif/BatangChe/BatangChe_0085.png,3,False,True,False
data/v2/processed/fontsense_v2/images/train/serif/Wellfleet/Wellfleet_0018.png,data/v2/processed/fontsense_v2/images/train/serif/Sanchez/Sanchez_0008.png,3,False,True,False
data/v2/processed/fontsense_v2/images/train/serif/Wellfleet/Wellfleet_0020.png,data/v2/processed/fontsense_v2/images/train/serif/Sanchez/Sanchez_0062.png,3,False,True,False
data/v2/processed/fontsense_v2/images/train/serif/Wellfleet/Wellfleet_0021.png,data/v2/processed/fontsense_v2/images/train/serif/Sanchez/Sanchez_0055.png,3,False,True,False
data/v2/processed/fontsense_v2/images/train/serif/Wellfleet/Wellfleet_0024.png,data/v2/processed/fontsense_v2/images/train/serif/Domine/Domine_0049.png,3,False,True,False
data/v2/processed/fontsense_v2/images/train/serif/Wellfleet/Wellfleet_0024.png,data/v2/processed/fontsense_v2/images/train/serif/Domine/Domine_0058.png,3,False,True,False
data/v2/processed/fontsense_v2/images/train/serif/Wellfleet/Wellfleet_0024.png,data/v2/processed/fontsense_v2/images/train/serif/Domine/Domine_0066.png,3,False,True,False
data/v2/processed/fontsense_v2/images/train/serif/Wellfleet/Wellfleet_0026.png,data/v2/processed/fontsense_v2/images/train/serif/BatangChe/BatangChe_0072.png,3,False,True,False
data/v2/processed/fontsense_v2/images/train/serif/Wellfleet/Wellfleet_0026.png,data/v2/processed/fontsense_v2/images/train/serif/BatangChe/BatangChe_0094.png,3,False,True,False
data/v2/processed/fontsense_v2/images/train/serif/Wellfleet/Wellfleet_0030.png,data/v2/processed/fontsense_v2/images/train/serif/Noto_Serif_KR/Noto_Serif_KR_0058.png,3,False,True,False
data/v2/processed/fontsense_v2/images/train/serif/Wellfleet/Wellfleet_0030.png,data/v2/processed/fontsense_v2/images/train/serif/Noto_Serif_KR/Noto_Serif_KR_0078.png,3,False,True,False
data/v2/processed/fontsense_v2/images/train/serif/Wellfleet/Wellfleet_0030.png,data/v2/processed/fontsense_v2/images/train/serif/Noto_Serif_KR/Noto_Serif_KR_0092.png,3,False,True,False
data/v2/processed/fontsense_v2/images/train/serif/Wellfleet/Wellfleet_0030.png,data/v2/processed/fontsense_v2/images/train/serif/Quattrocento/Quattrocento_0052.png,3,False,True,False
data/v2/processed/fontsense_v2/images/train/serif/Wellfleet/Wellfleet_0030.png,data/v2/processed/fontsense_v2/images/train/serif/Noto_Serif_Ahom/Noto_Serif_Ahom_0046.png,3,False,True,False
data/v2/processed/fontsense_v2/images/train/serif/Wellfleet/Wellfleet_0031.png,data/v2/processed/fontsense_v2/images/train/serif/Yuji_Syuku/Yuji_Syuku_0083.png,3,False,True,False
data/v2/processed/fontsense_v2/images/train/serif/Wellfleet/Wellfleet_0032.png,data/v2/processed/fontsense_v2/images/train/serif/Rokkitt/Rokkitt_0093.png,3,False,True,False
data/v2/processed/fontsense_v2/images/train/serif/Wellfleet/Wellfleet_0033.png,data/v2/processed/fontsense_v2/images/train/serif/Noto_Serif_KR/Noto_Serif_KR_0076.png,3,False,True,False
data/v2/processed/fontsense_v2/images/train/serif/Wellfleet/Wellfleet_0033.png,data/v2/processed/fontsense_v2/images/train/serif/Sanchez/Sanchez_0096.png,3,False,True,False
data/v2/processed/fontsense_v2/images/train/serif/Wellfleet/Wellfleet_0034.png,data/v2/processed/fontsense_v2/images/train/serif/Wellfleet/Wellfleet_0068.png,3,True,True,False
data/v2/processed/fontsense_v2/images/train/serif/Wellfleet/Wellfleet_0034.png,data/v2/processed/fontsense_v2/images/train/serif/Domine/Domine_0043.png,3,False,True,False
data/v2/processed/fontsense_v2/images/train/serif/Wellfleet/Wellfleet_0034.png,data/v2/processed/fontsense_v2/images/train/serif/Sanchez/Sanchez_0072.png,3,False,True,False
data/v2/processed/fontsense_v2/images/train/serif/Wellfleet/Wellfleet_0035.png,data/v2/processed/fontsense_v2/images/train/serif/BatangChe/BatangChe_0024.png,3,False,True,False
data/v2/processed/fontsense_v2/images/train/serif/Wellfleet/Wellfleet_0041.png,data/v2/processed/fontsense_v2/images/train/serif/Noto_Serif_KR/Noto_Serif_KR_0057.png,3,False,True,False
data/v2/processed/fontsense_v2/images/train/serif/Wellfleet/Wellfleet_0041.png,data/v2/processed/fontsense_v2/images/train/serif/Yuji_Syuku/Yuji_Syuku_0076.png,3,False,True,False
data/v2/processed/fontsense_v2/images/train/serif/Wellfleet/Wellfleet_0042.png,data/v2/processed/fontsense_v2/images/train/serif/Yuji_Syuku/Yuji_Syuku_0070.png,3,False,True,False
data/v2/processed/fontsense_v2/images/train/serif/Wellfleet/Wellfleet_0042.png,data/v2/processed/fontsense_v2/images/train/serif/Sanchez/Sanchez_0073.png,3,False,True,False
data/v2/processed/fontsense_v2/images/train/serif/Wellfleet/Wellfleet_0043.png,data/v2/processed/fontsense_v2/images/train/serif/BatangChe/BatangChe_0005.png,3,False,True,False
data/v2/processed/fontsense_v2/images/train/serif/Wellfleet/Wellfleet_0043.png,data/v2/processed/fontsense_v2/images/train/serif/Sanchez/Sanchez_0024.png,3,False,True,False
data/v2/processed/fontsense_v2/images/train/serif/Wellfleet/Wellfleet_0044.png,data/v2/processed/fontsense_v2/images/train/serif/Libre_Caslon_Text/Libre_Caslon_Text_0013.png,3,False,True,False
data/v2/processed/fontsense_v2/images/train/serif/Wellfleet/Wellfleet_0044.png,data/v2/processed/fontsense_v2/images/train/serif/Libre_Caslon_Text/Libre_Caslon_Text_0093.png,3,False,True,False
data/v2/processed/fontsense_v2/images/train/serif/Wellfleet/Wellfleet_0044.png,data/v2/processed/fontsense_v2/images/train/serif/IM_Fell_Great_Primer/IM_Fell_Great_Primer_0041.png,3,False,True,False
data/v2/processed/fontsense_v2/images/train/serif/Wellfleet/Wellfleet_0045.png,data/v2/processed/fontsense_v2/images/train/serif/Noto_Serif_KR/Noto_Serif_KR_0027.png,3,False,True,False
data/v2/processed/fontsense_v2/images/train/serif/Wellfleet/Wellfleet_0045.png,data/v2/processed/fontsense_v2/images/train/serif/Yuji_Syuku/Yuji_Syuku_0015.png,3,False,True,False
data/v2/processed/fontsense_v2/images/train/serif/Wellfleet/Wellfleet_0045.png,data/v2/processed/fontsense_v2/images/train/serif/Yuji_Syuku/Yuji_Syuku_0019.png,3,False,True,False
data/v2/processed/fontsense_v2/images/train/serif/Wellfleet/Wellfleet_0045.png,data/v2/processed/fontsense_v2/images/train/serif/Rokkitt/Rokkitt_0060.png,3,False,True,False
data/v2/processed/fontsense_v2/images/train/serif/Wellfleet/Wellfleet_0045.png,data/v2/processed/fontsense_v2/images/train/serif/IM_Fell_Great_Primer/IM_Fell_Great_Primer_0003.png,3,False,True,False
data/v2/processed/fontsense_v2/images/train/serif/Wellfleet/Wellfleet_0046.png,data/v2/processed/fontsense_v2/images/train/serif/Quattrocento/Quattrocento_0067.png,3,False,True,False
data/v2/processed/fontsense_v2/images/train/serif/Wellfleet/Wellfleet_0046.png,data/v2/processed/fontsense_v2/images/train/serif/Sanchez/Sanchez_0024.png,3,False,True,False
data/v2/processed/fontsense_v2/images/train/serif/Wellfleet/Wellfleet_0046.png,data/v2/processed/fontsense_v2/images/train/serif/IM_Fell_Great_Primer/IM_Fell_Great_Primer_0077.png,3,False,True,False
data/v2/processed/fontsense_v2/images/train/serif/Wellfleet/Wellfleet_0048.png,data/v2/processed/fontsense_v2/images/train/serif/BatangChe/BatangChe_0024.png,3,False,True,False
data/v2/processed/fontsense_v2/images/train/serif/Wellfleet/Wellfleet_0050.png,data/v2/processed/fontsense_v2/images/train/serif/BatangChe/BatangChe_0044.png,3,False,True,False
data/v2/processed/fontsense_v2/images/train/serif/Wellfleet/Wellfleet_0050.png,data/v2/processed/fontsense_v2/images/train/serif/Rokkitt/Rokkitt_0065.png,3,False,True,False
data/v2/processed/fontsense_v2/images/train/serif/Wellfleet/Wellfleet_0050.png,data/v2/processed/fontsense_v2/images/train/serif/Sanchez/Sanchez_0004.png,3,False,True,False
data/v2/processed/fontsense_v2/images/train/serif/Wellfleet/Wellfleet_0051.png,data/v2/processed/fontsense_v2/images/train/serif/Quattrocento/Quattrocento_0067.png,3,False,True,False
data/v2/processed/fontsense_v2/images/train/serif/Wellfleet/Wellfleet_0051.png,data/v2/processed/fontsense_v2/images/train/serif/Sanchez/Sanchez_0024.png,3,False,True,False
data/v2/processed/fontsense_v2/images/train/serif/Wellfleet/Wellfleet_0051.png,data/v2/processed/fontsense_v2/images/train/serif/IM_Fell_Great_Primer/IM_Fell_Great_Primer_0083.png,3,False,True,False
data/v2/processed/fontsense_v2/images/train/serif/Wellfleet/Wellfleet_0053.png,data/v2/processed/fontsense_v2/images/train/serif/Wellfleet/Wellfleet_0084.png,3,True,True,False
data/v2/processed/fontsense_v2/images/train/serif/Wellfleet/Wellfleet_0053.png,data/v2/processed/fontsense_v2/images/train/serif/Wellfleet/Wellfleet_0085.png,3,True,True,False
data/v2/processed/fontsense_v2/images/train/serif/Wellfleet/Wellfleet_0053.png,data/v2/processed/fontsense_v2/images/train/serif/Rokkitt/Rokkitt_0062.png,3,False,True,False
data/v2/processed/fontsense_v2/images/train/serif/Wellfleet/Wellfleet_0053.png,data/v2/processed/fontsense_v2/images/train/serif/Quattrocento/Quattrocento_0026.png,3,False,True,False
data/v2/processed/fontsense_v2/images/train/serif/Wellfleet/Wellfleet_0053.png,data/v2/processed/fontsense_v2/images/train/serif/IM_Fell_Great_Primer/IM_Fell_Great_Primer_0090.png,3,False,True,False
data/v2/processed/fontsense_v2/images/train/serif/Wellfleet/Wellfleet_0053.png,data/v2/processed/fontsense_v2/images/train/serif/IM_Fell_Great_Primer/IM_Fell_Great_Primer_0093.png,3,False,True,False
data/v2/processed/fontsense_v2/images/train/serif/Wellfleet/Wellfleet_0053.png,data/v2/processed/fontsense_v2/images/train/serif/Noto_Serif_Ahom/Noto_Serif_Ahom_0019.png,3,False,True,False
data/v2/processed/fontsense_v2/images/train/serif/Wellfleet/Wellfleet_0054.png,data/v2/processed/fontsense_v2/images/train/serif/Rokkitt/Rokkitt_0019.png,3,False,True,False
data/v2/processed/fontsense_v2/images/train/serif/Wellfleet/Wellfleet_0054.png,data/v2/processed/fontsense_v2/images/train/serif/Quattrocento/Quattrocento_0068.png,3,False,True,False
data/v2/processed/fontsense_v2/images/train/serif/Wellfleet/Wellfleet_0054.png,data/v2/processed/fontsense_v2/images/train/serif/Noto_Serif_Ahom/Noto_Serif_Ahom_0001.png,3,False,True,False
data/v2/processed/fontsense_v2/images/train/serif/Wellfleet/Wellfleet_0054.png,data/v2/processed/fontsense_v2/images/train/serif/Noto_Serif_Ahom/Noto_Serif_Ahom_0033.png,3,False,True,False
data/v2/processed/fontsense_v2/images/train/serif/Wellfleet/Wellfleet_0058.png,data/v2/processed/fontsense_v2/images/train/serif/Quattrocento/Quattrocento_0001.png,3,False,True,False
data/v2/processed/fontsense_v2/images/train/serif/Wellfleet/Wellfleet_0058.png,data/v2/processed/fontsense_v2/images/train/serif/Quattrocento/Quattrocento_0046.png,3,False,True,False
data/v2/processed/fontsense_v2/images/train/serif/Wellfleet/Wellfleet_0058.png,data/v2/processed/fontsense_v2/images/train/serif/IM_Fell_Great_Primer/IM_Fell_Great_Primer_0063.png,3,False,True,False
data/v2/processed/fontsense_v2/images/train/serif/Wellfleet/Wellfleet_0058.png,data/v2/processed/fontsense_v2/images/train/serif/Noto_Serif_Ahom/Noto_Serif_Ahom_0018.png,3,False,True,False
data/v2/processed/fontsense_v2/images/train/serif/Wellfleet/Wellfleet_0059.png,data/v2/processed/fontsense_v2/images/train/serif/Wellfleet/Wellfleet_0061.png,3,True,True,False
data/v2/processed/fontsense_v2/images/train/serif/Wellfleet/Wellfleet_0059.png,data/v2/processed/fontsense_v2/images/train/serif/Quattrocento/Quattrocento_0092.png,3,False,True,False
data/v2/processed/fontsense_v2/images/train/serif/Wellfleet/Wellfleet_0061.png,data/v2/processed/fontsense_v2/images/train/serif/Yuji_Syuku/Yuji_Syuku_0015.png,3,False,True,False
data/v2/processed/fontsense_v2/images/train/serif/Wellfleet/Wellfleet_0061.png,data/v2/processed/fontsense_v2/images/train/serif/Rokkitt/Rokkitt_0060.png,3,False,True,False
data/v2/processed/fontsense_v2/images/train/serif/Wellfleet/Wellfleet_0061.png,data/v2/processed/fontsense_v2/images/train/serif/Noto_Serif_Ahom/Noto_Serif_Ahom_0039.png,3,False,True,False
data/v2/processed/fontsense_v2/images/train/serif/Wellfleet/Wellfleet_0061.png,data/v2/processed/fontsense_v2/images/train/serif/Noto_Serif_Ahom/Noto_Serif_Ahom_0049.png,3,False,True,False
data/v2/processed/fontsense_v2/images/train/serif/Wellfleet/Wellfleet_0062.png,data/v2/processed/fontsense_v2/images/train/serif/Noto_Serif_KR/Noto_Serif_KR_0005.png,3,False,True,False
data/v2/processed/fontsense_v2/images/train/serif/Wellfleet/Wellfleet_0062.png,data/v2/processed/fontsense_v2/images/train/serif/Domine/Domine_0043.png,3,False,True,False
data/v2/processed/fontsense_v2/images/train/serif/Wellfleet/Wellfleet_0062.png,data/v2/processed/fontsense_v2/images/train/serif/Yuji_Syuku/Yuji_Syuku_0084.png,3,False,True,False
data/v2/processed/fontsense_v2/images/train/serif/Wellfleet/Wellfleet_0062.png,data/v2/processed/fontsense_v2/images/train/serif/BatangChe/BatangChe_0078.png,3,False,True,False
data/v2/processed/fontsense_v2/images/train/serif/Wellfleet/Wellfleet_0062.png,data/v2/processed/fontsense_v2/images/train/serif/Rokkitt/Rokkitt_0062.png,3,False,True,False
data/v2/processed/fontsense_v2/images/train/serif/Wellfleet/Wellfleet_0062.png,data/v2/processed/fontsense_v2/images/train/serif/Sanchez/Sanchez_0001.png,3,False,True,False
data/v2/processed/fontsense_v2/images/train/serif/Wellfleet/Wellfleet_0062.png,data/v2/processed/fontsense_v2/images/train/serif/Sanchez/Sanchez_0006.png,3,False,True,False
data/v2/processed/fontsense_v2/images/train/serif/Wellfleet/Wellfleet_0062.png,data/v2/processed/fontsense_v2/images/train/serif/IM_Fell_Great_Primer/IM_Fell_Great_Primer_0032.png,3,False,True,False
data/v2/processed/fontsense_v2/images/train/serif/Wellfleet/Wellfleet_0063.png,data/v2/processed/fontsense_v2/images/train/serif/Yuji_Syuku/Yuji_Syuku_0080.png,3,False,True,False
data/v2/processed/fontsense_v2/images/train/serif/Wellfleet/Wellfleet_0063.png,data/v2/processed/fontsense_v2/images/train/serif/Yuji_Syuku/Yuji_Syuku_0093.png,3,False,True,False
data/v2/processed/fontsense_v2/images/train/serif/Wellfleet/Wellfleet_0066.png,data/v2/processed/fontsense_v2/images/train/serif/Wellfleet/Wellfleet_0084.png,3,True,True,False
data/v2/processed/fontsense_v2/images/train/serif/Wellfleet/Wellfleet_0066.png,data/v2/processed/fontsense_v2/images/train/serif/Domine/Domine_0052.png,3,False,True,False
data/v2/processed/fontsense_v2/images/train/serif/Wellfleet/Wellfleet_0066.png,data/v2/processed/fontsense_v2/images/train/serif/Yuji_Syuku/Yuji_Syuku_0078.png,3,False,True,False
data/v2/processed/fontsense_v2/images/train/serif/Wellfleet/Wellfleet_0066.png,data/v2/processed/fontsense_v2/images/train/serif/Rokkitt/Rokkitt_0046.png,3,False,True,False
data/v2/processed/fontsense_v2/images/train/serif/Wellfleet/Wellfleet_0066.png,data/v2/processed/fontsense_v2/images/train/serif/IM_Fell_Great_Primer/IM_Fell_Great_Primer_0090.png,3,False,True,False
data/v2/processed/fontsense_v2/images/train/serif/Wellfleet/Wellfleet_0067.png,data/v2/processed/fontsense_v2/images/train/serif/BatangChe/BatangChe_0089.png,3,False,True,False
data/v2/processed/fontsense_v2/images/train/serif/Wellfleet/Wellfleet_0067.png,data/v2/processed/fontsense_v2/images/train/serif/Libre_Caslon_Text/Libre_Caslon_Text_0009.png,3,False,True,False
data/v2/processed/fontsense_v2/images/train/serif/Wellfleet/Wellfleet_0067.png,data/v2/processed/fontsense_v2/images/train/serif/Sanchez/Sanchez_0059.png,3,False,True,False
data/v2/processed/fontsense_v2/images/train/serif/Wellfleet/Wellfleet_0068.png,data/v2/processed/fontsense_v2/images/train/serif/Domine/Domine_0020.png,3,False,True,False
data/v2/processed/fontsense_v2/images/train/serif/Wellfleet/Wellfleet_0068.png,data/v2/processed/fontsense_v2/images/train/serif/Domine/Domine_0053.png,3,False,True,False
data/v2/processed/fontsense_v2/images/train/serif/Wellfleet/Wellfleet_0070.png,data/v2/processed/fontsense_v2/images/train/serif/Libre_Caslon_Text/Libre_Caslon_Text_0081.png,3,False,True,False
data/v2/processed/fontsense_v2/images/train/serif/Wellfleet/Wellfleet_0070.png,data/v2/processed/fontsense_v2/images/train/serif/Rokkitt/Rokkitt_0000.png,3,False,True,False
data/v2/processed/fontsense_v2/images/train/serif/Wellfleet/Wellfleet_0070.png,data/v2/processed/fontsense_v2/images/train/serif/Quattrocento/Quattrocento_0015.png,3,False,True,False
data/v2/processed/fontsense_v2/images/train/serif/Wellfleet/Wellfleet_0072.png,data/v2/processed/fontsense_v2/images/train/serif/Sanchez/Sanchez_0010.png,3,False,True,False
data/v2/processed/fontsense_v2/images/train/serif/Wellfleet/Wellfleet_0073.png,data/v2/processed/fontsense_v2/images/train/serif/Sanchez/Sanchez_0042.png,3,False,True,False
data/v2/processed/fontsense_v2/images/train/serif/Wellfleet/Wellfleet_0073.png,data/v2/processed/fontsense_v2/images/train/serif/Sanchez/Sanchez_0053.png,3,False,True,False
data/v2/processed/fontsense_v2/images/train/serif/Wellfleet/Wellfleet_0073.png,data/v2/processed/fontsense_v2/images/train/serif/Sanchez/Sanchez_0079.png,3,False,True,False
data/v2/processed/fontsense_v2/images/train/serif/Wellfleet/Wellfleet_0077.png,data/v2/processed/fontsense_v2/images/train/serif/BatangChe/BatangChe_0078.png,3,False,True,False
data/v2/processed/fontsense_v2/images/train/serif/Wellfleet/Wellfleet_0077.png,data/v2/processed/fontsense_v2/images/train/serif/Sanchez/Sanchez_0001.png,3,False,True,False
data/v2/processed/fontsense_v2/images/train/serif/Wellfleet/Wellfleet_0077.png,data/v2/processed/fontsense_v2/images/train/serif/IM_Fell_Great_Primer/IM_Fell_Great_Primer_0032.png,3,False,True,False
data/v2/processed/fontsense_v2/images/train/serif/Wellfleet/Wellfleet_0079.png,data/v2/processed/fontsense_v2/images/train/serif/Rokkitt/Rokkitt_0044.png,3,False,True,False
data/v2/processed/fontsense_v2/images/train/serif/Wellfleet/Wellfleet_0079.png,data/v2/processed/fontsense_v2/images/train/serif/Sanchez/Sanchez_0082.png,3,False,True,False
data/v2/processed/fontsense_v2/images/train/serif/Wellfleet/Wellfleet_0081.png,data/v2/processed/fontsense_v2/images/train/serif/BatangChe/BatangChe_0005.png,3,False,True,False
data/v2/processed/fontsense_v2/images/train/serif/Wellfleet/Wellfleet_0082.png,data/v2/processed/fontsense_v2/images/train/serif/Rokkitt/Rokkitt_0079.png,3,False,True,False
data/v2/processed/fontsense_v2/images/train/serif/Wellfleet/Wellfleet_0082.png,data/v2/processed/fontsense_v2/images/train/serif/IM_Fell_Great_Primer/IM_Fell_Great_Primer_0081.png,3,False,True,False
data/v2/processed/fontsense_v2/images/train/serif/Wellfleet/Wellfleet_0083.png,data/v2/processed/fontsense_v2/images/train/serif/Yuji_Syuku/Yuji_Syuku_0046.png,3,False,True,False
data/v2/processed/fontsense_v2/images/train/serif/Wellfleet/Wellfleet_0084.png,data/v2/processed/fontsense_v2/images/train/serif/Noto_Serif_KR/Noto_Serif_KR_0016.png,3,False,True,False
data/v2/processed/fontsense_v2/images/train/serif/Wellfleet/Wellfleet_0084.png,data/v2/processed/fontsense_v2/images/train/serif/Domine/Domine_0060.png,3,False,True,False
data/v2/processed/fontsense_v2/images/train/serif/Wellfleet/Wellfleet_0084.png,data/v2/processed/fontsense_v2/images/train/serif/Yuji_Syuku/Yuji_Syuku_0045.png,3,False,True,False
data/v2/processed/fontsense_v2/images/train/serif/Wellfleet/Wellfleet_0084.png,data/v2/processed/fontsense_v2/images/train/serif/Yuji_Syuku/Yuji_Syuku_0092.png,3,False,True,False
data/v2/processed/fontsense_v2/images/train/serif/Wellfleet/Wellfleet_0084.png,data/v2/processed/fontsense_v2/images/train/serif/Rokkitt/Rokkitt_0039.png,3,False,True,False
data/v2/processed/fontsense_v2/images/train/serif/Wellfleet/Wellfleet_0084.png,data/v2/processed/fontsense_v2/images/train/serif/Rokkitt/Rokkitt_0040.png,3,False,True,False
data/v2/processed/fontsense_v2/images/train/serif/Wellfleet/Wellfleet_0084.png,data/v2/processed/fontsense_v2/images/train/serif/Rokkitt/Rokkitt_0055.png,3,False,True,False
data/v2/processed/fontsense_v2/images/train/serif/Wellfleet/Wellfleet_0084.png,data/v2/processed/fontsense_v2/images/train/serif/Quattrocento/Quattrocento_0038.png,3,False,True,False
data/v2/processed/fontsense_v2/images/train/serif/Wellfleet/Wellfleet_0084.png,data/v2/processed/fontsense_v2/images/train/serif/Sanchez/Sanchez_0079.png,3,False,True,False
data/v2/processed/fontsense_v2/images/train/serif/Wellfleet/Wellfleet_0084.png,data/v2/processed/fontsense_v2/images/train/serif/IM_Fell_Great_Primer/IM_Fell_Great_Primer_0065.png,3,False,True,False
data/v2/processed/fontsense_v2/images/train/serif/Wellfleet/Wellfleet_0084.png,data/v2/processed/fontsense_v2/images/train/serif/IM_Fell_Great_Primer/IM_Fell_Great_Primer_0076.png,3,False,True,False
data/v2/processed/fontsense_v2/images/train/serif/Wellfleet/Wellfleet_0084.png,data/v2/processed/fontsense_v2/images/train/serif/IM_Fell_Great_Primer/IM_Fell_Great_Primer_0079.png,3,False,True,False
data/v2/processed/fontsense_v2/images/train/serif/Wellfleet/Wellfleet_0084.png,data/v2/processed/fontsense_v2/images/train/serif/IM_Fell_Great_Primer/IM_Fell_Great_Primer_0098.png,3,False,True,False
data/v2/processed/fontsense_v2/images/train/serif/Wellfleet/Wellfleet_0084.png,data/v2/processed/fontsense_v2/images/train/serif/Noto_Serif_Ahom/Noto_Serif_Ahom_0069.png,3,False,True,False
data/v2/processed/fontsense_v2/images/train/serif/Wellfleet/Wellfleet_0085.png,data/v2/processed/fontsense_v2/images/train/serif/BatangChe/BatangChe_0048.png,3,False,True,False
data/v2/processed/fontsense_v2/images/train/serif/Wellfleet/Wellfleet_0085.png,data/v2/processed/fontsense_v2/images/train/serif/IM_Fell_Great_Primer/IM_Fell_Great_Primer_0016.png,3,False,True,False
data/v2/processed/fontsense_v2/images/train/serif/Wellfleet/Wellfleet_0089.png,data/v2/processed/fontsense_v2/images/train/serif/Noto_Serif_KR/Noto_Serif_KR_0082.png,3,False,True,False
data/v2/processed/fontsense_v2/images/train/serif/Wellfleet/Wellfleet_0089.png,data/v2/processed/fontsense_v2/images/train/serif/Sanchez/Sanchez_0041.png,3,False,True,False
data/v2/processed/fontsense_v2/images/train/serif/Wellfleet/Wellfleet_0089.png,data/v2/processed/fontsense_v2/images/train/serif/Noto_Serif_Ahom/Noto_Serif_Ahom_0028.png,3,False,True,False
data/v2/processed/fontsense_v2/images/train/serif/Wellfleet/Wellfleet_0092.png,data/v2/processed/fontsense_v2/images/train/serif/Quattrocento/Quattrocento_0048.png,3,False,True,False
data/v2/processed/fontsense_v2/images/train/serif/Wellfleet/Wellfleet_0092.png,data/v2/processed/fontsense_v2/images/train/serif/Noto_Serif_Ahom/Noto_Serif_Ahom_0060.png,3,False,True,False
data/v2/processed/fontsense_v2/images/train/serif/Wellfleet/Wellfleet_0093.png,data/v2/processed/fontsense_v2/images/train/serif/Quattrocento/Quattrocento_0016.png,3,False,True,False
data/v2/processed/fontsense_v2/images/train/serif/Yuji_Syuku/Yuji_Syuku_0001.png,data/v2/processed/fontsense_v2/images/train/serif/BatangChe/BatangChe_0002.png,3,False,True,False
data/v2/processed/fontsense_v2/images/train/serif/Yuji_Syuku/Yuji_Syuku_0001.png,data/v2/processed/fontsense_v2/images/train/serif/BatangChe/BatangChe_0008.png,3,False,True,False
data/v2/processed/fontsense_v2/images/train/serif/Yuji_Syuku/Yuji_Syuku_0001.png,data/v2/processed/fontsense_v2/images/train/serif/Libre_Caslon_Text/Libre_Caslon_Text_0045.png,3,False,True,False
data/v2/processed/fontsense_v2/images/train/serif/Yuji_Syuku/Yuji_Syuku_0004.png,data/v2/processed/fontsense_v2/images/train/serif/Sanchez/Sanchez_0011.png,3,False,True,False
data/v2/processed/fontsense_v2/images/train/serif/Yuji_Syuku/Yuji_Syuku_0004.png,data/v2/processed/fontsense_v2/images/train/serif/Sanchez/Sanchez_0092.png,3,False,True,False
data/v2/processed/fontsense_v2/images/train/serif/Yuji_Syuku/Yuji_Syuku_0006.png,data/v2/processed/fontsense_v2/images/train/serif/Libre_Caslon_Text/Libre_Caslon_Text_0009.png,3,False,True,False
data/v2/processed/fontsense_v2/images/train/serif/Yuji_Syuku/Yuji_Syuku_0010.png,data/v2/processed/fontsense_v2/images/train/serif/Rokkitt/Rokkitt_0019.png,3,False,True,False
data/v2/processed/fontsense_v2/images/train/serif/Yuji_Syuku/Yuji_Syuku_0010.png,data/v2/processed/fontsense_v2/images/train/serif/Noto_Serif_Ahom/Noto_Serif_Ahom_0001.png,3,False,True,True
data/v2/processed/fontsense_v2/images/train/serif/Yuji_Syuku/Yuji_Syuku_0012.png,data/v2/processed/fontsense_v2/images/train/serif/Yuji_Syuku/Yuji_Syuku_0027.png,3,True,True,False
data/v2/processed/fontsense_v2/images/train/serif/Yuji_Syuku/Yuji_Syuku_0013.png,data/v2/processed/fontsense_v2/images/train/serif/BatangChe/BatangChe_0061.png,3,False,True,False
data/v2/processed/fontsense_v2/images/train/serif/Yuji_Syuku/Yuji_Syuku_0013.png,data/v2/processed/fontsense_v2/images/train/serif/Rokkitt/Rokkitt_0012.png,3,False,True,False
data/v2/processed/fontsense_v2/images/train/serif/Yuji_Syuku/Yuji_Syuku_0013.png,data/v2/processed/fontsense_v2/images/train/serif/Sanchez/Sanchez_0011.png,3,False,True,False
data/v2/processed/fontsense_v2/images/train/serif/Yuji_Syuku/Yuji_Syuku_0013.png,data/v2/processed/fontsense_v2/images/train/serif/Sanchez/Sanchez_0057.png,3,False,True,False
data/v2/processed/fontsense_v2/images/train/serif/Yuji_Syuku/Yuji_Syuku_0015.png,data/v2/processed/fontsense_v2/images/train/serif/Quattrocento/Quattrocento_0018.png,3,False,True,False
data/v2/processed/fontsense_v2/images/train/serif/Yuji_Syuku/Yuji_Syuku_0015.png,data/v2/processed/fontsense_v2/images/train/serif/Sanchez/Sanchez_0001.png,3,False,True,False
data/v2/processed/fontsense_v2/images/train/serif/Yuji_Syuku/Yuji_Syuku_0015.png,data/v2/processed/fontsense_v2/images/train/serif/Sanchez/Sanchez_0006.png,3,False,True,False
data/v2/processed/fontsense_v2/images/train/serif/Yuji_Syuku/Yuji_Syuku_0015.png,data/v2/processed/fontsense_v2/images/train/serif/Sanchez/Sanchez_0044.png,3,False,True,False
data/v2/processed/fontsense_v2/images/train/serif/Yuji_Syuku/Yuji_Syuku_0015.png,data/v2/processed/fontsense_v2/images/train/serif/IM_Fell_Great_Primer/IM_Fell_Great_Primer_0032.png,3,False,True,False
data/v2/processed/fontsense_v2/images/train/serif/Yuji_Syuku/Yuji_Syuku_0015.png,data/v2/processed/fontsense_v2/images/train/serif/Noto_Serif_Ahom/Noto_Serif_Ahom_0009.png,3,False,True,False
data/v2/processed/fontsense_v2/images/train/serif/Yuji_Syuku/Yuji_Syuku_0016.png,data/v2/processed/fontsense_v2/images/train/serif/Libre_Caslon_Text/Libre_Caslon_Text_0097.png,3,False,True,False
data/v2/processed/fontsense_v2/images/train/serif/Yuji_Syuku/Yuji_Syuku_0017.png,data/v2/processed/fontsense_v2/images/train/serif/Libre_Caslon_Text/Libre_Caslon_Text_0035.png,3,False,True,False
data/v2/processed/fontsense_v2/images/train/serif/Yuji_Syuku/Yuji_Syuku_0017.png,data/v2/processed/fontsense_v2/images/train/serif/Rokkitt/Rokkitt_0099.png,3,False,True,False
data/v2/processed/fontsense_v2/images/train/serif/Yuji_Syuku/Yuji_Syuku_0017.png,data/v2/processed/fontsense_v2/images/train/serif/Quattrocento/Quattrocento_0074.png,3,False,True,False
data/v2/processed/fontsense_v2/images/train/serif/Yuji_Syuku/Yuji_Syuku_0017.png,data/v2/processed/fontsense_v2/images/train/serif/Sanchez/Sanchez_0036.png,3,False,True,False
data/v2/processed/fontsense_v2/images/train/serif/Yuji_Syuku/Yuji_Syuku_0019.png,data/v2/processed/fontsense_v2/images/train/serif/Yuji_Syuku/Yuji_Syuku_0084.png,3,True,True,False
data/v2/processed/fontsense_v2/images/train/serif/Yuji_Syuku/Yuji_Syuku_0019.png,data/v2/processed/fontsense_v2/images/train/serif/Rokkitt/Rokkitt_0062.png,3,False,True,False
data/v2/processed/fontsense_v2/images/train/serif/Yuji_Syuku/Yuji_Syuku_0019.png,data/v2/processed/fontsense_v2/images/train/serif/Rokkitt/Rokkitt_0077.png,3,False,True,False
data/v2/processed/fontsense_v2/images/train/serif/Yuji_Syuku/Yuji_Syuku_0019.png,data/v2/processed/fontsense_v2/images/train/serif/Quattrocento/Quattrocento_0018.png,3,False,True,False
data/v2/processed/fontsense_v2/images/train/serif/Yuji_Syuku/Yuji_Syuku_0019.png,data/v2/processed/fontsense_v2/images/train/serif/Sanchez/Sanchez_0044.png,3,False,True,False
data/v2/processed/fontsense_v2/images/train/serif/Yuji_Syuku/Yuji_Syuku_0019.png,data/v2/processed/fontsense_v2/images/train/serif/Sanchez/Sanchez_0078.png,3,False,True,False
data/v2/processed/fontsense_v2/images/train/serif/Yuji_Syuku/Yuji_Syuku_0019.png,data/v2/processed/fontsense_v2/images/train/serif/IM_Fell_Great_Primer/IM_Fell_Great_Primer_0033.png,3,False,True,False
data/v2/processed/fontsense_v2/images/train/serif/Yuji_Syuku/Yuji_Syuku_0020.png,data/v2/processed/fontsense_v2/images/train/serif/Rokkitt/Rokkitt_0069.png,3,False,True,False
data/v2/processed/fontsense_v2/images/train/serif/Yuji_Syuku/Yuji_Syuku_0021.png,data/v2/processed/fontsense_v2/images/train/serif/Sanchez/Sanchez_0082.png,3,False,True,False
data/v2/processed/fontsense_v2/images/train/serif/Yuji_Syuku/Yuji_Syuku_0023.png,data/v2/processed/fontsense_v2/images/train/serif/Yuji_Syuku/Yuji_Syuku_0076.png,3,True,True,False
data/v2/processed/fontsense_v2/images/train/serif/Yuji_Syuku/Yuji_Syuku_0024.png,data/v2/processed/fontsense_v2/images/train/serif/Quattrocento/Quattrocento_0030.png,3,False,True,False
data/v2/processed/fontsense_v2/images/train/serif/Yuji_Syuku/Yuji_Syuku_0025.png,data/v2/processed/fontsense_v2/images/train/serif/Yuji_Syuku/Yuji_Syuku_0031.png,3,True,True,False
data/v2/processed/fontsense_v2/images/train/serif/Yuji_Syuku/Yuji_Syuku_0025.png,data/v2/processed/fontsense_v2/images/train/serif/Yuji_Syuku/Yuji_Syuku_0051.png,3,True,True,False
data/v2/processed/fontsense_v2/images/train/serif/Yuji_Syuku/Yuji_Syuku_0025.png,data/v2/processed/fontsense_v2/images/train/serif/Sanchez/Sanchez_0055.png,3,False,True,False
data/v2/processed/fontsense_v2/images/train/serif/Yuji_Syuku/Yuji_Syuku_0026.png,data/v2/processed/fontsense_v2/images/train/serif/Quattrocento/Quattrocento_0088.png,3,False,True,False
data/v2/processed/fontsense_v2/images/train/serif/Yuji_Syuku/Yuji_Syuku_0026.png,data/v2/processed/fontsense_v2/images/train/serif/Quattrocento/Quattrocento_0090.png,3,False,True,False
data/v2/processed/fontsense_v2/images/train/serif/Yuji_Syuku/Yuji_Syuku_0026.png,data/v2/processed/fontsense_v2/images/train/serif/Sanchez/Sanchez_0095.png,3,False,True,False
data/v2/processed/fontsense_v2/images/train/serif/Yuji_Syuku/Yuji_Syuku_0026.png,data/v2/processed/fontsense_v2/images/train/serif/IM_Fell_Great_Primer/IM_Fell_Great_Primer_0041.png,3,False,True,False
data/v2/processed/fontsense_v2/images/train/serif/Yuji_Syuku/Yuji_Syuku_0027.png,data/v2/processed/fontsense_v2/images/train/serif/Rokkitt/Rokkitt_0040.png,3,False,True,False
data/v2/processed/fontsense_v2/images/train/serif/Yuji_Syuku/Yuji_Syuku_0027.png,data/v2/processed/fontsense_v2/images/train/serif/Rokkitt/Rokkitt_0083.png,3,False,True,False
data/v2/processed/fontsense_v2/images/train/serif/Yuji_Syuku/Yuji_Syuku_0027.png,data/v2/processed/fontsense_v2/images/train/serif/IM_Fell_Great_Primer/IM_Fell_Great_Primer_0076.png,3,False,True,False
data/v2/processed/fontsense_v2/images/train/serif/Yuji_Syuku/Yuji_Syuku_0029.png,data/v2/processed/fontsense_v2/images/train/serif/BatangChe/BatangChe_0099.png,3,False,True,False
data/v2/processed/fontsense_v2/images/train/serif/Yuji_Syuku/Yuji_Syuku_0029.png,data/v2/processed/fontsense_v2/images/train/serif/Rokkitt/Rokkitt_0000.png,3,False,True,False
data/v2/processed/fontsense_v2/images/train/serif/Yuji_Syuku/Yuji_Syuku_0031.png,data/v2/processed/fontsense_v2/images/train/serif/Yuji_Syuku/Yuji_Syuku_0097.png,3,True,True,False
data/v2/processed/fontsense_v2/images/train/serif/Yuji_Syuku/Yuji_Syuku_0034.png,data/v2/processed/fontsense_v2/images/train/serif/Yuji_Syuku/Yuji_Syuku_0076.png,3,True,True,False
data/v2/processed/fontsense_v2/images/train/serif/Yuji_Syuku/Yuji_Syuku_0039.png,data/v2/processed/fontsense_v2/images/train/serif/Libre_Caslon_Text/Libre_Caslon_Text_0041.png,3,False,True,False
data/v2/processed/fontsense_v2/images/train/serif/Yuji_Syuku/Yuji_Syuku_0039.png,data/v2/processed/fontsense_v2/images/train/serif/Sanchez/Sanchez_0043.png,3,False,True,False
data/v2/processed/fontsense_v2/images/train/serif/Yuji_Syuku/Yuji_Syuku_0040.png,data/v2/processed/fontsense_v2/images/train/serif/Yuji_Syuku/Yuji_Syuku_0044.png,3,True,True,False
data/v2/processed/fontsense_v2/images/train/serif/Yuji_Syuku/Yuji_Syuku_0040.png,data/v2/processed/fontsense_v2/images/train/serif/Sanchez/Sanchez_0064.png,3,False,True,False
data/v2/processed/fontsense_v2/images/train/serif/Yuji_Syuku/Yuji_Syuku_0044.png,data/v2/processed/fontsense_v2/images/train/serif/Libre_Caslon_Text/Libre_Caslon_Text_0040.png,3,False,True,False
data/v2/processed/fontsense_v2/images/train/serif/Yuji_Syuku/Yuji_Syuku_0045.png,data/v2/processed/fontsense_v2/images/train/serif/Yuji_Syuku/Yuji_Syuku_0069.png,3,True,True,False
data/v2/processed/fontsense_v2/images/train/serif/Yuji_Syuku/Yuji_Syuku_0045.png,data/v2/processed/fontsense_v2/images/train/serif/Yuji_Syuku/Yuji_Syuku_0078.png,3,True,True,False
data/v2/processed/fontsense_v2/images/train/serif/Yuji_Syuku/Yuji_Syuku_0045.png,data/v2/processed/fontsense_v2/images/train/serif/BatangChe/BatangChe_0068.png,3,False,True,False
data/v2/processed/fontsense_v2/images/train/serif/Yuji_Syuku/Yuji_Syuku_0045.png,data/v2/processed/fontsense_v2/images/train/serif/Rokkitt/Rokkitt_0000.png,3,False,True,False
data/v2/processed/fontsense_v2/images/train/serif/Yuji_Syuku/Yuji_Syuku_0045.png,data/v2/processed/fontsense_v2/images/train/serif/Rokkitt/Rokkitt_0046.png,3,False,True,False
data/v2/processed/fontsense_v2/images/train/serif/Yuji_Syuku/Yuji_Syuku_0045.png,data/v2/processed/fontsense_v2/images/train/serif/IM_Fell_Great_Primer/IM_Fell_Great_Primer_0090.png,3,False,True,False
data/v2/processed/fontsense_v2/images/train/serif/Yuji_Syuku/Yuji_Syuku_0045.png,data/v2/processed/fontsense_v2/images/train/serif/IM_Fell_Great_Primer/IM_Fell_Great_Primer_0093.png,3,False,True,False
data/v2/processed/fontsense_v2/images/train/serif/Yuji_Syuku/Yuji_Syuku_0045.png,data/v2/processed/fontsense_v2/images/train/serif/Noto_Serif_Ahom/Noto_Serif_Ahom_0030.png,3,False,True,False
data/v2/processed/fontsense_v2/images/train/serif/Yuji_Syuku/Yuji_Syuku_0045.png,data/v2/processed/fontsense_v2/images/train/serif/Noto_Serif_Ahom/Noto_Serif_Ahom_0046.png,3,False,True,False
data/v2/processed/fontsense_v2/images/train/serif/Yuji_Syuku/Yuji_Syuku_0046.png,data/v2/processed/fontsense_v2/images/train/serif/Yuji_Syuku/Yuji_Syuku_0093.png,3,True,True,False
data/v2/processed/fontsense_v2/images/train/serif/Yuji_Syuku/Yuji_Syuku_0046.png,data/v2/processed/fontsense_v2/images/train/serif/Quattrocento/Quattrocento_0074.png,3,False,True,False
data/v2/processed/fontsense_v2/images/train/serif/Yuji_Syuku/Yuji_Syuku_0046.png,data/v2/processed/fontsense_v2/images/train/serif/Sanchez/Sanchez_0008.png,3,False,True,False
data/v2/processed/fontsense_v2/images/train/serif/Yuji_Syuku/Yuji_Syuku_0046.png,data/v2/processed/fontsense_v2/images/train/serif/Noto_Serif_Ahom/Noto_Serif_Ahom_0050.png,3,False,True,False
data/v2/processed/fontsense_v2/images/train/serif/Yuji_Syuku/Yuji_Syuku_0050.png,data/v2/processed/fontsense_v2/images/train/serif/Noto_Serif_Ahom/Noto_Serif_Ahom_0068.png,3,False,True,False
data/v2/processed/fontsense_v2/images/train/serif/Yuji_Syuku/Yuji_Syuku_0054.png,data/v2/processed/fontsense_v2/images/train/serif/Sanchez/Sanchez_0050.png,3,False,True,False
data/v2/processed/fontsense_v2/images/train/serif/Yuji_Syuku/Yuji_Syuku_0055.png,data/v2/processed/fontsense_v2/images/train/serif/Libre_Caslon_Text/Libre_Caslon_Text_0022.png,3,False,True,False
data/v2/processed/fontsense_v2/images/train/serif/Yuji_Syuku/Yuji_Syuku_0056.png,data/v2/processed/fontsense_v2/images/train/serif/BatangChe/BatangChe_0055.png,3,False,True,False
data/v2/processed/fontsense_v2/images/train/serif/Yuji_Syuku/Yuji_Syuku_0060.png,data/v2/processed/fontsense_v2/images/train/serif/IM_Fell_Great_Primer/IM_Fell_Great_Primer_0004.png,3,False,True,False
data/v2/processed/fontsense_v2/images/train/serif/Yuji_Syuku/Yuji_Syuku_0061.png,data/v2/processed/fontsense_v2/images/train/serif/Libre_Caslon_Text/Libre_Caslon_Text_0053.png,3,False,True,False
data/v2/processed/fontsense_v2/images/train/serif/Yuji_Syuku/Yuji_Syuku_0065.png,data/v2/processed/fontsense_v2/images/train/serif/Sanchez/Sanchez_0005.png,3,False,True,False
data/v2/processed/fontsense_v2/images/train/serif/Yuji_Syuku/Yuji_Syuku_0067.png,data/v2/processed/fontsense_v2/images/train/serif/BatangChe/BatangChe_0032.png,3,False,True,False
data/v2/processed/fontsense_v2/images/train/serif/Yuji_Syuku/Yuji_Syuku_0069.png,data/v2/processed/fontsense_v2/images/train/serif/Yuji_Syuku/Yuji_Syuku_0083.png,3,True,True,False
data/v2/processed/fontsense_v2/images/train/serif/Yuji_Syuku/Yuji_Syuku_0069.png,data/v2/processed/fontsense_v2/images/train/serif/BatangChe/BatangChe_0057.png,3,False,True,False
data/v2/processed/fontsense_v2/images/train/serif/Yuji_Syuku/Yuji_Syuku_0069.png,data/v2/processed/fontsense_v2/images/train/serif/Rokkitt/Rokkitt_0098.png,3,False,True,False
data/v2/processed/fontsense_v2/images/train/serif/Yuji_Syuku/Yuji_Syuku_0071.png,data/v2/processed/fontsense_v2/images/train/serif/Yuji_Syuku/Yuji_Syuku_0080.png,3,True,True,False
data/v2/processed/fontsense_v2/images/train/serif/Yuji_Syuku/Yuji_Syuku_0071.png,data/v2/processed/fontsense_v2/images/train/serif/BatangChe/BatangChe_0036.png,3,False,True,False
data/v2/processed/fontsense_v2/images/train/serif/Yuji_Syuku/Yuji_Syuku_0072.png,data/v2/processed/fontsense_v2/images/train/serif/Noto_Serif_Ahom/Noto_Serif_Ahom_0011.png,3,False,True,False
data/v2/processed/fontsense_v2/images/train/serif/Yuji_Syuku/Yuji_Syuku_0073.png,data/v2/processed/fontsense_v2/images/train/serif/IM_Fell_Great_Primer/IM_Fell_Great_Primer_0042.png,3,False,True,False
data/v2/processed/fontsense_v2/images/train/serif/Yuji_Syuku/Yuji_Syuku_0078.png,data/v2/processed/fontsense_v2/images/train/serif/BatangChe/BatangChe_0096.png,3,False,True,False
data/v2/processed/fontsense_v2/images/train/serif/Yuji_Syuku/Yuji_Syuku_0078.png,data/v2/processed/fontsense_v2/images/train/serif/Rokkitt/Rokkitt_0083.png,3,False,True,False
data/v2/processed/fontsense_v2/images/train/serif/Yuji_Syuku/Yuji_Syuku_0078.png,data/v2/processed/fontsense_v2/images/train/serif/IM_Fell_Great_Primer/IM_Fell_Great_Primer_0012.png,3,False,True,False
data/v2/processed/fontsense_v2/images/train/serif/Yuji_Syuku/Yuji_Syuku_0078.png,data/v2/processed/fontsense_v2/images/train/serif/IM_Fell_Great_Primer/IM_Fell_Great_Primer_0065.png,3,False,True,False
data/v2/processed/fontsense_v2/images/train/serif/Yuji_Syuku/Yuji_Syuku_0078.png,data/v2/processed/fontsense_v2/images/train/serif/IM_Fell_Great_Primer/IM_Fell_Great_Primer_0076.png,3,False,True,False
data/v2/processed/fontsense_v2/images/train/serif/Yuji_Syuku/Yuji_Syuku_0078.png,data/v2/processed/fontsense_v2/images/train/serif/Noto_Serif_Ahom/Noto_Serif_Ahom_0035.png,3,False,True,False
data/v2/processed/fontsense_v2/images/train/serif/Yuji_Syuku/Yuji_Syuku_0082.png,data/v2/processed/fontsense_v2/images/train/serif/BatangChe/BatangChe_0054.png,3,False,True,False
data/v2/processed/fontsense_v2/images/train/serif/Yuji_Syuku/Yuji_Syuku_0082.png,data/v2/processed/fontsense_v2/images/train/serif/Libre_Caslon_Text/Libre_Caslon_Text_0062.png,3,False,True,False
data/v2/processed/fontsense_v2/images/train/serif/Yuji_Syuku/Yuji_Syuku_0083.png,data/v2/processed/fontsense_v2/images/train/serif/Noto_Serif_Ahom/Noto_Serif_Ahom_0030.png,3,False,True,False
data/v2/processed/fontsense_v2/images/train/serif/Yuji_Syuku/Yuji_Syuku_0084.png,data/v2/processed/fontsense_v2/images/train/serif/Quattrocento/Quattrocento_0038.png,3,False,True,False
data/v2/processed/fontsense_v2/images/train/serif/Yuji_Syuku/Yuji_Syuku_0084.png,data/v2/processed/fontsense_v2/images/train/serif/IM_Fell_Great_Primer/IM_Fell_Great_Primer_0003.png,3,False,True,False
data/v2/processed/fontsense_v2/images/train/serif/Yuji_Syuku/Yuji_Syuku_0090.png,data/v2/processed/fontsense_v2/images/train/serif/Rokkitt/Rokkitt_0016.png,3,False,True,False
data/v2/processed/fontsense_v2/images/train/serif/Yuji_Syuku/Yuji_Syuku_0091.png,data/v2/processed/fontsense_v2/images/train/serif/Rokkitt/Rokkitt_0087.png,3,False,True,False
data/v2/processed/fontsense_v2/images/train/serif/Yuji_Syuku/Yuji_Syuku_0091.png,data/v2/processed/fontsense_v2/images/train/serif/Quattrocento/Quattrocento_0010.png,3,False,True,False
data/v2/processed/fontsense_v2/images/train/serif/Yuji_Syuku/Yuji_Syuku_0092.png,data/v2/processed/fontsense_v2/images/train/serif/BatangChe/BatangChe_0062.png,3,False,True,False
data/v2/processed/fontsense_v2/images/train/serif/Yuji_Syuku/Yuji_Syuku_0092.png,data/v2/processed/fontsense_v2/images/train/serif/Libre_Caslon_Text/Libre_Caslon_Text_0005.png,3,False,True,False
data/v2/processed/fontsense_v2/images/train/serif/Yuji_Syuku/Yuji_Syuku_0092.png,data/v2/processed/fontsense_v2/images/train/serif/IM_Fell_Great_Primer/IM_Fell_Great_Primer_0090.png,3,False,True,False
data/v2/processed/fontsense_v2/images/train/serif/Yuji_Syuku/Yuji_Syuku_0092.png,data/v2/processed/fontsense_v2/images/train/serif/Noto_Serif_Ahom/Noto_Serif_Ahom_0024.png,3,False,True,False
data/v2/processed/fontsense_v2/images/train/serif/Yuji_Syuku/Yuji_Syuku_0094.png,data/v2/processed/fontsense_v2/images/train/serif/Rokkitt/Rokkitt_0050.png,3,False,True,False
data/v2/processed/fontsense_v2/images/train/serif/Yuji_Syuku/Yuji_Syuku_0094.png,data/v2/processed/fontsense_v2/images/train/serif/Rokkitt/Rokkitt_0070.png,3,False,True,False
data/v2/processed/fontsense_v2/images/train/serif/Yuji_Syuku/Yuji_Syuku_0095.png,data/v2/processed/fontsense_v2/images/train/serif/Sanchez/Sanchez_0031.png,3,False,True,False
data/v2/processed/fontsense_v2/images/train/serif/Yuji_Syuku/Yuji_Syuku_0095.png,data/v2/processed/fontsense_v2/images/train/serif/IM_Fell_Great_Primer/IM_Fell_Great_Primer_0072.png,3,False,True,False
data/v2/processed/fontsense_v2/images/train/serif/Yuji_Syuku/Yuji_Syuku_0098.png,data/v2/processed/fontsense_v2/images/train/serif/Rokkitt/Rokkitt_0041.png,3,False,True,False
data/v2/processed/fontsense_v2/images/train/serif/BatangChe/BatangChe_0001.png,data/v2/processed/fontsense_v2/images/train/serif/Quattrocento/Quattrocento_0060.png,4,False,True,False
data/v2/processed/fontsense_v2/images/train/serif/BatangChe/BatangChe_0002.png,data/v2/processed/fontsense_v2/images/train/serif/BatangChe/BatangChe_0008.png,4,True,True,False
data/v2/processed/fontsense_v2/images/train/serif/BatangChe/BatangChe_0002.png,data/v2/processed/fontsense_v2/images/train/serif/BatangChe/BatangChe_0051.png,4,True,True,False
data/v2/processed/fontsense_v2/images/train/serif/BatangChe/BatangChe_0002.png,data/v2/processed/fontsense_v2/images/train/serif/Libre_Caslon_Text/Libre_Caslon_Text_0000.png,4,False,True,False
data/v2/processed/fontsense_v2/images/train/serif/BatangChe/BatangChe_0002.png,data/v2/processed/fontsense_v2/images/train/serif/Libre_Caslon_Text/Libre_Caslon_Text_0017.png,4,False,True,False
data/v2/processed/fontsense_v2/images/train/serif/BatangChe/BatangChe_0002.png,data/v2/processed/fontsense_v2/images/train/serif/Libre_Caslon_Text/Libre_Caslon_Text_0044.png,4,False,True,False
data/v2/processed/fontsense_v2/images/train/serif/BatangChe/BatangChe_0002.png,data/v2/processed/fontsense_v2/images/train/serif/Sanchez/Sanchez_0075.png,4,False,True,False
data/v2/processed/fontsense_v2/images/train/serif/BatangChe/BatangChe_0002.png,data/v2/processed/fontsense_v2/images/train/serif/Sanchez/Sanchez_0076.png,4,False,True,False
data/v2/processed/fontsense_v2/images/train/serif/BatangChe/BatangChe_0008.png,data/v2/processed/fontsense_v2/images/train/serif/Libre_Caslon_Text/Libre_Caslon_Text_0045.png,4,False,True,False
data/v2/processed/fontsense_v2/images/train/serif/BatangChe/BatangChe_0009.png,data/v2/processed/fontsense_v2/images/train/serif/Libre_Caslon_Text/Libre_Caslon_Text_0097.png,4,False,True,False
data/v2/processed/fontsense_v2/images/train/serif/BatangChe/BatangChe_0011.png,data/v2/processed/fontsense_v2/images/train/serif/IM_Fell_Great_Primer/IM_Fell_Great_Primer_0074.png,4,False,True,True
data/v2/processed/fontsense_v2/images/train/serif/BatangChe/BatangChe_0012.png,data/v2/processed/fontsense_v2/images/train/serif/Libre_Caslon_Text/Libre_Caslon_Text_0052.png,4,False,True,False
data/v2/processed/fontsense_v2/images/train/serif/BatangChe/BatangChe_0012.png,data/v2/processed/fontsense_v2/images/train/serif/Quattrocento/Quattrocento_0065.png,4,False,True,False
data/v2/processed/fontsense_v2/images/train/serif/BatangChe/BatangChe_0012.png,data/v2/processed/fontsense_v2/images/train/serif/Sanchez/Sanchez_0035.png,4,False,True,False
data/v2/processed/fontsense_v2/images/train/serif/BatangChe/BatangChe_0013.png,data/v2/processed/fontsense_v2/images/train/serif/BatangChe/BatangChe_0041.png,4,True,True,False
data/v2/processed/fontsense_v2/images/train/serif/BatangChe/BatangChe_0013.png,data/v2/processed/fontsense_v2/images/train/serif/Libre_Caslon_Text/Libre_Caslon_Text_0097.png,4,False,True,False
data/v2/processed/fontsense_v2/images/train/serif/BatangChe/BatangChe_0016.png,data/v2/processed/fontsense_v2/images/train/serif/Libre_Caslon_Text/Libre_Caslon_Text_0071.png,4,False,True,False
data/v2/processed/fontsense_v2/images/train/serif/BatangChe/BatangChe_0018.png,data/v2/processed/fontsense_v2/images/train/serif/Quattrocento/Quattrocento_0088.png,4,False,True,False
data/v2/processed/fontsense_v2/images/train/serif/BatangChe/BatangChe_0020.png,data/v2/processed/fontsense_v2/images/train/serif/IM_Fell_Great_Primer/IM_Fell_Great_Primer_0091.png,4,False,True,False
data/v2/processed/fontsense_v2/images/train/serif/BatangChe/BatangChe_0021.png,data/v2/processed/fontsense_v2/images/train/serif/BatangChe/BatangChe_0063.png,4,True,True,False
data/v2/processed/fontsense_v2/images/train/serif/BatangChe/BatangChe_0021.png,data/v2/processed/fontsense_v2/images/train/serif/Rokkitt/Rokkitt_0027.png,4,False,True,False
data/v2/processed/fontsense_v2/images/train/serif/BatangChe/BatangChe_0021.png,data/v2/processed/fontsense_v2/images/train/serif/Rokkitt/Rokkitt_0039.png,4,False,True,False
data/v2/processed/fontsense_v2/images/train/serif/BatangChe/BatangChe_0021.png,data/v2/processed/fontsense_v2/images/train/serif/Rokkitt/Rokkitt_0095.png,4,False,True,False
data/v2/processed/fontsense_v2/images/train/serif/BatangChe/BatangChe_0021.png,data/v2/processed/fontsense_v2/images/train/serif/Quattrocento/Quattrocento_0098.png,4,False,True,False
data/v2/processed/fontsense_v2/images/train/serif/BatangChe/BatangChe_0023.png,data/v2/processed/fontsense_v2/images/train/serif/Rokkitt/Rokkitt_0017.png,4,False,True,False
data/v2/processed/fontsense_v2/images/train/serif/BatangChe/BatangChe_0023.png,data/v2/processed/fontsense_v2/images/train/serif/Rokkitt/Rokkitt_0018.png,4,False,True,False
data/v2/processed/fontsense_v2/images/train/serif/BatangChe/BatangChe_0023.png,data/v2/processed/fontsense_v2/images/train/serif/Rokkitt/Rokkitt_0090.png,4,False,True,False
data/v2/processed/fontsense_v2/images/train/serif/BatangChe/BatangChe_0023.png,data/v2/processed/fontsense_v2/images/train/serif/Quattrocento/Quattrocento_0045.png,4,False,True,False
data/v2/processed/fontsense_v2/images/train/serif/BatangChe/BatangChe_0024.png,data/v2/processed/fontsense_v2/images/train/serif/BatangChe/BatangChe_0032.png,4,True,True,False
data/v2/processed/fontsense_v2/images/train/serif/BatangChe/BatangChe_0025.png,data/v2/processed/fontsense_v2/images/train/serif/Quattrocento/Quattrocento_0042.png,4,False,True,False
data/v2/processed/fontsense_v2/images/train/serif/BatangChe/BatangChe_0025.png,data/v2/processed/fontsense_v2/images/train/serif/IM_Fell_Great_Primer/IM_Fell_Great_Primer_0030.png,4,False,True,False
data/v2/processed/fontsense_v2/images/train/serif/BatangChe/BatangChe_0028.png,data/v2/processed/fontsense_v2/images/train/serif/Libre_Caslon_Text/Libre_Caslon_Text_0048.png,4,False,True,False
data/v2/processed/fontsense_v2/images/train/serif/BatangChe/BatangChe_0028.png,data/v2/processed/fontsense_v2/images/train/serif/Libre_Caslon_Text/Libre_Caslon_Text_0087.png,4,False,True,False
data/v2/processed/fontsense_v2/images/train/serif/BatangChe/BatangChe_0028.png,data/v2/processed/fontsense_v2/images/train/serif/Sanchez/Sanchez_0076.png,4,False,True,False
data/v2/processed/fontsense_v2/images/train/serif/BatangChe/BatangChe_0031.png,data/v2/processed/fontsense_v2/images/train/serif/BatangChe/BatangChe_0071.png,4,True,True,False
data/v2/processed/fontsense_v2/images/train/serif/BatangChe/BatangChe_0034.png,data/v2/processed/fontsense_v2/images/train/serif/Rokkitt/Rokkitt_0081.png,4,False,True,False
data/v2/processed/fontsense_v2/images/train/serif/BatangChe/BatangChe_0034.png,data/v2/processed/fontsense_v2/images/train/serif/Rokkitt/Rokkitt_0087.png,4,False,True,False
data/v2/processed/fontsense_v2/images/train/serif/BatangChe/BatangChe_0034.png,data/v2/processed/fontsense_v2/images/train/serif/Quattrocento/Quattrocento_0013.png,4,False,True,False
data/v2/processed/fontsense_v2/images/train/serif/BatangChe/BatangChe_0034.png,data/v2/processed/fontsense_v2/images/train/serif/Quattrocento/Quattrocento_0047.png,4,False,True,False
data/v2/processed/fontsense_v2/images/train/serif/BatangChe/BatangChe_0034.png,data/v2/processed/fontsense_v2/images/train/serif/IM_Fell_Great_Primer/IM_Fell_Great_Primer_0014.png,4,False,True,False
data/v2/processed/fontsense_v2/images/train/serif/BatangChe/BatangChe_0036.png,data/v2/processed/fontsense_v2/images/train/serif/Libre_Caslon_Text/Libre_Caslon_Text_0084.png,4,False,True,False
data/v2/processed/fontsense_v2/images/train/serif/BatangChe/BatangChe_0037.png,data/v2/processed/fontsense_v2/images/train/serif/Libre_Caslon_Text/Libre_Caslon_Text_0054.png,4,False,True,False
data/v2/processed/fontsense_v2/images/train/serif/BatangChe/BatangChe_0037.png,data/v2/processed/fontsense_v2/images/train/serif/Sanchez/Sanchez_0018.png,4,False,True,False
data/v2/processed/fontsense_v2/images/train/serif/BatangChe/BatangChe_0038.png,data/v2/processed/fontsense_v2/images/train/serif/BatangChe/BatangChe_0092.png,4,True,True,False
data/v2/processed/fontsense_v2/images/train/serif/BatangChe/BatangChe_0040.png,data/v2/processed/fontsense_v2/images/train/serif/BatangChe/BatangChe_0057.png,4,True,True,False
data/v2/processed/fontsense_v2/images/train/serif/BatangChe/BatangChe_0041.png,data/v2/processed/fontsense_v2/images/train/serif/BatangChe/BatangChe_0078.png,4,True,True,False
data/v2/processed/fontsense_v2/images/train/serif/BatangChe/BatangChe_0041.png,data/v2/processed/fontsense_v2/images/train/serif/Libre_Caslon_Text/Libre_Caslon_Text_0004.png,4,False,True,False
data/v2/processed/fontsense_v2/images/train/serif/BatangChe/BatangChe_0041.png,data/v2/processed/fontsense_v2/images/train/serif/Sanchez/Sanchez_0006.png,4,False,True,False
data/v2/processed/fontsense_v2/images/train/serif/BatangChe/BatangChe_0041.png,data/v2/processed/fontsense_v2/images/train/serif/Sanchez/Sanchez_0072.png,4,False,True,False
data/v2/processed/fontsense_v2/images/train/serif/BatangChe/BatangChe_0044.png,data/v2/processed/fontsense_v2/images/train/serif/BatangChe/BatangChe_0078.png,4,True,True,False
data/v2/processed/fontsense_v2/images/train/serif/BatangChe/BatangChe_0044.png,data/v2/processed/fontsense_v2/images/train/serif/BatangChe/BatangChe_0089.png,4,True,True,False
data/v2/processed/fontsense_v2/images/train/serif/BatangChe/BatangChe_0044.png,data/v2/processed/fontsense_v2/images/train/serif/Rokkitt/Rokkitt_0065.png,4,False,True,False
data/v2/processed/fontsense_v2/images/train/serif/BatangChe/BatangChe_0048.png,data/v2/processed/fontsense_v2/images/train/serif/Quattrocento/Quattrocento_0038.png,4,False,True,False
data/v2/processed/fontsense_v2/images/train/serif/BatangChe/BatangChe_0049.png,data/v2/processed/fontsense_v2/images/train/serif/BatangChe/BatangChe_0069.png,4,True,True,False
data/v2/processed/fontsense_v2/images/train/serif/BatangChe/BatangChe_0049.png,data/v2/processed/fontsense_v2/images/train/serif/Sanchez/Sanchez_0066.png,4,False,True,False
data/v2/processed/fontsense_v2/images/train/serif/BatangChe/BatangChe_0052.png,data/v2/processed/fontsense_v2/images/train/serif/Libre_Caslon_Text/Libre_Caslon_Text_0030.png,4,False,True,False
data/v2/processed/fontsense_v2/images/train/serif/BatangChe/BatangChe_0052.png,data/v2/processed/fontsense_v2/images/train/serif/Quattrocento/Quattrocento_0092.png,4,False,True,False
data/v2/processed/fontsense_v2/images/train/serif/BatangChe/BatangChe_0052.png,data/v2/processed/fontsense_v2/images/train/serif/IM_Fell_Great_Primer/IM_Fell_Great_Primer_0069.png,4,False,True,False
data/v2/processed/fontsense_v2/images/train/serif/BatangChe/BatangChe_0054.png,data/v2/processed/fontsense_v2/images/train/serif/Libre_Caslon_Text/Libre_Caslon_Text_0062.png,4,False,True,False
data/v2/processed/fontsense_v2/images/train/serif/BatangChe/BatangChe_0057.png,data/v2/processed/fontsense_v2/images/train/serif/Rokkitt/Rokkitt_0098.png,4,False,True,False
data/v2/processed/fontsense_v2/images/train/serif/BatangChe/BatangChe_0057.png,data/v2/processed/fontsense_v2/images/train/serif/Quattrocento/Quattrocento_0050.png,4,False,True,False
data/v2/processed/fontsense_v2/images/train/serif/BatangChe/BatangChe_0057.png,data/v2/processed/fontsense_v2/images/train/serif/IM_Fell_Great_Primer/IM_Fell_Great_Primer_0012.png,4,False,True,False
data/v2/processed/fontsense_v2/images/train/serif/BatangChe/BatangChe_0058.png,data/v2/processed/fontsense_v2/images/train/serif/Noto_Serif_Ahom/Noto_Serif_Ahom_0065.png,4,False,True,False
data/v2/processed/fontsense_v2/images/train/serif/BatangChe/BatangChe_0061.png,data/v2/processed/fontsense_v2/images/train/serif/Libre_Caslon_Text/Libre_Caslon_Text_0078.png,4,False,True,False
data/v2/processed/fontsense_v2/images/train/serif/BatangChe/BatangChe_0062.png,data/v2/processed/fontsense_v2/images/train/serif/BatangChe/BatangChe_0068.png,4,True,True,False
data/v2/processed/fontsense_v2/images/train/serif/BatangChe/BatangChe_0062.png,data/v2/processed/fontsense_v2/images/train/serif/Rokkitt/Rokkitt_0084.png,4,False,True,False
data/v2/processed/fontsense_v2/images/train/serif/BatangChe/BatangChe_0062.png,data/v2/processed/fontsense_v2/images/train/serif/Quattrocento/Quattrocento_0080.png,4,False,True,False
data/v2/processed/fontsense_v2/images/train/serif/BatangChe/BatangChe_0062.png,data/v2/processed/fontsense_v2/images/train/serif/Quattrocento/Quattrocento_0093.png,4,False,True,False
data/v2/processed/fontsense_v2/images/train/serif/BatangChe/BatangChe_0062.png,data/v2/processed/fontsense_v2/images/train/serif/Quattrocento/Quattrocento_0096.png,4,False,True,False
data/v2/processed/fontsense_v2/images/train/serif/BatangChe/BatangChe_0062.png,data/v2/processed/fontsense_v2/images/train/serif/Sanchez/Sanchez_0010.png,4,False,True,False
data/v2/processed/fontsense_v2/images/train/serif/BatangChe/BatangChe_0063.png,data/v2/processed/fontsense_v2/images/train/serif/Rokkitt/Rokkitt_0095.png,4,False,True,False
data/v2/processed/fontsense_v2/images/train/serif/BatangChe/BatangChe_0066.png,data/v2/processed/fontsense_v2/images/train/serif/Rokkitt/Rokkitt_0095.png,4,False,True,False
data/v2/processed/fontsense_v2/images/train/serif/BatangChe/BatangChe_0067.png,data/v2/processed/fontsense_v2/images/train/serif/Rokkitt/Rokkitt_0000.png,4,False,True,False
data/v2/processed/fontsense_v2/images/train/serif/BatangChe/BatangChe_0067.png,data/v2/processed/fontsense_v2/images/train/serif/Quattrocento/Quattrocento_0018.png,4,False,True,False
data/v2/processed/fontsense_v2/images/train/serif/BatangChe/BatangChe_0067.png,data/v2/processed/fontsense_v2/images/train/serif/Quattrocento/Quattrocento_0052.png,4,False,True,False
data/v2/processed/fontsense_v2/images/train/serif/BatangChe/BatangChe_0067.png,data/v2/processed/fontsense_v2/images/train/serif/Quattrocento/Quattrocento_0088.png,4,False,True,False
data/v2/processed/fontsense_v2/images/train/serif/BatangChe/BatangChe_0067.png,data/v2/processed/fontsense_v2/images/train/serif/Noto_Serif_Ahom/Noto_Serif_Ahom_0046.png,4,False,True,False
data/v2/processed/fontsense_v2/images/train/serif/BatangChe/BatangChe_0067.png,data/v2/processed/fontsense_v2/images/train/serif/Noto_Serif_Ahom/Noto_Serif_Ahom_0065.png,4,False,True,False
data/v2/processed/fontsense_v2/images/train/serif/BatangChe/BatangChe_0068.png,data/v2/processed/fontsense_v2/images/train/serif/Rokkitt/Rokkitt_0000.png,4,False,True,False
data/v2/processed/fontsense_v2/images/train/serif/BatangChe/BatangChe_0068.png,data/v2/processed/fontsense_v2/images/train/serif/Rokkitt/Rokkitt_0062.png,4,False,True,False
data/v2/processed/fontsense_v2/images/train/serif/BatangChe/BatangChe_0068.png,data/v2/processed/fontsense_v2/images/train/serif/Rokkitt/Rokkitt_0084.png,4,False,True,False
data/v2/processed/fontsense_v2/images/train/serif/BatangChe/BatangChe_0068.png,data/v2/processed/fontsense_v2/images/train/serif/Quattrocento/Quattrocento_0080.png,4,False,True,False
data/v2/processed/fontsense_v2/images/train/serif/BatangChe/BatangChe_0068.png,data/v2/processed/fontsense_v2/images/train/serif/Quattrocento/Quattrocento_0093.png,4,False,True,False
data/v2/processed/fontsense_v2/images/train/serif/BatangChe/BatangChe_0068.png,data/v2/processed/fontsense_v2/images/train/serif/Noto_Serif_Ahom/Noto_Serif_Ahom_0046.png,4,False,True,False
data/v2/processed/fontsense_v2/images/train/serif/BatangChe/BatangChe_0070.png,data/v2/processed/fontsense_v2/images/train/serif/Libre_Caslon_Text/Libre_Caslon_Text_0095.png,4,False,True,False
data/v2/processed/fontsense_v2/images/train/serif/BatangChe/BatangChe_0070.png,data/v2/processed/fontsense_v2/images/train/serif/Sanchez/Sanchez_0035.png,4,False,True,False
data/v2/processed/fontsense_v2/images/train/serif/BatangChe/BatangChe_0072.png,data/v2/processed/fontsense_v2/images/train/serif/BatangChe/BatangChe_0077.png,4,True,True,False
data/v2/processed/fontsense_v2/images/train/serif/BatangChe/BatangChe_0072.png,data/v2/processed/fontsense_v2/images/train/serif/BatangChe/BatangChe_0094.png,4,True,True,False
data/v2/processed/fontsense_v2/images/train/serif/BatangChe/BatangChe_0072.png,data/v2/processed/fontsense_v2/images/train/serif/Rokkitt/Rokkitt_0017.png,4,False,True,False
data/v2/processed/fontsense_v2/images/train/serif/BatangChe/BatangChe_0072.png,data/v2/processed/fontsense_v2/images/train/serif/Quattrocento/Quattrocento_0097.png,4,False,True,False
data/v2/processed/fontsense_v2/images/train/serif/BatangChe/BatangChe_0072.png,data/v2/processed/fontsense_v2/images/train/serif/Sanchez/Sanchez_0009.png,4,False,True,False
data/v2/processed/fontsense_v2/images/train/serif/BatangChe/BatangChe_0072.png,data/v2/processed/fontsense_v2/images/train/serif/Sanchez/Sanchez_0075.png,4,False,True,False
data/v2/processed/fontsense_v2/images/train/serif/BatangChe/BatangChe_0072.png,data/v2/processed/fontsense_v2/images/train/serif/IM_Fell_Great_Primer/IM_Fell_Great_Primer_0094.png,4,False,True,False
data/v2/processed/fontsense_v2/images/train/serif/BatangChe/BatangChe_0073.png,data/v2/processed/fontsense_v2/images/train/serif/Rokkitt/Rokkitt_0057.png,4,False,True,False
data/v2/processed/fontsense_v2/images/train/serif/BatangChe/BatangChe_0074.png,data/v2/processed/fontsense_v2/images/train/serif/Rokkitt/Rokkitt_0093.png,4,False,True,False
data/v2/processed/fontsense_v2/images/train/serif/BatangChe/BatangChe_0074.png,data/v2/processed/fontsense_v2/images/train/serif/Sanchez/Sanchez_0056.png,4,False,True,False
data/v2/processed/fontsense_v2/images/train/serif/BatangChe/BatangChe_0075.png,data/v2/processed/fontsense_v2/images/train/serif/BatangChe/BatangChe_0077.png,4,True,True,False
data/v2/processed/fontsense_v2/images/train/serif/BatangChe/BatangChe_0075.png,data/v2/processed/fontsense_v2/images/train/serif/Libre_Caslon_Text/Libre_Caslon_Text_0048.png,4,False,True,False
data/v2/processed/fontsense_v2/images/train/serif/BatangChe/BatangChe_0075.png,data/v2/processed/fontsense_v2/images/train/serif/Libre_Caslon_Text/Libre_Caslon_Text_0067.png,4,False,True,False
data/v2/processed/fontsense_v2/images/train/serif/BatangChe/BatangChe_0075.png,data/v2/processed/fontsense_v2/images/train/serif/Rokkitt/Rokkitt_0039.png,4,False,True,False
data/v2/processed/fontsense_v2/images/train/serif/BatangChe/BatangChe_0075.png,data/v2/processed/fontsense_v2/images/train/serif/Quattrocento/Quattrocento_0038.png,4,False,True,False
data/v2/processed/fontsense_v2/images/train/serif/BatangChe/BatangChe_0075.png,data/v2/processed/fontsense_v2/images/train/serif/Sanchez/Sanchez_0005.png,4,False,True,False
data/v2/processed/fontsense_v2/images/train/serif/BatangChe/BatangChe_0075.png,data/v2/processed/fontsense_v2/images/train/serif/Sanchez/Sanchez_0076.png,4,False,True,False
data/v2/processed/fontsense_v2/images/train/serif/BatangChe/BatangChe_0075.png,data/v2/processed/fontsense_v2/images/train/serif/Sanchez/Sanchez_0079.png,4,False,True,False
data/v2/processed/fontsense_v2/images/train/serif/BatangChe/BatangChe_0075.png,data/v2/processed/fontsense_v2/images/train/serif/IM_Fell_Great_Primer/IM_Fell_Great_Primer_0012.png,4,False,True,False
data/v2/processed/fontsense_v2/images/train/serif/BatangChe/BatangChe_0075.png,data/v2/processed/fontsense_v2/images/train/serif/IM_Fell_Great_Primer/IM_Fell_Great_Primer_0079.png,4,False,True,False
data/v2/processed/fontsense_v2/images/train/serif/BatangChe/BatangChe_0075.png,data/v2/processed/fontsense_v2/images/train/serif/Noto_Serif_Ahom/Noto_Serif_Ahom_0049.png,4,False,True,False
data/v2/processed/fontsense_v2/images/train/serif/BatangChe/BatangChe_0075.png,data/v2/processed/fontsense_v2/images/train/serif/Noto_Serif_Ahom/Noto_Serif_Ahom_0059.png,4,False,True,False
data/v2/processed/fontsense_v2/images/train/serif/BatangChe/BatangChe_0076.png,data/v2/processed/fontsense_v2/images/train/serif/Quattrocento/Quattrocento_0081.png,4,False,True,False
data/v2/processed/fontsense_v2/images/train/serif/BatangChe/BatangChe_0076.png,data/v2/processed/fontsense_v2/images/train/serif/Sanchez/Sanchez_0004.png,4,False,True,False
data/v2/processed/fontsense_v2/images/train/serif/BatangChe/BatangChe_0076.png,data/v2/processed/fontsense_v2/images/train/serif/IM_Fell_Great_Primer/IM_Fell_Great_Primer_0056.png,4,False,True,False
data/v2/processed/fontsense_v2/images/train/serif/BatangChe/BatangChe_0078.png,data/v2/processed/fontsense_v2/images/train/serif/Libre_Caslon_Text/Libre_Caslon_Text_0004.png,4,False,True,False
data/v2/processed/fontsense_v2/images/train/serif/BatangChe/BatangChe_0078.png,data/v2/processed/fontsense_v2/images/train/serif/Libre_Caslon_Text/Libre_Caslon_Text_0030.png,4,False,True,False
data/v2/processed/fontsense_v2/images/train/serif/BatangChe/BatangChe_0078.png,data/v2/processed/fontsense_v2/images/train/serif/Libre_Caslon_Text/Libre_Caslon_Text_0096.png,4,False,True,False
data/v2/processed/fontsense_v2/images/train/serif/BatangChe/BatangChe_0078.png,data/v2/processed/fontsense_v2/images/train/serif/Rokkitt/Rokkitt_0062.png,4,False,True,False
data/v2/processed/fontsense_v2/images/train/serif/BatangChe/BatangChe_0078.png,data/v2/processed/fontsense_v2/images/train/serif/Rokkitt/Rokkitt_0077.png,4,False,True,False
data/v2/processed/fontsense_v2/images/train/serif/BatangChe/BatangChe_0078.png,data/v2/processed/fontsense_v2/images/train/serif/Quattrocento/Quattrocento_0088.png,4,False,True,False
data/v2/processed/fontsense_v2/images/train/serif/BatangChe/BatangChe_0078.png,data/v2/processed/fontsense_v2/images/train/serif/Quattrocento/Quattrocento_0092.png,4,False,True,False
data/v2/processed/fontsense_v2/images/train/serif/BatangChe/BatangChe_0078.png,data/v2/processed/fontsense_v2/images/train/serif/Sanchez/Sanchez_0044.png,4,False,True,False
data/v2/processed/fontsense_v2/images/train/serif/BatangChe/BatangChe_0078.png,data/v2/processed/fontsense_v2/images/train/serif/Sanchez/Sanchez_0062.png,4,False,True,False
data/v2/processed/fontsense_v2/images/train/serif/BatangChe/BatangChe_0078.png,data/v2/processed/fontsense_v2/images/train/serif/Sanchez/Sanchez_0072.png,4,False,True,False
data/v2/processed/fontsense_v2/images/train/serif/BatangChe/BatangChe_0078.png,data/v2/processed/fontsense_v2/images/train/serif/IM_Fell_Great_Primer/IM_Fell_Great_Primer_0033.png,4,False,True,False
data/v2/processed/fontsense_v2/images/train/serif/BatangChe/BatangChe_0078.png,data/v2/processed/fontsense_v2/images/train/serif/IM_Fell_Great_Primer/IM_Fell_Great_Primer_0069.png,4,False,True,False
data/v2/processed/fontsense_v2/images/train/serif/BatangChe/BatangChe_0081.png,data/v2/processed/fontsense_v2/images/train/serif/Libre_Caslon_Text/Libre_Caslon_Text_0026.png,4,False,True,False
data/v2/processed/fontsense_v2/images/train/serif/BatangChe/BatangChe_0082.png,data/v2/processed/fontsense_v2/images/train/serif/Rokkitt/Rokkitt_0042.png,4,False,True,False
data/v2/processed/fontsense_v2/images/train/serif/BatangChe/BatangChe_0082.png,data/v2/processed/fontsense_v2/images/train/serif/Quattrocento/Quattrocento_0042.png,4,False,True,False
data/v2/processed/fontsense_v2/images/train/serif/BatangChe/BatangChe_0082.png,data/v2/processed/fontsense_v2/images/train/serif/Quattrocento/Quattrocento_0052.png,4,False,True,False
data/v2/processed/fontsense_v2/images/train/serif/BatangChe/BatangChe_0083.png,data/v2/processed/fontsense_v2/images/train/serif/Sanchez/Sanchez_0023.png,4,False,True,False
data/v2/processed/fontsense_v2/images/train/serif/BatangChe/BatangChe_0083.png,data/v2/processed/fontsense_v2/images/train/serif/Noto_Serif_Ahom/Noto_Serif_Ahom_0035.png,4,False,True,False
data/v2/processed/fontsense_v2/images/train/serif/BatangChe/BatangChe_0089.png,data/v2/processed/fontsense_v2/images/train/serif/Libre_Caslon_Text/Libre_Caslon_Text_0009.png,4,False,True,False
data/v2/processed/fontsense_v2/images/train/serif/BatangChe/BatangChe_0089.png,data/v2/processed/fontsense_v2/images/train/serif/Rokkitt/Rokkitt_0065.png,4,False,True,False
data/v2/processed/fontsense_v2/images/train/serif/BatangChe/BatangChe_0089.png,data/v2/processed/fontsense_v2/images/train/serif/Sanchez/Sanchez_0097.png,4,False,True,False
data/v2/processed/fontsense_v2/images/train/serif/BatangChe/BatangChe_0091.png,data/v2/processed/fontsense_v2/images/train/serif/Rokkitt/Rokkitt_0007.png,4,False,True,False
data/v2/processed/fontsense_v2/images/train/serif/BatangChe/BatangChe_0091.png,data/v2/processed/fontsense_v2/images/train/serif/Quattrocento/Quattrocento_0041.png,4,False,True,False
data/v2/processed/fontsense_v2/images/train/serif/BatangChe/BatangChe_0091.png,data/v2/processed/fontsense_v2/images/train/serif/Quattrocento/Quattrocento_0081.png,4,False,True,False
data/v2/processed/fontsense_v2/images/train/serif/BatangChe/BatangChe_0091.png,data/v2/processed/fontsense_v2/images/train/serif/Sanchez/Sanchez_0059.png,4,False,True,False
data/v2/processed/fontsense_v2/images/train/serif/BatangChe/BatangChe_0093.png,data/v2/processed/fontsense_v2/images/train/serif/Libre_Caslon_Text/Libre_Caslon_Text_0065.png,4,False,True,False
data/v2/processed/fontsense_v2/images/train/serif/BatangChe/BatangChe_0093.png,data/v2/processed/fontsense_v2/images/train/serif/Rokkitt/Rokkitt_0032.png,4,False,True,False
data/v2/processed/fontsense_v2/images/train/serif/BatangChe/BatangChe_0093.png,data/v2/processed/fontsense_v2/images/train/serif/Rokkitt/Rokkitt_0054.png,4,False,True,False
data/v2/processed/fontsense_v2/images/train/serif/BatangChe/BatangChe_0093.png,data/v2/processed/fontsense_v2/images/train/serif/IM_Fell_Great_Primer/IM_Fell_Great_Primer_0075.png,4,False,True,False
data/v2/processed/fontsense_v2/images/train/serif/BatangChe/BatangChe_0094.png,data/v2/processed/fontsense_v2/images/train/serif/Sanchez/Sanchez_0002.png,4,False,True,False
data/v2/processed/fontsense_v2/images/train/serif/BatangChe/BatangChe_0094.png,data/v2/processed/fontsense_v2/images/train/serif/Noto_Serif_Ahom/Noto_Serif_Ahom_0006.png,4,False,True,False
data/v2/processed/fontsense_v2/images/train/serif/BatangChe/BatangChe_0094.png,data/v2/processed/fontsense_v2/images/train/serif/Noto_Serif_Ahom/Noto_Serif_Ahom_0070.png,4,False,True,False
data/v2/processed/fontsense_v2/images/train/serif/BatangChe/BatangChe_0095.png,data/v2/processed/fontsense_v2/images/train/serif/Sanchez/Sanchez_0029.png,4,False,True,False
data/v2/processed/fontsense_v2/images/train/serif/BatangChe/BatangChe_0096.png,data/v2/processed/fontsense_v2/images/train/serif/Rokkitt/Rokkitt_0040.png,4,False,True,False
data/v2/processed/fontsense_v2/images/train/serif/BatangChe/BatangChe_0096.png,data/v2/processed/fontsense_v2/images/train/serif/Rokkitt/Rokkitt_0060.png,4,False,True,False
data/v2/processed/fontsense_v2/images/train/serif/BatangChe/BatangChe_0096.png,data/v2/processed/fontsense_v2/images/train/serif/Rokkitt/Rokkitt_0083.png,4,False,True,False
data/v2/processed/fontsense_v2/images/train/serif/BatangChe/BatangChe_0096.png,data/v2/processed/fontsense_v2/images/train/serif/Quattrocento/Quattrocento_0038.png,4,False,True,False
data/v2/processed/fontsense_v2/images/train/serif/BatangChe/BatangChe_0096.png,data/v2/processed/fontsense_v2/images/train/serif/Quattrocento/Quattrocento_0056.png,4,False,True,False
data/v2/processed/fontsense_v2/images/train/serif/BatangChe/BatangChe_0096.png,data/v2/processed/fontsense_v2/images/train/serif/Sanchez/Sanchez_0023.png,4,False,True,False
data/v2/processed/fontsense_v2/images/train/serif/BatangChe/BatangChe_0096.png,data/v2/processed/fontsense_v2/images/train/serif/Sanchez/Sanchez_0042.png,4,False,True,False
data/v2/processed/fontsense_v2/images/train/serif/BatangChe/BatangChe_0096.png,data/v2/processed/fontsense_v2/images/train/serif/Sanchez/Sanchez_0053.png,4,False,True,False
data/v2/processed/fontsense_v2/images/train/serif/BatangChe/BatangChe_0096.png,data/v2/processed/fontsense_v2/images/train/serif/Sanchez/Sanchez_0079.png,4,False,True,False
data/v2/processed/fontsense_v2/images/train/serif/BatangChe/BatangChe_0096.png,data/v2/processed/fontsense_v2/images/train/serif/IM_Fell_Great_Primer/IM_Fell_Great_Primer_0097.png,4,False,True,False
data/v2/processed/fontsense_v2/images/train/serif/BatangChe/BatangChe_0099.png,data/v2/processed/fontsense_v2/images/train/serif/Rokkitt/Rokkitt_0000.png,4,False,True,False
data/v2/processed/fontsense_v2/images/train/serif/BatangChe/BatangChe_0099.png,data/v2/processed/fontsense_v2/images/train/serif/Quattrocento/Quattrocento_0006.png,4,False,True,False
data/v2/processed/fontsense_v2/images/train/serif/BatangChe/BatangChe_0099.png,data/v2/processed/fontsense_v2/images/train/serif/IM_Fell_Great_Primer/IM_Fell_Great_Primer_0030.png,4,False,True,False
data/v2/processed/fontsense_v2/images/train/serif/Domine/Domine_0000.png,data/v2/processed/fontsense_v2/images/train/serif/Sanchez/Sanchez_0055.png,4,False,True,False
data/v2/processed/fontsense_v2/images/train/serif/Domine/Domine_0000.png,data/v2/processed/fontsense_v2/images/train/serif/IM_Fell_Great_Primer/IM_Fell_Great_Primer_0035.png,4,False,True,False
data/v2/processed/fontsense_v2/images/train/serif/Domine/Domine_0005.png,data/v2/processed/fontsense_v2/images/train/serif/Yuji_Syuku/Yuji_Syuku_0027.png,4,False,True,False
data/v2/processed/fontsense_v2/images/train/serif/Domine/Domine_0005.png,data/v2/processed/fontsense_v2/images/train/serif/Yuji_Syuku/Yuji_Syuku_0034.png,4,False,True,False
data/v2/processed/fontsense_v2/images/train/serif/Domine/Domine_0007.png,data/v2/processed/fontsense_v2/images/train/serif/Domine/Domine_0035.png,4,True,True,False
data/v2/processed/fontsense_v2/images/train/serif/Domine/Domine_0007.png,data/v2/processed/fontsense_v2/images/train/serif/Rokkitt/Rokkitt_0058.png,4,False,True,False
data/v2/processed/fontsense_v2/images/train/serif/Domine/Domine_0011.png,data/v2/processed/fontsense_v2/images/train/serif/Yuji_Syuku/Yuji_Syuku_0072.png,4,False,True,False
data/v2/processed/fontsense_v2/images/train/serif/Domine/Domine_0011.png,data/v2/processed/fontsense_v2/images/train/serif/Libre_Caslon_Text/Libre_Caslon_Text_0038.png,4,False,True,False
data/v2/processed/fontsense_v2/images/train/serif/Domine/Domine_0011.png,data/v2/processed/fontsense_v2/images/train/serif/Quattrocento/Quattrocento_0029.png,4,False,True,False
data/v2/processed/fontsense_v2/images/train/serif/Domine/Domine_0012.png,data/v2/processed/fontsense_v2/images/train/serif/Rokkitt/Rokkitt_0090.png,4,False,True,False
data/v2/processed/fontsense_v2/images/train/serif/Domine/Domine_0013.png,data/v2/processed/fontsense_v2/images/train/serif/Domine/Domine_0098.png,4,True,True,False
data/v2/processed/fontsense_v2/images/train/serif/Domine/Domine_0014.png,data/v2/processed/fontsense_v2/images/train/serif/Libre_Caslon_Text/Libre_Caslon_Text_0096.png,4,False,True,False
data/v2/processed/fontsense_v2/images/train/serif/Domine/Domine_0016.png,data/v2/processed/fontsense_v2/images/train/serif/Domine/Domine_0026.png,4,True,True,False
data/v2/processed/fontsense_v2/images/train/serif/Domine/Domine_0016.png,data/v2/processed/fontsense_v2/images/train/serif/Yuji_Syuku/Yuji_Syuku_0039.png,4,False,True,False
data/v2/processed/fontsense_v2/images/train/serif/Domine/Domine_0016.png,data/v2/processed/fontsense_v2/images/train/serif/Rokkitt/Rokkitt_0090.png,4,False,True,False
data/v2/processed/fontsense_v2/images/train/serif/Domine/Domine_0019.png,data/v2/processed/fontsense_v2/images/train/serif/Yuji_Syuku/Yuji_Syuku_0095.png,4,False,True,False
data/v2/processed/fontsense_v2/images/train/serif/Domine/Domine_0019.png,data/v2/processed/fontsense_v2/images/train/serif/BatangChe/BatangChe_0078.png,4,False,True,False
data/v2/processed/fontsense_v2/images/train/serif/Domine/Domine_0019.png,data/v2/processed/fontsense_v2/images/train/serif/Libre_Caslon_Text/Libre_Caslon_Text_0004.png,4,False,True,False
data/v2/processed/fontsense_v2/images/train/serif/Domine/Domine_0019.png,data/v2/processed/fontsense_v2/images/train/serif/Rokkitt/Rokkitt_0023.png,4,False,True,False
data/v2/processed/fontsense_v2/images/train/serif/Domine/Domine_0019.png,data/v2/processed/fontsense_v2/images/train/serif/Rokkitt/Rokkitt_0069.png,4,False,True,False
data/v2/processed/fontsense_v2/images/train/serif/Domine/Domine_0019.png,data/v2/processed/fontsense_v2/images/train/serif/Quattrocento/Quattrocento_0019.png,4,False,True,False
data/v2/processed/fontsense_v2/images/train/serif/Domine/Domine_0019.png,data/v2/processed/fontsense_v2/images/train/serif/Quattrocento/Quattrocento_0035.png,4,False,True,False
data/v2/processed/fontsense_v2/images/train/serif/Domine/Domine_0019.png,data/v2/processed/fontsense_v2/images/train/serif/Quattrocento/Quattrocento_0088.png,4,False,True,False
data/v2/processed/fontsense_v2/images/train/serif/Domine/Domine_0019.png,data/v2/processed/fontsense_v2/images/train/serif/Noto_Serif_Ahom/Noto_Serif_Ahom_0043.png,4,False,True,False
data/v2/processed/fontsense_v2/images/train/serif/Domine/Domine_0020.png,data/v2/processed/fontsense_v2/images/train/serif/BatangChe/BatangChe_0096.png,4,False,True,False
data/v2/processed/fontsense_v2/images/train/serif/Domine/Domine_0022.png,data/v2/processed/fontsense_v2/images/train/serif/BatangChe/BatangChe_0098.png,4,False,True,False
data/v2/processed/fontsense_v2/images/train/serif/Domine/Domine_0024.png,data/v2/processed/fontsense_v2/images/train/serif/Yuji_Syuku/Yuji_Syuku_0068.png,4,False,True,False
data/v2/processed/fontsense_v2/images/train/serif/Domine/Domine_0024.png,data/v2/processed/fontsense_v2/images/train/serif/Libre_Caslon_Text/Libre_Caslon_Text_0063.png,4,False,True,False
data/v2/processed/fontsense_v2/images/train/serif/Domine/Domine_0026.png,data/v2/processed/fontsense_v2/images/train/serif/Rokkitt/Rokkitt_0090.png,4,False,True,False
data/v2/processed/fontsense_v2/images/train/serif/Domine/Domine_0030.png,data/v2/processed/fontsense_v2/images/train/serif/Sanchez/Sanchez_0048.png,4,False,True,False
data/v2/processed/fontsense_v2/images/train/serif/Domine/Domine_0030.png,data/v2/processed/fontsense_v2/images/train/serif/IM_Fell_Great_Primer/IM_Fell_Great_Primer_0059.png,4,False,True,False
data/v2/processed/fontsense_v2/images/train/serif/Domine/Domine_0040.png,data/v2/processed/fontsense_v2/images/train/serif/Quattrocento/Quattrocento_0085.png,4,False,True,False
data/v2/processed/fontsense_v2/images/train/serif/Domine/Domine_0040.png,data/v2/processed/fontsense_v2/images/train/serif/Noto_Serif_Ahom/Noto_Serif_Ahom_0047.png,4,False,True,False
data/v2/processed/fontsense_v2/images/train/serif/Domine/Domine_0041.png,data/v2/processed/fontsense_v2/images/train/serif/BatangChe/BatangChe_0018.png,4,False,True,False
data/v2/processed/fontsense_v2/images/train/serif/Domine/Domine_0042.png,data/v2/processed/fontsense_v2/images/train/serif/Libre_Caslon_Text/Libre_Caslon_Text_0045.png,4,False,True,False
data/v2/processed/fontsense_v2/images/train/serif/Domine/Domine_0042.png,data/v2/processed/fontsense_v2/images/train/serif/Quattrocento/Quattrocento_0084.png,4,False,True,False
data/v2/processed/fontsense_v2/images/train/serif/Domine/Domine_0042.png,data/v2/processed/fontsense_v2/images/train/serif/Sanchez/Sanchez_0028.png,4,False,True,False
data/v2/processed/fontsense_v2/images/train/serif/Domine/Domine_0043.png,data/v2/processed/fontsense_v2/images/train/serif/Quattrocento/Quattrocento_0077.png,4,False,True,False
data/v2/processed/fontsense_v2/images/train/serif/Domine/Domine_0043.png,data/v2/processed/fontsense_v2/images/train/serif/Sanchez/Sanchez_0059.png,4,False,True,False
data/v2/processed/fontsense_v2/images/train/serif/Domine/Domine_0044.png,data/v2/processed/fontsense_v2/images/train/serif/BatangChe/BatangChe_0067.png,4,False,True,False
data/v2/processed/fontsense_v2/images/train/serif/Domine/Domine_0044.png,data/v2/processed/fontsense_v2/images/train/serif/Sanchez/Sanchez_0006.png,4,False,True,False
data/v2/processed/fontsense_v2/images/train/serif/Domine/Domine_0044.png,data/v2/processed/fontsense_v2/images/train/serif/Noto_Serif_Ahom/Noto_Serif_Ahom_0024.png,4,False,True,False
data/v2/processed/fontsense_v2/images/train/serif/Domine/Domine_0045.png,data/v2/processed/fontsense_v2/images/train/serif/Sanchez/Sanchez_0020.png,4,False,True,False
data/v2/processed/fontsense_v2/images/train/serif/Domine/Domine_0047.png,data/v2/processed/fontsense_v2/images/train/serif/Domine/Domine_0056.png,4,True,True,False
data/v2/processed/fontsense_v2/images/train/serif/Domine/Domine_0049.png,data/v2/processed/fontsense_v2/images/train/serif/Domine/Domine_0066.png,4,True,True,False
data/v2/processed/fontsense_v2/images/train/serif/Domine/Domine_0049.png,data/v2/processed/fontsense_v2/images/train/serif/BatangChe/BatangChe_0092.png,4,False,True,False
data/v2/processed/fontsense_v2/images/train/serif/Domine/Domine_0050.png,data/v2/processed/fontsense_v2/images/train/serif/Sanchez/Sanchez_0041.png,4,False,True,False
data/v2/processed/fontsense_v2/images/train/serif/Domine/Domine_0052.png,data/v2/processed/fontsense_v2/images/train/serif/Yuji_Syuku/Yuji_Syuku_0027.png,4,False,True,False
data/v2/processed/fontsense_v2/images/train/serif/Domine/Domine_0052.png,data/v2/processed/fontsense_v2/images/train/serif/Yuji_Syuku/Yuji_Syuku_0078.png,4,False,True,False
data/v2/processed/fontsense_v2/images/train/serif/Domine/Domine_0052.png,data/v2/processed/fontsense_v2/images/train/serif/Rokkitt/Rokkitt_0062.png,4,False,True,False
data/v2/processed/fontsense_v2/images/train/serif/Domine/Domine_0052.png,data/v2/processed/fontsense_v2/images/train/serif/Quattrocento/Quattrocento_0061.png,4,False,True,False
data/v2/processed/fontsense_v2/images/train/serif/Domine/Domine_0052.png,data/v2/processed/fontsense_v2/images/train/serif/Quattrocento/Quattrocento_0080.png,4,False,True,False
data/v2/processed/fontsense_v2/images/train/serif/Domine/Domine_0052.png,data/v2/processed/fontsense_v2/images/train/serif/Quattrocento/Quattrocento_0093.png,4,False,True,False
data/v2/processed/fontsense_v2/images/train/serif/Domine/Domine_0052.png,data/v2/processed/fontsense_v2/images/train/serif/Sanchez/Sanchez_0010.png,4,False,True,False
data/v2/processed/fontsense_v2/images/train/serif/Domine/Domine_0052.png,data/v2/processed/fontsense_v2/images/train/serif/IM_Fell_Great_Primer/IM_Fell_Great_Primer_0020.png,4,False,True,False
data/v2/processed/fontsense_v2/images/train/serif/Domine/Domine_0052.png,data/v2/processed/fontsense_v2/images/train/serif/IM_Fell_Great_Primer/IM_Fell_Great_Primer_0090.png,4,False,True,False
data/v2/processed/fontsense_v2/images/train/serif/Domine/Domine_0052.png,data/v2/processed/fontsense_v2/images/train/serif/Noto_Serif_Ahom/Noto_Serif_Ahom_0030.png,4,False,True,False
data/v2/processed/fontsense_v2/images/train/serif/Domine/Domine_0053.png,data/v2/processed/fontsense_v2/images/train/serif/Domine/Domine_0068.png,4,True,True,False
data/v2/processed/fontsense_v2/images/train/serif/Domine/Domine_0053.png,data/v2/processed/fontsense_v2/images/train/serif/Domine/Domine_0090.png,4,True,True,False
data/v2/processed/fontsense_v2/images/train/serif/Domine/Domine_0053.png,data/v2/processed/fontsense_v2/images/train/serif/BatangChe/BatangChe_0016.png,4,False,True,False
data/v2/processed/fontsense_v2/images/train/serif/Domine/Domine_0053.png,data/v2/processed/fontsense_v2/images/train/serif/BatangChe/BatangChe_0028.png,4,False,True,False
data/v2/processed/fontsense_v2/images/train/serif/Domine/Domine_0053.png,data/v2/processed/fontsense_v2/images/train/serif/Libre_Caslon_Text/Libre_Caslon_Text_0017.png,4,False,True,False
data/v2/processed/fontsense_v2/images/train/serif/Domine/Domine_0053.png,data/v2/processed/fontsense_v2/images/train/serif/Libre_Caslon_Text/Libre_Caslon_Text_0087.png,4,False,True,False
data/v2/processed/fontsense_v2/images/train/serif/Domine/Domine_0053.png,data/v2/processed/fontsense_v2/images/train/serif/Rokkitt/Rokkitt_0039.png,4,False,True,False
data/v2/processed/fontsense_v2/images/train/serif/Domine/Domine_0053.png,data/v2/processed/fontsense_v2/images/train/serif/Sanchez/Sanchez_0031.png,4,False,True,False
data/v2/processed/fontsense_v2/images/train/serif/Domine/Domine_0053.png,data/v2/processed/fontsense_v2/images/train/serif/Sanchez/Sanchez_0053.png,4,False,True,False
data/v2/processed/fontsense_v2/images/train/serif/Domine/Domine_0053.png,data/v2/processed/fontsense_v2/images/train/serif/Sanchez/Sanchez_0096.png,4,False,True,False
data/v2/processed/fontsense_v2/images/train/serif/Domine/Domine_0053.png,data/v2/processed/fontsense_v2/images/train/serif/IM_Fell_Great_Primer/IM_Fell_Great_Primer_0072.png,4,False,True,False
data/v2/processed/fontsense_v2/images/train/serif/Domine/Domine_0055.png,data/v2/processed/fontsense_v2/images/train/serif/Yuji_Syuku/Yuji_Syuku_0044.png,4,False,True,False
data/v2/processed/fontsense_v2/images/train/serif/Domine/Domine_0055.png,data/v2/processed/fontsense_v2/images/train/serif/Sanchez/Sanchez_0064.png,4,False,True,False
data/v2/processed/fontsense_v2/images/train/serif/Domine/Domine_0056.png,data/v2/processed/fontsense_v2/images/train/serif/BatangChe/BatangChe_0014.png,4,False,True,False
data/v2/processed/fontsense_v2/images/train/serif/Domine/Domine_0057.png,data/v2/processed/fontsense_v2/images/train/serif/Yuji_Syuku/Yuji_Syuku_0073.png,4,False,True,False
data/v2/processed/fontsense_v2/images/train/serif/Domine/Domine_0058.png,data/v2/processed/fontsense_v2/images/train/serif/Yuji_Syuku/Yuji_Syuku_0031.png,4,False,True,False
data/v2/processed/fontsense_v2/images/train/serif/Domine/Domine_0058.png,data/v2/processed/fontsense_v2/images/train/serif/BatangChe/BatangChe_0035.png,4,False,True,False
data/v2/processed/fontsense_v2/images/train/serif/Domine/Domine_0058.png,data/v2/processed/fontsense_v2/images/train/serif/BatangChe/BatangChe_0038.png,4,False,True,False
data/v2/processed/fontsense_v2/images/train/serif/Domine/Domine_0060.png,data/v2/processed/fontsense_v2/images/train/serif/Yuji_Syuku/Yuji_Syuku_0029.png,4,False,True,False
data/v2/processed/fontsense_v2/images/train/serif/Domine/Domine_0060.png,data/v2/processed/fontsense_v2/images/train/serif/Yuji_Syuku/Yuji_Syuku_0045.png,4,False,True,False
data/v2/processed/fontsense_v2/images/train/serif/Domine/Domine_0060.png,data/v2/processed/fontsense_v2/images/train/serif/Yuji_Syuku/Yuji_Syuku_0074.png,4,False,True,False
data/v2/processed/fontsense_v2/images/train/serif/Domine/Domine_0060.png,data/v2/processed/fontsense_v2/images/train/serif/BatangChe/BatangChe_0094.png,4,False,True,False
data/v2/processed/fontsense_v2/images/train/serif/Domine/Domine_0060.png,data/v2/processed/fontsense_v2/images/train/serif/Libre_Caslon_Text/Libre_Caslon_Text_0008.png,4,False,True,False
data/v2/processed/fontsense_v2/images/train/serif/Domine/Domine_0060.png,data/v2/processed/fontsense_v2/images/train/serif/Rokkitt/Rokkitt_0066.png,4,False,True,False
data/v2/processed/fontsense_v2/images/train/serif/Domine/Domine_0060.png,data/v2/processed/fontsense_v2/images/train/serif/Rokkitt/Rokkitt_0071.png,4,False,True,False
data/v2/processed/fontsense_v2/images/train/serif/Domine/Domine_0060.png,data/v2/processed/fontsense_v2/images/train/serif/Rokkitt/Rokkitt_0072.png,4,False,True,False
data/v2/processed/fontsense_v2/images/train/serif/Domine/Domine_0060.png,data/v2/processed/fontsense_v2/images/train/serif/Quattrocento/Quattrocento_0028.png,4,False,True,False
data/v2/processed/fontsense_v2/images/train/serif/Domine/Domine_0060.png,data/v2/processed/fontsense_v2/images/train/serif/Sanchez/Sanchez_0023.png,4,False,True,False
data/v2/processed/fontsense_v2/images/train/serif/Domine/Domine_0060.png,data/v2/processed/fontsense_v2/images/train/serif/IM_Fell_Great_Primer/IM_Fell_Great_Primer_0021.png,4,False,True,False
data/v2/processed/fontsense_v2/images/train/serif/Domine/Domine_0060.png,data/v2/processed/fontsense_v2/images/train/serif/Noto_Serif_Ahom/Noto_Serif_Ahom_0029.png,4,False,True,False
data/v2/processed/fontsense_v2/images/train/serif/Domine/Domine_0062.png,data/v2/processed/fontsense_v2/images/train/serif/Rokkitt/Rokkitt_0000.png,4,False,True,False
data/v2/processed/fontsense_v2/images/train/serif/Domine/Domine_0062.png,data/v2/processed/fontsense_v2/images/train/serif/Rokkitt/Rokkitt_0042.png,4,False,True,False
data/v2/processed/fontsense_v2/images/train/serif/Domine/Domine_0063.png,data/v2/processed/fontsense_v2/images/train/serif/Yuji_Syuku/Yuji_Syuku_0028.png,4,False,True,False
data/v2/processed/fontsense_v2/images/train/serif/Domine/Domine_0063.png,data/v2/processed/fontsense_v2/images/train/serif/Rokkitt/Rokkitt_0081.png,4,False,True,False
data/v2/processed/fontsense_v2/images/train/serif/Domine/Domine_0066.png,data/v2/processed/fontsense_v2/images/train/serif/Yuji_Syuku/Yuji_Syuku_0001.png,4,False,True,False
data/v2/processed/fontsense_v2/images/train/serif/Domine/Domine_0068.png,data/v2/processed/fontsense_v2/images/train/serif/BatangChe/BatangChe_0075.png,4,False,True,False
data/v2/processed/fontsense_v2/images/train/serif/Domine/Domine_0068.png,data/v2/processed/fontsense_v2/images/train/serif/Libre_Caslon_Text/Libre_Caslon_Text_0067.png,4,False,True,False
data/v2/processed/fontsense_v2/images/train/serif/Domine/Domine_0068.png,data/v2/processed/fontsense_v2/images/train/serif/Quattrocento/Quattrocento_0076.png,4,False,True,False
data/v2/processed/fontsense_v2/images/train/serif/Domine/Domine_0068.png,data/v2/processed/fontsense_v2/images/train/serif/Sanchez/Sanchez_0013.png,4,False,True,False
data/v2/processed/fontsense_v2/images/train/serif/Domine/Domine_0068.png,data/v2/processed/fontsense_v2/images/train/serif/Sanchez/Sanchez_0076.png,4,False,True,False
data/v2/processed/fontsense_v2/images/train/serif/Domine/Domine_0068.png,data/v2/processed/fontsense_v2/images/train/serif/Noto_Serif_Ahom/Noto_Serif_Ahom_0039.png,4,False,True,False
data/v2/processed/fontsense_v2/images/train/serif/Domine/Domine_0068.png,data/v2/processed/fontsense_v2/images/train/serif/Noto_Serif_Ahom/Noto_Serif_Ahom_0059.png,4,False,True,False
data/v2/processed/fontsense_v2/images/train/serif/Domine/Domine_0069.png,data/v2/processed/fontsense_v2/images/train/serif/Domine/Domine_0070.png,4,True,True,False
data/v2/processed/fontsense_v2/images/train/serif/Domine/Domine_0069.png,data/v2/processed/fontsense_v2/images/train/serif/Yuji_Syuku/Yuji_Syuku_0023.png,4,False,True,False
data/v2/processed/fontsense_v2/images/train/serif/Domine/Domine_0069.png,data/v2/processed/fontsense_v2/images/train/serif/BatangChe/BatangChe_0045.png,4,False,True,False
data/v2/processed/fontsense_v2/images/train/serif/Domine/Domine_0073.png,data/v2/processed/fontsense_v2/images/train/serif/Domine/Domine_0097.png,4,True,True,False
data/v2/processed/fontsense_v2/images/train/serif/Domine/Domine_0073.png,data/v2/processed/fontsense_v2/images/train/serif/BatangChe/BatangChe_0030.png,4,False,True,False
data/v2/processed/fontsense_v2/images/train/serif/Domine/Domine_0073.png,data/v2/processed/fontsense_v2/images/train/serif/BatangChe/BatangChe_0072.png,4,False,True,False
data/v2/processed/fontsense_v2/images/train/serif/Domine/Domine_0074.png,data/v2/processed/fontsense_v2/images/train/serif/Yuji_Syuku/Yuji_Syuku_0090.png,4,False,True,False
data/v2/processed/fontsense_v2/images/train/serif/Domine/Domine_0074.png,data/v2/processed/fontsense_v2/images/train/serif/Sanchez/Sanchez_0008.png,4,False,True,False
data/v2/processed/fontsense_v2/images/train/serif/Domine/Domine_0078.png,data/v2/processed/fontsense_v2/images/train/serif/Yuji_Syuku/Yuji_Syuku_0034.png,4,False,True,False
data/v2/processed/fontsense_v2/images/train/serif/Domine/Domine_0078.png,data/v2/processed/fontsense_v2/images/train/serif/Rokkitt/Rokkitt_0037.png,4,False,True,False
data/v2/processed/fontsense_v2/images/train/serif/Domine/Domine_0078.png,data/v2/processed/fontsense_v2/images/train/serif/Rokkitt/Rokkitt_0049.png,4,False,True,False
data/v2/processed/fontsense_v2/images/train/serif/Domine/Domine_0078.png,data/v2/processed/fontsense_v2/images/train/serif/Quattrocento/Quattrocento_0015.png,4,False,True,False
data/v2/processed/fontsense_v2/images/train/serif/Domine/Domine_0078.png,data/v2/processed/fontsense_v2/images/train/serif/Noto_Serif_Ahom/Noto_Serif_Ahom_0014.png,4,False,True,False
data/v2/processed/fontsense_v2/images/train/serif/Domine/Domine_0079.png,data/v2/processed/fontsense_v2/images/train/serif/Noto_Serif_Ahom/Noto_Serif_Ahom_0029.png,4,False,True,False
data/v2/processed/fontsense_v2/images/train/serif/Domine/Domine_0080.png,data/v2/processed/fontsense_v2/images/train/serif/Libre_Caslon_Text/Libre_Caslon_Text_0009.png,4,False,True,False
data/v2/processed/fontsense_v2/images/train/serif/Domine/Domine_0080.png,data/v2/processed/fontsense_v2/images/train/serif/Libre_Caslon_Text/Libre_Caslon_Text_0097.png,4,False,True,False
data/v2/processed/fontsense_v2/images/train/serif/Domine/Domine_0080.png,data/v2/processed/fontsense_v2/images/train/serif/Sanchez/Sanchez_0059.png,4,False,True,False
data/v2/processed/fontsense_v2/images/train/serif/Domine/Domine_0081.png,data/v2/processed/fontsense_v2/images/train/serif/BatangChe/BatangChe_0001.png,4,False,True,False
data/v2/processed/fontsense_v2/images/train/serif/Domine/Domine_0082.png,data/v2/processed/fontsense_v2/images/train/serif/Sanchez/Sanchez_0095.png,4,False,True,False
data/v2/processed/fontsense_v2/images/train/serif/Domine/Domine_0083.png,data/v2/processed/fontsense_v2/images/train/serif/BatangChe/BatangChe_0041.png,4,False,True,False
data/v2/processed/fontsense_v2/images/train/serif/Domine/Domine_0084.png,data/v2/processed/fontsense_v2/images/train/serif/Sanchez/Sanchez_0084.png,4,False,True,False
data/v2/processed/fontsense_v2/images/train/serif/Domine/Domine_0084.png,data/v2/processed/fontsense_v2/images/train/serif/Sanchez/Sanchez_0096.png,4,False,True,False
data/v2/processed/fontsense_v2/images/train/serif/Domine/Domine_0084.png,data/v2/processed/fontsense_v2/images/train/serif/IM_Fell_Great_Primer/IM_Fell_Great_Primer_0023.png,4,False,True,False
data/v2/processed/fontsense_v2/images/train/serif/Domine/Domine_0090.png,data/v2/processed/fontsense_v2/images/train/serif/Domine/Domine_0091.png,4,True,True,False
data/v2/processed/fontsense_v2/images/train/serif/Domine/Domine_0090.png,data/v2/processed/fontsense_v2/images/train/serif/BatangChe/BatangChe_0016.png,4,False,True,False
data/v2/processed/fontsense_v2/images/train/serif/Domine/Domine_0090.png,data/v2/processed/fontsense_v2/images/train/serif/BatangChe/BatangChe_0028.png,4,False,True,False
data/v2/processed/fontsense_v2/images/train/serif/Domine/Domine_0090.png,data/v2/processed/fontsense_v2/images/train/serif/Libre_Caslon_Text/Libre_Caslon_Text_0000.png,4,False,True,False
data/v2/processed/fontsense_v2/images/train/serif/Domine/Domine_0090.png,data/v2/processed/fontsense_v2/images/train/serif/Libre_Caslon_Text/Libre_Caslon_Text_0071.png,4,False,True,False
data/v2/processed/fontsense_v2/images/train/serif/Domine/Domine_0092.png,data/v2/processed/fontsense_v2/images/train/serif/Sanchez/Sanchez_0001.png,4,False,True,False
data/v2/processed/fontsense_v2/images/train/serif/Domine/Domine_0092.png,data/v2/processed/fontsense_v2/images/train/serif/Sanchez/Sanchez_0030.png,4,False,True,False
data/v2/processed/fontsense_v2/images/train/serif/Domine/Domine_0092.png,data/v2/processed/fontsense_v2/images/train/serif/Sanchez/Sanchez_0093.png,4,False,True,False
data/v2/processed/fontsense_v2/images/train/serif/Domine/Domine_0092.png,data/v2/processed/fontsense_v2/images/train/serif/IM_Fell_Great_Primer/IM_Fell_Great_Primer_0032.png,4,False,True,False
data/v2/processed/fontsense_v2/images/train/serif/Domine/Domine_0094.png,data/v2/processed/fontsense_v2/images/train/serif/Libre_Caslon_Text/Libre_Caslon_Text_0076.png,4,False,True,False
data/v2/processed/fontsense_v2/images/train/serif/Domine/Domine_0095.png,data/v2/processed/fontsense_v2/images/train/serif/Yuji_Syuku/Yuji_Syuku_0029.png,4,False,True,False
data/v2/processed/fontsense_v2/images/train/serif/Domine/Domine_0095.png,data/v2/processed/fontsense_v2/images/train/serif/Rokkitt/Rokkitt_0098.png,4,False,True,False
data/v2/processed/fontsense_v2/images/train/serif/Domine/Domine_0095.png,data/v2/processed/fontsense_v2/images/train/serif/Noto_Serif_Ahom/Noto_Serif_Ahom_0006.png,4,False,True,False
data/v2/processed/fontsense_v2/images/train/serif/Domine/Domine_0096.png,data/v2/processed/fontsense_v2/images/train/serif/Yuji_Syuku/Yuji_Syuku_0069.png,4,False,True,False
data/v2/processed/fontsense_v2/images/train/serif/Domine/Domine_0097.png,data/v2/processed/fontsense_v2/images/train/serif/Libre_Caslon_Text/Libre_Caslon_Text_0000.png,4,False,True,False
data/v2/processed/fontsense_v2/images/train/serif/Domine/Domine_0097.png,data/v2/processed/fontsense_v2/images/train/serif/Noto_Serif_Ahom/Noto_Serif_Ahom_0025.png,4,False,True,False
data/v2/processed/fontsense_v2/images/train/serif/IM_Fell_Great_Primer/IM_Fell_Great_Primer_0001.png,data/v2/processed/fontsense_v2/images/train/serif/IM_Fell_Great_Primer/IM_Fell_Great_Primer_0052.png,4,True,True,False
data/v2/processed/fontsense_v2/images/train/serif/IM_Fell_Great_Primer/IM_Fell_Great_Primer_0003.png,data/v2/processed/fontsense_v2/images/train/serif/IM_Fell_Great_Primer/IM_Fell_Great_Primer_0073.png,4,True,True,False
data/v2/processed/fontsense_v2/images/train/serif/IM_Fell_Great_Primer/IM_Fell_Great_Primer_0003.png,data/v2/processed/fontsense_v2/images/train/serif/IM_Fell_Great_Primer/IM_Fell_Great_Primer_0099.png,4,True,True,False
data/v2/processed/fontsense_v2/images/train/serif/IM_Fell_Great_Primer/IM_Fell_Great_Primer_0003.png,data/v2/processed/fontsense_v2/images/train/serif/Noto_Serif_Ahom/Noto_Serif_Ahom_0012.png,4,False,True,False
data/v2/processed/fontsense_v2/images/train/serif/IM_Fell_Great_Primer/IM_Fell_Great_Primer_0003.png,data/v2/processed/fontsense_v2/images/train/serif/Noto_Serif_Ahom/Noto_Serif_Ahom_0059.png,4,False,True,False
data/v2/processed/fontsense_v2/images/train/serif/IM_Fell_Great_Primer/IM_Fell_Great_Primer_0005.png,data/v2/processed/fontsense_v2/images/train/serif/IM_Fell_Great_Primer/IM_Fell_Great_Primer_0084.png,4,True,True,False
data/v2/processed/fontsense_v2/images/train/serif/IM_Fell_Great_Primer/IM_Fell_Great_Primer_0005.png,data/v2/processed/fontsense_v2/images/train/serif/Noto_Serif_Ahom/Noto_Serif_Ahom_0020.png,4,False,True,False
data/v2/processed/fontsense_v2/images/train/serif/IM_Fell_Great_Primer/IM_Fell_Great_Primer_0008.png,data/v2/processed/fontsense_v2/images/train/serif/IM_Fell_Great_Primer/IM_Fell_Great_Primer_0069.png,4,True,True,False
data/v2/processed/fontsense_v2/images/train/serif/IM_Fell_Great_Primer/IM_Fell_Great_Primer_0010.png,data/v2/processed/fontsense_v2/images/train/serif/IM_Fell_Great_Primer/IM_Fell_Great_Primer_0039.png,4,True,True,False
data/v2/processed/fontsense_v2/images/train/serif/IM_Fell_Great_Primer/IM_Fell_Great_Primer_0010.png,data/v2/processed/fontsense_v2/images/train/serif/IM_Fell_Great_Primer/IM_Fell_Great_Primer_0090.png,4,True,True,False
data/v2/processed/fontsense_v2/images/train/serif/IM_Fell_Great_Primer/IM_Fell_Great_Primer_0011.png,data/v2/processed/fontsense_v2/images/train/serif/IM_Fell_Great_Primer/IM_Fell_Great_Primer_0052.png,4,True,True,False
data/v2/processed/fontsense_v2/images/train/serif/IM_Fell_Great_Primer/IM_Fell_Great_Primer_0012.png,data/v2/processed/fontsense_v2/images/train/serif/IM_Fell_Great_Primer/IM_Fell_Great_Primer_0076.png,4,True,True,False
data/v2/processed/fontsense_v2/images/train/serif/IM_Fell_Great_Primer/IM_Fell_Great_Primer_0012.png,data/v2/processed/fontsense_v2/images/train/serif/IM_Fell_Great_Primer/IM_Fell_Great_Primer_0098.png,4,True,True,False
data/v2/processed/fontsense_v2/images/train/serif/IM_Fell_Great_Primer/IM_Fell_Great_Primer_0020.png,data/v2/processed/fontsense_v2/images/train/serif/IM_Fell_Great_Primer/IM_Fell_Great_Primer_0030.png,4,True,True,False
data/v2/processed/fontsense_v2/images/train/serif/IM_Fell_Great_Primer/IM_Fell_Great_Primer_0021.png,data/v2/processed/fontsense_v2/images/train/serif/IM_Fell_Great_Primer/IM_Fell_Great_Primer_0076.png,4,True,True,False
data/v2/processed/fontsense_v2/images/train/serif/IM_Fell_Great_Primer/IM_Fell_Great_Primer_0022.png,data/v2/processed/fontsense_v2/images/train/serif/IM_Fell_Great_Primer/IM_Fell_Great_Primer_0048.png,4,True,True,False
data/v2/processed/fontsense_v2/images/train/serif/IM_Fell_Great_Primer/IM_Fell_Great_Primer_0025.png,data/v2/processed/fontsense_v2/images/train/serif/IM_Fell_Great_Primer/IM_Fell_Great_Primer_0036.png,4,True,True,False
data/v2/processed/fontsense_v2/images/train/serif/IM_Fell_Great_Primer/IM_Fell_Great_Primer_0029.png,data/v2/processed/fontsense_v2/images/train/serif/Noto_Serif_Ahom/Noto_Serif_Ahom_0026.png,4,False,True,False
data/v2/processed/fontsense_v2/images/train/serif/IM_Fell_Great_Primer/IM_Fell_Great_Primer_0030.png,data/v2/processed/fontsense_v2/images/train/serif/Noto_Serif_Ahom/Noto_Serif_Ahom_0071.png,4,False,True,False
data/v2/processed/fontsense_v2/images/train/serif/IM_Fell_Great_Primer/IM_Fell_Great_Primer_0032.png,data/v2/processed/fontsense_v2/images/train/serif/IM_Fell_Great_Primer/IM_Fell_Great_Primer_0033.png,4,True,True,False
data/v2/processed/fontsense_v2/images/train/serif/IM_Fell_Great_Primer/IM_Fell_Great_Primer_0034.png,data/v2/processed/fontsense_v2/images/train/serif/IM_Fell_Great_Primer/IM_Fell_Great_Primer_0050.png,4,True,True,False
data/v2/processed/fontsense_v2/images/train/serif/IM_Fell_Great_Primer/IM_Fell_Great_Primer_0037.png,data/v2/processed/fontsense_v2/images/train/serif/Noto_Serif_Ahom/Noto_Serif_Ahom_0012.png,4,False,True,False
data/v2/processed/fontsense_v2/images/train/serif/IM_Fell_Great_Primer/IM_Fell_Great_Primer_0037.png,data/v2/processed/fontsense_v2/images/train/serif/Noto_Serif_Ahom/Noto_Serif_Ahom_0070.png,4,False,True,False
data/v2/processed/fontsense_v2/images/train/serif/IM_Fell_Great_Primer/IM_Fell_Great_Primer_0039.png,data/v2/processed/fontsense_v2/images/train/serif/IM_Fell_Great_Primer/IM_Fell_Great_Primer_0066.png,4,True,True,False
data/v2/processed/fontsense_v2/images/train/serif/IM_Fell_Great_Primer/IM_Fell_Great_Primer_0039.png,data/v2/processed/fontsense_v2/images/train/serif/IM_Fell_Great_Primer/IM_Fell_Great_Primer_0093.png,4,True,True,False
data/v2/processed/fontsense_v2/images/train/serif/IM_Fell_Great_Primer/IM_Fell_Great_Primer_0047.png,data/v2/processed/fontsense_v2/images/train/serif/IM_Fell_Great_Primer/IM_Fell_Great_Primer_0099.png,4,True,True,False
data/v2/processed/fontsense_v2/images/train/serif/IM_Fell_Great_Primer/IM_Fell_Great_Primer_0052.png,data/v2/processed/fontsense_v2/images/train/serif/Noto_Serif_Ahom/Noto_Serif_Ahom_0038.png,4,False,True,False
data/v2/processed/fontsense_v2/images/train/serif/IM_Fell_Great_Primer/IM_Fell_Great_Primer_0055.png,data/v2/processed/fontsense_v2/images/train/serif/IM_Fell_Great_Primer/IM_Fell_Great_Primer_0084.png,4,True,True,False
data/v2/processed/fontsense_v2/images/train/serif/IM_Fell_Great_Primer/IM_Fell_Great_Primer_0055.png,data/v2/processed/fontsense_v2/images/train/serif/Noto_Serif_Ahom/Noto_Serif_Ahom_0020.png,4,False,True,False
data/v2/processed/fontsense_v2/images/train/serif/IM_Fell_Great_Primer/IM_Fell_Great_Primer_0057.png,data/v2/processed/fontsense_v2/images/train/serif/IM_Fell_Great_Primer/IM_Fell_Great_Primer_0063.png,4,True,True,False
data/v2/processed/fontsense_v2/images/train/serif/IM_Fell_Great_Primer/IM_Fell_Great_Primer_0058.png,data/v2/processed/fontsense_v2/images/train/serif/Noto_Serif_Ahom/Noto_Serif_Ahom_0020.png,4,False,True,False
data/v2/processed/fontsense_v2/images/train/serif/IM_Fell_Great_Primer/IM_Fell_Great_Primer_0058.png,data/v2/processed/fontsense_v2/images/train/serif/Noto_Serif_Ahom/Noto_Serif_Ahom_0039.png,4,False,True,False
data/v2/processed/fontsense_v2/images/train/serif/IM_Fell_Great_Primer/IM_Fell_Great_Primer_0059.png,data/v2/processed/fontsense_v2/images/train/serif/Noto_Serif_Ahom/Noto_Serif_Ahom_0004.png,4,False,True,False
data/v2/processed/fontsense_v2/images/train/serif/IM_Fell_Great_Primer/IM_Fell_Great_Primer_0059.png,data/v2/processed/fontsense_v2/images/train/serif/Noto_Serif_Ahom/Noto_Serif_Ahom_0019.png,4,False,True,False
data/v2/processed/fontsense_v2/images/train/serif/IM_Fell_Great_Primer/IM_Fell_Great_Primer_0060.png,data/v2/processed/fontsense_v2/images/train/serif/IM_Fell_Great_Primer/IM_Fell_Great_Primer_0069.png,4,True,True,False
data/v2/processed/fontsense_v2/images/train/serif/IM_Fell_Great_Primer/IM_Fell_Great_Primer_0062.png,data/v2/processed/fontsense_v2/images/train/serif/IM_Fell_Great_Primer/IM_Fell_Great_Primer_0090.png,4,True,True,False
data/v2/processed/fontsense_v2/images/train/serif/IM_Fell_Great_Primer/IM_Fell_Great_Primer_0062.png,data/v2/processed/fontsense_v2/images/train/serif/Noto_Serif_Ahom/Noto_Serif_Ahom_0066.png,4,False,True,False
data/v2/processed/fontsense_v2/images/train/serif/IM_Fell_Great_Primer/IM_Fell_Great_Primer_0063.png,data/v2/processed/fontsense_v2/images/train/serif/Noto_Serif_Ahom/Noto_Serif_Ahom_0018.png,4,False,True,False
data/v2/processed/fontsense_v2/images/train/serif/IM_Fell_Great_Primer/IM_Fell_Great_Primer_0065.png,data/v2/processed/fontsense_v2/images/train/serif/Noto_Serif_Ahom/Noto_Serif_Ahom_0069.png,4,False,True,False
data/v2/processed/fontsense_v2/images/train/serif/IM_Fell_Great_Primer/IM_Fell_Great_Primer_0072.png,data/v2/processed/fontsense_v2/images/train/serif/IM_Fell_Great_Primer/IM_Fell_Great_Primer_0099.png,4,True,True,False
data/v2/processed/fontsense_v2/images/train/serif/IM_Fell_Great_Primer/IM_Fell_Great_Primer_0072.png,data/v2/processed/fontsense_v2/images/train/serif/Noto_Serif_Ahom/Noto_Serif_Ahom_0040.png,4,False,True,False
data/v2/processed/fontsense_v2/images/train/serif/IM_Fell_Great_Primer/IM_Fell_Great_Primer_0074.png,data/v2/processed/fontsense_v2/images/train/serif/Noto_Serif_Ahom/Noto_Serif_Ahom_0067.png,4,False,True,False
data/v2/processed/fontsense_v2/images/train/serif/IM_Fell_Great_Primer/IM_Fell_Great_Primer_0075.png,data/v2/processed/fontsense_v2/images/train/serif/IM_Fell_Great_Primer/IM_Fell_Great_Primer_0089.png,4,True,True,False
data/v2/processed/fontsense_v2/images/train/serif/IM_Fell_Great_Primer/IM_Fell_Great_Primer_0076.png,data/v2/processed/fontsense_v2/images/train/serif/Noto_Serif_Ahom/Noto_Serif_Ahom_0006.png,4,False,True,False
data/v2/processed/fontsense_v2/images/train/serif/IM_Fell_Great_Primer/IM_Fell_Great_Primer_0077.png,data/v2/processed/fontsense_v2/images/train/serif/Noto_Serif_Ahom/Noto_Serif_Ahom_0000.png,4,False,True,False
data/v2/processed/fontsense_v2/images/train/serif/IM_Fell_Great_Primer/IM_Fell_Great_Primer_0077.png,data/v2/processed/fontsense_v2/images/train/serif/Noto_Serif_Ahom/Noto_Serif_Ahom_0021.png,4,False,True,False
data/v2/processed/fontsense_v2/images/train/serif/IM_Fell_Great_Primer/IM_Fell_Great_Primer_0078.png,data/v2/processed/fontsense_v2/images/train/serif/IM_Fell_Great_Primer/IM_Fell_Great_Primer_0084.png,4,True,True,False
data/v2/processed/fontsense_v2/images/train/serif/IM_Fell_Great_Primer/IM_Fell_Great_Primer_0086.png,data/v2/processed/fontsense_v2/images/train/serif/Noto_Serif_Ahom/Noto_Serif_Ahom_0013.png,4,False,True,False
data/v2/processed/fontsense_v2/images/train/serif/IM_Fell_Great_Primer/IM_Fell_Great_Primer_0097.png,data/v2/processed/fontsense_v2/images/train/serif/Noto_Serif_Ahom/Noto_Serif_Ahom_0040.png,4,False,True,False
data/v2/processed/fontsense_v2/images/train/serif/IM_Fell_Great_Primer/IM_Fell_Great_Primer_0097.png,data/v2/processed/fontsense_v2/images/train/serif/Noto_Serif_Ahom/Noto_Serif_Ahom_0061.png,4,False,True,False
data/v2/processed/fontsense_v2/images/train/serif/IM_Fell_Great_Primer/IM_Fell_Great_Primer_0098.png,data/v2/processed/fontsense_v2/images/train/serif/Noto_Serif_Ahom/Noto_Serif_Ahom_0029.png,4,False,True,False
data/v2/processed/fontsense_v2/images/train/serif/IM_Fell_Great_Primer/IM_Fell_Great_Primer_0098.png,data/v2/processed/fontsense_v2/images/train/serif/Noto_Serif_Ahom/Noto_Serif_Ahom_0060.png,4,False,True,False
data/v2/processed/fontsense_v2/images/train/serif/IM_Fell_Great_Primer/IM_Fell_Great_Primer_0099.png,data/v2/processed/fontsense_v2/images/train/serif/Noto_Serif_Ahom/Noto_Serif_Ahom_0059.png,4,False,True,False
data/v2/processed/fontsense_v2/images/train/serif/Libre_Caslon_Text/Libre_Caslon_Text_0000.png,data/v2/processed/fontsense_v2/images/train/serif/Libre_Caslon_Text/Libre_Caslon_Text_0044.png,4,True,True,False
data/v2/processed/fontsense_v2/images/train/serif/Libre_Caslon_Text/Libre_Caslon_Text_0001.png,data/v2/processed/fontsense_v2/images/train/serif/Sanchez/Sanchez_0092.png,4,False,True,False
data/v2/processed/fontsense_v2/images/train/serif/Libre_Caslon_Text/Libre_Caslon_Text_0003.png,data/v2/processed/fontsense_v2/images/train/serif/Sanchez/Sanchez_0027.png,4,False,True,False
data/v2/processed/fontsense_v2/images/train/serif/Libre_Caslon_Text/Libre_Caslon_Text_0004.png,data/v2/processed/fontsense_v2/images/train/serif/Libre_Caslon_Text/Libre_Caslon_Text_0030.png,4,True,True,False
data/v2/processed/fontsense_v2/images/train/serif/Libre_Caslon_Text/Libre_Caslon_Text_0004.png,data/v2/processed/fontsense_v2/images/train/serif/Rokkitt/Rokkitt_0023.png,4,False,True,False
data/v2/processed/fontsense_v2/images/train/serif/Libre_Caslon_Text/Libre_Caslon_Text_0004.png,data/v2/processed/fontsense_v2/images/train/serif/Rokkitt/Rokkitt_0069.png,4,False,True,False
data/v2/processed/fontsense_v2/images/train/serif/Libre_Caslon_Text/Libre_Caslon_Text_0004.png,data/v2/processed/fontsense_v2/images/train/serif/Quattrocento/Quattrocento_0019.png,4,False,True,False
data/v2/processed/fontsense_v2/images/train/serif/Libre_Caslon_Text/Libre_Caslon_Text_0004.png,data/v2/processed/fontsense_v2/images/train/serif/Quattrocento/Quattrocento_0092.png,4,False,True,False
data/v2/processed/fontsense_v2/images/train/serif/Libre_Caslon_Text/Libre_Caslon_Text_0008.png,data/v2/processed/fontsense_v2/images/train/serif/Rokkitt/Rokkitt_0066.png,4,False,True,False
data/v2/processed/fontsense_v2/images/train/serif/Libre_Caslon_Text/Libre_Caslon_Text_0008.png,data/v2/processed/fontsense_v2/images/train/serif/Sanchez/Sanchez_0002.png,4,False,True,False
data/v2/processed/fontsense_v2/images/train/serif/Libre_Caslon_Text/Libre_Caslon_Text_0008.png,data/v2/processed/fontsense_v2/images/train/serif/IM_Fell_Great_Primer/IM_Fell_Great_Primer_0021.png,4,False,True,False
data/v2/processed/fontsense_v2/images/train/serif/Libre_Caslon_Text/Libre_Caslon_Text_0009.png,data/v2/processed/fontsense_v2/images/train/serif/Rokkitt/Rokkitt_0065.png,4,False,True,False
data/v2/processed/fontsense_v2/images/train/serif/Libre_Caslon_Text/Libre_Caslon_Text_0009.png,data/v2/processed/fontsense_v2/images/train/serif/Sanchez/Sanchez_0059.png,4,False,True,False
data/v2/processed/fontsense_v2/images/train/serif/Libre_Caslon_Text/Libre_Caslon_Text_0009.png,data/v2/processed/fontsense_v2/images/train/serif/IM_Fell_Great_Primer/IM_Fell_Great_Primer_0056.png,4,False,True,False
data/v2/processed/fontsense_v2/images/train/serif/Libre_Caslon_Text/Libre_Caslon_Text_0011.png,data/v2/processed/fontsense_v2/images/train/serif/Quattrocento/Quattrocento_0020.png,4,False,True,False
data/v2/processed/fontsense_v2/images/train/serif/Libre_Caslon_Text/Libre_Caslon_Text_0011.png,data/v2/processed/fontsense_v2/images/train/serif/Quattrocento/Quattrocento_0065.png,4,False,True,False
data/v2/processed/fontsense_v2/images/train/serif/Libre_Caslon_Text/Libre_Caslon_Text_0011.png,data/v2/processed/fontsense_v2/images/train/serif/IM_Fell_Great_Primer/IM_Fell_Great_Primer_0025.png,4,False,True,False
data/v2/processed/fontsense_v2/images/train/serif/Libre_Caslon_Text/Libre_Caslon_Text_0013.png,data/v2/processed/fontsense_v2/images/train/serif/Libre_Caslon_Text/Libre_Caslon_Text_0093.png,4,True,True,False
data/v2/processed/fontsense_v2/images/train/serif/Libre_Caslon_Text/Libre_Caslon_Text_0013.png,data/v2/processed/fontsense_v2/images/train/serif/IM_Fell_Great_Primer/IM_Fell_Great_Primer_0041.png,4,False,True,False
data/v2/processed/fontsense_v2/images/train/serif/Libre_Caslon_Text/Libre_Caslon_Text_0017.png,data/v2/processed/fontsense_v2/images/train/serif/Sanchez/Sanchez_0031.png,4,False,True,False
data/v2/processed/fontsense_v2/images/train/serif/Libre_Caslon_Text/Libre_Caslon_Text_0017.png,data/v2/processed/fontsense_v2/images/train/serif/IM_Fell_Great_Primer/IM_Fell_Great_Primer_0072.png,4,False,True,False
data/v2/processed/fontsense_v2/images/train/serif/Libre_Caslon_Text/Libre_Caslon_Text_0018.png,data/v2/processed/fontsense_v2/images/train/serif/Rokkitt/Rokkitt_0006.png,4,False,True,False
data/v2/processed/fontsense_v2/images/train/serif/Libre_Caslon_Text/Libre_Caslon_Text_0022.png,data/v2/processed/fontsense_v2/images/train/serif/Sanchez/Sanchez_0023.png,4,False,True,False
data/v2/processed/fontsense_v2/images/train/serif/Libre_Caslon_Text/Libre_Caslon_Text_0022.png,data/v2/processed/fontsense_v2/images/train/serif/Sanchez/Sanchez_0049.png,4,False,True,False
data/v2/processed/fontsense_v2/images/train/serif/Libre_Caslon_Text/Libre_Caslon_Text_0022.png,data/v2/processed/fontsense_v2/images/train/serif/Noto_Serif_Ahom/Noto_Serif_Ahom_0035.png,4,False,True,False
data/v2/processed/fontsense_v2/images/train/serif/Libre_Caslon_Text/Libre_Caslon_Text_0025.png,data/v2/processed/fontsense_v2/images/train/serif/Libre_Caslon_Text/Libre_Caslon_Text_0075.png,4,True,True,False
data/v2/processed/fontsense_v2/images/train/serif/Libre_Caslon_Text/Libre_Caslon_Text_0026.png,data/v2/processed/fontsense_v2/images/train/serif/Noto_Serif_Ahom/Noto_Serif_Ahom_0013.png,4,False,True,False
data/v2/processed/fontsense_v2/images/train/serif/Libre_Caslon_Text/Libre_Caslon_Text_0030.png,data/v2/processed/fontsense_v2/images/train/serif/Rokkitt/Rokkitt_0023.png,4,False,True,False
data/v2/processed/fontsense_v2/images/train/serif/Libre_Caslon_Text/Libre_Caslon_Text_0030.png,data/v2/processed/fontsense_v2/images/train/serif/Rokkitt/Rokkitt_0029.png,4,False,True,False
data/v2/processed/fontsense_v2/images/train/serif/Libre_Caslon_Text/Libre_Caslon_Text_0030.png,data/v2/processed/fontsense_v2/images/train/serif/Rokkitt/Rokkitt_0053.png,4,False,True,False
data/v2/processed/fontsense_v2/images/train/serif/Libre_Caslon_Text/Libre_Caslon_Text_0030.png,data/v2/processed/fontsense_v2/images/train/serif/Quattrocento/Quattrocento_0018.png,4,False,True,False
data/v2/processed/fontsense_v2/images/train/serif/Libre_Caslon_Text/Libre_Caslon_Text_0030.png,data/v2/processed/fontsense_v2/images/train/serif/Quattrocento/Quattrocento_0019.png,4,False,True,False
data/v2/processed/fontsense_v2/images/train/serif/Libre_Caslon_Text/Libre_Caslon_Text_0030.png,data/v2/processed/fontsense_v2/images/train/serif/Quattrocento/Quattrocento_0088.png,4,False,True,False
data/v2/processed/fontsense_v2/images/train/serif/Libre_Caslon_Text/Libre_Caslon_Text_0031.png,data/v2/processed/fontsense_v2/images/train/serif/Noto_Serif_Ahom/Noto_Serif_Ahom_0034.png,4,False,True,False
data/v2/processed/fontsense_v2/images/train/serif/Libre_Caslon_Text/Libre_Caslon_Text_0033.png,data/v2/processed/fontsense_v2/images/train/serif/Rokkitt/Rokkitt_0058.png,4,False,True,False
data/v2/processed/fontsense_v2/images/train/serif/Libre_Caslon_Text/Libre_Caslon_Text_0035.png,data/v2/processed/fontsense_v2/images/train/serif/Noto_Serif_Ahom/Noto_Serif_Ahom_0050.png,4,False,True,False
data/v2/processed/fontsense_v2/images/train/serif/Libre_Caslon_Text/Libre_Caslon_Text_0036.png,data/v2/processed/fontsense_v2/images/train/serif/Quattrocento/Quattrocento_0068.png,4,False,True,False
data/v2/processed/fontsense_v2/images/train/serif/Libre_Caslon_Text/Libre_Caslon_Text_0036.png,data/v2/processed/fontsense_v2/images/train/serif/Sanchez/Sanchez_0094.png,4,False,True,False
data/v2/processed/fontsense_v2/images/train/serif/Libre_Caslon_Text/Libre_Caslon_Text_0036.png,data/v2/processed/fontsense_v2/images/train/serif/IM_Fell_Great_Primer/IM_Fell_Great_Primer_0062.png,4,False,True,False
data/v2/processed/fontsense_v2/images/train/serif/Libre_Caslon_Text/Libre_Caslon_Text_0038.png,data/v2/processed/fontsense_v2/images/train/serif/Rokkitt/Rokkitt_0041.png,4,False,True,False
data/v2/processed/fontsense_v2/images/train/serif/Libre_Caslon_Text/Libre_Caslon_Text_0041.png,data/v2/processed/fontsense_v2/images/train/serif/Sanchez/Sanchez_0043.png,4,False,True,False
data/v2/processed/fontsense_v2/images/train/serif/Libre_Caslon_Text/Libre_Caslon_Text_0043.png,data/v2/processed/fontsense_v2/images/train/serif/Sanchez/Sanchez_0029.png,4,False,True,False
data/v2/processed/fontsense_v2/images/train/serif/Libre_Caslon_Text/Libre_Caslon_Text_0043.png,data/v2/processed/fontsense_v2/images/train/serif/Sanchez/Sanchez_0042.png,4,False,True,False
data/v2/processed/fontsense_v2/images/train/serif/Libre_Caslon_Text/Libre_Caslon_Text_0043.png,data/v2/processed/fontsense_v2/images/train/serif/IM_Fell_Great_Primer/IM_Fell_Great_Primer_0037.png,4,False,True,False
data/v2/processed/fontsense_v2/images/train/serif/Libre_Caslon_Text/Libre_Caslon_Text_0043.png,data/v2/processed/fontsense_v2/images/train/serif/Noto_Serif_Ahom/Noto_Serif_Ahom_0070.png,4,False,True,False
data/v2/processed/fontsense_v2/images/train/serif/Libre_Caslon_Text/Libre_Caslon_Text_0044.png,data/v2/processed/fontsense_v2/images/train/serif/Libre_Caslon_Text/Libre_Caslon_Text_0045.png,4,True,True,False
data/v2/processed/fontsense_v2/images/train/serif/Libre_Caslon_Text/Libre_Caslon_Text_0044.png,data/v2/processed/fontsense_v2/images/train/serif/Libre_Caslon_Text/Libre_Caslon_Text_0095.png,4,True,True,False
data/v2/processed/fontsense_v2/images/train/serif/Libre_Caslon_Text/Libre_Caslon_Text_0044.png,data/v2/processed/fontsense_v2/images/train/serif/Sanchez/Sanchez_0035.png,4,False,True,False
data/v2/processed/fontsense_v2/images/train/serif/Libre_Caslon_Text/Libre_Caslon_Text_0045.png,data/v2/processed/fontsense_v2/images/train/serif/Rokkitt/Rokkitt_0096.png,4,False,True,False
data/v2/processed/fontsense_v2/images/train/serif/Libre_Caslon_Text/Libre_Caslon_Text_0045.png,data/v2/processed/fontsense_v2/images/train/serif/Sanchez/Sanchez_0028.png,4,False,True,False
data/v2/processed/fontsense_v2/images/train/serif/Libre_Caslon_Text/Libre_Caslon_Text_0045.png,data/v2/processed/fontsense_v2/images/train/serif/Sanchez/Sanchez_0081.png,4,False,True,False
data/v2/processed/fontsense_v2/images/train/serif/Libre_Caslon_Text/Libre_Caslon_Text_0047.png,data/v2/processed/fontsense_v2/images/train/serif/Rokkitt/Rokkitt_0063.png,4,False,True,False
data/v2/processed/fontsense_v2/images/train/serif/Libre_Caslon_Text/Libre_Caslon_Text_0048.png,data/v2/processed/fontsense_v2/images/train/serif/Sanchez/Sanchez_0031.png,4,False,True,False
data/v2/processed/fontsense_v2/images/train/serif/Libre_Caslon_Text/Libre_Caslon_Text_0048.png,data/v2/processed/fontsense_v2/images/train/serif/Sanchez/Sanchez_0075.png,4,False,True,False
data/v2/processed/fontsense_v2/images/train/serif/Libre_Caslon_Text/Libre_Caslon_Text_0048.png,data/v2/processed/fontsense_v2/images/train/serif/Sanchez/Sanchez_0081.png,4,False,True,False
data/v2/processed/fontsense_v2/images/train/serif/Libre_Caslon_Text/Libre_Caslon_Text_0048.png,data/v2/processed/fontsense_v2/images/train/serif/IM_Fell_Great_Primer/IM_Fell_Great_Primer_0072.png,4,False,True,False
data/v2/processed/fontsense_v2/images/train/serif/Libre_Caslon_Text/Libre_Caslon_Text_0048.png,data/v2/processed/fontsense_v2/images/train/serif/Noto_Serif_Ahom/Noto_Serif_Ahom_0049.png,4,False,True,False
data/v2/processed/fontsense_v2/images/train/serif/Libre_Caslon_Text/Libre_Caslon_Text_0052.png,data/v2/processed/fontsense_v2/images/train/serif/Sanchez/Sanchez_0005.png,4,False,True,False
data/v2/processed/fontsense_v2/images/train/serif/Libre_Caslon_Text/Libre_Caslon_Text_0052.png,data/v2/processed/fontsense_v2/images/train/serif/IM_Fell_Great_Primer/IM_Fell_Great_Primer_0005.png,4,False,True,False
data/v2/processed/fontsense_v2/images/train/serif/Libre_Caslon_Text/Libre_Caslon_Text_0052.png,data/v2/processed/fontsense_v2/images/train/serif/IM_Fell_Great_Primer/IM_Fell_Great_Primer_0055.png,4,False,True,False
data/v2/processed/fontsense_v2/images/train/serif/Libre_Caslon_Text/Libre_Caslon_Text_0052.png,data/v2/processed/fontsense_v2/images/train/serif/IM_Fell_Great_Primer/IM_Fell_Great_Primer_0058.png,4,False,True,False
data/v2/processed/fontsense_v2/images/train/serif/Libre_Caslon_Text/Libre_Caslon_Text_0052.png,data/v2/processed/fontsense_v2/images/train/serif/Noto_Serif_Ahom/Noto_Serif_Ahom_0020.png,4,False,True,False
data/v2/processed/fontsense_v2/images/train/serif/Libre_Caslon_Text/Libre_Caslon_Text_0053.png,data/v2/processed/fontsense_v2/images/train/serif/Rokkitt/Rokkitt_0070.png,4,False,True,False
data/v2/processed/fontsense_v2/images/train/serif/Libre_Caslon_Text/Libre_Caslon_Text_0053.png,data/v2/processed/fontsense_v2/images/train/serif/Quattrocento/Quattrocento_0074.png,4,False,True,False
data/v2/processed/fontsense_v2/images/train/serif/Libre_Caslon_Text/Libre_Caslon_Text_0053.png,data/v2/processed/fontsense_v2/images/train/serif/Noto_Serif_Ahom/Noto_Serif_Ahom_0050.png,4,False,True,False
data/v2/processed/fontsense_v2/images/train/serif/Libre_Caslon_Text/Libre_Caslon_Text_0059.png,data/v2/processed/fontsense_v2/images/train/serif/Quattrocento/Quattrocento_0000.png,4,False,True,False
data/v2/processed/fontsense_v2/images/train/serif/Libre_Caslon_Text/Libre_Caslon_Text_0064.png,data/v2/processed/fontsense_v2/images/train/serif/Quattrocento/Quattrocento_0065.png,4,False,True,False
data/v2/processed/fontsense_v2/images/train/serif/Libre_Caslon_Text/Libre_Caslon_Text_0067.png,data/v2/processed/fontsense_v2/images/train/serif/Sanchez/Sanchez_0076.png,4,False,True,False
data/v2/processed/fontsense_v2/images/train/serif/Libre_Caslon_Text/Libre_Caslon_Text_0081.png,data/v2/processed/fontsense_v2/images/train/serif/Rokkitt/Rokkitt_0000.png,4,False,True,False
data/v2/processed/fontsense_v2/images/train/serif/Libre_Caslon_Text/Libre_Caslon_Text_0081.png,data/v2/processed/fontsense_v2/images/train/serif/Sanchez/Sanchez_0010.png,4,False,True,False
data/v2/processed/fontsense_v2/images/train/serif/Libre_Caslon_Text/Libre_Caslon_Text_0081.png,data/v2/processed/fontsense_v2/images/train/serif/Noto_Serif_Ahom/Noto_Serif_Ahom_0065.png,4,False,True,False
data/v2/processed/fontsense_v2/images/train/serif/Libre_Caslon_Text/Libre_Caslon_Text_0083.png,data/v2/processed/fontsense_v2/images/train/serif/Rokkitt/Rokkitt_0098.png,4,False,True,False
data/v2/processed/fontsense_v2/images/train/serif/Libre_Caslon_Text/Libre_Caslon_Text_0083.png,data/v2/processed/fontsense_v2/images/train/serif/Noto_Serif_Ahom/Noto_Serif_Ahom_0025.png,4,False,True,False
data/v2/processed/fontsense_v2/images/train/serif/Libre_Caslon_Text/Libre_Caslon_Text_0085.png,data/v2/processed/fontsense_v2/images/train/serif/Rokkitt/Rokkitt_0085.png,4,False,True,False
data/v2/processed/fontsense_v2/images/train/serif/Libre_Caslon_Text/Libre_Caslon_Text_0086.png,data/v2/processed/fontsense_v2/images/train/serif/Sanchez/Sanchez_0062.png,4,False,True,False
data/v2/processed/fontsense_v2/images/train/serif/Libre_Caslon_Text/Libre_Caslon_Text_0096.png,data/v2/processed/fontsense_v2/images/train/serif/Sanchez/Sanchez_0006.png,4,False,True,False
data/v2/processed/fontsense_v2/images/train/serif/Libre_Caslon_Text/Libre_Caslon_Text_0096.png,data/v2/processed/fontsense_v2/images/train/serif/Sanchez/Sanchez_0070.png,4,False,True,False
data/v2/processed/fontsense_v2/images/train/serif/Libre_Caslon_Text/Libre_Caslon_Text_0096.png,data/v2/processed/fontsense_v2/images/train/serif/IM_Fell_Great_Primer/IM_Fell_Great_Primer_0069.png,4,False,True,False
data/v2/processed/fontsense_v2/images/train/serif/Lisu_Bosa/Lisu_Bosa_0000.png,data/v2/processed/fontsense_v2/images/train/serif/Lisu_Bosa/Lisu_Bosa_0068.png,4,True,True,False
data/v2/processed/fontsense_v2/images/train/serif/Lisu_Bosa/Lisu_Bosa_0000.png,data/v2/processed/fontsense_v2/images/train/serif/Lisu_Bosa/Lisu_Bosa_0083.png,4,True,True,False
data/v2/processed/fontsense_v2/images/train/serif/Lisu_Bosa/Lisu_Bosa_0001.png,data/v2/processed/fontsense_v2/images/train/serif/Lisu_Bosa/Lisu_Bosa_0007.png,4,True,True,False
data/v2/processed/fontsense_v2/images/train/serif/Lisu_Bosa/Lisu_Bosa_0001.png,data/v2/processed/fontsense_v2/images/train/serif/Lisu_Bosa/Lisu_Bosa_0008.png,4,True,True,False
data/v2/processed/fontsense_v2/images/train/serif/Lisu_Bosa/Lisu_Bosa_0001.png,data/v2/processed/fontsense_v2/images/train/serif/Lisu_Bosa/Lisu_Bosa_0022.png,4,True,True,False
data/v2/processed/fontsense_v2/images/train/serif/Lisu_Bosa/Lisu_Bosa_0002.png,data/v2/processed/fontsense_v2/images/train/serif/Lisu_Bosa/Lisu_Bosa_0004.png,4,True,True,False
data/v2/processed/fontsense_v2/images/train/serif/Lisu_Bosa/Lisu_Bosa_0002.png,data/v2/processed/fontsense_v2/images/train/serif/Lisu_Bosa/Lisu_Bosa_0015.png,4,True,True,False
data/v2/processed/fontsense_v2/images/train/serif/Lisu_Bosa/Lisu_Bosa_0002.png,data/v2/processed/fontsense_v2/images/train/serif/Lisu_Bosa/Lisu_Bosa_0017.png,4,True,True,False
data/v2/processed/fontsense_v2/images/train/serif/Lisu_Bosa/Lisu_Bosa_0002.png,data/v2/processed/fontsense_v2/images/train/serif/Lisu_Bosa/Lisu_Bosa_0025.png,4,True,True,False
data/v2/processed/fontsense_v2/images/train/serif/Lisu_Bosa/Lisu_Bosa_0002.png,data/v2/processed/fontsense_v2/images/train/serif/Lisu_Bosa/Lisu_Bosa_0032.png,4,True,True,False
data/v2/processed/fontsense_v2/images/train/serif/Lisu_Bosa/Lisu_Bosa_0002.png,data/v2/processed/fontsense_v2/images/train/serif/Lisu_Bosa/Lisu_Bosa_0034.png,4,True,True,False
data/v2/processed/fontsense_v2/images/train/serif/Lisu_Bosa/Lisu_Bosa_0002.png,data/v2/processed/fontsense_v2/images/train/serif/Lisu_Bosa/Lisu_Bosa_0037.png,4,True,True,False
data/v2/processed/fontsense_v2/images/train/serif/Lisu_Bosa/Lisu_Bosa_0002.png,data/v2/processed/fontsense_v2/images/train/serif/Lisu_Bosa/Lisu_Bosa_0038.png,4,True,True,False
data/v2/processed/fontsense_v2/images/train/serif/Lisu_Bosa/Lisu_Bosa_0002.png,data/v2/processed/fontsense_v2/images/train/serif/Lisu_Bosa/Lisu_Bosa_0040.png,4,True,True,False
data/v2/processed/fontsense_v2/images/train/serif/Lisu_Bosa/Lisu_Bosa_0002.png,data/v2/processed/fontsense_v2/images/train/serif/Lisu_Bosa/Lisu_Bosa_0043.png,4,True,True,False
data/v2/processed/fontsense_v2/images/train/serif/Lisu_Bosa/Lisu_Bosa_0002.png,data/v2/processed/fontsense_v2/images/train/serif/Lisu_Bosa/Lisu_Bosa_0069.png,4,True,True,False
data/v2/processed/fontsense_v2/images/train/serif/Lisu_Bosa/Lisu_Bosa_0002.png,data/v2/processed/fontsense_v2/images/train/serif/Lisu_Bosa/Lisu_Bosa_0084.png,4,True,True,False
data/v2/processed/fontsense_v2/images/train/serif/Lisu_Bosa/Lisu_Bosa_0002.png,data/v2/processed/fontsense_v2/images/train/serif/Lisu_Bosa/Lisu_Bosa_0088.png,4,True,True,False
data/v2/processed/fontsense_v2/images/train/serif/Lisu_Bosa/Lisu_Bosa_0002.png,data/v2/processed/fontsense_v2/images/train/serif/Lisu_Bosa/Lisu_Bosa_0089.png,4,True,True,False
data/v2/processed/fontsense_v2/images/train/serif/Lisu_Bosa/Lisu_Bosa_0003.png,data/v2/processed/fontsense_v2/images/train/serif/Lisu_Bosa/Lisu_Bosa_0006.png,4,True,True,False
data/v2/processed/fontsense_v2/images/train/serif/Lisu_Bosa/Lisu_Bosa_0003.png,data/v2/processed/fontsense_v2/images/train/serif/Lisu_Bosa/Lisu_Bosa_0009.png,4,True,True,False
data/v2/processed/fontsense_v2/images/train/serif/Lisu_Bosa/Lisu_Bosa_0003.png,data/v2/processed/fontsense_v2/images/train/serif/Lisu_Bosa/Lisu_Bosa_0018.png,4,True,True,False
data/v2/processed/fontsense_v2/images/train/serif/Lisu_Bosa/Lisu_Bosa_0003.png,data/v2/processed/fontsense_v2/images/train/serif/Lisu_Bosa/Lisu_Bosa_0023.png,4,True,True,False
data/v2/processed/fontsense_v2/images/train/serif/Lisu_Bosa/Lisu_Bosa_0003.png,data/v2/processed/fontsense_v2/images/train/serif/Lisu_Bosa/Lisu_Bosa_0026.png,4,True,True,False
data/v2/processed/fontsense_v2/images/train/serif/Lisu_Bosa/Lisu_Bosa_0003.png,data/v2/processed/fontsense_v2/images/train/serif/Lisu_Bosa/Lisu_Bosa_0039.png,4,True,True,False
data/v2/processed/fontsense_v2/images/train/serif/Lisu_Bosa/Lisu_Bosa_0003.png,data/v2/processed/fontsense_v2/images/train/serif/Lisu_Bosa/Lisu_Bosa_0042.png,4,True,True,False
data/v2/processed/fontsense_v2/images/train/serif/Lisu_Bosa/Lisu_Bosa_0003.png,data/v2/processed/fontsense_v2/images/train/serif/Lisu_Bosa/Lisu_Bosa_0053.png,4,True,True,False
data/v2/processed/fontsense_v2/images/train/serif/Lisu_Bosa/Lisu_Bosa_0003.png,data/v2/processed/fontsense_v2/images/train/serif/Lisu_Bosa/Lisu_Bosa_0081.png,4,True,True,False
data/v2/processed/fontsense_v2/images/train/serif/Lisu_Bosa/Lisu_Bosa_0003.png,data/v2/processed/fontsense_v2/images/train/serif/Lisu_Bosa/Lisu_Bosa_0082.png,4,True,True,False
data/v2/processed/fontsense_v2/images/train/serif/Lisu_Bosa/Lisu_Bosa_0003.png,data/v2/processed/fontsense_v2/images/train/serif/Lisu_Bosa/Lisu_Bosa_0083.png,4,True,True,False
data/v2/processed/fontsense_v2/images/train/serif/Lisu_Bosa/Lisu_Bosa_0003.png,data/v2/processed/fontsense_v2/images/train/serif/Yuji_Syuku/Yuji_Syuku_0015.png,4,False,True,False
data/v2/processed/fontsense_v2/images/train/serif/Lisu_Bosa/Lisu_Bosa_0003.png,data/v2/processed/fontsense_v2/images/train/serif/Rokkitt/Rokkitt_0021.png,4,False,True,False
data/v2/processed/fontsense_v2/images/train/serif/Lisu_Bosa/Lisu_Bosa_0003.png,data/v2/processed/fontsense_v2/images/train/serif/Rokkitt/Rokkitt_0060.png,4,False,True,False
data/v2/processed/fontsense_v2/images/train/serif/Lisu_Bosa/Lisu_Bosa_0003.png,data/v2/processed/fontsense_v2/images/train/serif/Quattrocento/Quattrocento_0017.png,4,False,True,False
data/v2/processed/fontsense_v2/images/train/serif/Lisu_Bosa/Lisu_Bosa_0004.png,data/v2/processed/fontsense_v2/images/train/serif/Lisu_Bosa/Lisu_Bosa_0010.png,4,True,True,False
data/v2/processed/fontsense_v2/images/train/serif/Lisu_Bosa/Lisu_Bosa_0004.png,data/v2/processed/fontsense_v2/images/train/serif/Lisu_Bosa/Lisu_Bosa_0011.png,4,True,True,False
data/v2/processed/fontsense_v2/images/train/serif/Lisu_Bosa/Lisu_Bosa_0004.png,data/v2/processed/fontsense_v2/images/train/serif/Lisu_Bosa/Lisu_Bosa_0012.png,4,True,True,False
data/v2/processed/fontsense_v2/images/train/serif/Lisu_Bosa/Lisu_Bosa_0004.png,data/v2/processed/fontsense_v2/images/train/serif/Lisu_Bosa/Lisu_Bosa_0013.png,4,True,True,False
data/v2/processed/fontsense_v2/images/train/serif/Lisu_Bosa/Lisu_Bosa_0004.png,data/v2/processed/fontsense_v2/images/train/serif/Lisu_Bosa/Lisu_Bosa_0015.png,4,True,True,False
data/v2/processed/fontsense_v2/images/train/serif/Lisu_Bosa/Lisu_Bosa_0004.png,data/v2/processed/fontsense_v2/images/train/serif/Lisu_Bosa/Lisu_Bosa_0016.png,4,True,True,False
data/v2/processed/fontsense_v2/images/train/serif/Lisu_Bosa/Lisu_Bosa_0004.png,data/v2/processed/fontsense_v2/images/train/serif/Lisu_Bosa/Lisu_Bosa_0019.png,4,True,True,False
data/v2/processed/fontsense_v2/images/train/serif/Lisu_Bosa/Lisu_Bosa_0004.png,data/v2/processed/fontsense_v2/images/train/serif/Lisu_Bosa/Lisu_Bosa_0025.png,4,True,True,False
data/v2/processed/fontsense_v2/images/train/serif/Lisu_Bosa/Lisu_Bosa_0004.png,data/v2/processed/fontsense_v2/images/train/serif/Lisu_Bosa/Lisu_Bosa_0029.png,4,True,True,False
data/v2/processed/fontsense_v2/images/train/serif/Lisu_Bosa/Lisu_Bosa_0004.png,data/v2/processed/fontsense_v2/images/train/serif/Lisu_Bosa/Lisu_Bosa_0032.png,4,True,True,False
data/v2/processed/fontsense_v2/images/train/serif/Lisu_Bosa/Lisu_Bosa_0004.png,data/v2/processed/fontsense_v2/images/train/serif/Lisu_Bosa/Lisu_Bosa_0035.png,4,True,True,False
data/v2/processed/fontsense_v2/images/train/serif/Lisu_Bosa/Lisu_Bosa_0004.png,data/v2/processed/fontsense_v2/images/train/serif/Lisu_Bosa/Lisu_Bosa_0037.png,4,True,True,False
data/v2/processed/fontsense_v2/images/train/serif/Lisu_Bosa/Lisu_Bosa_0004.png,data/v2/processed/fontsense_v2/images/train/serif/Lisu_Bosa/Lisu_Bosa_0038.png,4,True,True,False
data/v2/processed/fontsense_v2/images/train/serif/Lisu_Bosa/Lisu_Bosa_0004.png,data/v2/processed/fontsense_v2/images/train/serif/Lisu_Bosa/Lisu_Bosa_0040.png,4,True,True,False
data/v2/processed/fontsense_v2/images/train/serif/Lisu_Bosa/Lisu_Bosa_0004.png,data/v2/processed/fontsense_v2/images/train/serif/Lisu_Bosa/Lisu_Bosa_0041.png,4,True,True,False
data/v2/processed/fontsense_v2/images/train/serif/Lisu_Bosa/Lisu_Bosa_0004.png,data/v2/processed/fontsense_v2/images/train/serif/Lisu_Bosa/Lisu_Bosa_0045.png,4,True,True,False
data/v2/processed/fontsense_v2/images/train/serif/Lisu_Bosa/Lisu_Bosa_0004.png,data/v2/processed/fontsense_v2/images/train/serif/Lisu_Bosa/Lisu_Bosa_0048.png,4,True,True,False
data/v2/processed/fontsense_v2/images/train/serif/Lisu_Bosa/Lisu_Bosa_0004.png,data/v2/processed/fontsense_v2/images/train/serif/Lisu_Bosa/Lisu_Bosa_0050.png,4,True,True,False
data/v2/processed/fontsense_v2/images/train/serif/Lisu_Bosa/Lisu_Bosa_0004.png,data/v2/processed/fontsense_v2/images/train/serif/Lisu_Bosa/Lisu_Bosa_0057.png,4,True,True,False
data/v2/processed/fontsense_v2/images/train/serif/Lisu_Bosa/Lisu_Bosa_0004.png,data/v2/processed/fontsense_v2/images/train/serif/Lisu_Bosa/Lisu_Bosa_0065.png,4,True,True,False
data/v2/processed/fontsense_v2/images/train/serif/Lisu_Bosa/Lisu_Bosa_0004.png,data/v2/processed/fontsense_v2/images/train/serif/Lisu_Bosa/Lisu_Bosa_0071.png,4,True,True,False
data/v2/processed/fontsense_v2/images/train/serif/Lisu_Bosa/Lisu_Bosa_0004.png,data/v2/processed/fontsense_v2/images/train/serif/Lisu_Bosa/Lisu_Bosa_0079.png,4,True,True,False
data/v2/processed/fontsense_v2/images/train/serif/Lisu_Bosa/Lisu_Bosa_0004.png,data/v2/processed/fontsense_v2/images/train/serif/Lisu_Bosa/Lisu_Bosa_0084.png,4,True,True,False
data/v2/processed/fontsense_v2/images/train/serif/Lisu_Bosa/Lisu_Bosa_0004.png,data/v2/processed/fontsense_v2/images/train/serif/Lisu_Bosa/Lisu_Bosa_0089.png,4,True,True,False
data/v2/processed/fontsense_v2/images/train/serif/Lisu_Bosa/Lisu_Bosa_0004.png,data/v2/processed/fontsense_v2/images/train/serif/Quattrocento/Quattrocento_0014.png,4,False,True,False
data/v2/processed/fontsense_v2/images/train/serif/Lisu_Bosa/Lisu_Bosa_0005.png,data/v2/processed/fontsense_v2/images/train/serif/Lisu_Bosa/Lisu_Bosa_0007.png,4,True,True,False
data/v2/processed/fontsense_v2/images/train/serif/Lisu_Bosa/Lisu_Bosa_0005.png,data/v2/processed/fontsense_v2/images/train/serif/Lisu_Bosa/Lisu_Bosa_0008.png,4,True,True,False
data/v2/processed/fontsense_v2/images/train/serif/Lisu_Bosa/Lisu_Bosa_0005.png,data/v2/processed/fontsense_v2/images/train/serif/Lisu_Bosa/Lisu_Bosa_0022.png,4,True,True,False
data/v2/processed/fontsense_v2/images/train/serif/Lisu_Bosa/Lisu_Bosa_0006.png,data/v2/processed/fontsense_v2/images/train/serif/Lisu_Bosa/Lisu_Bosa_0009.png,4,True,True,False
data/v2/processed/fontsense_v2/images/train/serif/Lisu_Bosa/Lisu_Bosa_0006.png,data/v2/processed/fontsense_v2/images/train/serif/Lisu_Bosa/Lisu_Bosa_0014.png,4,True,True,False
data/v2/processed/fontsense_v2/images/train/serif/Lisu_Bosa/Lisu_Bosa_0006.png,data/v2/processed/fontsense_v2/images/train/serif/Lisu_Bosa/Lisu_Bosa_0018.png,4,True,True,False
data/v2/processed/fontsense_v2/images/train/serif/Lisu_Bosa/Lisu_Bosa_0006.png,data/v2/processed/fontsense_v2/images/train/serif/Lisu_Bosa/Lisu_Bosa_0021.png,4,True,True,False
data/v2/processed/fontsense_v2/images/train/serif/Lisu_Bosa/Lisu_Bosa_0006.png,data/v2/processed/fontsense_v2/images/train/serif/Lisu_Bosa/Lisu_Bosa_0026.png,4,True,True,False
data/v2/processed/fontsense_v2/images/train/serif/Lisu_Bosa/Lisu_Bosa_0006.png,data/v2/processed/fontsense_v2/images/train/serif/Lisu_Bosa/Lisu_Bosa_0030.png,4,True,True,False
data/v2/processed/fontsense_v2/images/train/serif/Lisu_Bosa/Lisu_Bosa_0006.png,data/v2/processed/fontsense_v2/images/train/serif/Lisu_Bosa/Lisu_Bosa_0036.png,4,True,True,False
data/v2/processed/fontsense_v2/images/train/serif/Lisu_Bosa/Lisu_Bosa_0006.png,data/v2/processed/fontsense_v2/images/train/serif/Lisu_Bosa/Lisu_Bosa_0049.png,4,True,True,False
data/v2/processed/fontsense_v2/images/train/serif/Lisu_Bosa/Lisu_Bosa_0006.png,data/v2/processed/fontsense_v2/images/train/serif/Lisu_Bosa/Lisu_Bosa_0051.png,4,True,True,False
data/v2/processed/fontsense_v2/images/train/serif/Lisu_Bosa/Lisu_Bosa_0006.png,data/v2/processed/fontsense_v2/images/train/serif/Lisu_Bosa/Lisu_Bosa_0081.png,4,True,True,False
data/v2/processed/fontsense_v2/images/train/serif/Lisu_Bosa/Lisu_Bosa_0006.png,data/v2/processed/fontsense_v2/images/train/serif/Lisu_Bosa/Lisu_Bosa_0093.png,4,True,True,False
data/v2/processed/fontsense_v2/images/train/serif/Lisu_Bosa/Lisu_Bosa_0006.png,data/v2/processed/fontsense_v2/images/train/serif/Lisu_Bosa/Lisu_Bosa_0095.png,4,True,True,False
data/v2/processed/fontsense_v2/images/train/serif/Lisu_Bosa/Lisu_Bosa_0006.png,data/v2/processed/fontsense_v2/images/train/serif/Lisu_Bosa/Lisu_Bosa_0096.png,4,True,True,False
data/v2/processed/fontsense_v2/images/train/serif/Lisu_Bosa/Lisu_Bosa_0006.png,data/v2/processed/fontsense_v2/images/train/serif/Quattrocento/Quattrocento_0095.png,4,False,True,False
data/v2/processed/fontsense_v2/images/train/serif/Lisu_Bosa/Lisu_Bosa_0007.png,data/v2/processed/fontsense_v2/images/train/serif/Lisu_Bosa/Lisu_Bosa_0085.png,4,True,True,False
data/v2/processed/fontsense_v2/images/train/serif/Lisu_Bosa/Lisu_Bosa_0007.png,data/v2/processed/fontsense_v2/images/train/serif/Lisu_Bosa/Lisu_Bosa_0090.png,4,True,True,False
data/v2/processed/fontsense_v2/images/train/serif/Lisu_Bosa/Lisu_Bosa_0007.png,data/v2/processed/fontsense_v2/images/train/serif/Rokkitt/Rokkitt_0011.png,4,False,True,False
data/v2/processed/fontsense_v2/images/train/serif/Lisu_Bosa/Lisu_Bosa_0007.png,data/v2/processed/fontsense_v2/images/train/serif/Quattrocento/Quattrocento_0033.png,4,False,True,False
data/v2/processed/fontsense_v2/images/train/serif/Lisu_Bosa/Lisu_Bosa_0007.png,data/v2/processed/fontsense_v2/images/train/serif/IM_Fell_Great_Primer/IM_Fell_Great_Primer_0085.png,4,False,True,False
data/v2/processed/fontsense_v2/images/train/serif/Lisu_Bosa/Lisu_Bosa_0008.png,data/v2/processed/fontsense_v2/images/train/serif/Rokkitt/Rokkitt_0013.png,4,False,True,False
data/v2/processed/fontsense_v2/images/train/serif/Lisu_Bosa/Lisu_Bosa_0008.png,data/v2/processed/fontsense_v2/images/train/serif/Quattrocento/Quattrocento_0033.png,4,False,True,False
data/v2/processed/fontsense_v2/images/train/serif/Lisu_Bosa/Lisu_Bosa_0009.png,data/v2/processed/fontsense_v2/images/train/serif/Lisu_Bosa/Lisu_Bosa_0018.png,4,True,True,False
data/v2/processed/fontsense_v2/images/train/serif/Lisu_Bosa/Lisu_Bosa_0009.png,data/v2/processed/fontsense_v2/images/train/serif/Lisu_Bosa/Lisu_Bosa_0026.png,4,True,True,False
data/v2/processed/fontsense_v2/images/train/serif/Lisu_Bosa/Lisu_Bosa_0009.png,data/v2/processed/fontsense_v2/images/train/serif/Lisu_Bosa/Lisu_Bosa_0039.png,4,True,True,False
data/v2/processed/fontsense_v2/images/train/serif/Lisu_Bosa/Lisu_Bosa_0009.png,data/v2/processed/fontsense_v2/images/train/serif/Lisu_Bosa/Lisu_Bosa_0049.png,4,True,True,False
data/v2/processed/fontsense_v2/images/train/serif/Lisu_Bosa/Lisu_Bosa_0009.png,data/v2/processed/fontsense_v2/images/train/serif/Lisu_Bosa/Lisu_Bosa_0053.png,4,True,True,False
data/v2/processed/fontsense_v2/images/train/serif/Lisu_Bosa/Lisu_Bosa_0009.png,data/v2/processed/fontsense_v2/images/train/serif/Lisu_Bosa/Lisu_Bosa_0081.png,4,True,True,False
data/v2/processed/fontsense_v2/images/train/serif/Lisu_Bosa/Lisu_Bosa_0009.png,data/v2/processed/fontsense_v2/images/train/serif/Lisu_Bosa/Lisu_Bosa_0083.png,4,True,True,False
data/v2/processed/fontsense_v2/images/train/serif/Lisu_Bosa/Lisu_Bosa_0009.png,data/v2/processed/fontsense_v2/images/train/serif/Lisu_Bosa/Lisu_Bosa_0086.png,4,True,True,False
data/v2/processed/fontsense_v2/images/train/serif/Lisu_Bosa/Lisu_Bosa_0009.png,data/v2/processed/fontsense_v2/images/train/serif/Lisu_Bosa/Lisu_Bosa_0093.png,4,True,True,False
data/v2/processed/fontsense_v2/images/train/serif/Lisu_Bosa/Lisu_Bosa_0009.png,data/v2/processed/fontsense_v2/images/train/serif/Lisu_Bosa/Lisu_Bosa_0096.png,4,True,True,False
data/v2/processed/fontsense_v2/images/train/serif/Lisu_Bosa/Lisu_Bosa_0009.png,data/v2/processed/fontsense_v2/images/train/serif/Rokkitt/Rokkitt_0027.png,4,False,True,False
data/v2/processed/fontsense_v2/images/train/serif/Lisu_Bosa/Lisu_Bosa_0009.png,data/v2/processed/fontsense_v2/images/train/serif/Quattrocento/Quattrocento_0017.png,4,False,True,False
data/v2/processed/fontsense_v2/images/train/serif/Lisu_Bosa/Lisu_Bosa_0009.png,data/v2/processed/fontsense_v2/images/train/serif/Quattrocento/Quattrocento_0095.png,4,False,True,False
data/v2/processed/fontsense_v2/images/train/serif/Lisu_Bosa/Lisu_Bosa_0009.png,data/v2/processed/fontsense_v2/images/train/serif/IM_Fell_Great_Primer/IM_Fell_Great_Primer_0079.png,4,False,True,False
data/v2/processed/fontsense_v2/images/train/serif/Lisu_Bosa/Lisu_Bosa_0010.png,data/v2/processed/fontsense_v2/images/train/serif/Lisu_Bosa/Lisu_Bosa_0013.png,4,True,True,False
data/v2/processed/fontsense_v2/images/train/serif/Lisu_Bosa/Lisu_Bosa_0010.png,data/v2/processed/fontsense_v2/images/train/serif/Lisu_Bosa/Lisu_Bosa_0015.png,4,True,True,False
data/v2/processed/fontsense_v2/images/train/serif/Lisu_Bosa/Lisu_Bosa_0010.png,data/v2/processed/fontsense_v2/images/train/serif/Lisu_Bosa/Lisu_Bosa_0019.png,4,True,True,False
data/v2/processed/fontsense_v2/images/train/serif/Lisu_Bosa/Lisu_Bosa_0010.png,data/v2/processed/fontsense_v2/images/train/serif/Lisu_Bosa/Lisu_Bosa_0034.png,4,True,True,False
data/v2/processed/fontsense_v2/images/train/serif/Lisu_Bosa/Lisu_Bosa_0010.png,data/v2/processed/fontsense_v2/images/train/serif/Lisu_Bosa/Lisu_Bosa_0035.png,4,True,True,False
data/v2/processed/fontsense_v2/images/train/serif/Lisu_Bosa/Lisu_Bosa_0010.png,data/v2/processed/fontsense_v2/images/train/serif/Lisu_Bosa/Lisu_Bosa_0043.png,4,True,True,False
data/v2/processed/fontsense_v2/images/train/serif/Lisu_Bosa/Lisu_Bosa_0010.png,data/v2/processed/fontsense_v2/images/train/serif/Lisu_Bosa/Lisu_Bosa_0050.png,4,True,True,False
data/v2/processed/fontsense_v2/images/train/serif/Lisu_Bosa/Lisu_Bosa_0010.png,data/v2/processed/fontsense_v2/images/train/serif/Lisu_Bosa/Lisu_Bosa_0065.png,4,True,True,False
data/v2/processed/fontsense_v2/images/train/serif/Lisu_Bosa/Lisu_Bosa_0010.png,data/v2/processed/fontsense_v2/images/train/serif/Lisu_Bosa/Lisu_Bosa_0069.png,4,True,True,False
data/v2/processed/fontsense_v2/images/train/serif/Lisu_Bosa/Lisu_Bosa_0010.png,data/v2/processed/fontsense_v2/images/train/serif/Lisu_Bosa/Lisu_Bosa_0071.png,4,True,True,False
data/v2/processed/fontsense_v2/images/train/serif/Lisu_Bosa/Lisu_Bosa_0010.png,data/v2/processed/fontsense_v2/images/train/serif/Lisu_Bosa/Lisu_Bosa_0079.png,4,True,True,False
data/v2/processed/fontsense_v2/images/train/serif/Lisu_Bosa/Lisu_Bosa_0010.png,data/v2/processed/fontsense_v2/images/train/serif/Lisu_Bosa/Lisu_Bosa_0080.png,4,True,True,False
data/v2/processed/fontsense_v2/images/train/serif/Lisu_Bosa/Lisu_Bosa_0010.png,data/v2/processed/fontsense_v2/images/train/serif/Lisu_Bosa/Lisu_Bosa_0098.png,4,True,True,False
data/v2/processed/fontsense_v2/images/train/serif/Lisu_Bosa/Lisu_Bosa_0010.png,data/v2/processed/fontsense_v2/images/train/serif/Rokkitt/Rokkitt_0007.png,4,False,True,False
data/v2/processed/fontsense_v2/images/train/serif/Lisu_Bosa/Lisu_Bosa_0010.png,data/v2/processed/fontsense_v2/images/train/serif/Rokkitt/Rokkitt_0022.png,4,False,True,False
data/v2/processed/fontsense_v2/images/train/serif/Lisu_Bosa/Lisu_Bosa_0010.png,data/v2/processed/fontsense_v2/images/train/serif/Rokkitt/Rokkitt_0047.png,4,False,True,False
data/v2/processed/fontsense_v2/images/train/serif/Lisu_Bosa/Lisu_Bosa_0010.png,data/v2/processed/fontsense_v2/images/train/serif/Rokkitt/Rokkitt_0053.png,4,False,True,False
data/v2/processed/fontsense_v2/images/train/serif/Lisu_Bosa/Lisu_Bosa_0010.png,data/v2/processed/fontsense_v2/images/train/serif/IM_Fell_Great_Primer/IM_Fell_Great_Primer_0088.png,4,False,True,False
data/v2/processed/fontsense_v2/images/train/serif/Lisu_Bosa/Lisu_Bosa_0010.png,data/v2/processed/fontsense_v2/images/train/serif/Noto_Serif_Ahom/Noto_Serif_Ahom_0026.png,4,False,True,False
data/v2/processed/fontsense_v2/images/train/serif/Lisu_Bosa/Lisu_Bosa_0010.png,data/v2/processed/fontsense_v2/images/train/serif/Noto_Serif_Ahom/Noto_Serif_Ahom_0064.png,4,False,True,False
data/v2/processed/fontsense_v2/images/train/serif/Lisu_Bosa/Lisu_Bosa_0011.png,data/v2/processed/fontsense_v2/images/train/serif/Lisu_Bosa/Lisu_Bosa_0012.png,4,True,True,False
data/v2/processed/fontsense_v2/images/train/serif/Lisu_Bosa/Lisu_Bosa_0011.png,data/v2/processed/fontsense_v2/images/train/serif/Lisu_Bosa/Lisu_Bosa_0015.png,4,True,True,False
data/v2/processed/fontsense_v2/images/train/serif/Lisu_Bosa/Lisu_Bosa_0011.png,data/v2/processed/fontsense_v2/images/train/serif/Lisu_Bosa/Lisu_Bosa_0025.png,4,True,True,False
data/v2/processed/fontsense_v2/images/train/serif/Lisu_Bosa/Lisu_Bosa_0011.png,data/v2/processed/fontsense_v2/images/train/serif/Lisu_Bosa/Lisu_Bosa_0054.png,4,True,True,False
data/v2/processed/fontsense_v2/images/train/serif/Lisu_Bosa/Lisu_Bosa_0011.png,data/v2/processed/fontsense_v2/images/train/serif/Lisu_Bosa/Lisu_Bosa_0067.png,4,True,True,False
data/v2/processed/fontsense_v2/images/train/serif/Lisu_Bosa/Lisu_Bosa_0011.png,data/v2/processed/fontsense_v2/images/train/serif/Lisu_Bosa/Lisu_Bosa_0069.png,4,True,True,False
data/v2/processed/fontsense_v2/images/train/serif/Lisu_Bosa/Lisu_Bosa_0011.png,data/v2/processed/fontsense_v2/images/train/serif/Lisu_Bosa/Lisu_Bosa_0073.png,4,True,True,False
data/v2/processed/fontsense_v2/images/train/serif/Lisu_Bosa/Lisu_Bosa_0011.png,data/v2/processed/fontsense_v2/images/train/serif/Lisu_Bosa/Lisu_Bosa_0080.png,4,True,True,False
data/v2/processed/fontsense_v2/images/train/serif/Lisu_Bosa/Lisu_Bosa_0011.png,data/v2/processed/fontsense_v2/images/train/serif/Lisu_Bosa/Lisu_Bosa_0088.png,4,True,True,False
data/v2/processed/fontsense_v2/images/train/serif/Lisu_Bosa/Lisu_Bosa_0011.png,data/v2/processed/fontsense_v2/images/train/serif/Lisu_Bosa/Lisu_Bosa_0089.png,4,True,True,False
data/v2/processed/fontsense_v2/images/train/serif/Lisu_Bosa/Lisu_Bosa_0011.png,data/v2/processed/fontsense_v2/images/train/serif/Rokkitt/Rokkitt_0019.png,4,False,True,False
data/v2/processed/fontsense_v2/images/train/serif/Lisu_Bosa/Lisu_Bosa_0012.png,data/v2/processed/fontsense_v2/images/train/serif/Lisu_Bosa/Lisu_Bosa_0013.png,4,True,True,False
data/v2/processed/fontsense_v2/images/train/serif/Lisu_Bosa/Lisu_Bosa_0012.png,data/v2/processed/fontsense_v2/images/train/serif/Lisu_Bosa/Lisu_Bosa_0015.png,4,True,True,False
data/v2/processed/fontsense_v2/images/train/serif/Lisu_Bosa/Lisu_Bosa_0012.png,data/v2/processed/fontsense_v2/images/train/serif/Lisu_Bosa/Lisu_Bosa_0025.png,4,True,True,False
data/v2/processed/fontsense_v2/images/train/serif/Lisu_Bosa/Lisu_Bosa_0012.png,data/v2/processed/fontsense_v2/images/train/serif/Lisu_Bosa/Lisu_Bosa_0032.png,4,True,True,False
data/v2/processed/fontsense_v2/images/train/serif/Lisu_Bosa/Lisu_Bosa_0012.png,data/v2/processed/fontsense_v2/images/train/serif/Lisu_Bosa/Lisu_Bosa_0034.png,4,True,True,False
data/v2/processed/fontsense_v2/images/train/serif/Lisu_Bosa/Lisu_Bosa_0012.png,data/v2/processed/fontsense_v2/images/train/serif/Lisu_Bosa/Lisu_Bosa_0038.png,4,True,True,False
data/v2/processed/fontsense_v2/images/train/serif/Lisu_Bosa/Lisu_Bosa_0012.png,data/v2/processed/fontsense_v2/images/train/serif/Lisu_Bosa/Lisu_Bosa_0043.png,4,True,True,False
data/v2/processed/fontsense_v2/images/train/serif/Lisu_Bosa/Lisu_Bosa_0012.png,data/v2/processed/fontsense_v2/images/train/serif/Lisu_Bosa/Lisu_Bosa_0050.png,4,True,True,False
data/v2/processed/fontsense_v2/images/train/serif/Lisu_Bosa/Lisu_Bosa_0012.png,data/v2/processed/fontsense_v2/images/train/serif/Lisu_Bosa/Lisu_Bosa_0054.png,4,True,True,False
data/v2/processed/fontsense_v2/images/train/serif/Lisu_Bosa/Lisu_Bosa_0012.png,data/v2/processed/fontsense_v2/images/train/serif/Lisu_Bosa/Lisu_Bosa_0065.png,4,True,True,False
data/v2/processed/fontsense_v2/images/train/serif/Lisu_Bosa/Lisu_Bosa_0012.png,data/v2/processed/fontsense_v2/images/train/serif/Lisu_Bosa/Lisu_Bosa_0067.png,4,True,True,False
data/v2/processed/fontsense_v2/images/train/serif/Lisu_Bosa/Lisu_Bosa_0012.png,data/v2/processed/fontsense_v2/images/train/serif/Lisu_Bosa/Lisu_Bosa_0069.png,4,True,True,False
data/v2/processed/fontsense_v2/images/train/serif/Lisu_Bosa/Lisu_Bosa_0012.png,data/v2/processed/fontsense_v2/images/train/serif/Lisu_Bosa/Lisu_Bosa_0071.png,4,True,True,False
data/v2/processed/fontsense_v2/images/train/serif/Lisu_Bosa/Lisu_Bosa_0012.png,data/v2/processed/fontsense_v2/images/train/serif/Lisu_Bosa/Lisu_Bosa_0079.png,4,True,True,False
data/v2/processed/fontsense_v2/images/train/serif/Lisu_Bosa/Lisu_Bosa_0012.png,data/v2/processed/fontsense_v2/images/train/serif/Lisu_Bosa/Lisu_Bosa_0084.png,4,True,True,False
data/v2/processed/fontsense_v2/images/train/serif/Lisu_Bosa/Lisu_Bosa_0012.png,data/v2/processed/fontsense_v2/images/train/serif/Lisu_Bosa/Lisu_Bosa_0088.png,4,True,True,False
data/v2/processed/fontsense_v2/images/train/serif/Lisu_Bosa/Lisu_Bosa_0012.png,data/v2/processed/fontsense_v2/images/train/serif/Rokkitt/Rokkitt_0005.png,4,False,True,False
data/v2/processed/fontsense_v2/images/train/serif/Lisu_Bosa/Lisu_Bosa_0013.png,data/v2/processed/fontsense_v2/images/train/serif/Lisu_Bosa/Lisu_Bosa_0019.png,4,True,True,False
data/v2/processed/fontsense_v2/images/train/serif/Lisu_Bosa/Lisu_Bosa_0013.png,data/v2/processed/fontsense_v2/images/train/serif/Lisu_Bosa/Lisu_Bosa_0034.png,4,True,True,False
data/v2/processed/fontsense_v2/images/train/serif/Lisu_Bosa/Lisu_Bosa_0013.png,data/v2/processed/fontsense_v2/images/train/serif/Lisu_Bosa/Lisu_Bosa_0043.png,4,True,True,False
data/v2/processed/fontsense_v2/images/train/serif/Lisu_Bosa/Lisu_Bosa_0013.png,data/v2/processed/fontsense_v2/images/train/serif/Lisu_Bosa/Lisu_Bosa_0054.png,4,True,True,False
data/v2/processed/fontsense_v2/images/train/serif/Lisu_Bosa/Lisu_Bosa_0013.png,data/v2/processed/fontsense_v2/images/train/serif/Lisu_Bosa/Lisu_Bosa_0069.png,4,True,True,False
data/v2/processed/fontsense_v2/images/train/serif/Lisu_Bosa/Lisu_Bosa_0013.png,data/v2/processed/fontsense_v2/images/train/serif/Lisu_Bosa/Lisu_Bosa_0071.png,4,True,True,False
data/v2/processed/fontsense_v2/images/train/serif/Lisu_Bosa/Lisu_Bosa_0013.png,data/v2/processed/fontsense_v2/images/train/serif/Lisu_Bosa/Lisu_Bosa_0072.png,4,True,True,False
data/v2/processed/fontsense_v2/images/train/serif/Lisu_Bosa/Lisu_Bosa_0013.png,data/v2/processed/fontsense_v2/images/train/serif/Lisu_Bosa/Lisu_Bosa_0088.png,4,True,True,False
data/v2/processed/fontsense_v2/images/train/serif/Lisu_Bosa/Lisu_Bosa_0013.png,data/v2/processed/fontsense_v2/images/train/serif/Lisu_Bosa/Lisu_Bosa_0094.png,4,True,True,False
data/v2/processed/fontsense_v2/images/train/serif/Lisu_Bosa/Lisu_Bosa_0014.png,data/v2/processed/fontsense_v2/images/train/serif/Lisu_Bosa/Lisu_Bosa_0018.png,4,True,True,False
data/v2/processed/fontsense_v2/images/train/serif/Lisu_Bosa/Lisu_Bosa_0014.png,data/v2/processed/fontsense_v2/images/train/serif/Lisu_Bosa/Lisu_Bosa_0023.png,4,True,True,False
data/v2/processed/fontsense_v2/images/train/serif/Lisu_Bosa/Lisu_Bosa_0014.png,data/v2/processed/fontsense_v2/images/train/serif/Lisu_Bosa/Lisu_Bosa_0039.png,4,True,True,False
data/v2/processed/fontsense_v2/images/train/serif/Lisu_Bosa/Lisu_Bosa_0014.png,data/v2/processed/fontsense_v2/images/train/serif/Lisu_Bosa/Lisu_Bosa_0042.png,4,True,True,False
data/v2/processed/fontsense_v2/images/train/serif/Lisu_Bosa/Lisu_Bosa_0014.png,data/v2/processed/fontsense_v2/images/train/serif/Lisu_Bosa/Lisu_Bosa_0047.png,4,True,True,False
data/v2/processed/fontsense_v2/images/train/serif/Lisu_Bosa/Lisu_Bosa_0014.png,data/v2/processed/fontsense_v2/images/train/serif/Lisu_Bosa/Lisu_Bosa_0083.png,4,True,True,False
data/v2/processed/fontsense_v2/images/train/serif/Lisu_Bosa/Lisu_Bosa_0014.png,data/v2/processed/fontsense_v2/images/train/serif/Lisu_Bosa/Lisu_Bosa_0096.png,4,True,True,False
data/v2/processed/fontsense_v2/images/train/serif/Lisu_Bosa/Lisu_Bosa_0014.png,data/v2/processed/fontsense_v2/images/train/serif/Rokkitt/Rokkitt_0021.png,4,False,True,False
data/v2/processed/fontsense_v2/images/train/serif/Lisu_Bosa/Lisu_Bosa_0014.png,data/v2/processed/fontsense_v2/images/train/serif/Rokkitt/Rokkitt_0056.png,4,False,True,False
data/v2/processed/fontsense_v2/images/train/serif/Lisu_Bosa/Lisu_Bosa_0014.png,data/v2/processed/fontsense_v2/images/train/serif/Quattrocento/Quattrocento_0017.png,4,False,True,False
data/v2/processed/fontsense_v2/images/train/serif/Lisu_Bosa/Lisu_Bosa_0014.png,data/v2/processed/fontsense_v2/images/train/serif/Quattrocento/Quattrocento_0044.png,4,False,True,False
data/v2/processed/fontsense_v2/images/train/serif/Lisu_Bosa/Lisu_Bosa_0015.png,data/v2/processed/fontsense_v2/images/train/serif/Lisu_Bosa/Lisu_Bosa_0017.png,4,True,True,False
data/v2/processed/fontsense_v2/images/train/serif/Lisu_Bosa/Lisu_Bosa_0015.png,data/v2/processed/fontsense_v2/images/train/serif/Lisu_Bosa/Lisu_Bosa_0025.png,4,True,True,False
data/v2/processed/fontsense_v2/images/train/serif/Lisu_Bosa/Lisu_Bosa_0015.png,data/v2/processed/fontsense_v2/images/train/serif/Lisu_Bosa/Lisu_Bosa_0029.png,4,True,True,False
data/v2/processed/fontsense_v2/images/train/serif/Lisu_Bosa/Lisu_Bosa_0015.png,data/v2/processed/fontsense_v2/images/train/serif/Lisu_Bosa/Lisu_Bosa_0032.png,4,True,True,False
data/v2/processed/fontsense_v2/images/train/serif/Lisu_Bosa/Lisu_Bosa_0015.png,data/v2/processed/fontsense_v2/images/train/serif/Lisu_Bosa/Lisu_Bosa_0034.png,4,True,True,False
data/v2/processed/fontsense_v2/images/train/serif/Lisu_Bosa/Lisu_Bosa_0015.png,data/v2/processed/fontsense_v2/images/train/serif/Lisu_Bosa/Lisu_Bosa_0038.png,4,True,True,False
data/v2/processed/fontsense_v2/images/train/serif/Lisu_Bosa/Lisu_Bosa_0015.png,data/v2/processed/fontsense_v2/images/train/serif/Lisu_Bosa/Lisu_Bosa_0054.png,4,True,True,False
data/v2/processed/fontsense_v2/images/train/serif/Lisu_Bosa/Lisu_Bosa_0015.png,data/v2/processed/fontsense_v2/images/train/serif/Lisu_Bosa/Lisu_Bosa_0057.png,4,True,True,False
data/v2/processed/fontsense_v2/images/train/serif/Lisu_Bosa/Lisu_Bosa_0015.png,data/v2/processed/fontsense_v2/images/train/serif/Lisu_Bosa/Lisu_Bosa_0058.png,4,True,True,False
data/v2/processed/fontsense_v2/images/train/serif/Lisu_Bosa/Lisu_Bosa_0015.png,data/v2/processed/fontsense_v2/images/train/serif/Lisu_Bosa/Lisu_Bosa_0069.png,4,True,True,False
data/v2/processed/fontsense_v2/images/train/serif/Lisu_Bosa/Lisu_Bosa_0015.png,data/v2/processed/fontsense_v2/images/train/serif/Lisu_Bosa/Lisu_Bosa_0071.png,4,True,True,False
data/v2/processed/fontsense_v2/images/train/serif/Lisu_Bosa/Lisu_Bosa_0015.png,data/v2/processed/fontsense_v2/images/train/serif/Lisu_Bosa/Lisu_Bosa_0088.png,4,True,True,False
data/v2/processed/fontsense_v2/images/train/serif/Lisu_Bosa/Lisu_Bosa_0015.png,data/v2/processed/fontsense_v2/images/train/serif/Lisu_Bosa/Lisu_Bosa_0089.png,4,True,True,False
data/v2/processed/fontsense_v2/images/train/serif/Lisu_Bosa/Lisu_Bosa_0015.png,data/v2/processed/fontsense_v2/images/train/serif/Lisu_Bosa/Lisu_Bosa_0098.png,4,True,True,False
data/v2/processed/fontsense_v2/images/train/serif/Lisu_Bosa/Lisu_Bosa_0015.png,data/v2/processed/fontsense_v2/images/train/serif/Rokkitt/Rokkitt_0005.png,4,False,True,False
data/v2/processed/fontsense_v2/images/train/serif/Lisu_Bosa/Lisu_Bosa_0015.png,data/v2/processed/fontsense_v2/images/train/serif/Rokkitt/Rokkitt_0062.png,4,False,True,False
data/v2/processed/fontsense_v2/images/train/serif/Lisu_Bosa/Lisu_Bosa_0016.png,data/v2/processed/fontsense_v2/images/train/serif/Lisu_Bosa/Lisu_Bosa_0019.png,4,True,True,False
data/v2/processed/fontsense_v2/images/train/serif/Lisu_Bosa/Lisu_Bosa_0016.png,data/v2/processed/fontsense_v2/images/train/serif/Lisu_Bosa/Lisu_Bosa_0025.png,4,True,True,False
data/v2/processed/fontsense_v2/images/train/serif/Lisu_Bosa/Lisu_Bosa_0016.png,data/v2/processed/fontsense_v2/images/train/serif/Lisu_Bosa/Lisu_Bosa_0029.png,4,True,True,False
data/v2/processed/fontsense_v2/images/train/serif/Lisu_Bosa/Lisu_Bosa_0016.png,data/v2/processed/fontsense_v2/images/train/serif/Lisu_Bosa/Lisu_Bosa_0048.png,4,True,True,False
data/v2/processed/fontsense_v2/images/train/serif/Lisu_Bosa/Lisu_Bosa_0016.png,data/v2/processed/fontsense_v2/images/train/serif/Lisu_Bosa/Lisu_Bosa_0057.png,4,True,True,False
data/v2/processed/fontsense_v2/images/train/serif/Lisu_Bosa/Lisu_Bosa_0016.png,data/v2/processed/fontsense_v2/images/train/serif/Lisu_Bosa/Lisu_Bosa_0058.png,4,True,True,False
data/v2/processed/fontsense_v2/images/train/serif/Lisu_Bosa/Lisu_Bosa_0016.png,data/v2/processed/fontsense_v2/images/train/serif/Lisu_Bosa/Lisu_Bosa_0069.png,4,True,True,False
data/v2/processed/fontsense_v2/images/train/serif/Lisu_Bosa/Lisu_Bosa_0016.png,data/v2/processed/fontsense_v2/images/train/serif/Lisu_Bosa/Lisu_Bosa_0080.png,4,True,True,False
data/v2/processed/fontsense_v2/images/train/serif/Lisu_Bosa/Lisu_Bosa_0016.png,data/v2/processed/fontsense_v2/images/train/serif/Lisu_Bosa/Lisu_Bosa_0084.png,4,True,True,False
data/v2/processed/fontsense_v2/images/train/serif/Lisu_Bosa/Lisu_Bosa_0016.png,data/v2/processed/fontsense_v2/images/train/serif/Lisu_Bosa/Lisu_Bosa_0088.png,4,True,True,False
data/v2/processed/fontsense_v2/images/train/serif/Lisu_Bosa/Lisu_Bosa_0016.png,data/v2/processed/fontsense_v2/images/train/serif/Lisu_Bosa/Lisu_Bosa_0091.png,4,True,True,False
data/v2/processed/fontsense_v2/images/train/serif/Lisu_Bosa/Lisu_Bosa_0017.png,data/v2/processed/fontsense_v2/images/train/serif/Lisu_Bosa/Lisu_Bosa_0025.png,4,True,True,False
data/v2/processed/fontsense_v2/images/train/serif/Lisu_Bosa/Lisu_Bosa_0017.png,data/v2/processed/fontsense_v2/images/train/serif/Lisu_Bosa/Lisu_Bosa_0029.png,4,True,True,False
data/v2/processed/fontsense_v2/images/train/serif/Lisu_Bosa/Lisu_Bosa_0017.png,data/v2/processed/fontsense_v2/images/train/serif/Lisu_Bosa/Lisu_Bosa_0032.png,4,True,True,False
data/v2/processed/fontsense_v2/images/train/serif/Lisu_Bosa/Lisu_Bosa_0017.png,data/v2/processed/fontsense_v2/images/train/serif/Lisu_Bosa/Lisu_Bosa_0034.png,4,True,True,False
data/v2/processed/fontsense_v2/images/train/serif/Lisu_Bosa/Lisu_Bosa_0017.png,data/v2/processed/fontsense_v2/images/train/serif/Lisu_Bosa/Lisu_Bosa_0057.png,4,True,True,False
data/v2/processed/fontsense_v2/images/train/serif/Lisu_Bosa/Lisu_Bosa_0017.png,data/v2/processed/fontsense_v2/images/train/serif/Lisu_Bosa/Lisu_Bosa_0089.png,4,True,True,False
data/v2/processed/fontsense_v2/images/train/serif/Lisu_Bosa/Lisu_Bosa_0017.png,data/v2/processed/fontsense_v2/images/train/serif/Lisu_Bosa/Lisu_Bosa_0098.png,4,True,True,False
data/v2/processed/fontsense_v2/images/train/serif/Lisu_Bosa/Lisu_Bosa_0018.png,data/v2/processed/fontsense_v2/images/train/serif/Lisu_Bosa/Lisu_Bosa_0023.png,4,True,True,False
data/v2/processed/fontsense_v2/images/train/serif/Lisu_Bosa/Lisu_Bosa_0018.png,data/v2/processed/fontsense_v2/images/train/serif/Lisu_Bosa/Lisu_Bosa_0026.png,4,True,True,False
data/v2/processed/fontsense_v2/images/train/serif/Lisu_Bosa/Lisu_Bosa_0018.png,data/v2/processed/fontsense_v2/images/train/serif/Lisu_Bosa/Lisu_Bosa_0036.png,4,True,True,False
data/v2/processed/fontsense_v2/images/train/serif/Lisu_Bosa/Lisu_Bosa_0018.png,data/v2/processed/fontsense_v2/images/train/serif/Lisu_Bosa/Lisu_Bosa_0042.png,4,True,True,False
data/v2/processed/fontsense_v2/images/train/serif/Lisu_Bosa/Lisu_Bosa_0018.png,data/v2/processed/fontsense_v2/images/train/serif/Lisu_Bosa/Lisu_Bosa_0044.png,4,True,True,False
data/v2/processed/fontsense_v2/images/train/serif/Lisu_Bosa/Lisu_Bosa_0018.png,data/v2/processed/fontsense_v2/images/train/serif/Lisu_Bosa/Lisu_Bosa_0051.png,4,True,True,False
data/v2/processed/fontsense_v2/images/train/serif/Lisu_Bosa/Lisu_Bosa_0018.png,data/v2/processed/fontsense_v2/images/train/serif/Lisu_Bosa/Lisu_Bosa_0082.png,4,True,True,False
data/v2/processed/fontsense_v2/images/train/serif/Lisu_Bosa/Lisu_Bosa_0018.png,data/v2/processed/fontsense_v2/images/train/serif/Lisu_Bosa/Lisu_Bosa_0083.png,4,True,True,False
data/v2/processed/fontsense_v2/images/train/serif/Lisu_Bosa/Lisu_Bosa_0018.png,data/v2/processed/fontsense_v2/images/train/serif/Rokkitt/Rokkitt_0059.png,4,False,True,False
data/v2/processed/fontsense_v2/images/train/serif/Lisu_Bosa/Lisu_Bosa_0018.png,data/v2/processed/fontsense_v2/images/train/serif/Rokkitt/Rokkitt_0082.png,4,False,True,False
data/v2/processed/fontsense_v2/images/train/serif/Lisu_Bosa/Lisu_Bosa_0018.png,data/v2/processed/fontsense_v2/images/train/serif/Quattrocento/Quattrocento_0066.png,4,False,True,False
data/v2/processed/fontsense_v2/images/train/serif/Lisu_Bosa/Lisu_Bosa_0019.png,data/v2/processed/fontsense_v2/images/train/serif/Lisu_Bosa/Lisu_Bosa_0025.png,4,True,True,False
data/v2/processed/fontsense_v2/images/train/serif/Lisu_Bosa/Lisu_Bosa_0019.png,data/v2/processed/fontsense_v2/images/train/serif/Lisu_Bosa/Lisu_Bosa_0029.png,4,True,True,False
data/v2/processed/fontsense_v2/images/train/serif/Lisu_Bosa/Lisu_Bosa_0019.png,data/v2/processed/fontsense_v2/images/train/serif/Lisu_Bosa/Lisu_Bosa_0037.png,4,True,True,False
data/v2/processed/fontsense_v2/images/train/serif/Lisu_Bosa/Lisu_Bosa_0019.png,data/v2/processed/fontsense_v2/images/train/serif/Lisu_Bosa/Lisu_Bosa_0045.png,4,True,True,False
data/v2/processed/fontsense_v2/images/train/serif/Lisu_Bosa/Lisu_Bosa_0019.png,data/v2/processed/fontsense_v2/images/train/serif/Lisu_Bosa/Lisu_Bosa_0050.png,4,True,True,False
data/v2/processed/fontsense_v2/images/train/serif/Lisu_Bosa/Lisu_Bosa_0019.png,data/v2/processed/fontsense_v2/images/train/serif/Lisu_Bosa/Lisu_Bosa_0065.png,4,True,True,False
data/v2/processed/fontsense_v2/images/train/serif/Lisu_Bosa/Lisu_Bosa_0019.png,data/v2/processed/fontsense_v2/images/train/serif/Lisu_Bosa/Lisu_Bosa_0069.png,4,True,True,False
data/v2/processed/fontsense_v2/images/train/serif/Lisu_Bosa/Lisu_Bosa_0019.png,data/v2/processed/fontsense_v2/images/train/serif/Lisu_Bosa/Lisu_Bosa_0072.png,4,True,True,False
data/v2/processed/fontsense_v2/images/train/serif/Lisu_Bosa/Lisu_Bosa_0019.png,data/v2/processed/fontsense_v2/images/train/serif/Lisu_Bosa/Lisu_Bosa_0079.png,4,True,True,False
data/v2/processed/fontsense_v2/images/train/serif/Lisu_Bosa/Lisu_Bosa_0019.png,data/v2/processed/fontsense_v2/images/train/serif/Lisu_Bosa/Lisu_Bosa_0084.png,4,True,True,False
data/v2/processed/fontsense_v2/images/train/serif/Lisu_Bosa/Lisu_Bosa_0019.png,data/v2/processed/fontsense_v2/images/train/serif/Lisu_Bosa/Lisu_Bosa_0088.png,4,True,True,False
data/v2/processed/fontsense_v2/images/train/serif/Lisu_Bosa/Lisu_Bosa_0019.png,data/v2/processed/fontsense_v2/images/train/serif/Lisu_Bosa/Lisu_Bosa_0091.png,4,True,True,False
data/v2/processed/fontsense_v2/images/train/serif/Lisu_Bosa/Lisu_Bosa_0019.png,data/v2/processed/fontsense_v2/images/train/serif/Rokkitt/Rokkitt_0053.png,4,False,True,False
data/v2/processed/fontsense_v2/images/train/serif/Lisu_Bosa/Lisu_Bosa_0019.png,data/v2/processed/fontsense_v2/images/train/serif/Rokkitt/Rokkitt_0068.png,4,False,True,False
data/v2/processed/fontsense_v2/images/train/serif/Lisu_Bosa/Lisu_Bosa_0019.png,data/v2/processed/fontsense_v2/images/train/serif/IM_Fell_Great_Primer/IM_Fell_Great_Primer_0024.png,4,False,True,False
data/v2/processed/fontsense_v2/images/train/serif/Lisu_Bosa/Lisu_Bosa_0019.png,data/v2/processed/fontsense_v2/images/train/serif/IM_Fell_Great_Primer/IM_Fell_Great_Primer_0088.png,4,False,True,False
data/v2/processed/fontsense_v2/images/train/serif/Lisu_Bosa/Lisu_Bosa_0020.png,data/v2/processed/fontsense_v2/images/train/serif/Lisu_Bosa/Lisu_Bosa_0024.png,4,True,True,False
data/v2/processed/fontsense_v2/images/train/serif/Lisu_Bosa/Lisu_Bosa_0020.png,data/v2/processed/fontsense_v2/images/train/serif/Lisu_Bosa/Lisu_Bosa_0046.png,4,True,True,False
data/v2/processed/fontsense_v2/images/train/serif/Lisu_Bosa/Lisu_Bosa_0020.png,data/v2/processed/fontsense_v2/images/train/serif/Lisu_Bosa/Lisu_Bosa_0066.png,4,True,True,False
data/v2/processed/fontsense_v2/images/train/serif/Lisu_Bosa/Lisu_Bosa_0020.png,data/v2/processed/fontsense_v2/images/train/serif/IM_Fell_Great_Primer/IM_Fell_Great_Primer_0013.png,4,False,True,False
data/v2/processed/fontsense_v2/images/train/serif/Lisu_Bosa/Lisu_Bosa_0021.png,data/v2/processed/fontsense_v2/images/train/serif/Lisu_Bosa/Lisu_Bosa_0026.png,4,True,True,False
data/v2/processed/fontsense_v2/images/train/serif/Lisu_Bosa/Lisu_Bosa_0021.png,data/v2/processed/fontsense_v2/images/train/serif/Lisu_Bosa/Lisu_Bosa_0030.png,4,True,True,False
data/v2/processed/fontsense_v2/images/train/serif/Lisu_Bosa/Lisu_Bosa_0021.png,data/v2/processed/fontsense_v2/images/train/serif/Lisu_Bosa/Lisu_Bosa_0036.png,4,True,True,False
data/v2/processed/fontsense_v2/images/train/serif/Lisu_Bosa/Lisu_Bosa_0021.png,data/v2/processed/fontsense_v2/images/train/serif/Lisu_Bosa/Lisu_Bosa_0051.png,4,True,True,False
data/v2/processed/fontsense_v2/images/train/serif/Lisu_Bosa/Lisu_Bosa_0021.png,data/v2/processed/fontsense_v2/images/train/serif/Lisu_Bosa/Lisu_Bosa_0053.png,4,True,True,False
data/v2/processed/fontsense_v2/images/train/serif/Lisu_Bosa/Lisu_Bosa_0021.png,data/v2/processed/fontsense_v2/images/train/serif/Lisu_Bosa/Lisu_Bosa_0068.png,4,True,True,False
data/v2/processed/fontsense_v2/images/train/serif/Lisu_Bosa/Lisu_Bosa_0021.png,data/v2/processed/fontsense_v2/images/train/serif/Lisu_Bosa/Lisu_Bosa_0093.png,4,True,True,False
data/v2/processed/fontsense_v2/images/train/serif/Lisu_Bosa/Lisu_Bosa_0021.png,data/v2/processed/fontsense_v2/images/train/serif/Lisu_Bosa/Lisu_Bosa_0095.png,4,True,True,False
data/v2/processed/fontsense_v2/images/train/serif/Lisu_Bosa/Lisu_Bosa_0022.png,data/v2/processed/fontsense_v2/images/train/serif/Lisu_Bosa/Lisu_Bosa_0085.png,4,True,True,False
data/v2/processed/fontsense_v2/images/train/serif/Lisu_Bosa/Lisu_Bosa_0022.png,data/v2/processed/fontsense_v2/images/train/serif/Quattrocento/Quattrocento_0033.png,4,False,True,False
data/v2/processed/fontsense_v2/images/train/serif/Lisu_Bosa/Lisu_Bosa_0023.png,data/v2/processed/fontsense_v2/images/train/serif/Lisu_Bosa/Lisu_Bosa_0030.png,4,True,True,False
data/v2/processed/fontsense_v2/images/train/serif/Lisu_Bosa/Lisu_Bosa_0023.png,data/v2/processed/fontsense_v2/images/train/serif/Lisu_Bosa/Lisu_Bosa_0036.png,4,True,True,False
data/v2/processed/fontsense_v2/images/train/serif/Lisu_Bosa/Lisu_Bosa_0023.png,data/v2/processed/fontsense_v2/images/train/serif/Lisu_Bosa/Lisu_Bosa_0042.png,4,True,True,False
data/v2/processed/fontsense_v2/images/train/serif/Lisu_Bosa/Lisu_Bosa_0023.png,data/v2/processed/fontsense_v2/images/train/serif/Lisu_Bosa/Lisu_Bosa_0047.png,4,True,True,False
data/v2/processed/fontsense_v2/images/train/serif/Lisu_Bosa/Lisu_Bosa_0023.png,data/v2/processed/fontsense_v2/images/train/serif/Lisu_Bosa/Lisu_Bosa_0049.png,4,True,True,False
data/v2/processed/fontsense_v2/images/train/serif/Lisu_Bosa/Lisu_Bosa_0023.png,data/v2/processed/fontsense_v2/images/train/serif/Lisu_Bosa/Lisu_Bosa_0051.png,4,True,True,False
data/v2/processed/fontsense_v2/images/train/serif/Lisu_Bosa/Lisu_Bosa_0023.png,data/v2/processed/fontsense_v2/images/train/serif/Lisu_Bosa/Lisu_Bosa_0053.png,4,True,True,False
data/v2/processed/fontsense_v2/images/train/serif/Lisu_Bosa/Lisu_Bosa_0023.png,data/v2/processed/fontsense_v2/images/train/serif/Lisu_Bosa/Lisu_Bosa_0081.png,4,True,True,False
data/v2/processed/fontsense_v2/images/train/serif/Lisu_Bosa/Lisu_Bosa_0023.png,data/v2/processed/fontsense_v2/images/train/serif/Lisu_Bosa/Lisu_Bosa_0083.png,4,True,True,False
data/v2/processed/fontsense_v2/images/train/serif/Lisu_Bosa/Lisu_Bosa_0023.png,data/v2/processed/fontsense_v2/images/train/serif/Rokkitt/Rokkitt_0057.png,4,False,True,False
data/v2/processed/fontsense_v2/images/train/serif/Lisu_Bosa/Lisu_Bosa_0023.png,data/v2/processed/fontsense_v2/images/train/serif/Quattrocento/Quattrocento_0059.png,4,False,True,False
data/v2/processed/fontsense_v2/images/train/serif/Lisu_Bosa/Lisu_Bosa_0023.png,data/v2/processed/fontsense_v2/images/train/serif/Quattrocento/Quattrocento_0082.png,4,False,True,False
data/v2/processed/fontsense_v2/images/train/serif/Lisu_Bosa/Lisu_Bosa_0023.png,data/v2/processed/fontsense_v2/images/train/serif/Quattrocento/Quattrocento_0086.png,4,False,True,False
data/v2/processed/fontsense_v2/images/train/serif/Lisu_Bosa/Lisu_Bosa_0023.png,data/v2/processed/fontsense_v2/images/train/serif/IM_Fell_Great_Primer/IM_Fell_Great_Primer_0034.png,4,False,True,False
data/v2/processed/fontsense_v2/images/train/serif/Lisu_Bosa/Lisu_Bosa_0024.png,data/v2/processed/fontsense_v2/images/train/serif/Lisu_Bosa/Lisu_Bosa_0046.png,4,True,True,False
data/v2/processed/fontsense_v2/images/train/serif/Lisu_Bosa/Lisu_Bosa_0024.png,data/v2/processed/fontsense_v2/images/train/serif/Lisu_Bosa/Lisu_Bosa_0055.png,4,True,True,False
data/v2/processed/fontsense_v2/images/train/serif/Lisu_Bosa/Lisu_Bosa_0024.png,data/v2/processed/fontsense_v2/images/train/serif/Lisu_Bosa/Lisu_Bosa_0074.png,4,True,True,False
data/v2/processed/fontsense_v2/images/train/serif/Lisu_Bosa/Lisu_Bosa_0024.png,data/v2/processed/fontsense_v2/images/train/serif/Yuji_Syuku/Yuji_Syuku_0050.png,4,False,True,False
data/v2/processed/fontsense_v2/images/train/serif/Lisu_Bosa/Lisu_Bosa_0025.png,data/v2/processed/fontsense_v2/images/train/serif/Lisu_Bosa/Lisu_Bosa_0032.png,4,True,True,False
data/v2/processed/fontsense_v2/images/train/serif/Lisu_Bosa/Lisu_Bosa_0025.png,data/v2/processed/fontsense_v2/images/train/serif/Lisu_Bosa/Lisu_Bosa_0037.png,4,True,True,False
data/v2/processed/fontsense_v2/images/train/serif/Lisu_Bosa/Lisu_Bosa_0025.png,data/v2/processed/fontsense_v2/images/train/serif/Lisu_Bosa/Lisu_Bosa_0043.png,4,True,True,False
data/v2/processed/fontsense_v2/images/train/serif/Lisu_Bosa/Lisu_Bosa_0025.png,data/v2/processed/fontsense_v2/images/train/serif/Lisu_Bosa/Lisu_Bosa_0057.png,4,True,True,False
data/v2/processed/fontsense_v2/images/train/serif/Lisu_Bosa/Lisu_Bosa_0025.png,data/v2/processed/fontsense_v2/images/train/serif/Lisu_Bosa/Lisu_Bosa_0058.png,4,True,True,False
data/v2/processed/fontsense_v2/images/train/serif/Lisu_Bosa/Lisu_Bosa_0025.png,data/v2/processed/fontsense_v2/images/train/serif/Lisu_Bosa/Lisu_Bosa_0067.png,4,True,True,False
data/v2/processed/fontsense_v2/images/train/serif/Lisu_Bosa/Lisu_Bosa_0025.png,data/v2/processed/fontsense_v2/images/train/serif/Lisu_Bosa/Lisu_Bosa_0069.png,4,True,True,False
data/v2/processed/fontsense_v2/images/train/serif/Lisu_Bosa/Lisu_Bosa_0025.png,data/v2/processed/fontsense_v2/images/train/serif/Lisu_Bosa/Lisu_Bosa_0071.png,4,True,True,False
data/v2/processed/fontsense_v2/images/train/serif/Lisu_Bosa/Lisu_Bosa_0025.png,data/v2/processed/fontsense_v2/images/train/serif/Lisu_Bosa/Lisu_Bosa_0088.png,4,True,True,False
data/v2/processed/fontsense_v2/images/train/serif/Lisu_Bosa/Lisu_Bosa_0025.png,data/v2/processed/fontsense_v2/images/train/serif/Lisu_Bosa/Lisu_Bosa_0098.png,4,True,True,False
data/v2/processed/fontsense_v2/images/train/serif/Lisu_Bosa/Lisu_Bosa_0025.png,data/v2/processed/fontsense_v2/images/train/serif/Quattrocento/Quattrocento_0091.png,4,False,True,False
data/v2/processed/fontsense_v2/images/train/serif/Lisu_Bosa/Lisu_Bosa_0026.png,data/v2/processed/fontsense_v2/images/train/serif/Lisu_Bosa/Lisu_Bosa_0036.png,4,True,True,False
data/v2/processed/fontsense_v2/images/train/serif/Lisu_Bosa/Lisu_Bosa_0026.png,data/v2/processed/fontsense_v2/images/train/serif/Lisu_Bosa/Lisu_Bosa_0039.png,4,True,True,False
data/v2/processed/fontsense_v2/images/train/serif/Lisu_Bosa/Lisu_Bosa_0026.png,data/v2/processed/fontsense_v2/images/train/serif/Lisu_Bosa/Lisu_Bosa_0042.png,4,True,True,False
data/v2/processed/fontsense_v2/images/train/serif/Lisu_Bosa/Lisu_Bosa_0026.png,data/v2/processed/fontsense_v2/images/train/serif/Lisu_Bosa/Lisu_Bosa_0053.png,4,True,True,False
data/v2/processed/fontsense_v2/images/train/serif/Lisu_Bosa/Lisu_Bosa_0026.png,data/v2/processed/fontsense_v2/images/train/serif/Lisu_Bosa/Lisu_Bosa_0068.png,4,True,True,False
data/v2/processed/fontsense_v2/images/train/serif/Lisu_Bosa/Lisu_Bosa_0026.png,data/v2/processed/fontsense_v2/images/train/serif/Lisu_Bosa/Lisu_Bosa_0083.png,4,True,True,False
data/v2/processed/fontsense_v2/images/train/serif/Lisu_Bosa/Lisu_Bosa_0026.png,data/v2/processed/fontsense_v2/images/train/serif/Lisu_Bosa/Lisu_Bosa_0096.png,4,True,True,False
data/v2/processed/fontsense_v2/images/train/serif/Lisu_Bosa/Lisu_Bosa_0026.png,data/v2/processed/fontsense_v2/images/train/serif/Rokkitt/Rokkitt_0095.png,4,False,True,False
data/v2/processed/fontsense_v2/images/train/serif/Lisu_Bosa/Lisu_Bosa_0028.png,data/v2/processed/fontsense_v2/images/train/serif/Lisu_Bosa/Lisu_Bosa_0063.png,4,True,True,False
data/v2/processed/fontsense_v2/images/train/serif/Lisu_Bosa/Lisu_Bosa_0029.png,data/v2/processed/fontsense_v2/images/train/serif/Lisu_Bosa/Lisu_Bosa_0032.png,4,True,True,False
data/v2/processed/fontsense_v2/images/train/serif/Lisu_Bosa/Lisu_Bosa_0029.png,data/v2/processed/fontsense_v2/images/train/serif/Lisu_Bosa/Lisu_Bosa_0043.png,4,True,True,False
data/v2/processed/fontsense_v2/images/train/serif/Lisu_Bosa/Lisu_Bosa_0029.png,data/v2/processed/fontsense_v2/images/train/serif/Lisu_Bosa/Lisu_Bosa_0057.png,4,True,True,False
data/v2/processed/fontsense_v2/images/train/serif/Lisu_Bosa/Lisu_Bosa_0029.png,data/v2/processed/fontsense_v2/images/train/serif/Lisu_Bosa/Lisu_Bosa_0058.png,4,True,True,False
data/v2/processed/fontsense_v2/images/train/serif/Lisu_Bosa/Lisu_Bosa_0029.png,data/v2/processed/fontsense_v2/images/train/serif/Lisu_Bosa/Lisu_Bosa_0067.png,4,True,True,False
data/v2/processed/fontsense_v2/images/train/serif/Lisu_Bosa/Lisu_Bosa_0029.png,data/v2/processed/fontsense_v2/images/train/serif/Lisu_Bosa/Lisu_Bosa_0069.png,4,True,True,False
data/v2/processed/fontsense_v2/images/train/serif/Lisu_Bosa/Lisu_Bosa_0029.png,data/v2/processed/fontsense_v2/images/train/serif/Lisu_Bosa/Lisu_Bosa_0071.png,4,True,True,False
data/v2/processed/fontsense_v2/images/train/serif/Lisu_Bosa/Lisu_Bosa_0029.png,data/v2/processed/fontsense_v2/images/train/serif/Lisu_Bosa/Lisu_Bosa_0084.png,4,True,True,False
data/v2/processed/fontsense_v2/images/train/serif/Lisu_Bosa/Lisu_Bosa_0029.png,data/v2/processed/fontsense_v2/images/train/serif/Lisu_Bosa/Lisu_Bosa_0088.png,4,True,True,False
data/v2/processed/fontsense_v2/images/train/serif/Lisu_Bosa/Lisu_Bosa_0029.png,data/v2/processed/fontsense_v2/images/train/serif/Lisu_Bosa/Lisu_Bosa_0089.png,4,True,True,False
data/v2/processed/fontsense_v2/images/train/serif/Lisu_Bosa/Lisu_Bosa_0030.png,data/v2/processed/fontsense_v2/images/train/serif/Lisu_Bosa/Lisu_Bosa_0033.png,4,True,True,False
data/v2/processed/fontsense_v2/images/train/serif/Lisu_Bosa/Lisu_Bosa_0030.png,data/v2/processed/fontsense_v2/images/train/serif/Lisu_Bosa/Lisu_Bosa_0036.png,4,True,True,False
data/v2/processed/fontsense_v2/images/train/serif/Lisu_Bosa/Lisu_Bosa_0030.png,data/v2/processed/fontsense_v2/images/train/serif/Lisu_Bosa/Lisu_Bosa_0039.png,4,True,True,False
data/v2/processed/fontsense_v2/images/train/serif/Lisu_Bosa/Lisu_Bosa_0030.png,data/v2/processed/fontsense_v2/images/train/serif/Lisu_Bosa/Lisu_Bosa_0044.png,4,True,True,False
data/v2/processed/fontsense_v2/images/train/serif/Lisu_Bosa/Lisu_Bosa_0030.png,data/v2/processed/fontsense_v2/images/train/serif/Lisu_Bosa/Lisu_Bosa_0049.png,4,True,True,False
data/v2/processed/fontsense_v2/images/train/serif/Lisu_Bosa/Lisu_Bosa_0030.png,data/v2/processed/fontsense_v2/images/train/serif/Lisu_Bosa/Lisu_Bosa_0051.png,4,True,True,False
data/v2/processed/fontsense_v2/images/train/serif/Lisu_Bosa/Lisu_Bosa_0030.png,data/v2/processed/fontsense_v2/images/train/serif/Lisu_Bosa/Lisu_Bosa_0053.png,4,True,True,False
data/v2/processed/fontsense_v2/images/train/serif/Lisu_Bosa/Lisu_Bosa_0030.png,data/v2/processed/fontsense_v2/images/train/serif/Lisu_Bosa/Lisu_Bosa_0093.png,4,True,True,False
data/v2/processed/fontsense_v2/images/train/serif/Lisu_Bosa/Lisu_Bosa_0030.png,data/v2/processed/fontsense_v2/images/train/serif/Rokkitt/Rokkitt_0082.png,4,False,True,False
data/v2/processed/fontsense_v2/images/train/serif/Lisu_Bosa/Lisu_Bosa_0031.png,data/v2/processed/fontsense_v2/images/train/serif/Lisu_Bosa/Lisu_Bosa_0038.png,4,True,True,False
data/v2/processed/fontsense_v2/images/train/serif/Lisu_Bosa/Lisu_Bosa_0031.png,data/v2/processed/fontsense_v2/images/train/serif/Lisu_Bosa/Lisu_Bosa_0040.png,4,True,True,False
data/v2/processed/fontsense_v2/images/train/serif/Lisu_Bosa/Lisu_Bosa_0031.png,data/v2/processed/fontsense_v2/images/train/serif/Lisu_Bosa/Lisu_Bosa_0041.png,4,True,True,False
data/v2/processed/fontsense_v2/images/train/serif/Lisu_Bosa/Lisu_Bosa_0031.png,data/v2/processed/fontsense_v2/images/train/serif/Lisu_Bosa/Lisu_Bosa_0089.png,4,True,True,False
data/v2/processed/fontsense_v2/images/train/serif/Lisu_Bosa/Lisu_Bosa_0031.png,data/v2/processed/fontsense_v2/images/train/serif/Rokkitt/Rokkitt_0042.png,4,False,True,False
data/v2/processed/fontsense_v2/images/train/serif/Lisu_Bosa/Lisu_Bosa_0031.png,data/v2/processed/fontsense_v2/images/train/serif/IM_Fell_Great_Primer/IM_Fell_Great_Primer_0066.png,4,False,True,True
data/v2/processed/fontsense_v2/images/train/serif/Lisu_Bosa/Lisu_Bosa_0032.png,data/v2/processed/fontsense_v2/images/train/serif/Lisu_Bosa/Lisu_Bosa_0038.png,4,True,True,False
data/v2/processed/fontsense_v2/images/train/serif/Lisu_Bosa/Lisu_Bosa_0032.png,data/v2/processed/fontsense_v2/images/train/serif/Lisu_Bosa/Lisu_Bosa_0054.png,4,True,True,False
data/v2/processed/fontsense_v2/images/train/serif/Lisu_Bosa/Lisu_Bosa_0032.png,data/v2/processed/fontsense_v2/images/train/serif/Lisu_Bosa/Lisu_Bosa_0069.png,4,True,True,False
data/v2/processed/fontsense_v2/images/train/serif/Lisu_Bosa/Lisu_Bosa_0032.png,data/v2/processed/fontsense_v2/images/train/serif/Lisu_Bosa/Lisu_Bosa_0080.png,4,True,True,False
data/v2/processed/fontsense_v2/images/train/serif/Lisu_Bosa/Lisu_Bosa_0032.png,data/v2/processed/fontsense_v2/images/train/serif/Lisu_Bosa/Lisu_Bosa_0088.png,4,True,True,False
data/v2/processed/fontsense_v2/images/train/serif/Lisu_Bosa/Lisu_Bosa_0032.png,data/v2/processed/fontsense_v2/images/train/serif/Rokkitt/Rokkitt_0005.png,4,False,True,False
data/v2/processed/fontsense_v2/images/train/serif/Lisu_Bosa/Lisu_Bosa_0032.png,data/v2/processed/fontsense_v2/images/train/serif/Rokkitt/Rokkitt_0024.png,4,False,True,False
data/v2/processed/fontsense_v2/images/train/serif/Lisu_Bosa/Lisu_Bosa_0032.png,data/v2/processed/fontsense_v2/images/train/serif/Noto_Serif_Ahom/Noto_Serif_Ahom_0001.png,4,False,True,False
data/v2/processed/fontsense_v2/images/train/serif/Lisu_Bosa/Lisu_Bosa_0033.png,data/v2/processed/fontsense_v2/images/train/serif/Lisu_Bosa/Lisu_Bosa_0044.png,4,True,True,False
data/v2/processed/fontsense_v2/images/train/serif/Lisu_Bosa/Lisu_Bosa_0034.png,data/v2/processed/fontsense_v2/images/train/serif/Lisu_Bosa/Lisu_Bosa_0043.png,4,True,True,False
data/v2/processed/fontsense_v2/images/train/serif/Lisu_Bosa/Lisu_Bosa_0034.png,data/v2/processed/fontsense_v2/images/train/serif/Lisu_Bosa/Lisu_Bosa_0048.png,4,True,True,False
data/v2/processed/fontsense_v2/images/train/serif/Lisu_Bosa/Lisu_Bosa_0034.png,data/v2/processed/fontsense_v2/images/train/serif/Lisu_Bosa/Lisu_Bosa_0050.png,4,True,True,False
data/v2/processed/fontsense_v2/images/train/serif/Lisu_Bosa/Lisu_Bosa_0034.png,data/v2/processed/fontsense_v2/images/train/serif/Lisu_Bosa/Lisu_Bosa_0054.png,4,True,True,False
data/v2/processed/fontsense_v2/images/train/serif/Lisu_Bosa/Lisu_Bosa_0034.png,data/v2/processed/fontsense_v2/images/train/serif/Lisu_Bosa/Lisu_Bosa_0057.png,4,True,True,False
data/v2/processed/fontsense_v2/images/train/serif/Lisu_Bosa/Lisu_Bosa_0034.png,data/v2/processed/fontsense_v2/images/train/serif/Lisu_Bosa/Lisu_Bosa_0058.png,4,True,True,False
data/v2/processed/fontsense_v2/images/train/serif/Lisu_Bosa/Lisu_Bosa_0034.png,data/v2/processed/fontsense_v2/images/train/serif/Lisu_Bosa/Lisu_Bosa_0065.png,4,True,True,False
data/v2/processed/fontsense_v2/images/train/serif/Lisu_Bosa/Lisu_Bosa_0034.png,data/v2/processed/fontsense_v2/images/train/serif/Lisu_Bosa/Lisu_Bosa_0072.png,4,True,True,False
data/v2/processed/fontsense_v2/images/train/serif/Lisu_Bosa/Lisu_Bosa_0034.png,data/v2/processed/fontsense_v2/images/train/serif/Lisu_Bosa/Lisu_Bosa_0079.png,4,True,True,False
data/v2/processed/fontsense_v2/images/train/serif/Lisu_Bosa/Lisu_Bosa_0034.png,data/v2/processed/fontsense_v2/images/train/serif/Lisu_Bosa/Lisu_Bosa_0091.png,4,True,True,False
data/v2/processed/fontsense_v2/images/train/serif/Lisu_Bosa/Lisu_Bosa_0034.png,data/v2/processed/fontsense_v2/images/train/serif/Lisu_Bosa/Lisu_Bosa_0098.png,4,True,True,False
data/v2/processed/fontsense_v2/images/train/serif/Lisu_Bosa/Lisu_Bosa_0035.png,data/v2/processed/fontsense_v2/images/train/serif/Lisu_Bosa/Lisu_Bosa_0050.png,4,True,True,False
data/v2/processed/fontsense_v2/images/train/serif/Lisu_Bosa/Lisu_Bosa_0035.png,data/v2/processed/fontsense_v2/images/train/serif/Lisu_Bosa/Lisu_Bosa_0062.png,4,True,True,False
data/v2/processed/fontsense_v2/images/train/serif/Lisu_Bosa/Lisu_Bosa_0035.png,data/v2/processed/fontsense_v2/images/train/serif/Lisu_Bosa/Lisu_Bosa_0065.png,4,True,True,False
data/v2/processed/fontsense_v2/images/train/serif/Lisu_Bosa/Lisu_Bosa_0035.png,data/v2/processed/fontsense_v2/images/train/serif/Lisu_Bosa/Lisu_Bosa_0069.png,4,True,True,False
data/v2/processed/fontsense_v2/images/train/serif/Lisu_Bosa/Lisu_Bosa_0035.png,data/v2/processed/fontsense_v2/images/train/serif/Lisu_Bosa/Lisu_Bosa_0071.png,4,True,True,False
data/v2/processed/fontsense_v2/images/train/serif/Lisu_Bosa/Lisu_Bosa_0035.png,data/v2/processed/fontsense_v2/images/train/serif/Lisu_Bosa/Lisu_Bosa_0072.png,4,True,True,False
data/v2/processed/fontsense_v2/images/train/serif/Lisu_Bosa/Lisu_Bosa_0035.png,data/v2/processed/fontsense_v2/images/train/serif/Lisu_Bosa/Lisu_Bosa_0079.png,4,True,True,False
data/v2/processed/fontsense_v2/images/train/serif/Lisu_Bosa/Lisu_Bosa_0035.png,data/v2/processed/fontsense_v2/images/train/serif/Lisu_Bosa/Lisu_Bosa_0087.png,4,True,True,False
data/v2/processed/fontsense_v2/images/train/serif/Lisu_Bosa/Lisu_Bosa_0035.png,data/v2/processed/fontsense_v2/images/train/serif/Lisu_Bosa/Lisu_Bosa_0088.png,4,True,True,False
data/v2/processed/fontsense_v2/images/train/serif/Lisu_Bosa/Lisu_Bosa_0035.png,data/v2/processed/fontsense_v2/images/train/serif/Lisu_Bosa/Lisu_Bosa_0089.png,4,True,True,False
data/v2/processed/fontsense_v2/images/train/serif/Lisu_Bosa/Lisu_Bosa_0036.png,data/v2/processed/fontsense_v2/images/train/serif/Lisu_Bosa/Lisu_Bosa_0042.png,4,True,True,False
data/v2/processed/fontsense_v2/images/train/serif/Lisu_Bosa/Lisu_Bosa_0036.png,data/v2/processed/fontsense_v2/images/train/serif/Lisu_Bosa/Lisu_Bosa_0044.png,4,True,True,False
data/v2/processed/fontsense_v2/images/train/serif/Lisu_Bosa/Lisu_Bosa_0036.png,data/v2/processed/fontsense_v2/images/train/serif/Lisu_Bosa/Lisu_Bosa_0047.png,4,True,True,False
data/v2/processed/fontsense_v2/images/train/serif/Lisu_Bosa/Lisu_Bosa_0036.png,data/v2/processed/fontsense_v2/images/train/serif/Lisu_Bosa/Lisu_Bosa_0049.png,4,True,True,False
data/v2/processed/fontsense_v2/images/train/serif/Lisu_Bosa/Lisu_Bosa_0036.png,data/v2/processed/fontsense_v2/images/train/serif/Lisu_Bosa/Lisu_Bosa_0083.png,4,True,True,False
data/v2/processed/fontsense_v2/images/train/serif/Lisu_Bosa/Lisu_Bosa_0036.png,data/v2/processed/fontsense_v2/images/train/serif/Lisu_Bosa/Lisu_Bosa_0093.png,4,True,True,False
data/v2/processed/fontsense_v2/images/train/serif/Lisu_Bosa/Lisu_Bosa_0036.png,data/v2/processed/fontsense_v2/images/train/serif/Lisu_Bosa/Lisu_Bosa_0095.png,4,True,True,False
data/v2/processed/fontsense_v2/images/train/serif/Lisu_Bosa/Lisu_Bosa_0036.png,data/v2/processed/fontsense_v2/images/train/serif/Lisu_Bosa/Lisu_Bosa_0096.png,4,True,True,False
data/v2/processed/fontsense_v2/images/train/serif/Lisu_Bosa/Lisu_Bosa_0036.png,data/v2/processed/fontsense_v2/images/train/serif/Rokkitt/Rokkitt_0052.png,4,False,True,False
data/v2/processed/fontsense_v2/images/train/serif/Lisu_Bosa/Lisu_Bosa_0037.png,data/v2/processed/fontsense_v2/images/train/serif/Lisu_Bosa/Lisu_Bosa_0048.png,4,True,True,False
data/v2/processed/fontsense_v2/images/train/serif/Lisu_Bosa/Lisu_Bosa_0037.png,data/v2/processed/fontsense_v2/images/train/serif/Lisu_Bosa/Lisu_Bosa_0057.png,4,True,True,False
data/v2/processed/fontsense_v2/images/train/serif/Lisu_Bosa/Lisu_Bosa_0037.png,data/v2/processed/fontsense_v2/images/train/serif/Lisu_Bosa/Lisu_Bosa_0058.png,4,True,True,False
data/v2/processed/fontsense_v2/images/train/serif/Lisu_Bosa/Lisu_Bosa_0037.png,data/v2/processed/fontsense_v2/images/train/serif/Lisu_Bosa/Lisu_Bosa_0067.png,4,True,True,False
data/v2/processed/fontsense_v2/images/train/serif/Lisu_Bosa/Lisu_Bosa_0037.png,data/v2/processed/fontsense_v2/images/train/serif/Lisu_Bosa/Lisu_Bosa_0069.png,4,True,True,False
data/v2/processed/fontsense_v2/images/train/serif/Lisu_Bosa/Lisu_Bosa_0037.png,data/v2/processed/fontsense_v2/images/train/serif/Lisu_Bosa/Lisu_Bosa_0080.png,4,True,True,False
data/v2/processed/fontsense_v2/images/train/serif/Lisu_Bosa/Lisu_Bosa_0037.png,data/v2/processed/fontsense_v2/images/train/serif/Lisu_Bosa/Lisu_Bosa_0084.png,4,True,True,False
data/v2/processed/fontsense_v2/images/train/serif/Lisu_Bosa/Lisu_Bosa_0037.png,data/v2/processed/fontsense_v2/images/train/serif/Lisu_Bosa/Lisu_Bosa_0088.png,4,True,True,False
data/v2/processed/fontsense_v2/images/train/serif/Lisu_Bosa/Lisu_Bosa_0037.png,data/v2/processed/fontsense_v2/images/train/serif/Lisu_Bosa/Lisu_Bosa_0089.png,4,True,True,False
data/v2/processed/fontsense_v2/images/train/serif/Lisu_Bosa/Lisu_Bosa_0037.png,data/v2/processed/fontsense_v2/images/train/serif/Lisu_Bosa/Lisu_Bosa_0091.png,4,True,True,False
data/v2/processed/fontsense_v2/images/train/serif/Lisu_Bosa/Lisu_Bosa_0038.png,data/v2/processed/fontsense_v2/images/train/serif/Lisu_Bosa/Lisu_Bosa_0040.png,4,True,True,False
data/v2/processed/fontsense_v2/images/train/serif/Lisu_Bosa/Lisu_Bosa_0038.png,data/v2/processed/fontsense_v2/images/train/serif/Lisu_Bosa/Lisu_Bosa_0043.png,4,True,True,False
data/v2/processed/fontsense_v2/images/train/serif/Lisu_Bosa/Lisu_Bosa_0038.png,data/v2/processed/fontsense_v2/images/train/serif/Lisu_Bosa/Lisu_Bosa_0054.png,4,True,True,False
data/v2/processed/fontsense_v2/images/train/serif/Lisu_Bosa/Lisu_Bosa_0038.png,data/v2/processed/fontsense_v2/images/train/serif/Lisu_Bosa/Lisu_Bosa_0069.png,4,True,True,False
data/v2/processed/fontsense_v2/images/train/serif/Lisu_Bosa/Lisu_Bosa_0038.png,data/v2/processed/fontsense_v2/images/train/serif/Lisu_Bosa/Lisu_Bosa_0088.png,4,True,True,False
data/v2/processed/fontsense_v2/images/train/serif/Lisu_Bosa/Lisu_Bosa_0038.png,data/v2/processed/fontsense_v2/images/train/serif/Lisu_Bosa/Lisu_Bosa_0089.png,4,True,True,False
data/v2/processed/fontsense_v2/images/train/serif/Lisu_Bosa/Lisu_Bosa_0038.png,data/v2/processed/fontsense_v2/images/train/serif/Lisu_Bosa/Lisu_Bosa_0098.png,4,True,True,False
data/v2/processed/fontsense_v2/images/train/serif/Lisu_Bosa/Lisu_Bosa_0038.png,data/v2/processed/fontsense_v2/images/train/serif/Rokkitt/Rokkitt_0005.png,4,False,True,False
data/v2/processed/fontsense_v2/images/train/serif/Lisu_Bosa/Lisu_Bosa_0038.png,data/v2/processed/fontsense_v2/images/train/serif/IM_Fell_Great_Primer/IM_Fell_Great_Primer_0030.png,4,False,True,False
data/v2/processed/fontsense_v2/images/train/serif/Lisu_Bosa/Lisu_Bosa_0039.png,data/v2/processed/fontsense_v2/images/train/serif/Lisu_Bosa/Lisu_Bosa_0052.png,4,True,True,False
data/v2/processed/fontsense_v2/images/train/serif/Lisu_Bosa/Lisu_Bosa_0039.png,data/v2/processed/fontsense_v2/images/train/serif/Lisu_Bosa/Lisu_Bosa_0070.png,4,True,True,False
data/v2/processed/fontsense_v2/images/train/serif/Lisu_Bosa/Lisu_Bosa_0039.png,data/v2/processed/fontsense_v2/images/train/serif/Lisu_Bosa/Lisu_Bosa_0082.png,4,True,True,False
data/v2/processed/fontsense_v2/images/train/serif/Lisu_Bosa/Lisu_Bosa_0039.png,data/v2/processed/fontsense_v2/images/train/serif/Lisu_Bosa/Lisu_Bosa_0086.png,4,True,True,False
data/v2/processed/fontsense_v2/images/train/serif/Lisu_Bosa/Lisu_Bosa_0039.png,data/v2/processed/fontsense_v2/images/train/serif/Lisu_Bosa/Lisu_Bosa_0095.png,4,True,True,False
data/v2/processed/fontsense_v2/images/train/serif/Lisu_Bosa/Lisu_Bosa_0039.png,data/v2/processed/fontsense_v2/images/train/serif/Rokkitt/Rokkitt_0082.png,4,False,True,False
data/v2/processed/fontsense_v2/images/train/serif/Lisu_Bosa/Lisu_Bosa_0040.png,data/v2/processed/fontsense_v2/images/train/serif/Lisu_Bosa/Lisu_Bosa_0041.png,4,True,True,False
data/v2/processed/fontsense_v2/images/train/serif/Lisu_Bosa/Lisu_Bosa_0040.png,data/v2/processed/fontsense_v2/images/train/serif/Lisu_Bosa/Lisu_Bosa_0069.png,4,True,True,False
data/v2/processed/fontsense_v2/images/train/serif/Lisu_Bosa/Lisu_Bosa_0040.png,data/v2/processed/fontsense_v2/images/train/serif/Lisu_Bosa/Lisu_Bosa_0088.png,4,True,True,False
data/v2/processed/fontsense_v2/images/train/serif/Lisu_Bosa/Lisu_Bosa_0041.png,data/v2/processed/fontsense_v2/images/train/serif/Lisu_Bosa/Lisu_Bosa_0060.png,4,True,True,False
data/v2/processed/fontsense_v2/images/train/serif/Lisu_Bosa/Lisu_Bosa_0041.png,data/v2/processed/fontsense_v2/images/train/serif/Lisu_Bosa/Lisu_Bosa_0069.png,4,True,True,False
data/v2/processed/fontsense_v2/images/train/serif/Lisu_Bosa/Lisu_Bosa_0041.png,data/v2/processed/fontsense_v2/images/train/serif/Rokkitt/Rokkitt_0062.png,4,False,True,False
data/v2/processed/fontsense_v2/images/train/serif/Lisu_Bosa/Lisu_Bosa_0041.png,data/v2/processed/fontsense_v2/images/train/serif/Rokkitt/Rokkitt_0077.png,4,False,True,False
data/v2/processed/fontsense_v2/images/train/serif/Lisu_Bosa/Lisu_Bosa_0041.png,data/v2/processed/fontsense_v2/images/train/serif/Rokkitt/Rokkitt_0085.png,4,False,True,False
data/v2/processed/fontsense_v2/images/train/serif/Lisu_Bosa/Lisu_Bosa_0042.png,data/v2/processed/fontsense_v2/images/train/serif/Lisu_Bosa/Lisu_Bosa_0044.png,4,True,True,False
data/v2/processed/fontsense_v2/images/train/serif/Lisu_Bosa/Lisu_Bosa_0042.png,data/v2/processed/fontsense_v2/images/train/serif/Lisu_Bosa/Lisu_Bosa_0049.png,4,True,True,False
data/v2/processed/fontsense_v2/images/train/serif/Lisu_Bosa/Lisu_Bosa_0042.png,data/v2/processed/fontsense_v2/images/train/serif/Lisu_Bosa/Lisu_Bosa_0051.png,4,True,True,False
data/v2/processed/fontsense_v2/images/train/serif/Lisu_Bosa/Lisu_Bosa_0042.png,data/v2/processed/fontsense_v2/images/train/serif/Lisu_Bosa/Lisu_Bosa_0081.png,4,True,True,False
data/v2/processed/fontsense_v2/images/train/serif/Lisu_Bosa/Lisu_Bosa_0042.png,data/v2/processed/fontsense_v2/images/train/serif/Lisu_Bosa/Lisu_Bosa_0093.png,4,True,True,False
data/v2/processed/fontsense_v2/images/train/serif/Lisu_Bosa/Lisu_Bosa_0042.png,data/v2/processed/fontsense_v2/images/train/serif/Lisu_Bosa/Lisu_Bosa_0096.png,4,True,True,False
data/v2/processed/fontsense_v2/images/train/serif/Lisu_Bosa/Lisu_Bosa_0042.png,data/v2/processed/fontsense_v2/images/train/serif/IM_Fell_Great_Primer/IM_Fell_Great_Primer_0082.png,4,False,True,False
data/v2/processed/fontsense_v2/images/train/serif/Lisu_Bosa/Lisu_Bosa_0043.png,data/v2/processed/fontsense_v2/images/train/serif/Lisu_Bosa/Lisu_Bosa_0048.png,4,True,True,False
data/v2/processed/fontsense_v2/images/train/serif/Lisu_Bosa/Lisu_Bosa_0043.png,data/v2/processed/fontsense_v2/images/train/serif/Lisu_Bosa/Lisu_Bosa_0050.png,4,True,True,False
data/v2/processed/fontsense_v2/images/train/serif/Lisu_Bosa/Lisu_Bosa_0043.png,data/v2/processed/fontsense_v2/images/train/serif/Lisu_Bosa/Lisu_Bosa_0057.png,4,True,True,False
data/v2/processed/fontsense_v2/images/train/serif/Lisu_Bosa/Lisu_Bosa_0043.png,data/v2/processed/fontsense_v2/images/train/serif/Lisu_Bosa/Lisu_Bosa_0058.png,4,True,True,False
data/v2/processed/fontsense_v2/images/train/serif/Lisu_Bosa/Lisu_Bosa_0043.png,data/v2/processed/fontsense_v2/images/train/serif/Lisu_Bosa/Lisu_Bosa_0065.png,4,True,True,False
data/v2/processed/fontsense_v2/images/train/serif/Lisu_Bosa/Lisu_Bosa_0043.png,data/v2/processed/fontsense_v2/images/train/serif/Lisu_Bosa/Lisu_Bosa_0067.png,4,True,True,False
data/v2/processed/fontsense_v2/images/train/serif/Lisu_Bosa/Lisu_Bosa_0043.png,data/v2/processed/fontsense_v2/images/train/serif/Lisu_Bosa/Lisu_Bosa_0071.png,4,True,True,False
data/v2/processed/fontsense_v2/images/train/serif/Lisu_Bosa/Lisu_Bosa_0043.png,data/v2/processed/fontsense_v2/images/train/serif/Lisu_Bosa/Lisu_Bosa_0079.png,4,True,True,False
data/v2/processed/fontsense_v2/images/train/serif/Lisu_Bosa/Lisu_Bosa_0043.png,data/v2/processed/fontsense_v2/images/train/serif/Lisu_Bosa/Lisu_Bosa_0094.png,4,True,True,False
data/v2/processed/fontsense_v2/images/train/serif/Lisu_Bosa/Lisu_Bosa_0043.png,data/v2/processed/fontsense_v2/images/train/serif/Rokkitt/Rokkitt_0019.png,4,False,True,False
data/v2/processed/fontsense_v2/images/train/serif/Lisu_Bosa/Lisu_Bosa_0043.png,data/v2/processed/fontsense_v2/images/train/serif/Quattrocento/Quattrocento_0014.png,4,False,True,False
data/v2/processed/fontsense_v2/images/train/serif/Lisu_Bosa/Lisu_Bosa_0044.png,data/v2/processed/fontsense_v2/images/train/serif/Lisu_Bosa/Lisu_Bosa_0047.png,4,True,True,False
data/v2/processed/fontsense_v2/images/train/serif/Lisu_Bosa/Lisu_Bosa_0044.png,data/v2/processed/fontsense_v2/images/train/serif/Lisu_Bosa/Lisu_Bosa_0049.png,4,True,True,False
data/v2/processed/fontsense_v2/images/train/serif/Lisu_Bosa/Lisu_Bosa_0044.png,data/v2/processed/fontsense_v2/images/train/serif/Lisu_Bosa/Lisu_Bosa_0051.png,4,True,True,False
data/v2/processed/fontsense_v2/images/train/serif/Lisu_Bosa/Lisu_Bosa_0044.png,data/v2/processed/fontsense_v2/images/train/serif/Lisu_Bosa/Lisu_Bosa_0052.png,4,True,True,False
data/v2/processed/fontsense_v2/images/train/serif/Lisu_Bosa/Lisu_Bosa_0044.png,data/v2/processed/fontsense_v2/images/train/serif/Lisu_Bosa/Lisu_Bosa_0053.png,4,True,True,False
data/v2/processed/fontsense_v2/images/train/serif/Lisu_Bosa/Lisu_Bosa_0044.png,data/v2/processed/fontsense_v2/images/train/serif/Lisu_Bosa/Lisu_Bosa_0070.png,4,True,True,False
data/v2/processed/fontsense_v2/images/train/serif/Lisu_Bosa/Lisu_Bosa_0044.png,data/v2/processed/fontsense_v2/images/train/serif/Lisu_Bosa/Lisu_Bosa_0081.png,4,True,True,False
data/v2/processed/fontsense_v2/images/train/serif/Lisu_Bosa/Lisu_Bosa_0044.png,data/v2/processed/fontsense_v2/images/train/serif/Lisu_Bosa/Lisu_Bosa_0086.png,4,True,True,False
data/v2/processed/fontsense_v2/images/train/serif/Lisu_Bosa/Lisu_Bosa_0044.png,data/v2/processed/fontsense_v2/images/train/serif/Lisu_Bosa/Lisu_Bosa_0096.png,4,True,True,False
data/v2/processed/fontsense_v2/images/train/serif/Lisu_Bosa/Lisu_Bosa_0045.png,data/v2/processed/fontsense_v2/images/train/serif/Lisu_Bosa/Lisu_Bosa_0060.png,4,True,True,False
data/v2/processed/fontsense_v2/images/train/serif/Lisu_Bosa/Lisu_Bosa_0045.png,data/v2/processed/fontsense_v2/images/train/serif/Lisu_Bosa/Lisu_Bosa_0069.png,4,True,True,False
data/v2/processed/fontsense_v2/images/train/serif/Lisu_Bosa/Lisu_Bosa_0045.png,data/v2/processed/fontsense_v2/images/train/serif/Lisu_Bosa/Lisu_Bosa_0088.png,4,True,True,False
data/v2/processed/fontsense_v2/images/train/serif/Lisu_Bosa/Lisu_Bosa_0045.png,data/v2/processed/fontsense_v2/images/train/serif/Rokkitt/Rokkitt_0077.png,4,False,True,False
data/v2/processed/fontsense_v2/images/train/serif/Lisu_Bosa/Lisu_Bosa_0046.png,data/v2/processed/fontsense_v2/images/train/serif/Lisu_Bosa/Lisu_Bosa_0066.png,4,True,True,False
data/v2/processed/fontsense_v2/images/train/serif/Lisu_Bosa/Lisu_Bosa_0046.png,data/v2/processed/fontsense_v2/images/train/serif/Lisu_Bosa/Lisu_Bosa_0099.png,4,True,True,False
data/v2/processed/fontsense_v2/images/train/serif/Lisu_Bosa/Lisu_Bosa_0046.png,data/v2/processed/fontsense_v2/images/train/serif/Quattrocento/Quattrocento_0004.png,4,False,True,False
data/v2/processed/fontsense_v2/images/train/serif/Lisu_Bosa/Lisu_Bosa_0046.png,data/v2/processed/fontsense_v2/images/train/serif/Quattrocento/Quattrocento_0058.png,4,False,True,False
data/v2/processed/fontsense_v2/images/train/serif/Lisu_Bosa/Lisu_Bosa_0046.png,data/v2/processed/fontsense_v2/images/train/serif/IM_Fell_Great_Primer/IM_Fell_Great_Primer_0013.png,4,False,True,False
data/v2/processed/fontsense_v2/images/train/serif/Lisu_Bosa/Lisu_Bosa_0047.png,data/v2/processed/fontsense_v2/images/train/serif/Lisu_Bosa/Lisu_Bosa_0051.png,4,True,True,False
data/v2/processed/fontsense_v2/images/train/serif/Lisu_Bosa/Lisu_Bosa_0047.png,data/v2/processed/fontsense_v2/images/train/serif/Lisu_Bosa/Lisu_Bosa_0052.png,4,True,True,False
data/v2/processed/fontsense_v2/images/train/serif/Lisu_Bosa/Lisu_Bosa_0047.png,data/v2/processed/fontsense_v2/images/train/serif/Lisu_Bosa/Lisu_Bosa_0070.png,4,True,True,False
data/v2/processed/fontsense_v2/images/train/serif/Lisu_Bosa/Lisu_Bosa_0047.png,data/v2/processed/fontsense_v2/images/train/serif/Lisu_Bosa/Lisu_Bosa_0082.png,4,True,True,False
data/v2/processed/fontsense_v2/images/train/serif/Lisu_Bosa/Lisu_Bosa_0047.png,data/v2/processed/fontsense_v2/images/train/serif/Quattrocento/Quattrocento_0095.png,4,False,True,False
data/v2/processed/fontsense_v2/images/train/serif/Lisu_Bosa/Lisu_Bosa_0048.png,data/v2/processed/fontsense_v2/images/train/serif/Lisu_Bosa/Lisu_Bosa_0058.png,4,True,True,False
data/v2/processed/fontsense_v2/images/train/serif/Lisu_Bosa/Lisu_Bosa_0048.png,data/v2/processed/fontsense_v2/images/train/serif/Lisu_Bosa/Lisu_Bosa_0069.png,4,True,True,False
data/v2/processed/fontsense_v2/images/train/serif/Lisu_Bosa/Lisu_Bosa_0048.png,data/v2/processed/fontsense_v2/images/train/serif/Lisu_Bosa/Lisu_Bosa_0072.png,4,True,True,False
data/v2/processed/fontsense_v2/images/train/serif/Lisu_Bosa/Lisu_Bosa_0048.png,data/v2/processed/fontsense_v2/images/train/serif/Lisu_Bosa/Lisu_Bosa_0080.png,4,True,True,False
data/v2/processed/fontsense_v2/images/train/serif/Lisu_Bosa/Lisu_Bosa_0048.png,data/v2/processed/fontsense_v2/images/train/serif/Lisu_Bosa/Lisu_Bosa_0087.png,4,True,True,False
data/v2/processed/fontsense_v2/images/train/serif/Lisu_Bosa/Lisu_Bosa_0048.png,data/v2/processed/fontsense_v2/images/train/serif/Rokkitt/Rokkitt_0022.png,4,False,True,False
data/v2/processed/fontsense_v2/images/train/serif/Lisu_Bosa/Lisu_Bosa_0048.png,data/v2/processed/fontsense_v2/images/train/serif/Rokkitt/Rokkitt_0088.png,4,False,True,False
data/v2/processed/fontsense_v2/images/train/serif/Lisu_Bosa/Lisu_Bosa_0049.png,data/v2/processed/fontsense_v2/images/train/serif/Lisu_Bosa/Lisu_Bosa_0053.png,4,True,True,False
data/v2/processed/fontsense_v2/images/train/serif/Lisu_Bosa/Lisu_Bosa_0049.png,data/v2/processed/fontsense_v2/images/train/serif/Lisu_Bosa/Lisu_Bosa_0083.png,4,True,True,False
data/v2/processed/fontsense_v2/images/train/serif/Lisu_Bosa/Lisu_Bosa_0049.png,data/v2/processed/fontsense_v2/images/train/serif/Lisu_Bosa/Lisu_Bosa_0095.png,4,True,True,False
data/v2/processed/fontsense_v2/images/train/serif/Lisu_Bosa/Lisu_Bosa_0050.png,data/v2/processed/fontsense_v2/images/train/serif/Lisu_Bosa/Lisu_Bosa_0054.png,4,True,True,False
data/v2/processed/fontsense_v2/images/train/serif/Lisu_Bosa/Lisu_Bosa_0050.png,data/v2/processed/fontsense_v2/images/train/serif/Lisu_Bosa/Lisu_Bosa_0069.png,4,True,True,False
data/v2/processed/fontsense_v2/images/train/serif/Lisu_Bosa/Lisu_Bosa_0050.png,data/v2/processed/fontsense_v2/images/train/serif/Lisu_Bosa/Lisu_Bosa_0071.png,4,True,True,False
data/v2/processed/fontsense_v2/images/train/serif/Lisu_Bosa/Lisu_Bosa_0050.png,data/v2/processed/fontsense_v2/images/train/serif/Lisu_Bosa/Lisu_Bosa_0087.png,4,True,True,False
data/v2/processed/fontsense_v2/images/train/serif/Lisu_Bosa/Lisu_Bosa_0050.png,data/v2/processed/fontsense_v2/images/train/serif/Lisu_Bosa/Lisu_Bosa_0088.png,4,True,True,False
data/v2/processed/fontsense_v2/images/train/serif/Lisu_Bosa/Lisu_Bosa_0050.png,data/v2/processed/fontsense_v2/images/train/serif/Lisu_Bosa/Lisu_Bosa_0091.png,4,True,True,False
data/v2/processed/fontsense_v2/images/train/serif/Lisu_Bosa/Lisu_Bosa_0051.png,data/v2/processed/fontsense_v2/images/train/serif/Lisu_Bosa/Lisu_Bosa_0053.png,4,True,True,False
data/v2/processed/fontsense_v2/images/train/serif/Lisu_Bosa/Lisu_Bosa_0051.png,data/v2/processed/fontsense_v2/images/train/serif/Lisu_Bosa/Lisu_Bosa_0068.png,4,True,True,False
data/v2/processed/fontsense_v2/images/train/serif/Lisu_Bosa/Lisu_Bosa_0051.png,data/v2/processed/fontsense_v2/images/train/serif/Lisu_Bosa/Lisu_Bosa_0093.png,4,True,True,False
data/v2/processed/fontsense_v2/images/train/serif/Lisu_Bosa/Lisu_Bosa_0051.png,data/v2/processed/fontsense_v2/images/train/serif/Lisu_Bosa/Lisu_Bosa_0095.png,4,True,True,False
data/v2/processed/fontsense_v2/images/train/serif/Lisu_Bosa/Lisu_Bosa_0051.png,data/v2/processed/fontsense_v2/images/train/serif/Lisu_Bosa/Lisu_Bosa_0096.png,4,True,True,False
data/v2/processed/fontsense_v2/images/train/serif/Lisu_Bosa/Lisu_Bosa_0051.png,data/v2/processed/fontsense_v2/images/train/serif/Rokkitt/Rokkitt_0052.png,4,False,True,False
data/v2/processed/fontsense_v2/images/train/serif/Lisu_Bosa/Lisu_Bosa_0052.png,data/v2/processed/fontsense_v2/images/train/serif/Lisu_Bosa/Lisu_Bosa_0053.png,4,True,True,False
data/v2/processed/fontsense_v2/images/train/serif/Lisu_Bosa/Lisu_Bosa_0053.png,data/v2/processed/fontsense_v2/images/train/serif/Lisu_Bosa/Lisu_Bosa_0070.png,4,True,True,False
data/v2/processed/fontsense_v2/images/train/serif/Lisu_Bosa/Lisu_Bosa_0053.png,data/v2/processed/fontsense_v2/images/train/serif/Lisu_Bosa/Lisu_Bosa_0081.png,4,True,True,False
data/v2/processed/fontsense_v2/images/train/serif/Lisu_Bosa/Lisu_Bosa_0053.png,data/v2/processed/fontsense_v2/images/train/serif/Lisu_Bosa/Lisu_Bosa_0095.png,4,True,True,False
data/v2/processed/fontsense_v2/images/train/serif/Lisu_Bosa/Lisu_Bosa_0053.png,data/v2/processed/fontsense_v2/images/train/serif/Lisu_Bosa/Lisu_Bosa_0096.png,4,True,True,False
data/v2/processed/fontsense_v2/images/train/serif/Lisu_Bosa/Lisu_Bosa_0054.png,data/v2/processed/fontsense_v2/images/train/serif/Lisu_Bosa/Lisu_Bosa_0065.png,4,True,True,False
data/v2/processed/fontsense_v2/images/train/serif/Lisu_Bosa/Lisu_Bosa_0054.png,data/v2/processed/fontsense_v2/images/train/serif/Lisu_Bosa/Lisu_Bosa_0071.png,4,True,True,False
data/v2/processed/fontsense_v2/images/train/serif/Lisu_Bosa/Lisu_Bosa_0054.png,data/v2/processed/fontsense_v2/images/train/serif/Lisu_Bosa/Lisu_Bosa_0072.png,4,True,True,False
data/v2/processed/fontsense_v2/images/train/serif/Lisu_Bosa/Lisu_Bosa_0054.png,data/v2/processed/fontsense_v2/images/train/serif/Lisu_Bosa/Lisu_Bosa_0079.png,4,True,True,False
data/v2/processed/fontsense_v2/images/train/serif/Lisu_Bosa/Lisu_Bosa_0054.png,data/v2/processed/fontsense_v2/images/train/serif/Lisu_Bosa/Lisu_Bosa_0080.png,4,True,True,False
data/v2/processed/fontsense_v2/images/train/serif/Lisu_Bosa/Lisu_Bosa_0054.png,data/v2/processed/fontsense_v2/images/train/serif/Lisu_Bosa/Lisu_Bosa_0087.png,4,True,True,False
data/v2/processed/fontsense_v2/images/train/serif/Lisu_Bosa/Lisu_Bosa_0054.png,data/v2/processed/fontsense_v2/images/train/serif/Lisu_Bosa/Lisu_Bosa_0089.png,4,True,True,False
data/v2/processed/fontsense_v2/images/train/serif/Lisu_Bosa/Lisu_Bosa_0054.png,data/v2/processed/fontsense_v2/images/train/serif/Rokkitt/Rokkitt_0022.png,4,False,True,False
data/v2/processed/fontsense_v2/images/train/serif/Lisu_Bosa/Lisu_Bosa_0054.png,data/v2/processed/fontsense_v2/images/train/serif/Rokkitt/Rokkitt_0088.png,4,False,True,False
data/v2/processed/fontsense_v2/images/train/serif/Lisu_Bosa/Lisu_Bosa_0054.png,data/v2/processed/fontsense_v2/images/train/serif/IM_Fell_Great_Primer/IM_Fell_Great_Primer_0029.png,4,False,True,False
data/v2/processed/fontsense_v2/images/train/serif/Lisu_Bosa/Lisu_Bosa_0055.png,data/v2/processed/fontsense_v2/images/train/serif/Lisu_Bosa/Lisu_Bosa_0063.png,4,True,True,False
data/v2/processed/fontsense_v2/images/train/serif/Lisu_Bosa/Lisu_Bosa_0055.png,data/v2/processed/fontsense_v2/images/train/serif/Lisu_Bosa/Lisu_Bosa_0099.png,4,True,True,False
data/v2/processed/fontsense_v2/images/train/serif/Lisu_Bosa/Lisu_Bosa_0055.png,data/v2/processed/fontsense_v2/images/train/serif/IM_Fell_Great_Primer/IM_Fell_Great_Primer_0013.png,4,False,True,False
data/v2/processed/fontsense_v2/images/train/serif/Lisu_Bosa/Lisu_Bosa_0056.png,data/v2/processed/fontsense_v2/images/train/serif/Lisu_Bosa/Lisu_Bosa_0061.png,4,True,True,False
data/v2/processed/fontsense_v2/images/train/serif/Lisu_Bosa/Lisu_Bosa_0057.png,data/v2/processed/fontsense_v2/images/train/serif/Lisu_Bosa/Lisu_Bosa_0058.png,4,True,True,False
data/v2/processed/fontsense_v2/images/train/serif/Lisu_Bosa/Lisu_Bosa_0057.png,data/v2/processed/fontsense_v2/images/train/serif/Lisu_Bosa/Lisu_Bosa_0069.png,4,True,True,False
data/v2/processed/fontsense_v2/images/train/serif/Lisu_Bosa/Lisu_Bosa_0057.png,data/v2/processed/fontsense_v2/images/train/serif/Lisu_Bosa/Lisu_Bosa_0071.png,4,True,True,False
data/v2/processed/fontsense_v2/images/train/serif/Lisu_Bosa/Lisu_Bosa_0057.png,data/v2/processed/fontsense_v2/images/train/serif/Lisu_Bosa/Lisu_Bosa_0084.png,4,True,True,False
data/v2/processed/fontsense_v2/images/train/serif/Lisu_Bosa/Lisu_Bosa_0057.png,data/v2/processed/fontsense_v2/images/train/serif/Lisu_Bosa/Lisu_Bosa_0088.png,4,True,True,False
data/v2/processed/fontsense_v2/images/train/serif/Lisu_Bosa/Lisu_Bosa_0057.png,data/v2/processed/fontsense_v2/images/train/serif/Lisu_Bosa/Lisu_Bosa_0089.png,4,True,True,False
data/v2/processed/fontsense_v2/images/train/serif/Lisu_Bosa/Lisu_Bosa_0058.png,data/v2/processed/fontsense_v2/images/train/serif/Lisu_Bosa/Lisu_Bosa_0067.png,4,True,True,False
data/v2/processed/fontsense_v2/images/train/serif/Lisu_Bosa/Lisu_Bosa_0058.png,data/v2/processed/fontsense_v2/images/train/serif/Lisu_Bosa/Lisu_Bosa_0080.png,4,True,True,False
data/v2/processed/fontsense_v2/images/train/serif/Lisu_Bosa/Lisu_Bosa_0058.png,data/v2/processed/fontsense_v2/images/train/serif/Lisu_Bosa/Lisu_Bosa_0089.png,4,True,True,False
data/v2/processed/fontsense_v2/images/train/serif/Lisu_Bosa/Lisu_Bosa_0059.png,data/v2/processed/fontsense_v2/images/train/serif/Lisu_Bosa/Lisu_Bosa_0063.png,4,True,True,False
data/v2/processed/fontsense_v2/images/train/serif/Lisu_Bosa/Lisu_Bosa_0059.png,data/v2/processed/fontsense_v2/images/train/serif/Lisu_Bosa/Lisu_Bosa_0077.png,4,True,True,False
data/v2/processed/fontsense_v2/images/train/serif/Lisu_Bosa/Lisu_Bosa_0059.png,data/v2/processed/fontsense_v2/images/train/serif/Noto_Serif_KR/Noto_Serif_KR_0010.png,4,False,True,False
data/v2/processed/fontsense_v2/images/train/serif/Lisu_Bosa/Lisu_Bosa_0059.png,data/v2/processed/fontsense_v2/images/train/serif/Yuji_Syuku/Yuji_Syuku_0060.png,4,False,True,False
data/v2/processed/fontsense_v2/images/train/serif/Lisu_Bosa/Lisu_Bosa_0059.png,data/v2/processed/fontsense_v2/images/train/serif/Libre_Caslon_Text/Libre_Caslon_Text_0053.png,4,False,True,False
data/v2/processed/fontsense_v2/images/train/serif/Lisu_Bosa/Lisu_Bosa_0059.png,data/v2/processed/fontsense_v2/images/train/serif/Rokkitt/Rokkitt_0070.png,4,False,True,False
data/v2/processed/fontsense_v2/images/train/serif/Lisu_Bosa/Lisu_Bosa_0059.png,data/v2/processed/fontsense_v2/images/train/serif/IM_Fell_Great_Primer/IM_Fell_Great_Primer_0014.png,4,False,True,False
data/v2/processed/fontsense_v2/images/train/serif/Lisu_Bosa/Lisu_Bosa_0059.png,data/v2/processed/fontsense_v2/images/train/serif/IM_Fell_Great_Primer/IM_Fell_Great_Primer_0015.png,4,False,True,False
data/v2/processed/fontsense_v2/images/train/serif/Lisu_Bosa/Lisu_Bosa_0059.png,data/v2/processed/fontsense_v2/images/train/serif/Noto_Serif_Ahom/Noto_Serif_Ahom_0050.png,4,False,True,False
data/v2/processed/fontsense_v2/images/train/serif/Lisu_Bosa/Lisu_Bosa_0059.png,data/v2/processed/fontsense_v2/images/train/serif/Noto_Serif_Ahom/Noto_Serif_Ahom_0051.png,4,False,True,False
data/v2/processed/fontsense_v2/images/train/serif/Lisu_Bosa/Lisu_Bosa_0060.png,data/v2/processed/fontsense_v2/images/train/serif/Lisu_Bosa/Lisu_Bosa_0092.png,4,True,True,False
data/v2/processed/fontsense_v2/images/train/serif/Lisu_Bosa/Lisu_Bosa_0060.png,data/v2/processed/fontsense_v2/images/train/serif/Noto_Serif_Hebrew/Noto_Serif_Hebrew_0006.png,4,False,True,False
data/v2/processed/fontsense_v2/images/train/serif/Lisu_Bosa/Lisu_Bosa_0060.png,data/v2/processed/fontsense_v2/images/train/serif/Noto_Serif_Hebrew/Noto_Serif_Hebrew_0014.png,4,False,True,False
data/v2/processed/fontsense_v2/images/train/serif/Lisu_Bosa/Lisu_Bosa_0060.png,data/v2/processed/fontsense_v2/images/train/serif/Noto_Serif_Hebrew/Noto_Serif_Hebrew_0041.png,4,False,True,False
data/v2/processed/fontsense_v2/images/train/serif/Lisu_Bosa/Lisu_Bosa_0060.png,data/v2/processed/fontsense_v2/images/train/serif/Noto_Serif_Hebrew/Noto_Serif_Hebrew_0072.png,4,False,True,False
data/v2/processed/fontsense_v2/images/train/serif/Lisu_Bosa/Lisu_Bosa_0060.png,data/v2/processed/fontsense_v2/images/train/serif/Yuji_Syuku/Yuji_Syuku_0065.png,4,False,True,False
data/v2/processed/fontsense_v2/images/train/serif/Lisu_Bosa/Lisu_Bosa_0060.png,data/v2/processed/fontsense_v2/images/train/serif/BatangChe/BatangChe_0067.png,4,False,True,False
data/v2/processed/fontsense_v2/images/train/serif/Lisu_Bosa/Lisu_Bosa_0060.png,data/v2/processed/fontsense_v2/images/train/serif/Rokkitt/Rokkitt_0053.png,4,False,True,False
data/v2/processed/fontsense_v2/images/train/serif/Lisu_Bosa/Lisu_Bosa_0060.png,data/v2/processed/fontsense_v2/images/train/serif/Rokkitt/Rokkitt_0062.png,4,False,True,False
data/v2/processed/fontsense_v2/images/train/serif/Lisu_Bosa/Lisu_Bosa_0060.png,data/v2/processed/fontsense_v2/images/train/serif/Quattrocento/Quattrocento_0092.png,4,False,True,False
data/v2/processed/fontsense_v2/images/train/serif/Lisu_Bosa/Lisu_Bosa_0060.png,data/v2/processed/fontsense_v2/images/train/serif/Sanchez/Sanchez_0001.png,4,False,True,False
data/v2/processed/fontsense_v2/images/train/serif/Lisu_Bosa/Lisu_Bosa_0060.png,data/v2/processed/fontsense_v2/images/train/serif/Sanchez/Sanchez_0006.png,4,False,True,False
data/v2/processed/fontsense_v2/images/train/serif/Lisu_Bosa/Lisu_Bosa_0060.png,data/v2/processed/fontsense_v2/images/train/serif/IM_Fell_Great_Primer/IM_Fell_Great_Primer_0032.png,4,False,True,False
data/v2/processed/fontsense_v2/images/train/serif/Lisu_Bosa/Lisu_Bosa_0060.png,data/v2/processed/fontsense_v2/images/train/serif/IM_Fell_Great_Primer/IM_Fell_Great_Primer_0060.png,4,False,True,False
data/v2/processed/fontsense_v2/images/train/serif/Lisu_Bosa/Lisu_Bosa_0061.png,data/v2/processed/fontsense_v2/images/train/serif/Lisu_Bosa/Lisu_Bosa_0064.png,4,True,True,False
data/v2/processed/fontsense_v2/images/train/serif/Lisu_Bosa/Lisu_Bosa_0061.png,data/v2/processed/fontsense_v2/images/train/serif/Lisu_Bosa/Lisu_Bosa_0085.png,4,True,True,False
data/v2/processed/fontsense_v2/images/train/serif/Lisu_Bosa/Lisu_Bosa_0061.png,data/v2/processed/fontsense_v2/images/train/serif/Noto_Serif_Ahom/Noto_Serif_Ahom_0038.png,4,False,True,False
data/v2/processed/fontsense_v2/images/train/serif/Lisu_Bosa/Lisu_Bosa_0063.png,data/v2/processed/fontsense_v2/images/train/serif/Lisu_Bosa/Lisu_Bosa_0074.png,4,True,True,False
data/v2/processed/fontsense_v2/images/train/serif/Lisu_Bosa/Lisu_Bosa_0063.png,data/v2/processed/fontsense_v2/images/train/serif/Lisu_Bosa/Lisu_Bosa_0077.png,4,True,True,False
data/v2/processed/fontsense_v2/images/train/serif/Lisu_Bosa/Lisu_Bosa_0063.png,data/v2/processed/fontsense_v2/images/train/serif/Yuji_Syuku/Yuji_Syuku_0050.png,4,False,True,False
data/v2/processed/fontsense_v2/images/train/serif/Lisu_Bosa/Lisu_Bosa_0063.png,data/v2/processed/fontsense_v2/images/train/serif/BatangChe/BatangChe_0034.png,4,False,True,False
data/v2/processed/fontsense_v2/images/train/serif/Lisu_Bosa/Lisu_Bosa_0063.png,data/v2/processed/fontsense_v2/images/train/serif/Rokkitt/Rokkitt_0034.png,4,False,True,False
data/v2/processed/fontsense_v2/images/train/serif/Lisu_Bosa/Lisu_Bosa_0063.png,data/v2/processed/fontsense_v2/images/train/serif/Rokkitt/Rokkitt_0070.png,4,False,True,False
data/v2/processed/fontsense_v2/images/train/serif/Lisu_Bosa/Lisu_Bosa_0063.png,data/v2/processed/fontsense_v2/images/train/serif/Rokkitt/Rokkitt_0087.png,4,False,True,False
data/v2/processed/fontsense_v2/images/train/serif/Lisu_Bosa/Lisu_Bosa_0063.png,data/v2/processed/fontsense_v2/images/train/serif/Rokkitt/Rokkitt_0099.png,4,False,True,False
data/v2/processed/fontsense_v2/images/train/serif/Lisu_Bosa/Lisu_Bosa_0064.png,data/v2/processed/fontsense_v2/images/train/serif/Lisu_Bosa/Lisu_Bosa_0090.png,4,True,True,False
data/v2/processed/fontsense_v2/images/train/serif/Lisu_Bosa/Lisu_Bosa_0065.png,data/v2/processed/fontsense_v2/images/train/serif/Lisu_Bosa/Lisu_Bosa_0069.png,4,True,True,False
data/v2/processed/fontsense_v2/images/train/serif/Lisu_Bosa/Lisu_Bosa_0065.png,data/v2/processed/fontsense_v2/images/train/serif/Lisu_Bosa/Lisu_Bosa_0071.png,4,True,True,False
data/v2/processed/fontsense_v2/images/train/serif/Lisu_Bosa/Lisu_Bosa_0065.png,data/v2/processed/fontsense_v2/images/train/serif/Lisu_Bosa/Lisu_Bosa_0087.png,4,True,True,False
data/v2/processed/fontsense_v2/images/train/serif/Lisu_Bosa/Lisu_Bosa_0065.png,data/v2/processed/fontsense_v2/images/train/serif/Lisu_Bosa/Lisu_Bosa_0088.png,4,True,True,False
data/v2/processed/fontsense_v2/images/train/serif/Lisu_Bosa/Lisu_Bosa_0065.png,data/v2/processed/fontsense_v2/images/train/serif/Lisu_Bosa/Lisu_Bosa_0091.png,4,True,True,False
data/v2/processed/fontsense_v2/images/train/serif/Lisu_Bosa/Lisu_Bosa_0066.png,data/v2/processed/fontsense_v2/images/train/serif/Lisu_Bosa/Lisu_Bosa_0099.png,4,True,True,False
data/v2/processed/fontsense_v2/images/train/serif/Lisu_Bosa/Lisu_Bosa_0067.png,data/v2/processed/fontsense_v2/images/train/serif/Lisu_Bosa/Lisu_Bosa_0071.png,4,True,True,False
data/v2/processed/fontsense_v2/images/train/serif/Lisu_Bosa/Lisu_Bosa_0067.png,data/v2/processed/fontsense_v2/images/train/serif/Lisu_Bosa/Lisu_Bosa_0098.png,4,True,True,False
data/v2/processed/fontsense_v2/images/train/serif/Lisu_Bosa/Lisu_Bosa_0067.png,data/v2/processed/fontsense_v2/images/train/serif/Rokkitt/Rokkitt_0019.png,4,False,True,True
data/v2/processed/fontsense_v2/images/train/serif/Lisu_Bosa/Lisu_Bosa_0067.png,data/v2/processed/fontsense_v2/images/train/serif/Noto_Serif_Ahom/Noto_Serif_Ahom_0001.png,4,False,True,False
data/v2/processed/fontsense_v2/images/train/serif/Lisu_Bosa/Lisu_Bosa_0068.png,data/v2/processed/fontsense_v2/images/train/serif/Lisu_Bosa/Lisu_Bosa_0083.png,4,True,True,False
data/v2/processed/fontsense_v2/images/train/serif/Lisu_Bosa/Lisu_Bosa_0069.png,data/v2/processed/fontsense_v2/images/train/serif/Lisu_Bosa/Lisu_Bosa_0071.png,4,True,True,False
data/v2/processed/fontsense_v2/images/train/serif/Lisu_Bosa/Lisu_Bosa_0069.png,data/v2/processed/fontsense_v2/images/train/serif/Lisu_Bosa/Lisu_Bosa_0079.png,4,True,True,False
data/v2/processed/fontsense_v2/images/train/serif/Lisu_Bosa/Lisu_Bosa_0069.png,data/v2/processed/fontsense_v2/images/train/serif/Lisu_Bosa/Lisu_Bosa_0084.png,4,True,True,False
data/v2/processed/fontsense_v2/images/train/serif/Lisu_Bosa/Lisu_Bosa_0069.png,data/v2/processed/fontsense_v2/images/train/serif/Lisu_Bosa/Lisu_Bosa_0089.png,4,True,True,False
data/v2/processed/fontsense_v2/images/train/serif/Lisu_Bosa/Lisu_Bosa_0069.png,data/v2/processed/fontsense_v2/images/train/serif/Quattrocento/Quattrocento_0014.png,4,False,True,False
data/v2/processed/fontsense_v2/images/train/serif/Lisu_Bosa/Lisu_Bosa_0071.png,data/v2/processed/fontsense_v2/images/train/serif/Lisu_Bosa/Lisu_Bosa_0072.png,4,True,True,False
data/v2/processed/fontsense_v2/images/train/serif/Lisu_Bosa/Lisu_Bosa_0071.png,data/v2/processed/fontsense_v2/images/train/serif/Lisu_Bosa/Lisu_Bosa_0079.png,4,True,True,False
data/v2/processed/fontsense_v2/images/train/serif/Lisu_Bosa/Lisu_Bosa_0071.png,data/v2/processed/fontsense_v2/images/train/serif/Lisu_Bosa/Lisu_Bosa_0080.png,4,True,True,False
data/v2/processed/fontsense_v2/images/train/serif/Lisu_Bosa/Lisu_Bosa_0071.png,data/v2/processed/fontsense_v2/images/train/serif/Lisu_Bosa/Lisu_Bosa_0084.png,4,True,True,False
data/v2/processed/fontsense_v2/images/train/serif/Lisu_Bosa/Lisu_Bosa_0071.png,data/v2/processed/fontsense_v2/images/train/serif/Lisu_Bosa/Lisu_Bosa_0088.png,4,True,True,False
data/v2/processed/fontsense_v2/images/train/serif/Lisu_Bosa/Lisu_Bosa_0071.png,data/v2/processed/fontsense_v2/images/train/serif/Lisu_Bosa/Lisu_Bosa_0089.png,4,True,True,False
data/v2/processed/fontsense_v2/images/train/serif/Lisu_Bosa/Lisu_Bosa_0071.png,data/v2/processed/fontsense_v2/images/train/serif/Lisu_Bosa/Lisu_Bosa_0091.png,4,True,True,False
data/v2/processed/fontsense_v2/images/train/serif/Lisu_Bosa/Lisu_Bosa_0071.png,data/v2/processed/fontsense_v2/images/train/serif/Lisu_Bosa/Lisu_Bosa_0098.png,4,True,True,False
data/v2/processed/fontsense_v2/images/train/serif/Lisu_Bosa/Lisu_Bosa_0071.png,data/v2/processed/fontsense_v2/images/train/serif/IM_Fell_Great_Primer/IM_Fell_Great_Primer_0088.png,4,False,True,False
data/v2/processed/fontsense_v2/images/train/serif/Lisu_Bosa/Lisu_Bosa_0072.png,data/v2/processed/fontsense_v2/images/train/serif/Lisu_Bosa/Lisu_Bosa_0091.png,4,True,True,False
data/v2/processed/fontsense_v2/images/train/serif/Lisu_Bosa/Lisu_Bosa_0072.png,data/v2/processed/fontsense_v2/images/train/serif/Rokkitt/Rokkitt_0022.png,4,False,True,False
data/v2/processed/fontsense_v2/images/train/serif/Lisu_Bosa/Lisu_Bosa_0072.png,data/v2/processed/fontsense_v2/images/train/serif/Quattrocento/Quattrocento_0023.png,4,False,True,False
data/v2/processed/fontsense_v2/images/train/serif/Lisu_Bosa/Lisu_Bosa_0072.png,data/v2/processed/fontsense_v2/images/train/serif/IM_Fell_Great_Primer/IM_Fell_Great_Primer_0024.png,4,False,True,False
data/v2/processed/fontsense_v2/images/train/serif/Lisu_Bosa/Lisu_Bosa_0072.png,data/v2/processed/fontsense_v2/images/train/serif/Noto_Serif_Ahom/Noto_Serif_Ahom_0026.png,4,False,True,False
data/v2/processed/fontsense_v2/images/train/serif/Lisu_Bosa/Lisu_Bosa_0073.png,data/v2/processed/fontsense_v2/images/train/serif/Wellfleet/Wellfleet_0031.png,4,False,True,False
data/v2/processed/fontsense_v2/images/train/serif/Lisu_Bosa/Lisu_Bosa_0073.png,data/v2/processed/fontsense_v2/images/train/serif/Wellfleet/Wellfleet_0084.png,4,False,True,False
data/v2/processed/fontsense_v2/images/train/serif/Lisu_Bosa/Lisu_Bosa_0073.png,data/v2/processed/fontsense_v2/images/train/serif/Domine/Domine_0062.png,4,False,True,False
data/v2/processed/fontsense_v2/images/train/serif/Lisu_Bosa/Lisu_Bosa_0073.png,data/v2/processed/fontsense_v2/images/train/serif/Yuji_Syuku/Yuji_Syuku_0065.png,4,False,True,False
data/v2/processed/fontsense_v2/images/train/serif/Lisu_Bosa/Lisu_Bosa_0073.png,data/v2/processed/fontsense_v2/images/train/serif/Libre_Caslon_Text/Libre_Caslon_Text_0080.png,4,False,True,False
data/v2/processed/fontsense_v2/images/train/serif/Lisu_Bosa/Lisu_Bosa_0073.png,data/v2/processed/fontsense_v2/images/train/serif/Rokkitt/Rokkitt_0000.png,4,False,True,False
data/v2/processed/fontsense_v2/images/train/serif/Lisu_Bosa/Lisu_Bosa_0073.png,data/v2/processed/fontsense_v2/images/train/serif/Rokkitt/Rokkitt_0042.png,4,False,True,False
data/v2/processed/fontsense_v2/images/train/serif/Lisu_Bosa/Lisu_Bosa_0073.png,data/v2/processed/fontsense_v2/images/train/serif/Rokkitt/Rokkitt_0062.png,4,False,True,False
data/v2/processed/fontsense_v2/images/train/serif/Lisu_Bosa/Lisu_Bosa_0073.png,data/v2/processed/fontsense_v2/images/train/serif/IM_Fell_Great_Primer/IM_Fell_Great_Primer_0062.png,4,False,True,False
data/v2/processed/fontsense_v2/images/train/serif/Lisu_Bosa/Lisu_Bosa_0073.png,data/v2/processed/fontsense_v2/images/train/serif/IM_Fell_Great_Primer/IM_Fell_Great_Primer_0090.png,4,False,True,False
data/v2/processed/fontsense_v2/images/train/serif/Lisu_Bosa/Lisu_Bosa_0073.png,data/v2/processed/fontsense_v2/images/train/serif/Noto_Serif_Ahom/Noto_Serif_Ahom_0030.png,4,False,True,False
data/v2/processed/fontsense_v2/images/train/serif/Lisu_Bosa/Lisu_Bosa_0073.png,data/v2/processed/fontsense_v2/images/train/serif/Noto_Serif_Ahom/Noto_Serif_Ahom_0071.png,4,False,True,False
data/v2/processed/fontsense_v2/images/train/serif/Lisu_Bosa/Lisu_Bosa_0074.png,data/v2/processed/fontsense_v2/images/train/serif/Lisu_Bosa/Lisu_Bosa_0099.png,4,True,True,False
data/v2/processed/fontsense_v2/images/train/serif/Lisu_Bosa/Lisu_Bosa_0074.png,data/v2/processed/fontsense_v2/images/train/serif/IM_Fell_Great_Primer/IM_Fell_Great_Primer_0013.png,4,False,True,False
data/v2/processed/fontsense_v2/images/train/serif/Lisu_Bosa/Lisu_Bosa_0077.png,data/v2/processed/fontsense_v2/images/train/serif/IM_Fell_Great_Primer/IM_Fell_Great_Primer_0015.png,4,False,True,False
data/v2/processed/fontsense_v2/images/train/serif/Lisu_Bosa/Lisu_Bosa_0078.png,data/v2/processed/fontsense_v2/images/train/serif/Noto_Serif_Hebrew/Noto_Serif_Hebrew_0053.png,4,False,True,False
data/v2/processed/fontsense_v2/images/train/serif/Lisu_Bosa/Lisu_Bosa_0078.png,data/v2/processed/fontsense_v2/images/train/serif/Noto_Serif_Hebrew/Noto_Serif_Hebrew_0095.png,4,False,True,False
data/v2/processed/fontsense_v2/images/train/serif/Lisu_Bosa/Lisu_Bosa_0078.png,data/v2/processed/fontsense_v2/images/train/serif/Sanchez/Sanchez_0002.png,4,False,True,False
data/v2/processed/fontsense_v2/images/train/serif/Lisu_Bosa/Lisu_Bosa_0079.png,data/v2/processed/fontsense_v2/images/train/serif/Lisu_Bosa/Lisu_Bosa_0087.png,4,True,True,False
data/v2/processed/fontsense_v2/images/train/serif/Lisu_Bosa/Lisu_Bosa_0079.png,data/v2/processed/fontsense_v2/images/train/serif/Lisu_Bosa/Lisu_Bosa_0088.png,4,True,True,False
data/v2/processed/fontsense_v2/images/train/serif/Lisu_Bosa/Lisu_Bosa_0079.png,data/v2/processed/fontsense_v2/images/train/serif/Lisu_Bosa/Lisu_Bosa_0091.png,4,True,True,False
data/v2/processed/fontsense_v2/images/train/serif/Lisu_Bosa/Lisu_Bosa_0080.png,data/v2/processed/fontsense_v2/images/train/serif/Lisu_Bosa/Lisu_Bosa_0084.png,4,True,True,False
data/v2/processed/fontsense_v2/images/train/serif/Lisu_Bosa/Lisu_Bosa_0080.png,data/v2/processed/fontsense_v2/images/train/serif/Lisu_Bosa/Lisu_Bosa_0089.png,4,True,True,False
data/v2/processed/fontsense_v2/images/train/serif/Lisu_Bosa/Lisu_Bosa_0080.png,data/v2/processed/fontsense_v2/images/train/serif/Lisu_Bosa/Lisu_Bosa_0098.png,4,True,True,False
data/v2/processed/fontsense_v2/images/train/serif/Lisu_Bosa/Lisu_Bosa_0081.png,data/v2/processed/fontsense_v2/images/train/serif/Lisu_Bosa/Lisu_Bosa_0083.png,4,True,True,False
data/v2/processed/fontsense_v2/images/train/serif/Lisu_Bosa/Lisu_Bosa_0081.png,data/v2/processed/fontsense_v2/images/train/serif/Lisu_Bosa/Lisu_Bosa_0093.png,4,True,True,False
data/v2/processed/fontsense_v2/images/train/serif/Lisu_Bosa/Lisu_Bosa_0081.png,data/v2/processed/fontsense_v2/images/train/serif/Rokkitt/Rokkitt_0052.png,4,False,True,False
data/v2/processed/fontsense_v2/images/train/serif/Lisu_Bosa/Lisu_Bosa_0082.png,data/v2/processed/fontsense_v2/images/train/serif/Lisu_Bosa/Lisu_Bosa_0095.png,4,True,True,False
data/v2/processed/fontsense_v2/images/train/serif/Lisu_Bosa/Lisu_Bosa_0082.png,data/v2/processed/fontsense_v2/images/train/serif/Rokkitt/Rokkitt_0052.png,4,False,True,False
data/v2/processed/fontsense_v2/images/train/serif/Lisu_Bosa/Lisu_Bosa_0082.png,data/v2/processed/fontsense_v2/images/train/serif/Rokkitt/Rokkitt_0059.png,4,False,True,False
data/v2/processed/fontsense_v2/images/train/serif/Lisu_Bosa/Lisu_Bosa_0083.png,data/v2/processed/fontsense_v2/images/train/serif/Lisu_Bosa/Lisu_Bosa_0086.png,4,True,True,False
data/v2/processed/fontsense_v2/images/train/serif/Lisu_Bosa/Lisu_Bosa_0083.png,data/v2/processed/fontsense_v2/images/train/serif/Lisu_Bosa/Lisu_Bosa_0093.png,4,True,True,False
data/v2/processed/fontsense_v2/images/train/serif/Lisu_Bosa/Lisu_Bosa_0083.png,data/v2/processed/fontsense_v2/images/train/serif/Lisu_Bosa/Lisu_Bosa_0095.png,4,True,True,False
data/v2/processed/fontsense_v2/images/train/serif/Lisu_Bosa/Lisu_Bosa_0083.png,data/v2/processed/fontsense_v2/images/train/serif/Lisu_Bosa/Lisu_Bosa_0096.png,4,True,True,False
data/v2/processed/fontsense_v2/images/train/serif/Lisu_Bosa/Lisu_Bosa_0084.png,data/v2/processed/fontsense_v2/images/train/serif/Lisu_Bosa/Lisu_Bosa_0088.png,4,True,True,False
data/v2/processed/fontsense_v2/images/train/serif/Lisu_Bosa/Lisu_Bosa_0084.png,data/v2/processed/fontsense_v2/images/train/serif/Lisu_Bosa/Lisu_Bosa_0098.png,4,True,True,False
data/v2/processed/fontsense_v2/images/train/serif/Lisu_Bosa/Lisu_Bosa_0084.png,data/v2/processed/fontsense_v2/images/train/serif/Quattrocento/Quattrocento_0091.png,4,False,True,False
data/v2/processed/fontsense_v2/images/train/serif/Lisu_Bosa/Lisu_Bosa_0087.png,data/v2/processed/fontsense_v2/images/train/serif/IM_Fell_Great_Primer/IM_Fell_Great_Primer_0088.png,4,False,True,False
data/v2/processed/fontsense_v2/images/train/serif/Lisu_Bosa/Lisu_Bosa_0088.png,data/v2/processed/fontsense_v2/images/train/serif/Lisu_Bosa/Lisu_Bosa_0089.png,4,True,True,False
data/v2/processed/fontsense_v2/images/train/serif/Lisu_Bosa/Lisu_Bosa_0088.png,data/v2/processed/fontsense_v2/images/train/serif/Lisu_Bosa/Lisu_Bosa_0094.png,4,True,True,False
data/v2/processed/fontsense_v2/images/train/serif/Lisu_Bosa/Lisu_Bosa_0088.png,data/v2/processed/fontsense_v2/images/train/serif/Quattrocento/Quattrocento_0014.png,4,False,True,False
data/v2/processed/fontsense_v2/images/train/serif/Lisu_Bosa/Lisu_Bosa_0089.png,data/v2/processed/fontsense_v2/images/train/serif/Lisu_Bosa/Lisu_Bosa_0098.png,4,True,True,False
data/v2/processed/fontsense_v2/images/train/serif/Lisu_Bosa/Lisu_Bosa_0089.png,data/v2/processed/fontsense_v2/images/train/serif/Rokkitt/Rokkitt_0019.png,4,False,True,False
data/v2/processed/fontsense_v2/images/train/serif/Lisu_Bosa/Lisu_Bosa_0089.png,data/v2/processed/fontsense_v2/images/train/serif/Noto_Serif_Ahom/Noto_Serif_Ahom_0001.png,4,False,True,False
data/v2/processed/fontsense_v2/images/train/serif/Lisu_Bosa/Lisu_Bosa_0091.png,data/v2/processed/fontsense_v2/images/train/serif/IM_Fell_Great_Primer/IM_Fell_Great_Primer_0046.png,4,False,True,False
data/v2/processed/fontsense_v2/images/train/serif/Lisu_Bosa/Lisu_Bosa_0092.png,data/v2/processed/fontsense_v2/images/train/serif/Noto_Serif_Hebrew/Noto_Serif_Hebrew_0014.png,4,False,True,False
data/v2/processed/fontsense_v2/images/train/serif/Lisu_Bosa/Lisu_Bosa_0093.png,data/v2/processed/fontsense_v2/images/train/serif/Lisu_Bosa/Lisu_Bosa_0095.png,4,True,True,False
data/v2/processed/fontsense_v2/images/train/serif/Lisu_Bosa/Lisu_Bosa_0093.png,data/v2/processed/fontsense_v2/images/train/serif/Lisu_Bosa/Lisu_Bosa_0096.png,4,True,True,False
data/v2/processed/fontsense_v2/images/train/serif/Lisu_Bosa/Lisu_Bosa_0094.png,data/v2/processed/fontsense_v2/images/train/serif/Lisu_Bosa/Lisu_Bosa_0098.png,4,True,True,False
data/v2/processed/fontsense_v2/images/train/serif/Lisu_Bosa/Lisu_Bosa_0094.png,data/v2/processed/fontsense_v2/images/train/serif/Rokkitt/Rokkitt_0022.png,4,False,True,False
data/v2/processed/fontsense_v2/images/train/serif/Lisu_Bosa/Lisu_Bosa_0095.png,data/v2/processed/fontsense_v2/images/train/serif/Lisu_Bosa/Lisu_Bosa_0096.png,4,True,True,False
data/v2/processed/fontsense_v2/images/train/serif/Lisu_Bosa/Lisu_Bosa_0098.png,data/v2/processed/fontsense_v2/images/train/serif/Rokkitt/Rokkitt_0005.png,4,False,True,False
data/v2/processed/fontsense_v2/images/train/serif/Lisu_Bosa/Lisu_Bosa_0098.png,data/v2/processed/fontsense_v2/images/train/serif/Rokkitt/Rokkitt_0019.png,4,False,True,False
data/v2/processed/fontsense_v2/images/train/serif/Lisu_Bosa/Lisu_Bosa_0099.png,data/v2/processed/fontsense_v2/images/train/serif/BatangChe/BatangChe_0055.png,4,False,True,False
data/v2/processed/fontsense_v2/images/train/serif/Lisu_Bosa/Lisu_Bosa_0099.png,data/v2/processed/fontsense_v2/images/train/serif/Rokkitt/Rokkitt_0003.png,4,False,True,False
data/v2/processed/fontsense_v2/images/train/serif/Noto_Serif_Ahom/Noto_Serif_Ahom_0003.png,data/v2/processed/fontsense_v2/images/train/serif/Noto_Serif_Ahom/Noto_Serif_Ahom_0005.png,4,True,True,False
data/v2/processed/fontsense_v2/images/train/serif/Noto_Serif_Ahom/Noto_Serif_Ahom_0003.png,data/v2/processed/fontsense_v2/images/train/serif/Noto_Serif_Ahom/Noto_Serif_Ahom_0036.png,4,True,True,False
data/v2/processed/fontsense_v2/images/train/serif/Noto_Serif_Ahom/Noto_Serif_Ahom_0006.png,data/v2/processed/fontsense_v2/images/train/serif/Noto_Serif_Ahom/Noto_Serif_Ahom_0032.png,4,True,True,False
data/v2/processed/fontsense_v2/images/train/serif/Noto_Serif_Ahom/Noto_Serif_Ahom_0006.png,data/v2/processed/fontsense_v2/images/train/serif/Noto_Serif_Ahom/Noto_Serif_Ahom_0056.png,4,True,True,False
data/v2/processed/fontsense_v2/images/train/serif/Noto_Serif_Ahom/Noto_Serif_Ahom_0014.png,data/v2/processed/fontsense_v2/images/train/serif/Noto_Serif_Ahom/Noto_Serif_Ahom_0024.png,4,True,True,False
data/v2/processed/fontsense_v2/images/train/serif/Noto_Serif_Ahom/Noto_Serif_Ahom_0015.png,data/v2/processed/fontsense_v2/images/train/serif/Noto_Serif_Ahom/Noto_Serif_Ahom_0064.png,4,True,True,False
data/v2/processed/fontsense_v2/images/train/serif/Noto_Serif_Ahom/Noto_Serif_Ahom_0019.png,data/v2/processed/fontsense_v2/images/train/serif/Noto_Serif_Ahom/Noto_Serif_Ahom_0024.png,4,True,True,False
data/v2/processed/fontsense_v2/images/train/serif/Noto_Serif_Ahom/Noto_Serif_Ahom_0022.png,data/v2/processed/fontsense_v2/images/train/serif/Noto_Serif_Ahom/Noto_Serif_Ahom_0042.png,4,True,True,False
data/v2/processed/fontsense_v2/images/train/serif/Noto_Serif_Ahom/Noto_Serif_Ahom_0028.png,data/v2/processed/fontsense_v2/images/train/serif/Noto_Serif_Ahom/Noto_Serif_Ahom_0044.png,4,True,True,False
data/v2/processed/fontsense_v2/images/train/serif/Noto_Serif_Ahom/Noto_Serif_Ahom_0029.png,data/v2/processed/fontsense_v2/images/train/serif/Noto_Serif_Ahom/Noto_Serif_Ahom_0060.png,4,True,True,False
data/v2/processed/fontsense_v2/images/train/serif/Noto_Serif_Ahom/Noto_Serif_Ahom_0030.png,data/v2/processed/fontsense_v2/images/train/serif/Noto_Serif_Ahom/Noto_Serif_Ahom_0071.png,4,True,True,False
data/v2/processed/fontsense_v2/images/train/serif/Noto_Serif_Ahom/Noto_Serif_Ahom_0032.png,data/v2/processed/fontsense_v2/images/train/serif/Noto_Serif_Ahom/Noto_Serif_Ahom_0042.png,4,True,True,False
data/v2/processed/fontsense_v2/images/train/serif/Noto_Serif_Ahom/Noto_Serif_Ahom_0035.png,data/v2/processed/fontsense_v2/images/train/serif/Noto_Serif_Ahom/Noto_Serif_Ahom_0069.png,4,True,True,False
data/v2/processed/fontsense_v2/images/train/serif/Noto_Serif_Ahom/Noto_Serif_Ahom_0039.png,data/v2/processed/fontsense_v2/images/train/serif/Noto_Serif_Ahom/Noto_Serif_Ahom_0040.png,4,True,True,False
data/v2/processed/fontsense_v2/images/train/serif/Noto_Serif_Ahom/Noto_Serif_Ahom_0042.png,data/v2/processed/fontsense_v2/images/train/serif/Noto_Serif_Ahom/Noto_Serif_Ahom_0056.png,4,True,True,False
data/v2/processed/fontsense_v2/images/train/serif/Noto_Serif_Ahom/Noto_Serif_Ahom_0046.png,data/v2/processed/fontsense_v2/images/train/serif/Noto_Serif_Ahom/Noto_Serif_Ahom_0065.png,4,True,True,False
data/v2/processed/fontsense_v2/images/train/serif/Noto_Serif_Ahom/Noto_Serif_Ahom_0046.png,data/v2/processed/fontsense_v2/images/train/serif/Noto_Serif_Ahom/Noto_Serif_Ahom_0071.png,4,True,True,False
data/v2/processed/fontsense_v2/images/train/serif/Noto_Serif_Ahom/Noto_Serif_Ahom_0049.png,data/v2/processed/fontsense_v2/images/train/serif/Noto_Serif_Ahom/Noto_Serif_Ahom_0070.png,4,True,True,False
data/v2/processed/fontsense_v2/images/train/serif/Noto_Serif_Ahom/Noto_Serif_Ahom_0050.png,data/v2/processed/fontsense_v2/images/train/serif/Noto_Serif_Ahom/Noto_Serif_Ahom_0051.png,4,True,True,False
data/v2/processed/fontsense_v2/images/train/serif/Noto_Serif_Ahom/Noto_Serif_Ahom_0055.png,data/v2/processed/fontsense_v2/images/train/serif/Noto_Serif_Ahom/Noto_Serif_Ahom_0065.png,4,True,True,False
data/v2/processed/fontsense_v2/images/train/serif/Noto_Serif_Hebrew/Noto_Serif_Hebrew_0000.png,data/v2/processed/fontsense_v2/images/train/serif/Noto_Serif_Hebrew/Noto_Serif_Hebrew_0083.png,4,True,True,False
data/v2/processed/fontsense_v2/images/train/serif/Noto_Serif_Hebrew/Noto_Serif_Hebrew_0000.png,data/v2/processed/fontsense_v2/images/train/serif/Domine/Domine_0056.png,4,False,True,False
data/v2/processed/fontsense_v2/images/train/serif/Noto_Serif_Hebrew/Noto_Serif_Hebrew_0000.png,data/v2/processed/fontsense_v2/images/train/serif/Rokkitt/Rokkitt_0035.png,4,False,True,False
data/v2/processed/fontsense_v2/images/train/serif/Noto_Serif_Hebrew/Noto_Serif_Hebrew_0000.png,data/v2/processed/fontsense_v2/images/train/serif/Sanchez/Sanchez_0037.png,4,False,True,False
data/v2/processed/fontsense_v2/images/train/serif/Noto_Serif_Hebrew/Noto_Serif_Hebrew_0001.png,data/v2/processed/fontsense_v2/images/train/serif/IM_Fell_Great_Primer/IM_Fell_Great_Primer_0043.png,4,False,True,False
data/v2/processed/fontsense_v2/images/train/serif/Noto_Serif_Hebrew/Noto_Serif_Hebrew_0003.png,data/v2/processed/fontsense_v2/images/train/serif/Noto_Serif_KR/Noto_Serif_KR_0092.png,4,False,True,False
data/v2/processed/fontsense_v2/images/train/serif/Noto_Serif_Hebrew/Noto_Serif_Hebrew_0003.png,data/v2/processed/fontsense_v2/images/train/serif/Noto_Serif_KR/Noto_Serif_KR_0098.png,4,False,True,False
data/v2/processed/fontsense_v2/images/train/serif/Noto_Serif_Hebrew/Noto_Serif_Hebrew_0003.png,data/v2/processed/fontsense_v2/images/train/serif/Domine/Domine_0062.png,4,False,True,False
data/v2/processed/fontsense_v2/images/train/serif/Noto_Serif_Hebrew/Noto_Serif_Hebrew_0003.png,data/v2/processed/fontsense_v2/images/train/serif/Yuji_Syuku/Yuji_Syuku_0078.png,4,False,True,False
data/v2/processed/fontsense_v2/images/train/serif/Noto_Serif_Hebrew/Noto_Serif_Hebrew_0003.png,data/v2/processed/fontsense_v2/images/train/serif/Rokkitt/Rokkitt_0042.png,4,False,True,False
data/v2/processed/fontsense_v2/images/train/serif/Noto_Serif_Hebrew/Noto_Serif_Hebrew_0003.png,data/v2/processed/fontsense_v2/images/train/serif/IM_Fell_Great_Primer/IM_Fell_Great_Primer_0030.png,4,False,True,False
data/v2/processed/fontsense_v2/images/train/serif/Noto_Serif_Hebrew/Noto_Serif_Hebrew_0004.png,data/v2/processed/fontsense_v2/images/train/serif/Rokkitt/Rokkitt_0098.png,4,False,True,False
data/v2/processed/fontsense_v2/images/train/serif/Noto_Serif_Hebrew/Noto_Serif_Hebrew_0004.png,data/v2/processed/fontsense_v2/images/train/serif/IM_Fell_Great_Primer/IM_Fell_Great_Primer_0012.png,4,False,True,False
data/v2/processed/fontsense_v2/images/train/serif/Noto_Serif_Hebrew/Noto_Serif_Hebrew_0005.png,data/v2/processed/fontsense_v2/images/train/serif/Noto_Serif_Hebrew/Noto_Serif_Hebrew_0012.png,4,True,True,False
data/v2/processed/fontsense_v2/images/train/serif/Noto_Serif_Hebrew/Noto_Serif_Hebrew_0005.png,data/v2/processed/fontsense_v2/images/train/serif/Noto_Serif_Hebrew/Noto_Serif_Hebrew_0043.png,4,True,True,False
data/v2/processed/fontsense_v2/images/train/serif/Noto_Serif_Hebrew/Noto_Serif_Hebrew_0005.png,data/v2/processed/fontsense_v2/images/train/serif/Wellfleet/Wellfleet_0000.png,4,False,True,False
data/v2/processed/fontsense_v2/images/train/serif/Noto_Serif_Hebrew/Noto_Serif_Hebrew_0005.png,data/v2/processed/fontsense_v2/images/train/serif/Wellfleet/Wellfleet_0084.png,4,False,True,False
data/v2/processed/fontsense_v2/images/train/serif/Noto_Serif_Hebrew/Noto_Serif_Hebrew_0005.png,data/v2/processed/fontsense_v2/images/train/serif/Wellfleet/Wellfleet_0092.png,4,False,True,False
data/v2/processed/fontsense_v2/images/train/serif/Noto_Serif_Hebrew/Noto_Serif_Hebrew_0005.png,data/v2/processed/fontsense_v2/images/train/serif/Noto_Serif_KR/Noto_Serif_KR_0078.png,4,False,True,False
data/v2/processed/fontsense_v2/images/train/serif/Noto_Serif_Hebrew/Noto_Serif_Hebrew_0005.png,data/v2/processed/fontsense_v2/images/train/serif/BatangChe/BatangChe_0068.png,4,False,True,False
data/v2/processed/fontsense_v2/images/train/serif/Noto_Serif_Hebrew/Noto_Serif_Hebrew_0005.png,data/v2/processed/fontsense_v2/images/train/serif/Rokkitt/Rokkitt_0000.png,4,False,True,False
data/v2/processed/fontsense_v2/images/train/serif/Noto_Serif_Hebrew/Noto_Serif_Hebrew_0005.png,data/v2/processed/fontsense_v2/images/train/serif/Rokkitt/Rokkitt_0046.png,4,False,True,False
data/v2/processed/fontsense_v2/images/train/serif/Noto_Serif_Hebrew/Noto_Serif_Hebrew_0005.png,data/v2/processed/fontsense_v2/images/train/serif/Rokkitt/Rokkitt_0079.png,4,False,True,False
data/v2/processed/fontsense_v2/images/train/serif/Noto_Serif_Hebrew/Noto_Serif_Hebrew_0005.png,data/v2/processed/fontsense_v2/images/train/serif/Quattrocento/Quattrocento_0061.png,4,False,True,False
data/v2/processed/fontsense_v2/images/train/serif/Noto_Serif_Hebrew/Noto_Serif_Hebrew_0005.png,data/v2/processed/fontsense_v2/images/train/serif/Sanchez/Sanchez_0085.png,4,False,True,False
data/v2/processed/fontsense_v2/images/train/serif/Noto_Serif_Hebrew/Noto_Serif_Hebrew_0005.png,data/v2/processed/fontsense_v2/images/train/serif/IM_Fell_Great_Primer/IM_Fell_Great_Primer_0000.png,4,False,True,False
data/v2/processed/fontsense_v2/images/train/serif/Noto_Serif_Hebrew/Noto_Serif_Hebrew_0005.png,data/v2/processed/fontsense_v2/images/train/serif/IM_Fell_Great_Primer/IM_Fell_Great_Primer_0059.png,4,False,True,False
data/v2/processed/fontsense_v2/images/train/serif/Noto_Serif_Hebrew/Noto_Serif_Hebrew_0005.png,data/v2/processed/fontsense_v2/images/train/serif/IM_Fell_Great_Primer/IM_Fell_Great_Primer_0066.png,4,False,True,False
data/v2/processed/fontsense_v2/images/train/serif/Noto_Serif_Hebrew/Noto_Serif_Hebrew_0005.png,data/v2/processed/fontsense_v2/images/train/serif/IM_Fell_Great_Primer/IM_Fell_Great_Primer_0090.png,4,False,True,False
data/v2/processed/fontsense_v2/images/train/serif/Noto_Serif_Hebrew/Noto_Serif_Hebrew_0005.png,data/v2/processed/fontsense_v2/images/train/serif/Noto_Serif_Ahom/Noto_Serif_Ahom_0004.png,4,False,True,False
data/v2/processed/fontsense_v2/images/train/serif/Noto_Serif_Hebrew/Noto_Serif_Hebrew_0006.png,data/v2/processed/fontsense_v2/images/train/serif/Noto_Serif_Hebrew/Noto_Serif_Hebrew_0072.png,4,True,True,False
data/v2/processed/fontsense_v2/images/train/serif/Noto_Serif_Hebrew/Noto_Serif_Hebrew_0006.png,data/v2/processed/fontsense_v2/images/train/serif/Wellfleet/Wellfleet_0061.png,4,False,True,False
data/v2/processed/fontsense_v2/images/train/serif/Noto_Serif_Hebrew/Noto_Serif_Hebrew_0006.png,data/v2/processed/fontsense_v2/images/train/serif/Domine/Domine_0019.png,4,False,True,False
data/v2/processed/fontsense_v2/images/train/serif/Noto_Serif_Hebrew/Noto_Serif_Hebrew_0006.png,data/v2/processed/fontsense_v2/images/train/serif/Yuji_Syuku/Yuji_Syuku_0065.png,4,False,True,False
data/v2/processed/fontsense_v2/images/train/serif/Noto_Serif_Hebrew/Noto_Serif_Hebrew_0006.png,data/v2/processed/fontsense_v2/images/train/serif/BatangChe/BatangChe_0041.png,4,False,True,False
data/v2/processed/fontsense_v2/images/train/serif/Noto_Serif_Hebrew/Noto_Serif_Hebrew_0006.png,data/v2/processed/fontsense_v2/images/train/serif/Rokkitt/Rokkitt_0062.png,4,False,True,False
data/v2/processed/fontsense_v2/images/train/serif/Noto_Serif_Hebrew/Noto_Serif_Hebrew_0006.png,data/v2/processed/fontsense_v2/images/train/serif/Quattrocento/Quattrocento_0018.png,4,False,True,False
data/v2/processed/fontsense_v2/images/train/serif/Noto_Serif_Hebrew/Noto_Serif_Hebrew_0006.png,data/v2/processed/fontsense_v2/images/train/serif/Quattrocento/Quattrocento_0019.png,4,False,True,False
data/v2/processed/fontsense_v2/images/train/serif/Noto_Serif_Hebrew/Noto_Serif_Hebrew_0006.png,data/v2/processed/fontsense_v2/images/train/serif/Quattrocento/Quattrocento_0026.png,4,False,True,False
data/v2/processed/fontsense_v2/images/train/serif/Noto_Serif_Hebrew/Noto_Serif_Hebrew_0006.png,data/v2/processed/fontsense_v2/images/train/serif/Quattrocento/Quattrocento_0088.png,4,False,True,False
data/v2/processed/fontsense_v2/images/train/serif/Noto_Serif_Hebrew/Noto_Serif_Hebrew_0006.png,data/v2/processed/fontsense_v2/images/train/serif/Sanchez/Sanchez_0072.png,4,False,True,False
data/v2/processed/fontsense_v2/images/train/serif/Noto_Serif_Hebrew/Noto_Serif_Hebrew_0006.png,data/v2/processed/fontsense_v2/images/train/serif/Sanchez/Sanchez_0097.png,4,False,True,False
data/v2/processed/fontsense_v2/images/train/serif/Noto_Serif_Hebrew/Noto_Serif_Hebrew_0006.png,data/v2/processed/fontsense_v2/images/train/serif/IM_Fell_Great_Primer/IM_Fell_Great_Primer_0093.png,4,False,True,False
data/v2/processed/fontsense_v2/images/train/serif/Noto_Serif_Hebrew/Noto_Serif_Hebrew_0007.png,data/v2/processed/fontsense_v2/images/train/serif/Noto_Serif_Hebrew/Noto_Serif_Hebrew_0071.png,4,True,True,False
data/v2/processed/fontsense_v2/images/train/serif/Noto_Serif_Hebrew/Noto_Serif_Hebrew_0007.png,data/v2/processed/fontsense_v2/images/train/serif/BatangChe/BatangChe_0096.png,4,False,True,False
data/v2/processed/fontsense_v2/images/train/serif/Noto_Serif_Hebrew/Noto_Serif_Hebrew_0007.png,data/v2/processed/fontsense_v2/images/train/serif/Libre_Caslon_Text/Libre_Caslon_Text_0087.png,4,False,True,False
data/v2/processed/fontsense_v2/images/train/serif/Noto_Serif_Hebrew/Noto_Serif_Hebrew_0007.png,data/v2/processed/fontsense_v2/images/train/serif/Quattrocento/Quattrocento_0038.png,4,False,True,False
data/v2/processed/fontsense_v2/images/train/serif/Noto_Serif_Hebrew/Noto_Serif_Hebrew_0007.png,data/v2/processed/fontsense_v2/images/train/serif/Quattrocento/Quattrocento_0056.png,4,False,True,False
data/v2/processed/fontsense_v2/images/train/serif/Noto_Serif_Hebrew/Noto_Serif_Hebrew_0007.png,data/v2/processed/fontsense_v2/images/train/serif/Sanchez/Sanchez_0023.png,4,False,True,False
data/v2/processed/fontsense_v2/images/train/serif/Noto_Serif_Hebrew/Noto_Serif_Hebrew_0007.png,data/v2/processed/fontsense_v2/images/train/serif/Sanchez/Sanchez_0053.png,4,False,True,False
data/v2/processed/fontsense_v2/images/train/serif/Noto_Serif_Hebrew/Noto_Serif_Hebrew_0008.png,data/v2/processed/fontsense_v2/images/train/serif/Noto_Serif_KR/Noto_Serif_KR_0021.png,4,False,True,False
data/v2/processed/fontsense_v2/images/train/serif/Noto_Serif_Hebrew/Noto_Serif_Hebrew_0009.png,data/v2/processed/fontsense_v2/images/train/serif/Domine/Domine_0011.png,4,False,True,False
data/v2/processed/fontsense_v2/images/train/serif/Noto_Serif_Hebrew/Noto_Serif_Hebrew_0009.png,data/v2/processed/fontsense_v2/images/train/serif/BatangChe/BatangChe_0077.png,4,False,True,False
data/v2/processed/fontsense_v2/images/train/serif/Noto_Serif_Hebrew/Noto_Serif_Hebrew_0009.png,data/v2/processed/fontsense_v2/images/train/serif/BatangChe/BatangChe_0094.png,4,False,True,False
data/v2/processed/fontsense_v2/images/train/serif/Noto_Serif_Hebrew/Noto_Serif_Hebrew_0009.png,data/v2/processed/fontsense_v2/images/train/serif/Rokkitt/Rokkitt_0041.png,4,False,True,False
data/v2/processed/fontsense_v2/images/train/serif/Noto_Serif_Hebrew/Noto_Serif_Hebrew_0009.png,data/v2/processed/fontsense_v2/images/train/serif/IM_Fell_Great_Primer/IM_Fell_Great_Primer_0072.png,4,False,True,False
data/v2/processed/fontsense_v2/images/train/serif/Noto_Serif_Hebrew/Noto_Serif_Hebrew_0010.png,data/v2/processed/fontsense_v2/images/train/serif/Wellfleet/Wellfleet_0000.png,4,False,True,False
data/v2/processed/fontsense_v2/images/train/serif/Noto_Serif_Hebrew/Noto_Serif_Hebrew_0010.png,data/v2/processed/fontsense_v2/images/train/serif/Wellfleet/Wellfleet_0084.png,4,False,True,False
data/v2/processed/fontsense_v2/images/train/serif/Noto_Serif_Hebrew/Noto_Serif_Hebrew_0010.png,data/v2/processed/fontsense_v2/images/train/serif/Noto_Serif_KR/Noto_Serif_KR_0078.png,4,False,True,False
data/v2/processed/fontsense_v2/images/train/serif/Noto_Serif_Hebrew/Noto_Serif_Hebrew_0010.png,data/v2/processed/fontsense_v2/images/train/serif/Libre_Caslon_Text/Libre_Caslon_Text_0075.png,4,False,True,False
data/v2/processed/fontsense_v2/images/train/serif/Noto_Serif_Hebrew/Noto_Serif_Hebrew_0010.png,data/v2/processed/fontsense_v2/images/train/serif/Rokkitt/Rokkitt_0000.png,4,False,True,False
data/v2/processed/fontsense_v2/images/train/serif/Noto_Serif_Hebrew/Noto_Serif_Hebrew_0010.png,data/v2/processed/fontsense_v2/images/train/serif/Quattrocento/Quattrocento_0015.png,4,False,True,False
data/v2/processed/fontsense_v2/images/train/serif/Noto_Serif_Hebrew/Noto_Serif_Hebrew_0010.png,data/v2/processed/fontsense_v2/images/train/serif/Quattrocento/Quattrocento_0061.png,4,False,True,False
data/v2/processed/fontsense_v2/images/train/serif/Noto_Serif_Hebrew/Noto_Serif_Hebrew_0010.png,data/v2/processed/fontsense_v2/images/train/serif/IM_Fell_Great_Primer/IM_Fell_Great_Primer_0090.png,4,False,True,False
data/v2/processed/fontsense_v2/images/train/serif/Noto_Serif_Hebrew/Noto_Serif_Hebrew_0010.png,data/v2/processed/fontsense_v2/images/train/serif/IM_Fell_Great_Primer/IM_Fell_Great_Primer_0093.png,4,False,True,False
data/v2/processed/fontsense_v2/images/train/serif/Noto_Serif_Hebrew/Noto_Serif_Hebrew_0010.png,data/v2/processed/fontsense_v2/images/train/serif/Noto_Serif_Ahom/Noto_Serif_Ahom_0030.png,4,False,True,False
data/v2/processed/fontsense_v2/images/train/serif/Noto_Serif_Hebrew/Noto_Serif_Hebrew_0010.png,data/v2/processed/fontsense_v2/images/train/serif/Noto_Serif_Ahom/Noto_Serif_Ahom_0046.png,4,False,True,False
data/v2/processed/fontsense_v2/images/train/serif/Noto_Serif_Hebrew/Noto_Serif_Hebrew_0011.png,data/v2/processed/fontsense_v2/images/train/serif/Noto_Serif_Hebrew/Noto_Serif_Hebrew_0012.png,4,True,True,False
data/v2/processed/fontsense_v2/images/train/serif/Noto_Serif_Hebrew/Noto_Serif_Hebrew_0011.png,data/v2/processed/fontsense_v2/images/train/serif/Noto_Serif_Hebrew/Noto_Serif_Hebrew_0065.png,4,True,True,False
data/v2/processed/fontsense_v2/images/train/serif/Noto_Serif_Hebrew/Noto_Serif_Hebrew_0011.png,data/v2/processed/fontsense_v2/images/train/serif/Wellfleet/Wellfleet_0085.png,4,False,True,False
data/v2/processed/fontsense_v2/images/train/serif/Noto_Serif_Hebrew/Noto_Serif_Hebrew_0011.png,data/v2/processed/fontsense_v2/images/train/serif/Wellfleet/Wellfleet_0092.png,4,False,True,False
data/v2/processed/fontsense_v2/images/train/serif/Noto_Serif_Hebrew/Noto_Serif_Hebrew_0011.png,data/v2/processed/fontsense_v2/images/train/serif/Noto_Serif_KR/Noto_Serif_KR_0072.png,4,False,True,False
data/v2/processed/fontsense_v2/images/train/serif/Noto_Serif_Hebrew/Noto_Serif_Hebrew_0011.png,data/v2/processed/fontsense_v2/images/train/serif/Rokkitt/Rokkitt_0049.png,4,False,True,False
data/v2/processed/fontsense_v2/images/train/serif/Noto_Serif_Hebrew/Noto_Serif_Hebrew_0011.png,data/v2/processed/fontsense_v2/images/train/serif/Quattrocento/Quattrocento_0052.png,4,False,True,False
data/v2/processed/fontsense_v2/images/train/serif/Noto_Serif_Hebrew/Noto_Serif_Hebrew_0011.png,data/v2/processed/fontsense_v2/images/train/serif/Sanchez/Sanchez_0010.png,4,False,True,False
data/v2/processed/fontsense_v2/images/train/serif/Noto_Serif_Hebrew/Noto_Serif_Hebrew_0011.png,data/v2/processed/fontsense_v2/images/train/serif/Sanchez/Sanchez_0085.png,4,False,True,False
data/v2/processed/fontsense_v2/images/train/serif/Noto_Serif_Hebrew/Noto_Serif_Hebrew_0011.png,data/v2/processed/fontsense_v2/images/train/serif/IM_Fell_Great_Primer/IM_Fell_Great_Primer_0053.png,4,False,True,False
data/v2/processed/fontsense_v2/images/train/serif/Noto_Serif_Hebrew/Noto_Serif_Hebrew_0011.png,data/v2/processed/fontsense_v2/images/train/serif/Noto_Serif_Ahom/Noto_Serif_Ahom_0024.png,4,False,True,False
data/v2/processed/fontsense_v2/images/train/serif/Noto_Serif_Hebrew/Noto_Serif_Hebrew_0012.png,data/v2/processed/fontsense_v2/images/train/serif/Libre_Caslon_Text/Libre_Caslon_Text_0081.png,4,False,True,False
data/v2/processed/fontsense_v2/images/train/serif/Noto_Serif_Hebrew/Noto_Serif_Hebrew_0012.png,data/v2/processed/fontsense_v2/images/train/serif/Rokkitt/Rokkitt_0045.png,4,False,True,False
data/v2/processed/fontsense_v2/images/train/serif/Noto_Serif_Hebrew/Noto_Serif_Hebrew_0012.png,data/v2/processed/fontsense_v2/images/train/serif/Quattrocento/Quattrocento_0042.png,4,False,True,False
data/v2/processed/fontsense_v2/images/train/serif/Noto_Serif_Hebrew/Noto_Serif_Hebrew_0012.png,data/v2/processed/fontsense_v2/images/train/serif/Quattrocento/Quattrocento_0093.png,4,False,True,False
data/v2/processed/fontsense_v2/images/train/serif/Noto_Serif_Hebrew/Noto_Serif_Hebrew_0012.png,data/v2/processed/fontsense_v2/images/train/serif/IM_Fell_Great_Primer/IM_Fell_Great_Primer_0081.png,4,False,True,False
data/v2/processed/fontsense_v2/images/train/serif/Noto_Serif_Hebrew/Noto_Serif_Hebrew_0013.png,data/v2/processed/fontsense_v2/images/train/serif/Noto_Serif_Hebrew/Noto_Serif_Hebrew_0021.png,4,True,True,False
data/v2/processed/fontsense_v2/images/train/serif/Noto_Serif_Hebrew/Noto_Serif_Hebrew_0013.png,data/v2/processed/fontsense_v2/images/train/serif/Yuji_Syuku/Yuji_Syuku_0029.png,4,False,True,False
data/v2/processed/fontsense_v2/images/train/serif/Noto_Serif_Hebrew/Noto_Serif_Hebrew_0014.png,data/v2/processed/fontsense_v2/images/train/serif/Wellfleet/Wellfleet_0080.png,4,False,True,False
data/v2/processed/fontsense_v2/images/train/serif/Noto_Serif_Hebrew/Noto_Serif_Hebrew_0014.png,data/v2/processed/fontsense_v2/images/train/serif/BatangChe/BatangChe_0067.png,4,False,True,False
data/v2/processed/fontsense_v2/images/train/serif/Noto_Serif_Hebrew/Noto_Serif_Hebrew_0014.png,data/v2/processed/fontsense_v2/images/train/serif/Libre_Caslon_Text/Libre_Caslon_Text_0042.png,4,False,True,True
data/v2/processed/fontsense_v2/images/train/serif/Noto_Serif_Hebrew/Noto_Serif_Hebrew_0014.png,data/v2/processed/fontsense_v2/images/train/serif/Quattrocento/Quattrocento_0090.png,4,False,True,False
data/v2/processed/fontsense_v2/images/train/serif/Noto_Serif_Hebrew/Noto_Serif_Hebrew_0015.png,data/v2/processed/fontsense_v2/images/train/serif/Wellfleet/Wellfleet_0001.png,4,False,True,False
data/v2/processed/fontsense_v2/images/train/serif/Noto_Serif_Hebrew/Noto_Serif_Hebrew_0015.png,data/v2/processed/fontsense_v2/images/train/serif/Wellfleet/Wellfleet_0002.png,4,False,True,False
data/v2/processed/fontsense_v2/images/train/serif/Noto_Serif_Hebrew/Noto_Serif_Hebrew_0015.png,data/v2/processed/fontsense_v2/images/train/serif/Noto_Serif_KR/Noto_Serif_KR_0058.png,4,False,True,False
data/v2/processed/fontsense_v2/images/train/serif/Noto_Serif_Hebrew/Noto_Serif_Hebrew_0015.png,data/v2/processed/fontsense_v2/images/train/serif/Domine/Domine_0044.png,4,False,True,False
data/v2/processed/fontsense_v2/images/train/serif/Noto_Serif_Hebrew/Noto_Serif_Hebrew_0016.png,data/v2/processed/fontsense_v2/images/train/serif/Noto_Serif_KR/Noto_Serif_KR_0019.png,4,False,True,False
data/v2/processed/fontsense_v2/images/train/serif/Noto_Serif_Hebrew/Noto_Serif_Hebrew_0019.png,data/v2/processed/fontsense_v2/images/train/serif/Noto_Serif_Hebrew/Noto_Serif_Hebrew_0026.png,4,True,True,False
data/v2/processed/fontsense_v2/images/train/serif/Noto_Serif_Hebrew/Noto_Serif_Hebrew_0019.png,data/v2/processed/fontsense_v2/images/train/serif/Noto_Serif_Hebrew/Noto_Serif_Hebrew_0079.png,4,True,True,False
data/v2/processed/fontsense_v2/images/train/serif/Noto_Serif_Hebrew/Noto_Serif_Hebrew_0019.png,data/v2/processed/fontsense_v2/images/train/serif/Noto_Serif_KR/Noto_Serif_KR_0082.png,4,False,True,False
data/v2/processed/fontsense_v2/images/train/serif/Noto_Serif_Hebrew/Noto_Serif_Hebrew_0019.png,data/v2/processed/fontsense_v2/images/train/serif/Rokkitt/Rokkitt_0089.png,4,False,True,False
data/v2/processed/fontsense_v2/images/train/serif/Noto_Serif_Hebrew/Noto_Serif_Hebrew_0019.png,data/v2/processed/fontsense_v2/images/train/serif/Sanchez/Sanchez_0028.png,4,False,True,False
data/v2/processed/fontsense_v2/images/train/serif/Noto_Serif_Hebrew/Noto_Serif_Hebrew_0019.png,data/v2/processed/fontsense_v2/images/train/serif/Sanchez/Sanchez_0031.png,4,False,True,False
data/v2/processed/fontsense_v2/images/train/serif/Noto_Serif_Hebrew/Noto_Serif_Hebrew_0019.png,data/v2/processed/fontsense_v2/images/train/serif/IM_Fell_Great_Primer/IM_Fell_Great_Primer_0034.png,4,False,True,False
data/v2/processed/fontsense_v2/images/train/serif/Noto_Serif_Hebrew/Noto_Serif_Hebrew_0019.png,data/v2/processed/fontsense_v2/images/train/serif/IM_Fell_Great_Primer/IM_Fell_Great_Primer_0094.png,4,False,True,False
data/v2/processed/fontsense_v2/images/train/serif/Noto_Serif_Hebrew/Noto_Serif_Hebrew_0019.png,data/v2/processed/fontsense_v2/images/train/serif/Noto_Serif_Ahom/Noto_Serif_Ahom_0044.png,4,False,True,False
data/v2/processed/fontsense_v2/images/train/serif/Noto_Serif_Hebrew/Noto_Serif_Hebrew_0020.png,data/v2/processed/fontsense_v2/images/train/serif/Wellfleet/Wellfleet_0062.png,4,False,True,False
data/v2/processed/fontsense_v2/images/train/serif/Noto_Serif_Hebrew/Noto_Serif_Hebrew_0020.png,data/v2/processed/fontsense_v2/images/train/serif/BatangChe/BatangChe_0021.png,4,False,True,False
data/v2/processed/fontsense_v2/images/train/serif/Noto_Serif_Hebrew/Noto_Serif_Hebrew_0020.png,data/v2/processed/fontsense_v2/images/train/serif/BatangChe/BatangChe_0066.png,4,False,True,False
data/v2/processed/fontsense_v2/images/train/serif/Noto_Serif_Hebrew/Noto_Serif_Hebrew_0020.png,data/v2/processed/fontsense_v2/images/train/serif/Rokkitt/Rokkitt_0095.png,4,False,True,False
data/v2/processed/fontsense_v2/images/train/serif/Noto_Serif_Hebrew/Noto_Serif_Hebrew_0020.png,data/v2/processed/fontsense_v2/images/train/serif/Noto_Serif_Ahom/Noto_Serif_Ahom_0039.png,4,False,True,False
data/v2/processed/fontsense_v2/images/train/serif/Noto_Serif_Hebrew/Noto_Serif_Hebrew_0021.png,data/v2/processed/fontsense_v2/images/train/serif/Noto_Serif_Hebrew/Noto_Serif_Hebrew_0034.png,4,True,True,False
data/v2/processed/fontsense_v2/images/train/serif/Noto_Serif_Hebrew/Noto_Serif_Hebrew_0023.png,data/v2/processed/fontsense_v2/images/train/serif/Noto_Serif_Hebrew/Noto_Serif_Hebrew_0077.png,4,True,True,False
data/v2/processed/fontsense_v2/images/train/serif/Noto_Serif_Hebrew/Noto_Serif_Hebrew_0023.png,data/v2/processed/fontsense_v2/images/train/serif/Wellfleet/Wellfleet_0060.png,4,False,True,False
data/v2/processed/fontsense_v2/images/train/serif/Noto_Serif_Hebrew/Noto_Serif_Hebrew_0023.png,data/v2/processed/fontsense_v2/images/train/serif/Yuji_Syuku/Yuji_Syuku_0040.png,4,False,True,False
data/v2/processed/fontsense_v2/images/train/serif/Noto_Serif_Hebrew/Noto_Serif_Hebrew_0023.png,data/v2/processed/fontsense_v2/images/train/serif/Rokkitt/Rokkitt_0066.png,4,False,True,False
data/v2/processed/fontsense_v2/images/train/serif/Noto_Serif_Hebrew/Noto_Serif_Hebrew_0023.png,data/v2/processed/fontsense_v2/images/train/serif/Rokkitt/Rokkitt_0090.png,4,False,True,False
data/v2/processed/fontsense_v2/images/train/serif/Noto_Serif_Hebrew/Noto_Serif_Hebrew_0023.png,data/v2/processed/fontsense_v2/images/train/serif/Quattrocento/Quattrocento_0048.png,4,False,True,False
data/v2/processed/fontsense_v2/images/train/serif/Noto_Serif_Hebrew/Noto_Serif_Hebrew_0023.png,data/v2/processed/fontsense_v2/images/train/serif/IM_Fell_Great_Primer/IM_Fell_Great_Primer_0098.png,4,False,True,False
data/v2/processed/fontsense_v2/images/train/serif/Noto_Serif_Hebrew/Noto_Serif_Hebrew_0023.png,data/v2/processed/fontsense_v2/images/train/serif/Noto_Serif_Ahom/Noto_Serif_Ahom_0060.png,4,False,True,False
data/v2/processed/fontsense_v2/images/train/serif/Noto_Serif_Hebrew/Noto_Serif_Hebrew_0024.png,data/v2/processed/fontsense_v2/images/train/serif/Noto_Serif_Hebrew/Noto_Serif_Hebrew_0060.png,4,True,True,False
data/v2/processed/fontsense_v2/images/train/serif/Noto_Serif_Hebrew/Noto_Serif_Hebrew_0025.png,data/v2/processed/fontsense_v2/images/train/serif/Yuji_Syuku/Yuji_Syuku_0066.png,4,False,True,False
data/v2/processed/fontsense_v2/images/train/serif/Noto_Serif_Hebrew/Noto_Serif_Hebrew_0025.png,data/v2/processed/fontsense_v2/images/train/serif/Sanchez/Sanchez_0087.png,4,False,True,False
data/v2/processed/fontsense_v2/images/train/serif/Noto_Serif_Hebrew/Noto_Serif_Hebrew_0026.png,data/v2/processed/fontsense_v2/images/train/serif/Noto_Serif_Hebrew/Noto_Serif_Hebrew_0038.png,4,True,True,False
data/v2/processed/fontsense_v2/images/train/serif/Noto_Serif_Hebrew/Noto_Serif_Hebrew_0026.png,data/v2/processed/fontsense_v2/images/train/serif/Wellfleet/Wellfleet_0067.png,4,False,True,False
data/v2/processed/fontsense_v2/images/train/serif/Noto_Serif_Hebrew/Noto_Serif_Hebrew_0026.png,data/v2/processed/fontsense_v2/images/train/serif/Wellfleet/Wellfleet_0093.png,4,False,True,False
data/v2/processed/fontsense_v2/images/train/serif/Noto_Serif_Hebrew/Noto_Serif_Hebrew_0026.png,data/v2/processed/fontsense_v2/images/train/serif/Yuji_Syuku/Yuji_Syuku_0058.png,4,False,True,False
data/v2/processed/fontsense_v2/images/train/serif/Noto_Serif_Hebrew/Noto_Serif_Hebrew_0026.png,data/v2/processed/fontsense_v2/images/train/serif/Quattrocento/Quattrocento_0097.png,4,False,True,False
data/v2/processed/fontsense_v2/images/train/serif/Noto_Serif_Hebrew/Noto_Serif_Hebrew_0026.png,data/v2/processed/fontsense_v2/images/train/serif/Sanchez/Sanchez_0028.png,4,False,True,False
data/v2/processed/fontsense_v2/images/train/serif/Noto_Serif_Hebrew/Noto_Serif_Hebrew_0026.png,data/v2/processed/fontsense_v2/images/train/serif/Sanchez/Sanchez_0034.png,4,False,True,False
data/v2/processed/fontsense_v2/images/train/serif/Noto_Serif_Hebrew/Noto_Serif_Hebrew_0026.png,data/v2/processed/fontsense_v2/images/train/serif/Sanchez/Sanchez_0088.png,4,False,True,False
data/v2/processed/fontsense_v2/images/train/serif/Noto_Serif_Hebrew/Noto_Serif_Hebrew_0027.png,data/v2/processed/fontsense_v2/images/train/serif/Noto_Serif_Hebrew/Noto_Serif_Hebrew_0088.png,4,True,True,False
data/v2/processed/fontsense_v2/images/train/serif/Noto_Serif_Hebrew/Noto_Serif_Hebrew_0027.png,data/v2/processed/fontsense_v2/images/train/serif/Yuji_Syuku/Yuji_Syuku_0062.png,4,False,True,False
data/v2/processed/fontsense_v2/images/train/serif/Noto_Serif_Hebrew/Noto_Serif_Hebrew_0027.png,data/v2/processed/fontsense_v2/images/train/serif/Quattrocento/Quattrocento_0027.png,4,False,True,False
data/v2/processed/fontsense_v2/images/train/serif/Noto_Serif_Hebrew/Noto_Serif_Hebrew_0027.png,data/v2/processed/fontsense_v2/images/train/serif/Quattrocento/Quattrocento_0029.png,4,False,True,False
data/v2/processed/fontsense_v2/images/train/serif/Noto_Serif_Hebrew/Noto_Serif_Hebrew_0027.png,data/v2/processed/fontsense_v2/images/train/serif/IM_Fell_Great_Primer/IM_Fell_Great_Primer_0003.png,4,False,True,False
data/v2/processed/fontsense_v2/images/train/serif/Noto_Serif_Hebrew/Noto_Serif_Hebrew_0028.png,data/v2/processed/fontsense_v2/images/train/serif/Noto_Serif_Hebrew/Noto_Serif_Hebrew_0039.png,4,True,True,False
data/v2/processed/fontsense_v2/images/train/serif/Noto_Serif_Hebrew/Noto_Serif_Hebrew_0028.png,data/v2/processed/fontsense_v2/images/train/serif/Wellfleet/Wellfleet_0059.png,4,False,True,False
data/v2/processed/fontsense_v2/images/train/serif/Noto_Serif_Hebrew/Noto_Serif_Hebrew_0028.png,data/v2/processed/fontsense_v2/images/train/serif/Wellfleet/Wellfleet_0062.png,4,False,True,False
data/v2/processed/fontsense_v2/images/train/serif/Noto_Serif_Hebrew/Noto_Serif_Hebrew_0028.png,data/v2/processed/fontsense_v2/images/train/serif/BatangChe/BatangChe_0075.png,4,False,True,False
data/v2/processed/fontsense_v2/images/train/serif/Noto_Serif_Hebrew/Noto_Serif_Hebrew_0028.png,data/v2/processed/fontsense_v2/images/train/serif/Libre_Caslon_Text/Libre_Caslon_Text_0048.png,4,False,True,False
data/v2/processed/fontsense_v2/images/train/serif/Noto_Serif_Hebrew/Noto_Serif_Hebrew_0028.png,data/v2/processed/fontsense_v2/images/train/serif/Rokkitt/Rokkitt_0021.png,4,False,True,False
data/v2/processed/fontsense_v2/images/train/serif/Noto_Serif_Hebrew/Noto_Serif_Hebrew_0028.png,data/v2/processed/fontsense_v2/images/train/serif/Rokkitt/Rokkitt_0039.png,4,False,True,False
data/v2/processed/fontsense_v2/images/train/serif/Noto_Serif_Hebrew/Noto_Serif_Hebrew_0028.png,data/v2/processed/fontsense_v2/images/train/serif/Quattrocento/Quattrocento_0075.png,4,False,True,False
data/v2/processed/fontsense_v2/images/train/serif/Noto_Serif_Hebrew/Noto_Serif_Hebrew_0028.png,data/v2/processed/fontsense_v2/images/train/serif/Sanchez/Sanchez_0096.png,4,False,True,False
data/v2/processed/fontsense_v2/images/train/serif/Noto_Serif_Hebrew/Noto_Serif_Hebrew_0028.png,data/v2/processed/fontsense_v2/images/train/serif/Noto_Serif_Ahom/Noto_Serif_Ahom_0070.png,4,False,True,False
data/v2/processed/fontsense_v2/images/train/serif/Noto_Serif_Hebrew/Noto_Serif_Hebrew_0029.png,data/v2/processed/fontsense_v2/images/train/serif/Noto_Serif_Hebrew/Noto_Serif_Hebrew_0057.png,4,True,True,False
data/v2/processed/fontsense_v2/images/train/serif/Noto_Serif_Hebrew/Noto_Serif_Hebrew_0029.png,data/v2/processed/fontsense_v2/images/train/serif/Noto_Serif_Hebrew/Noto_Serif_Hebrew_0061.png,4,True,True,False
data/v2/processed/fontsense_v2/images/train/serif/Noto_Serif_Hebrew/Noto_Serif_Hebrew_0029.png,data/v2/processed/fontsense_v2/images/train/serif/Rokkitt/Rokkitt_0058.png,4,False,True,False
data/v2/processed/fontsense_v2/images/train/serif/Noto_Serif_Hebrew/Noto_Serif_Hebrew_0030.png,data/v2/processed/fontsense_v2/images/train/serif/Noto_Serif_Hebrew/Noto_Serif_Hebrew_0050.png,4,True,True,False
data/v2/processed/fontsense_v2/images/train/serif/Noto_Serif_Hebrew/Noto_Serif_Hebrew_0031.png,data/v2/processed/fontsense_v2/images/train/serif/Domine/Domine_0069.png,4,False,True,False
data/v2/processed/fontsense_v2/images/train/serif/Noto_Serif_Hebrew/Noto_Serif_Hebrew_0031.png,data/v2/processed/fontsense_v2/images/train/serif/Yuji_Syuku/Yuji_Syuku_0023.png,4,False,True,False
data/v2/processed/fontsense_v2/images/train/serif/Noto_Serif_Hebrew/Noto_Serif_Hebrew_0031.png,data/v2/processed/fontsense_v2/images/train/serif/Yuji_Syuku/Yuji_Syuku_0034.png,4,False,True,False
data/v2/processed/fontsense_v2/images/train/serif/Noto_Serif_Hebrew/Noto_Serif_Hebrew_0031.png,data/v2/processed/fontsense_v2/images/train/serif/Noto_Serif_Ahom/Noto_Serif_Ahom_0017.png,4,False,True,False
data/v2/processed/fontsense_v2/images/train/serif/Noto_Serif_Hebrew/Noto_Serif_Hebrew_0032.png,data/v2/processed/fontsense_v2/images/train/serif/Rokkitt/Rokkitt_0076.png,4,False,True,False
data/v2/processed/fontsense_v2/images/train/serif/Noto_Serif_Hebrew/Noto_Serif_Hebrew_0033.png,data/v2/processed/fontsense_v2/images/train/serif/Noto_Serif_KR/Noto_Serif_KR_0005.png,4,False,True,False
data/v2/processed/fontsense_v2/images/train/serif/Noto_Serif_Hebrew/Noto_Serif_Hebrew_0033.png,data/v2/processed/fontsense_v2/images/train/serif/BatangChe/BatangChe_0078.png,4,False,True,False
data/v2/processed/fontsense_v2/images/train/serif/Noto_Serif_Hebrew/Noto_Serif_Hebrew_0033.png,data/v2/processed/fontsense_v2/images/train/serif/Libre_Caslon_Text/Libre_Caslon_Text_0096.png,4,False,True,False
data/v2/processed/fontsense_v2/images/train/serif/Noto_Serif_Hebrew/Noto_Serif_Hebrew_0033.png,data/v2/processed/fontsense_v2/images/train/serif/Sanchez/Sanchez_0006.png,4,False,True,False
data/v2/processed/fontsense_v2/images/train/serif/Noto_Serif_Hebrew/Noto_Serif_Hebrew_0033.png,data/v2/processed/fontsense_v2/images/train/serif/Sanchez/Sanchez_0070.png,4,False,True,False
data/v2/processed/fontsense_v2/images/train/serif/Noto_Serif_Hebrew/Noto_Serif_Hebrew_0035.png,data/v2/processed/fontsense_v2/images/train/serif/BatangChe/BatangChe_0099.png,4,False,True,False
data/v2/processed/fontsense_v2/images/train/serif/Noto_Serif_Hebrew/Noto_Serif_Hebrew_0035.png,data/v2/processed/fontsense_v2/images/train/serif/Sanchez/Sanchez_0071.png,4,False,True,False
data/v2/processed/fontsense_v2/images/train/serif/Noto_Serif_Hebrew/Noto_Serif_Hebrew_0036.png,data/v2/processed/fontsense_v2/images/train/serif/Yuji_Syuku/Yuji_Syuku_0057.png,4,False,True,False
data/v2/processed/fontsense_v2/images/train/serif/Noto_Serif_Hebrew/Noto_Serif_Hebrew_0037.png,data/v2/processed/fontsense_v2/images/train/serif/Yuji_Syuku/Yuji_Syuku_0093.png,4,False,True,False
data/v2/processed/fontsense_v2/images/train/serif/Noto_Serif_Hebrew/Noto_Serif_Hebrew_0037.png,data/v2/processed/fontsense_v2/images/train/serif/Quattrocento/Quattrocento_0054.png,4,False,True,False
data/v2/processed/fontsense_v2/images/train/serif/Noto_Serif_Hebrew/Noto_Serif_Hebrew_0038.png,data/v2/processed/fontsense_v2/images/train/serif/Noto_Serif_Hebrew/Noto_Serif_Hebrew_0079.png,4,True,True,False
data/v2/processed/fontsense_v2/images/train/serif/Noto_Serif_Hebrew/Noto_Serif_Hebrew_0038.png,data/v2/processed/fontsense_v2/images/train/serif/Wellfleet/Wellfleet_0075.png,4,False,True,False
data/v2/processed/fontsense_v2/images/train/serif/Noto_Serif_Hebrew/Noto_Serif_Hebrew_0038.png,data/v2/processed/fontsense_v2/images/train/serif/Quattrocento/Quattrocento_0097.png,4,False,True,False
data/v2/processed/fontsense_v2/images/train/serif/Noto_Serif_Hebrew/Noto_Serif_Hebrew_0038.png,data/v2/processed/fontsense_v2/images/train/serif/Noto_Serif_Ahom/Noto_Serif_Ahom_0028.png,4,False,True,False
data/v2/processed/fontsense_v2/images/train/serif/Noto_Serif_Hebrew/Noto_Serif_Hebrew_0039.png,data/v2/processed/fontsense_v2/images/train/serif/Wellfleet/Wellfleet_0077.png,4,False,True,False
data/v2/processed/fontsense_v2/images/train/serif/Noto_Serif_Hebrew/Noto_Serif_Hebrew_0039.png,data/v2/processed/fontsense_v2/images/train/serif/Noto_Serif_KR/Noto_Serif_KR_0027.png,4,False,True,False
data/v2/processed/fontsense_v2/images/train/serif/Noto_Serif_Hebrew/Noto_Serif_Hebrew_0039.png,data/v2/processed/fontsense_v2/images/train/serif/Domine/Domine_0053.png,4,False,True,False
data/v2/processed/fontsense_v2/images/train/serif/Noto_Serif_Hebrew/Noto_Serif_Hebrew_0039.png,data/v2/processed/fontsense_v2/images/train/serif/Yuji_Syuku/Yuji_Syuku_0020.png,4,False,True,False
data/v2/processed/fontsense_v2/images/train/serif/Noto_Serif_Hebrew/Noto_Serif_Hebrew_0039.png,data/v2/processed/fontsense_v2/images/train/serif/Libre_Caslon_Text/Libre_Caslon_Text_0011.png,4,False,True,False
data/v2/processed/fontsense_v2/images/train/serif/Noto_Serif_Hebrew/Noto_Serif_Hebrew_0039.png,data/v2/processed/fontsense_v2/images/train/serif/Libre_Caslon_Text/Libre_Caslon_Text_0048.png,4,False,True,False
data/v2/processed/fontsense_v2/images/train/serif/Noto_Serif_Hebrew/Noto_Serif_Hebrew_0039.png,data/v2/processed/fontsense_v2/images/train/serif/Sanchez/Sanchez_0031.png,4,False,True,False
data/v2/processed/fontsense_v2/images/train/serif/Noto_Serif_Hebrew/Noto_Serif_Hebrew_0039.png,data/v2/processed/fontsense_v2/images/train/serif/IM_Fell_Great_Primer/IM_Fell_Great_Primer_0072.png,4,False,True,False
data/v2/processed/fontsense_v2/images/train/serif/Noto_Serif_Hebrew/Noto_Serif_Hebrew_0039.png,data/v2/processed/fontsense_v2/images/train/serif/Noto_Serif_Ahom/Noto_Serif_Ahom_0040.png,4,False,True,False
data/v2/processed/fontsense_v2/images/train/serif/Noto_Serif_Hebrew/Noto_Serif_Hebrew_0040.png,data/v2/processed/fontsense_v2/images/train/serif/Wellfleet/Wellfleet_0043.png,4,False,True,False
data/v2/processed/fontsense_v2/images/train/serif/Noto_Serif_Hebrew/Noto_Serif_Hebrew_0040.png,data/v2/processed/fontsense_v2/images/train/serif/Noto_Serif_KR/Noto_Serif_KR_0075.png,4,False,True,False
data/v2/processed/fontsense_v2/images/train/serif/Noto_Serif_Hebrew/Noto_Serif_Hebrew_0040.png,data/v2/processed/fontsense_v2/images/train/serif/Rokkitt/Rokkitt_0035.png,4,False,True,False
data/v2/processed/fontsense_v2/images/train/serif/Noto_Serif_Hebrew/Noto_Serif_Hebrew_0040.png,data/v2/processed/fontsense_v2/images/train/serif/Noto_Serif_Ahom/Noto_Serif_Ahom_0072.png,4,False,True,False
data/v2/processed/fontsense_v2/images/train/serif/Noto_Serif_Hebrew/Noto_Serif_Hebrew_0041.png,data/v2/processed/fontsense_v2/images/train/serif/Domine/Domine_0000.png,4,False,True,False
data/v2/processed/fontsense_v2/images/train/serif/Noto_Serif_Hebrew/Noto_Serif_Hebrew_0041.png,data/v2/processed/fontsense_v2/images/train/serif/Quattrocento/Quattrocento_0009.png,4,False,True,False
data/v2/processed/fontsense_v2/images/train/serif/Noto_Serif_Hebrew/Noto_Serif_Hebrew_0041.png,data/v2/processed/fontsense_v2/images/train/serif/Quattrocento/Quattrocento_0018.png,4,False,True,False
data/v2/processed/fontsense_v2/images/train/serif/Noto_Serif_Hebrew/Noto_Serif_Hebrew_0041.png,data/v2/processed/fontsense_v2/images/train/serif/IM_Fell_Great_Primer/IM_Fell_Great_Primer_0031.png,4,False,True,False
data/v2/processed/fontsense_v2/images/train/serif/Noto_Serif_Hebrew/Noto_Serif_Hebrew_0042.png,data/v2/processed/fontsense_v2/images/train/serif/Noto_Serif_KR/Noto_Serif_KR_0038.png,4,False,True,False
data/v2/processed/fontsense_v2/images/train/serif/Noto_Serif_Hebrew/Noto_Serif_Hebrew_0042.png,data/v2/processed/fontsense_v2/images/train/serif/BatangChe/BatangChe_0016.png,4,False,True,False
data/v2/processed/fontsense_v2/images/train/serif/Noto_Serif_Hebrew/Noto_Serif_Hebrew_0043.png,data/v2/processed/fontsense_v2/images/train/serif/Rokkitt/Rokkitt_0046.png,4,False,True,False
data/v2/processed/fontsense_v2/images/train/serif/Noto_Serif_Hebrew/Noto_Serif_Hebrew_0043.png,data/v2/processed/fontsense_v2/images/train/serif/IM_Fell_Great_Primer/IM_Fell_Great_Primer_0010.png,4,False,True,False
data/v2/processed/fontsense_v2/images/train/serif/Noto_Serif_Hebrew/Noto_Serif_Hebrew_0043.png,data/v2/processed/fontsense_v2/images/train/serif/IM_Fell_Great_Primer/IM_Fell_Great_Primer_0066.png,4,False,True,False
data/v2/processed/fontsense_v2/images/train/serif/Noto_Serif_Hebrew/Noto_Serif_Hebrew_0046.png,data/v2/processed/fontsense_v2/images/train/serif/Wellfleet/Wellfleet_0030.png,4,False,True,False
data/v2/processed/fontsense_v2/images/train/serif/Noto_Serif_Hebrew/Noto_Serif_Hebrew_0046.png,data/v2/processed/fontsense_v2/images/train/serif/Sanchez/Sanchez_0042.png,4,False,True,False
data/v2/processed/fontsense_v2/images/train/serif/Noto_Serif_Hebrew/Noto_Serif_Hebrew_0049.png,data/v2/processed/fontsense_v2/images/train/serif/Libre_Caslon_Text/Libre_Caslon_Text_0069.png,4,False,True,False
data/v2/processed/fontsense_v2/images/train/serif/Noto_Serif_Hebrew/Noto_Serif_Hebrew_0050.png,data/v2/processed/fontsense_v2/images/train/serif/Wellfleet/Wellfleet_0021.png,4,False,True,False
data/v2/processed/fontsense_v2/images/train/serif/Noto_Serif_Hebrew/Noto_Serif_Hebrew_0051.png,data/v2/processed/fontsense_v2/images/train/serif/Domine/Domine_0063.png,4,False,True,False
data/v2/processed/fontsense_v2/images/train/serif/Noto_Serif_Hebrew/Noto_Serif_Hebrew_0051.png,data/v2/processed/fontsense_v2/images/train/serif/Rokkitt/Rokkitt_0081.png,4,False,True,False
data/v2/processed/fontsense_v2/images/train/serif/Noto_Serif_Hebrew/Noto_Serif_Hebrew_0051.png,data/v2/processed/fontsense_v2/images/train/serif/Quattrocento/Quattrocento_0013.png,4,False,True,False
data/v2/processed/fontsense_v2/images/train/serif/Noto_Serif_Hebrew/Noto_Serif_Hebrew_0052.png,data/v2/processed/fontsense_v2/images/train/serif/Noto_Serif_Hebrew/Noto_Serif_Hebrew_0053.png,4,True,True,False
data/v2/processed/fontsense_v2/images/train/serif/Noto_Serif_Hebrew/Noto_Serif_Hebrew_0052.png,data/v2/processed/fontsense_v2/images/train/serif/Noto_Serif_Hebrew/Noto_Serif_Hebrew_0076.png,4,True,True,False
data/v2/processed/fontsense_v2/images/train/serif/Noto_Serif_Hebrew/Noto_Serif_Hebrew_0052.png,data/v2/processed/fontsense_v2/images/train/serif/Wellfleet/Wellfleet_0070.png,4,False,True,False
data/v2/processed/fontsense_v2/images/train/serif/Noto_Serif_Hebrew/Noto_Serif_Hebrew_0052.png,data/v2/processed/fontsense_v2/images/train/serif/BatangChe/BatangChe_0023.png,4,False,True,False
data/v2/processed/fontsense_v2/images/train/serif/Noto_Serif_Hebrew/Noto_Serif_Hebrew_0052.png,data/v2/processed/fontsense_v2/images/train/serif/Rokkitt/Rokkitt_0066.png,4,False,True,False
data/v2/processed/fontsense_v2/images/train/serif/Noto_Serif_Hebrew/Noto_Serif_Hebrew_0052.png,data/v2/processed/fontsense_v2/images/train/serif/Noto_Serif_Ahom/Noto_Serif_Ahom_0006.png,4,False,True,False
data/v2/processed/fontsense_v2/images/train/serif/Noto_Serif_Hebrew/Noto_Serif_Hebrew_0053.png,data/v2/processed/fontsense_v2/images/train/serif/Noto_Serif_Hebrew/Noto_Serif_Hebrew_0060.png,4,True,True,False
data/v2/processed/fontsense_v2/images/train/serif/Noto_Serif_Hebrew/Noto_Serif_Hebrew_0053.png,data/v2/processed/fontsense_v2/images/train/serif/Noto_Serif_Hebrew/Noto_Serif_Hebrew_0076.png,4,True,True,False
data/v2/processed/fontsense_v2/images/train/serif/Noto_Serif_Hebrew/Noto_Serif_Hebrew_0053.png,data/v2/processed/fontsense_v2/images/train/serif/Noto_Serif_Hebrew/Noto_Serif_Hebrew_0077.png,4,True,True,False
data/v2/processed/fontsense_v2/images/train/serif/Noto_Serif_Hebrew/Noto_Serif_Hebrew_0053.png,data/v2/processed/fontsense_v2/images/train/serif/Noto_Serif_Hebrew/Noto_Serif_Hebrew_0095.png,4,True,True,False
data/v2/processed/fontsense_v2/images/train/serif/Noto_Serif_Hebrew/Noto_Serif_Hebrew_0053.png,data/v2/processed/fontsense_v2/images/train/serif/Wellfleet/Wellfleet_0070.png,4,False,True,False
data/v2/processed/fontsense_v2/images/train/serif/Noto_Serif_Hebrew/Noto_Serif_Hebrew_0053.png,data/v2/processed/fontsense_v2/images/train/serif/Wellfleet/Wellfleet_0082.png,4,False,True,False
data/v2/processed/fontsense_v2/images/train/serif/Noto_Serif_Hebrew/Noto_Serif_Hebrew_0053.png,data/v2/processed/fontsense_v2/images/train/serif/Domine/Domine_0060.png,4,False,True,False
data/v2/processed/fontsense_v2/images/train/serif/Noto_Serif_Hebrew/Noto_Serif_Hebrew_0053.png,data/v2/processed/fontsense_v2/images/train/serif/Rokkitt/Rokkitt_0066.png,4,False,True,False
data/v2/processed/fontsense_v2/images/train/serif/Noto_Serif_Hebrew/Noto_Serif_Hebrew_0053.png,data/v2/processed/fontsense_v2/images/train/serif/Rokkitt/Rokkitt_0092.png,4,False,True,False
data/v2/processed/fontsense_v2/images/train/serif/Noto_Serif_Hebrew/Noto_Serif_Hebrew_0053.png,data/v2/processed/fontsense_v2/images/train/serif/Quattrocento/Quattrocento_0030.png,4,False,True,False
data/v2/processed/fontsense_v2/images/train/serif/Noto_Serif_Hebrew/Noto_Serif_Hebrew_0053.png,data/v2/processed/fontsense_v2/images/train/serif/IM_Fell_Great_Primer/IM_Fell_Great_Primer_0076.png,4,False,True,False
data/v2/processed/fontsense_v2/images/train/serif/Noto_Serif_Hebrew/Noto_Serif_Hebrew_0053.png,data/v2/processed/fontsense_v2/images/train/serif/Noto_Serif_Ahom/Noto_Serif_Ahom_0060.png,4,False,True,False
data/v2/processed/fontsense_v2/images/train/serif/Noto_Serif_Hebrew/Noto_Serif_Hebrew_0053.png,data/v2/processed/fontsense_v2/images/train/serif/Noto_Serif_Ahom/Noto_Serif_Ahom_0061.png,4,False,True,False
data/v2/processed/fontsense_v2/images/train/serif/Noto_Serif_Hebrew/Noto_Serif_Hebrew_0054.png,data/v2/processed/fontsense_v2/images/train/serif/Noto_Serif_Hebrew/Noto_Serif_Hebrew_0071.png,4,True,True,False
data/v2/processed/fontsense_v2/images/train/serif/Noto_Serif_Hebrew/Noto_Serif_Hebrew_0055.png,data/v2/processed/fontsense_v2/images/train/serif/Noto_Serif_Hebrew/Noto_Serif_Hebrew_0090.png,4,True,True,False
data/v2/processed/fontsense_v2/images/train/serif/Noto_Serif_Hebrew/Noto_Serif_Hebrew_0055.png,data/v2/processed/fontsense_v2/images/train/serif/Yuji_Syuku/Yuji_Syuku_0017.png,4,False,True,False
data/v2/processed/fontsense_v2/images/train/serif/Noto_Serif_Hebrew/Noto_Serif_Hebrew_0055.png,data/v2/processed/fontsense_v2/images/train/serif/BatangChe/BatangChe_0069.png,4,False,True,False
data/v2/processed/fontsense_v2/images/train/serif/Noto_Serif_Hebrew/Noto_Serif_Hebrew_0055.png,data/v2/processed/fontsense_v2/images/train/serif/BatangChe/BatangChe_0093.png,4,False,True,False
data/v2/processed/fontsense_v2/images/train/serif/Noto_Serif_Hebrew/Noto_Serif_Hebrew_0057.png,data/v2/processed/fontsense_v2/images/train/serif/Noto_Serif_Hebrew/Noto_Serif_Hebrew_0061.png,4,True,True,False
data/v2/processed/fontsense_v2/images/train/serif/Noto_Serif_Hebrew/Noto_Serif_Hebrew_0057.png,data/v2/processed/fontsense_v2/images/train/serif/Domine/Domine_0018.png,4,False,True,False
data/v2/processed/fontsense_v2/images/train/serif/Noto_Serif_Hebrew/Noto_Serif_Hebrew_0057.png,data/v2/processed/fontsense_v2/images/train/serif/Rokkitt/Rokkitt_0058.png,4,False,True,False
data/v2/processed/fontsense_v2/images/train/serif/Noto_Serif_Hebrew/Noto_Serif_Hebrew_0058.png,data/v2/processed/fontsense_v2/images/train/serif/Wellfleet/Wellfleet_0035.png,4,False,True,False
data/v2/processed/fontsense_v2/images/train/serif/Noto_Serif_Hebrew/Noto_Serif_Hebrew_0058.png,data/v2/processed/fontsense_v2/images/train/serif/Wellfleet/Wellfleet_0067.png,4,False,True,False
data/v2/processed/fontsense_v2/images/train/serif/Noto_Serif_Hebrew/Noto_Serif_Hebrew_0058.png,data/v2/processed/fontsense_v2/images/train/serif/Yuji_Syuku/Yuji_Syuku_0026.png,4,False,True,False
data/v2/processed/fontsense_v2/images/train/serif/Noto_Serif_Hebrew/Noto_Serif_Hebrew_0058.png,data/v2/processed/fontsense_v2/images/train/serif/Sanchez/Sanchez_0081.png,4,False,True,False
data/v2/processed/fontsense_v2/images/train/serif/Noto_Serif_Hebrew/Noto_Serif_Hebrew_0058.png,data/v2/processed/fontsense_v2/images/train/serif/IM_Fell_Great_Primer/IM_Fell_Great_Primer_0099.png,4,False,True,False
data/v2/processed/fontsense_v2/images/train/serif/Noto_Serif_Hebrew/Noto_Serif_Hebrew_0059.png,data/v2/processed/fontsense_v2/images/train/serif/Libre_Caslon_Text/Libre_Caslon_Text_0024.png,4,False,True,False
data/v2/processed/fontsense_v2/images/train/serif/Noto_Serif_Hebrew/Noto_Serif_Hebrew_0059.png,data/v2/processed/fontsense_v2/images/train/serif/Libre_Caslon_Text/Libre_Caslon_Text_0084.png,4,False,True,False
data/v2/processed/fontsense_v2/images/train/serif/Noto_Serif_Hebrew/Noto_Serif_Hebrew_0060.png,data/v2/processed/fontsense_v2/images/train/serif/Noto_Serif_Hebrew/Noto_Serif_Hebrew_0095.png,4,True,True,False
data/v2/processed/fontsense_v2/images/train/serif/Noto_Serif_Hebrew/Noto_Serif_Hebrew_0060.png,data/v2/processed/fontsense_v2/images/train/serif/Noto_Serif_KR/Noto_Serif_KR_0007.png,4,False,True,False
data/v2/processed/fontsense_v2/images/train/serif/Noto_Serif_Hebrew/Noto_Serif_Hebrew_0060.png,data/v2/processed/fontsense_v2/images/train/serif/Domine/Domine_0060.png,4,False,True,False
data/v2/processed/fontsense_v2/images/train/serif/Noto_Serif_Hebrew/Noto_Serif_Hebrew_0060.png,data/v2/processed/fontsense_v2/images/train/serif/Yuji_Syuku/Yuji_Syuku_0045.png,4,False,True,False
data/v2/processed/fontsense_v2/images/train/serif/Noto_Serif_Hebrew/Noto_Serif_Hebrew_0060.png,data/v2/processed/fontsense_v2/images/train/serif/Noto_Serif_Ahom/Noto_Serif_Ahom_0035.png,4,False,True,False
data/v2/processed/fontsense_v2/images/train/serif/Noto_Serif_Hebrew/Noto_Serif_Hebrew_0061.png,data/v2/processed/fontsense_v2/images/train/serif/Wellfleet/Wellfleet_0004.png,4,False,True,False
data/v2/processed/fontsense_v2/images/train/serif/Noto_Serif_Hebrew/Noto_Serif_Hebrew_0061.png,data/v2/processed/fontsense_v2/images/train/serif/Noto_Serif_KR/Noto_Serif_KR_0034.png,4,False,True,False
data/v2/processed/fontsense_v2/images/train/serif/Noto_Serif_Hebrew/Noto_Serif_Hebrew_0061.png,data/v2/processed/fontsense_v2/images/train/serif/Rokkitt/Rokkitt_0058.png,4,False,True,False
data/v2/processed/fontsense_v2/images/train/serif/Noto_Serif_Hebrew/Noto_Serif_Hebrew_0064.png,data/v2/processed/fontsense_v2/images/train/serif/Wellfleet/Wellfleet_0032.png,4,False,True,False
data/v2/processed/fontsense_v2/images/train/serif/Noto_Serif_Hebrew/Noto_Serif_Hebrew_0065.png,data/v2/processed/fontsense_v2/images/train/serif/Wellfleet/Wellfleet_0002.png,4,False,True,False
data/v2/processed/fontsense_v2/images/train/serif/Noto_Serif_Hebrew/Noto_Serif_Hebrew_0065.png,data/v2/processed/fontsense_v2/images/train/serif/Wellfleet/Wellfleet_0015.png,4,False,True,False
data/v2/processed/fontsense_v2/images/train/serif/Noto_Serif_Hebrew/Noto_Serif_Hebrew_0065.png,data/v2/processed/fontsense_v2/images/train/serif/Wellfleet/Wellfleet_0084.png,4,False,True,False
data/v2/processed/fontsense_v2/images/train/serif/Noto_Serif_Hebrew/Noto_Serif_Hebrew_0065.png,data/v2/processed/fontsense_v2/images/train/serif/Wellfleet/Wellfleet_0085.png,4,False,True,False
data/v2/processed/fontsense_v2/images/train/serif/Noto_Serif_Hebrew/Noto_Serif_Hebrew_0065.png,data/v2/processed/fontsense_v2/images/train/serif/Noto_Serif_KR/Noto_Serif_KR_0078.png,4,False,True,False
data/v2/processed/fontsense_v2/images/train/serif/Noto_Serif_Hebrew/Noto_Serif_Hebrew_0065.png,data/v2/processed/fontsense_v2/images/train/serif/Noto_Serif_KR/Noto_Serif_KR_0098.png,4,False,True,False
data/v2/processed/fontsense_v2/images/train/serif/Noto_Serif_Hebrew/Noto_Serif_Hebrew_0065.png,data/v2/processed/fontsense_v2/images/train/serif/Domine/Domine_0044.png,4,False,True,False
data/v2/processed/fontsense_v2/images/train/serif/Noto_Serif_Hebrew/Noto_Serif_Hebrew_0065.png,data/v2/processed/fontsense_v2/images/train/serif/BatangChe/BatangChe_0067.png,4,False,True,False
data/v2/processed/fontsense_v2/images/train/serif/Noto_Serif_Hebrew/Noto_Serif_Hebrew_0065.png,data/v2/processed/fontsense_v2/images/train/serif/Rokkitt/Rokkitt_0000.png,4,False,True,False
data/v2/processed/fontsense_v2/images/train/serif/Noto_Serif_Hebrew/Noto_Serif_Hebrew_0065.png,data/v2/processed/fontsense_v2/images/train/serif/Quattrocento/Quattrocento_0015.png,4,False,True,False
data/v2/processed/fontsense_v2/images/train/serif/Noto_Serif_Hebrew/Noto_Serif_Hebrew_0065.png,data/v2/processed/fontsense_v2/images/train/serif/Quattrocento/Quattrocento_0061.png,4,False,True,False
data/v2/processed/fontsense_v2/images/train/serif/Noto_Serif_Hebrew/Noto_Serif_Hebrew_0065.png,data/v2/processed/fontsense_v2/images/train/serif/Noto_Serif_Ahom/Noto_Serif_Ahom_0014.png,4,False,True,False
data/v2/processed/fontsense_v2/images/train/serif/Noto_Serif_Hebrew/Noto_Serif_Hebrew_0065.png,data/v2/processed/fontsense_v2/images/train/serif/Noto_Serif_Ahom/Noto_Serif_Ahom_0046.png,4,False,True,False
data/v2/processed/fontsense_v2/images/train/serif/Noto_Serif_Hebrew/Noto_Serif_Hebrew_0066.png,data/v2/processed/fontsense_v2/images/train/serif/Wellfleet/Wellfleet_0005.png,4,False,True,False
data/v2/processed/fontsense_v2/images/train/serif/Noto_Serif_Hebrew/Noto_Serif_Hebrew_0067.png,data/v2/processed/fontsense_v2/images/train/serif/Wellfleet/Wellfleet_0043.png,4,False,True,False
data/v2/processed/fontsense_v2/images/train/serif/Noto_Serif_Hebrew/Noto_Serif_Hebrew_0067.png,data/v2/processed/fontsense_v2/images/train/serif/Rokkitt/Rokkitt_0035.png,4,False,True,False
data/v2/processed/fontsense_v2/images/train/serif/Noto_Serif_Hebrew/Noto_Serif_Hebrew_0067.png,data/v2/processed/fontsense_v2/images/train/serif/Sanchez/Sanchez_0051.png,4,False,True,False
data/v2/processed/fontsense_v2/images/train/serif/Noto_Serif_Hebrew/Noto_Serif_Hebrew_0067.png,data/v2/processed/fontsense_v2/images/train/serif/Noto_Serif_Ahom/Noto_Serif_Ahom_0003.png,4,False,True,False
data/v2/processed/fontsense_v2/images/train/serif/Noto_Serif_Hebrew/Noto_Serif_Hebrew_0067.png,data/v2/processed/fontsense_v2/images/train/serif/Noto_Serif_Ahom/Noto_Serif_Ahom_0072.png,4,False,True,False
data/v2/processed/fontsense_v2/images/train/serif/Noto_Serif_Hebrew/Noto_Serif_Hebrew_0069.png,data/v2/processed/fontsense_v2/images/train/serif/Wellfleet/Wellfleet_0095.png,4,False,True,False
data/v2/processed/fontsense_v2/images/train/serif/Noto_Serif_Hebrew/Noto_Serif_Hebrew_0069.png,data/v2/processed/fontsense_v2/images/train/serif/Noto_Serif_Ahom/Noto_Serif_Ahom_0027.png,4,False,True,False
data/v2/processed/fontsense_v2/images/train/serif/Noto_Serif_Hebrew/Noto_Serif_Hebrew_0070.png,data/v2/processed/fontsense_v2/images/train/serif/Noto_Serif_KR/Noto_Serif_KR_0049.png,4,False,True,False
data/v2/processed/fontsense_v2/images/train/serif/Noto_Serif_Hebrew/Noto_Serif_Hebrew_0070.png,data/v2/processed/fontsense_v2/images/train/serif/Noto_Serif_Ahom/Noto_Serif_Ahom_0000.png,4,False,True,False
data/v2/processed/fontsense_v2/images/train/serif/Noto_Serif_Hebrew/Noto_Serif_Hebrew_0071.png,data/v2/processed/fontsense_v2/images/train/serif/Wellfleet/Wellfleet_0006.png,4,False,True,False
data/v2/processed/fontsense_v2/images/train/serif/Noto_Serif_Hebrew/Noto_Serif_Hebrew_0071.png,data/v2/processed/fontsense_v2/images/train/serif/Wellfleet/Wellfleet_0020.png,4,False,True,False
data/v2/processed/fontsense_v2/images/train/serif/Noto_Serif_Hebrew/Noto_Serif_Hebrew_0071.png,data/v2/processed/fontsense_v2/images/train/serif/Noto_Serif_KR/Noto_Serif_KR_0003.png,4,False,True,False
data/v2/processed/fontsense_v2/images/train/serif/Noto_Serif_Hebrew/Noto_Serif_Hebrew_0071.png,data/v2/processed/fontsense_v2/images/train/serif/Noto_Serif_KR/Noto_Serif_KR_0036.png,4,False,True,False
data/v2/processed/fontsense_v2/images/train/serif/Noto_Serif_Hebrew/Noto_Serif_Hebrew_0071.png,data/v2/processed/fontsense_v2/images/train/serif/Domine/Domine_0053.png,4,False,True,False
data/v2/processed/fontsense_v2/images/train/serif/Noto_Serif_Hebrew/Noto_Serif_Hebrew_0071.png,data/v2/processed/fontsense_v2/images/train/serif/Domine/Domine_0065.png,4,False,True,False
data/v2/processed/fontsense_v2/images/train/serif/Noto_Serif_Hebrew/Noto_Serif_Hebrew_0071.png,data/v2/processed/fontsense_v2/images/train/serif/BatangChe/BatangChe_0028.png,4,False,True,False
data/v2/processed/fontsense_v2/images/train/serif/Noto_Serif_Hebrew/Noto_Serif_Hebrew_0071.png,data/v2/processed/fontsense_v2/images/train/serif/BatangChe/BatangChe_0075.png,4,False,True,False
data/v2/processed/fontsense_v2/images/train/serif/Noto_Serif_Hebrew/Noto_Serif_Hebrew_0071.png,data/v2/processed/fontsense_v2/images/train/serif/Libre_Caslon_Text/Libre_Caslon_Text_0017.png,4,False,True,False
data/v2/processed/fontsense_v2/images/train/serif/Noto_Serif_Hebrew/Noto_Serif_Hebrew_0071.png,data/v2/processed/fontsense_v2/images/train/serif/Libre_Caslon_Text/Libre_Caslon_Text_0029.png,4,False,True,False
data/v2/processed/fontsense_v2/images/train/serif/Noto_Serif_Hebrew/Noto_Serif_Hebrew_0071.png,data/v2/processed/fontsense_v2/images/train/serif/Libre_Caslon_Text/Libre_Caslon_Text_0048.png,4,False,True,False
data/v2/processed/fontsense_v2/images/train/serif/Noto_Serif_Hebrew/Noto_Serif_Hebrew_0071.png,data/v2/processed/fontsense_v2/images/train/serif/Sanchez/Sanchez_0005.png,4,False,True,False
data/v2/processed/fontsense_v2/images/train/serif/Noto_Serif_Hebrew/Noto_Serif_Hebrew_0072.png,data/v2/processed/fontsense_v2/images/train/serif/Wellfleet/Wellfleet_0036.png,4,False,True,False
data/v2/processed/fontsense_v2/images/train/serif/Noto_Serif_Hebrew/Noto_Serif_Hebrew_0072.png,data/v2/processed/fontsense_v2/images/train/serif/Wellfleet/Wellfleet_0085.png,4,False,True,False
data/v2/processed/fontsense_v2/images/train/serif/Noto_Serif_Hebrew/Noto_Serif_Hebrew_0072.png,data/v2/processed/fontsense_v2/images/train/serif/Rokkitt/Rokkitt_0029.png,4,False,True,False
data/v2/processed/fontsense_v2/images/train/serif/Noto_Serif_Hebrew/Noto_Serif_Hebrew_0072.png,data/v2/processed/fontsense_v2/images/train/serif/Quattrocento/Quattrocento_0018.png,4,False,True,False
data/v2/processed/fontsense_v2/images/train/serif/Noto_Serif_Hebrew/Noto_Serif_Hebrew_0072.png,data/v2/processed/fontsense_v2/images/train/serif/Sanchez/Sanchez_0080.png,4,False,True,False
data/v2/processed/fontsense_v2/images/train/serif/Noto_Serif_Hebrew/Noto_Serif_Hebrew_0072.png,data/v2/processed/fontsense_v2/images/train/serif/IM_Fell_Great_Primer/IM_Fell_Great_Primer_0008.png,4,False,True,False
data/v2/processed/fontsense_v2/images/train/serif/Noto_Serif_Hebrew/Noto_Serif_Hebrew_0072.png,data/v2/processed/fontsense_v2/images/train/serif/IM_Fell_Great_Primer/IM_Fell_Great_Primer_0041.png,4,False,True,False
data/v2/processed/fontsense_v2/images/train/serif/Noto_Serif_Hebrew/Noto_Serif_Hebrew_0072.png,data/v2/processed/fontsense_v2/images/train/serif/IM_Fell_Great_Primer/IM_Fell_Great_Primer_0060.png,4,False,True,False
data/v2/processed/fontsense_v2/images/train/serif/Noto_Serif_Hebrew/Noto_Serif_Hebrew_0073.png,data/v2/processed/fontsense_v2/images/train/serif/Noto_Serif_Hebrew/Noto_Serif_Hebrew_0094.png,4,True,True,False
data/v2/processed/fontsense_v2/images/train/serif/Noto_Serif_Hebrew/Noto_Serif_Hebrew_0073.png,data/v2/processed/fontsense_v2/images/train/serif/Wellfleet/Wellfleet_0062.png,4,False,True,False
data/v2/processed/fontsense_v2/images/train/serif/Noto_Serif_Hebrew/Noto_Serif_Hebrew_0073.png,data/v2/processed/fontsense_v2/images/train/serif/Wellfleet/Wellfleet_0066.png,4,False,True,False
data/v2/processed/fontsense_v2/images/train/serif/Noto_Serif_Hebrew/Noto_Serif_Hebrew_0073.png,data/v2/processed/fontsense_v2/images/train/serif/BatangChe/BatangChe_0048.png,4,False,True,False
data/v2/processed/fontsense_v2/images/train/serif/Noto_Serif_Hebrew/Noto_Serif_Hebrew_0073.png,data/v2/processed/fontsense_v2/images/train/serif/BatangChe/BatangChe_0075.png,4,False,True,False
data/v2/processed/fontsense_v2/images/train/serif/Noto_Serif_Hebrew/Noto_Serif_Hebrew_0073.png,data/v2/processed/fontsense_v2/images/train/serif/Libre_Caslon_Text/Libre_Caslon_Text_0040.png,4,False,True,False
data/v2/processed/fontsense_v2/images/train/serif/Noto_Serif_Hebrew/Noto_Serif_Hebrew_0073.png,data/v2/processed/fontsense_v2/images/train/serif/Quattrocento/Quattrocento_0089.png,4,False,True,False
data/v2/processed/fontsense_v2/images/train/serif/Noto_Serif_Hebrew/Noto_Serif_Hebrew_0073.png,data/v2/processed/fontsense_v2/images/train/serif/Sanchez/Sanchez_0005.png,4,False,True,False
data/v2/processed/fontsense_v2/images/train/serif/Noto_Serif_Hebrew/Noto_Serif_Hebrew_0073.png,data/v2/processed/fontsense_v2/images/train/serif/Sanchez/Sanchez_0023.png,4,False,True,False
data/v2/processed/fontsense_v2/images/train/serif/Noto_Serif_Hebrew/Noto_Serif_Hebrew_0073.png,data/v2/processed/fontsense_v2/images/train/serif/Sanchez/Sanchez_0042.png,4,False,True,False
data/v2/processed/fontsense_v2/images/train/serif/Noto_Serif_Hebrew/Noto_Serif_Hebrew_0073.png,data/v2/processed/fontsense_v2/images/train/serif/Sanchez/Sanchez_0053.png,4,False,True,False
data/v2/processed/fontsense_v2/images/train/serif/Noto_Serif_Hebrew/Noto_Serif_Hebrew_0073.png,data/v2/processed/fontsense_v2/images/train/serif/Sanchez/Sanchez_0079.png,4,False,True,False
data/v2/processed/fontsense_v2/images/train/serif/Noto_Serif_Hebrew/Noto_Serif_Hebrew_0073.png,data/v2/processed/fontsense_v2/images/train/serif/IM_Fell_Great_Primer/IM_Fell_Great_Primer_0012.png,4,False,True,False
data/v2/processed/fontsense_v2/images/train/serif/Noto_Serif_Hebrew/Noto_Serif_Hebrew_0073.png,data/v2/processed/fontsense_v2/images/train/serif/IM_Fell_Great_Primer/IM_Fell_Great_Primer_0016.png,4,False,True,False
data/v2/processed/fontsense_v2/images/train/serif/Noto_Serif_Hebrew/Noto_Serif_Hebrew_0073.png,data/v2/processed/fontsense_v2/images/train/serif/IM_Fell_Great_Primer/IM_Fell_Great_Primer_0079.png,4,False,True,False
data/v2/processed/fontsense_v2/images/train/serif/Noto_Serif_Hebrew/Noto_Serif_Hebrew_0074.png,data/v2/processed/fontsense_v2/images/train/serif/Noto_Serif_KR/Noto_Serif_KR_0051.png,4,False,True,False
data/v2/processed/fontsense_v2/images/train/serif/Noto_Serif_Hebrew/Noto_Serif_Hebrew_0075.png,data/v2/processed/fontsense_v2/images/train/serif/Wellfleet/Wellfleet_0045.png,4,False,True,False
data/v2/processed/fontsense_v2/images/train/serif/Noto_Serif_Hebrew/Noto_Serif_Hebrew_0075.png,data/v2/processed/fontsense_v2/images/train/serif/Noto_Serif_KR/Noto_Serif_KR_0095.png,4,False,True,False
data/v2/processed/fontsense_v2/images/train/serif/Noto_Serif_Hebrew/Noto_Serif_Hebrew_0075.png,data/v2/processed/fontsense_v2/images/train/serif/Domine/Domine_0019.png,4,False,True,False
data/v2/processed/fontsense_v2/images/train/serif/Noto_Serif_Hebrew/Noto_Serif_Hebrew_0075.png,data/v2/processed/fontsense_v2/images/train/serif/Yuji_Syuku/Yuji_Syuku_0001.png,4,False,True,False
data/v2/processed/fontsense_v2/images/train/serif/Noto_Serif_Hebrew/Noto_Serif_Hebrew_0075.png,data/v2/processed/fontsense_v2/images/train/serif/BatangChe/BatangChe_0089.png,4,False,True,False
data/v2/processed/fontsense_v2/images/train/serif/Noto_Serif_Hebrew/Noto_Serif_Hebrew_0075.png,data/v2/processed/fontsense_v2/images/train/serif/Libre_Caslon_Text/Libre_Caslon_Text_0009.png,4,False,True,False
data/v2/processed/fontsense_v2/images/train/serif/Noto_Serif_Hebrew/Noto_Serif_Hebrew_0075.png,data/v2/processed/fontsense_v2/images/train/serif/Libre_Caslon_Text/Libre_Caslon_Text_0030.png,4,False,True,False
data/v2/processed/fontsense_v2/images/train/serif/Noto_Serif_Hebrew/Noto_Serif_Hebrew_0075.png,data/v2/processed/fontsense_v2/images/train/serif/Libre_Caslon_Text/Libre_Caslon_Text_0051.png,4,False,True,False
data/v2/processed/fontsense_v2/images/train/serif/Noto_Serif_Hebrew/Noto_Serif_Hebrew_0075.png,data/v2/processed/fontsense_v2/images/train/serif/Rokkitt/Rokkitt_0015.png,4,False,True,False
data/v2/processed/fontsense_v2/images/train/serif/Noto_Serif_Hebrew/Noto_Serif_Hebrew_0075.png,data/v2/processed/fontsense_v2/images/train/serif/Quattrocento/Quattrocento_0016.png,4,False,True,False
data/v2/processed/fontsense_v2/images/train/serif/Noto_Serif_Hebrew/Noto_Serif_Hebrew_0076.png,data/v2/processed/fontsense_v2/images/train/serif/Noto_Serif_Hebrew/Noto_Serif_Hebrew_0095.png,4,True,True,False
data/v2/processed/fontsense_v2/images/train/serif/Noto_Serif_Hebrew/Noto_Serif_Hebrew_0076.png,data/v2/processed/fontsense_v2/images/train/serif/Libre_Caslon_Text/Libre_Caslon_Text_0022.png,4,False,True,False
data/v2/processed/fontsense_v2/images/train/serif/Noto_Serif_Hebrew/Noto_Serif_Hebrew_0076.png,data/v2/processed/fontsense_v2/images/train/serif/Quattrocento/Quattrocento_0032.png,4,False,True,False
data/v2/processed/fontsense_v2/images/train/serif/Noto_Serif_Hebrew/Noto_Serif_Hebrew_0076.png,data/v2/processed/fontsense_v2/images/train/serif/IM_Fell_Great_Primer/IM_Fell_Great_Primer_0012.png,4,False,True,False
data/v2/processed/fontsense_v2/images/train/serif/Noto_Serif_Hebrew/Noto_Serif_Hebrew_0076.png,data/v2/processed/fontsense_v2/images/train/serif/IM_Fell_Great_Primer/IM_Fell_Great_Primer_0079.png,4,False,True,False
data/v2/processed/fontsense_v2/images/train/serif/Noto_Serif_Hebrew/Noto_Serif_Hebrew_0076.png,data/v2/processed/fontsense_v2/images/train/serif/Noto_Serif_Ahom/Noto_Serif_Ahom_0006.png,4,False,True,False
data/v2/processed/fontsense_v2/images/train/serif/Noto_Serif_Hebrew/Noto_Serif_Hebrew_0077.png,data/v2/processed/fontsense_v2/images/train/serif/IM_Fell_Great_Primer/IM_Fell_Great_Primer_0098.png,4,False,True,False
data/v2/processed/fontsense_v2/images/train/serif/Noto_Serif_Hebrew/Noto_Serif_Hebrew_0077.png,data/v2/processed/fontsense_v2/images/train/serif/Noto_Serif_Ahom/Noto_Serif_Ahom_0029.png,4,False,True,False
data/v2/processed/fontsense_v2/images/train/serif/Noto_Serif_Hebrew/Noto_Serif_Hebrew_0079.png,data/v2/processed/fontsense_v2/images/train/serif/Wellfleet/Wellfleet_0093.png,4,False,True,False
data/v2/processed/fontsense_v2/images/train/serif/Noto_Serif_Hebrew/Noto_Serif_Hebrew_0079.png,data/v2/processed/fontsense_v2/images/train/serif/Noto_Serif_KR/Noto_Serif_KR_0082.png,4,False,True,False
data/v2/processed/fontsense_v2/images/train/serif/Noto_Serif_Hebrew/Noto_Serif_Hebrew_0079.png,data/v2/processed/fontsense_v2/images/train/serif/Quattrocento/Quattrocento_0097.png,4,False,True,False
data/v2/processed/fontsense_v2/images/train/serif/Noto_Serif_Hebrew/Noto_Serif_Hebrew_0079.png,data/v2/processed/fontsense_v2/images/train/serif/Sanchez/Sanchez_0054.png,4,False,True,False
data/v2/processed/fontsense_v2/images/train/serif/Noto_Serif_Hebrew/Noto_Serif_Hebrew_0079.png,data/v2/processed/fontsense_v2/images/train/serif/Sanchez/Sanchez_0088.png,4,False,True,False
data/v2/processed/fontsense_v2/images/train/serif/Noto_Serif_Hebrew/Noto_Serif_Hebrew_0080.png,data/v2/processed/fontsense_v2/images/train/serif/Noto_Serif_Hebrew/Noto_Serif_Hebrew_0097.png,4,True,True,False
data/v2/processed/fontsense_v2/images/train/serif/Noto_Serif_Hebrew/Noto_Serif_Hebrew_0080.png,data/v2/processed/fontsense_v2/images/train/serif/Yuji_Syuku/Yuji_Syuku_0069.png,4,False,True,False
data/v2/processed/fontsense_v2/images/train/serif/Noto_Serif_Hebrew/Noto_Serif_Hebrew_0080.png,data/v2/processed/fontsense_v2/images/train/serif/Libre_Caslon_Text/Libre_Caslon_Text_0036.png,4,False,True,False
data/v2/processed/fontsense_v2/images/train/serif/Noto_Serif_Hebrew/Noto_Serif_Hebrew_0080.png,data/v2/processed/fontsense_v2/images/train/serif/Sanchez/Sanchez_0060.png,4,False,True,False
data/v2/processed/fontsense_v2/images/train/serif/Noto_Serif_Hebrew/Noto_Serif_Hebrew_0081.png,data/v2/processed/fontsense_v2/images/train/serif/Noto_Serif_KR/Noto_Serif_KR_0061.png,4,False,True,False
data/v2/processed/fontsense_v2/images/train/serif/Noto_Serif_Hebrew/Noto_Serif_Hebrew_0081.png,data/v2/processed/fontsense_v2/images/train/serif/BatangChe/BatangChe_0032.png,4,False,True,False
data/v2/processed/fontsense_v2/images/train/serif/Noto_Serif_Hebrew/Noto_Serif_Hebrew_0084.png,data/v2/processed/fontsense_v2/images/train/serif/Libre_Caslon_Text/Libre_Caslon_Text_0083.png,4,False,True,False
data/v2/processed/fontsense_v2/images/train/serif/Noto_Serif_Hebrew/Noto_Serif_Hebrew_0085.png,data/v2/processed/fontsense_v2/images/train/serif/Noto_Serif_KR/Noto_Serif_KR_0004.png,4,False,True,False
data/v2/processed/fontsense_v2/images/train/serif/Noto_Serif_Hebrew/Noto_Serif_Hebrew_0085.png,data/v2/processed/fontsense_v2/images/train/serif/Yuji_Syuku/Yuji_Syuku_0026.png,4,False,True,False
data/v2/processed/fontsense_v2/images/train/serif/Noto_Serif_Hebrew/Noto_Serif_Hebrew_0086.png,data/v2/processed/fontsense_v2/images/train/serif/IM_Fell_Great_Primer/IM_Fell_Great_Primer_0081.png,4,False,True,False
data/v2/processed/fontsense_v2/images/train/serif/Noto_Serif_Hebrew/Noto_Serif_Hebrew_0087.png,data/v2/processed/fontsense_v2/images/train/serif/IM_Fell_Great_Primer/IM_Fell_Great_Primer_0014.png,4,False,True,False
data/v2/processed/fontsense_v2/images/train/serif/Noto_Serif_Hebrew/Noto_Serif_Hebrew_0087.png,data/v2/processed/fontsense_v2/images/train/serif/IM_Fell_Great_Primer/IM_Fell_Great_Primer_0042.png,4,False,True,False
data/v2/processed/fontsense_v2/images/train/serif/Noto_Serif_Hebrew/Noto_Serif_Hebrew_0088.png,data/v2/processed/fontsense_v2/images/train/serif/Libre_Caslon_Text/Libre_Caslon_Text_0089.png,4,False,True,False
data/v2/processed/fontsense_v2/images/train/serif/Noto_Serif_Hebrew/Noto_Serif_Hebrew_0088.png,data/v2/processed/fontsense_v2/images/train/serif/Quattrocento/Quattrocento_0029.png,4,False,True,False
data/v2/processed/fontsense_v2/images/train/serif/Noto_Serif_Hebrew/Noto_Serif_Hebrew_0089.png,data/v2/processed/fontsense_v2/images/train/serif/Wellfleet/Wellfleet_0064.png,4,False,True,True
data/v2/processed/fontsense_v2/images/train/serif/Noto_Serif_Hebrew/Noto_Serif_Hebrew_0089.png,data/v2/processed/fontsense_v2/images/train/serif/Domine/Domine_0099.png,4,False,True,False
data/v2/processed/fontsense_v2/images/train/serif/Noto_Serif_Hebrew/Noto_Serif_Hebrew_0089.png,data/v2/processed/fontsense_v2/images/train/serif/Libre_Caslon_Text/Libre_Caslon_Text_0013.png,4,False,True,False
data/v2/processed/fontsense_v2/images/train/serif/Noto_Serif_Hebrew/Noto_Serif_Hebrew_0089.png,data/v2/processed/fontsense_v2/images/train/serif/Libre_Caslon_Text/Libre_Caslon_Text_0093.png,4,False,True,False
data/v2/processed/fontsense_v2/images/train/serif/Noto_Serif_Hebrew/Noto_Serif_Hebrew_0090.png,data/v2/processed/fontsense_v2/images/train/serif/Noto_Serif_KR/Noto_Serif_KR_0015.png,4,False,True,False
data/v2/processed/fontsense_v2/images/train/serif/Noto_Serif_Hebrew/Noto_Serif_Hebrew_0090.png,data/v2/processed/fontsense_v2/images/train/serif/Yuji_Syuku/Yuji_Syuku_0017.png,4,False,True,False
data/v2/processed/fontsense_v2/images/train/serif/Noto_Serif_Hebrew/Noto_Serif_Hebrew_0090.png,data/v2/processed/fontsense_v2/images/train/serif/Yuji_Syuku/Yuji_Syuku_0046.png,4,False,True,False
data/v2/processed/fontsense_v2/images/train/serif/Noto_Serif_Hebrew/Noto_Serif_Hebrew_0090.png,data/v2/processed/fontsense_v2/images/train/serif/Yuji_Syuku/Yuji_Syuku_0056.png,4,False,True,False
data/v2/processed/fontsense_v2/images/train/serif/Noto_Serif_Hebrew/Noto_Serif_Hebrew_0090.png,data/v2/processed/fontsense_v2/images/train/serif/Libre_Caslon_Text/Libre_Caslon_Text_0065.png,4,False,True,False
data/v2/processed/fontsense_v2/images/train/serif/Noto_Serif_Hebrew/Noto_Serif_Hebrew_0090.png,data/v2/processed/fontsense_v2/images/train/serif/Rokkitt/Rokkitt_0032.png,4,False,True,False
data/v2/processed/fontsense_v2/images/train/serif/Noto_Serif_Hebrew/Noto_Serif_Hebrew_0090.png,data/v2/processed/fontsense_v2/images/train/serif/IM_Fell_Great_Primer/IM_Fell_Great_Primer_0075.png,4,False,True,False
data/v2/processed/fontsense_v2/images/train/serif/Noto_Serif_Hebrew/Noto_Serif_Hebrew_0090.png,data/v2/processed/fontsense_v2/images/train/serif/IM_Fell_Great_Primer/IM_Fell_Great_Primer_0089.png,4,False,True,False
data/v2/processed/fontsense_v2/images/train/serif/Noto_Serif_Hebrew/Noto_Serif_Hebrew_0093.png,data/v2/processed/fontsense_v2/images/train/serif/Sanchez/Sanchez_0022.png,4,False,True,False
data/v2/processed/fontsense_v2/images/train/serif/Noto_Serif_Hebrew/Noto_Serif_Hebrew_0094.png,data/v2/processed/fontsense_v2/images/train/serif/Wellfleet/Wellfleet_0053.png,4,False,True,False
data/v2/processed/fontsense_v2/images/train/serif/Noto_Serif_Hebrew/Noto_Serif_Hebrew_0094.png,data/v2/processed/fontsense_v2/images/train/serif/Wellfleet/Wellfleet_0066.png,4,False,True,False
data/v2/processed/fontsense_v2/images/train/serif/Noto_Serif_Hebrew/Noto_Serif_Hebrew_0094.png,data/v2/processed/fontsense_v2/images/train/serif/Noto_Serif_KR/Noto_Serif_KR_0003.png,4,False,True,False
data/v2/processed/fontsense_v2/images/train/serif/Noto_Serif_Hebrew/Noto_Serif_Hebrew_0094.png,data/v2/processed/fontsense_v2/images/train/serif/Noto_Serif_KR/Noto_Serif_KR_0016.png,4,False,True,False
data/v2/processed/fontsense_v2/images/train/serif/Noto_Serif_Hebrew/Noto_Serif_Hebrew_0094.png,data/v2/processed/fontsense_v2/images/train/serif/BatangChe/BatangChe_0048.png,4,False,True,False
data/v2/processed/fontsense_v2/images/train/serif/Noto_Serif_Hebrew/Noto_Serif_Hebrew_0094.png,data/v2/processed/fontsense_v2/images/train/serif/BatangChe/BatangChe_0083.png,4,False,True,False
data/v2/processed/fontsense_v2/images/train/serif/Noto_Serif_Hebrew/Noto_Serif_Hebrew_0094.png,data/v2/processed/fontsense_v2/images/train/serif/BatangChe/BatangChe_0096.png,4,False,True,False
data/v2/processed/fontsense_v2/images/train/serif/Noto_Serif_Hebrew/Noto_Serif_Hebrew_0094.png,data/v2/processed/fontsense_v2/images/train/serif/Sanchez/Sanchez_0053.png,4,False,True,False
data/v2/processed/fontsense_v2/images/train/serif/Noto_Serif_Hebrew/Noto_Serif_Hebrew_0094.png,data/v2/processed/fontsense_v2/images/train/serif/IM_Fell_Great_Primer/IM_Fell_Great_Primer_0012.png,4,False,True,False
data/v2/processed/fontsense_v2/images/train/serif/Noto_Serif_Hebrew/Noto_Serif_Hebrew_0094.png,data/v2/processed/fontsense_v2/images/train/serif/IM_Fell_Great_Primer/IM_Fell_Great_Primer_0097.png,4,False,True,False
data/v2/processed/fontsense_v2/images/train/serif/Noto_Serif_Hebrew/Noto_Serif_Hebrew_0094.png,data/v2/processed/fontsense_v2/images/train/serif/IM_Fell_Great_Primer/IM_Fell_Great_Primer_0098.png,4,False,True,False
data/v2/processed/fontsense_v2/images/train/serif/Noto_Serif_Hebrew/Noto_Serif_Hebrew_0094.png,data/v2/processed/fontsense_v2/images/train/serif/Noto_Serif_Ahom/Noto_Serif_Ahom_0061.png,4,False,True,False
data/v2/processed/fontsense_v2/images/train/serif/Noto_Serif_Hebrew/Noto_Serif_Hebrew_0095.png,data/v2/processed/fontsense_v2/images/train/serif/IM_Fell_Great_Primer/IM_Fell_Great_Primer_0012.png,4,False,True,False
data/v2/processed/fontsense_v2/images/train/serif/Noto_Serif_Hebrew/Noto_Serif_Hebrew_0095.png,data/v2/processed/fontsense_v2/images/train/serif/IM_Fell_Great_Primer/IM_Fell_Great_Primer_0079.png,4,False,True,False
data/v2/processed/fontsense_v2/images/train/serif/Noto_Serif_Hebrew/Noto_Serif_Hebrew_0096.png,data/v2/processed/fontsense_v2/images/train/serif/Noto_Serif_KR/Noto_Serif_KR_0074.png,4,False,True,False
data/v2/processed/fontsense_v2/images/train/serif/Noto_Serif_Hebrew/Noto_Serif_Hebrew_0097.png,data/v2/processed/fontsense_v2/images/train/serif/Wellfleet/Wellfleet_0031.png,4,False,True,False
data/v2/processed/fontsense_v2/images/train/serif/Noto_Serif_Hebrew/Noto_Serif_Hebrew_0097.png,data/v2/processed/fontsense_v2/images/train/serif/Noto_Serif_KR/Noto_Serif_KR_0058.png,4,False,True,False
data/v2/processed/fontsense_v2/images/train/serif/Noto_Serif_Hebrew/Noto_Serif_Hebrew_0097.png,data/v2/processed/fontsense_v2/images/train/serif/Noto_Serif_KR/Noto_Serif_KR_0092.png,4,False,True,False
data/v2/processed/fontsense_v2/images/train/serif/Noto_Serif_Hebrew/Noto_Serif_Hebrew_0097.png,data/v2/processed/fontsense_v2/images/train/serif/Yuji_Syuku/Yuji_Syuku_0069.png,4,False,True,False
data/v2/processed/fontsense_v2/images/train/serif/Noto_Serif_Hebrew/Noto_Serif_Hebrew_0097.png,data/v2/processed/fontsense_v2/images/train/serif/Libre_Caslon_Text/Libre_Caslon_Text_0033.png,4,False,True,False
data/v2/processed/fontsense_v2/images/train/serif/Noto_Serif_Hebrew/Noto_Serif_Hebrew_0098.png,data/v2/processed/fontsense_v2/images/train/serif/Rokkitt/Rokkitt_0007.png,4,False,True,False
data/v2/processed/fontsense_v2/images/train/serif/Noto_Serif_Hebrew/Noto_Serif_Hebrew_0098.png,data/v2/processed/fontsense_v2/images/train/serif/Quattrocento/Quattrocento_0041.png,4,False,True,False
data/v2/processed/fontsense_v2/images/train/serif/Noto_Serif_Hebrew/Noto_Serif_Hebrew_0098.png,data/v2/processed/fontsense_v2/images/train/serif/Quattrocento/Quattrocento_0077.png,4,False,True,False
data/v2/processed/fontsense_v2/images/train/serif/Noto_Serif_Hebrew/Noto_Serif_Hebrew_0098.png,data/v2/processed/fontsense_v2/images/train/serif/Quattrocento/Quattrocento_0081.png,4,False,True,False
data/v2/processed/fontsense_v2/images/train/serif/Noto_Serif_Hebrew/Noto_Serif_Hebrew_0098.png,data/v2/processed/fontsense_v2/images/train/serif/Noto_Serif_Ahom/Noto_Serif_Ahom_0011.png,4,False,True,False
data/v2/processed/fontsense_v2/images/train/serif/Noto_Serif_KR/Noto_Serif_KR_0000.png,data/v2/processed/fontsense_v2/images/train/serif/Sanchez/Sanchez_0038.png,4,False,True,False
data/v2/processed/fontsense_v2/images/train/serif/Noto_Serif_KR/Noto_Serif_KR_0000.png,data/v2/processed/fontsense_v2/images/train/serif/Sanchez/Sanchez_0067.png,4,False,True,True
data/v2/processed/fontsense_v2/images/train/serif/Noto_Serif_KR/Noto_Serif_KR_0000.png,data/v2/processed/fontsense_v2/images/train/serif/Sanchez/Sanchez_0089.png,4,False,True,False
data/v2/processed/fontsense_v2/images/train/serif/Noto_Serif_KR/Noto_Serif_KR_0001.png,data/v2/processed/fontsense_v2/images/train/serif/Noto_Serif_KR/Noto_Serif_KR_0004.png,4,True,True,False
data/v2/processed/fontsense_v2/images/train/serif/Noto_Serif_KR/Noto_Serif_KR_0001.png,data/v2/processed/fontsense_v2/images/train/serif/Libre_Caslon_Text/Libre_Caslon_Text_0089.png,4,False,True,False
data/v2/processed/fontsense_v2/images/train/serif/Noto_Serif_KR/Noto_Serif_KR_0002.png,data/v2/processed/fontsense_v2/images/train/serif/Domine/Domine_0090.png,4,False,True,False
data/v2/processed/fontsense_v2/images/train/serif/Noto_Serif_KR/Noto_Serif_KR_0002.png,data/v2/processed/fontsense_v2/images/train/serif/Rokkitt/Rokkitt_0063.png,4,False,True,False
data/v2/processed/fontsense_v2/images/train/serif/Noto_Serif_KR/Noto_Serif_KR_0003.png,data/v2/processed/fontsense_v2/images/train/serif/Noto_Serif_KR/Noto_Serif_KR_0033.png,4,True,True,False
data/v2/processed/fontsense_v2/images/train/serif/Noto_Serif_KR/Noto_Serif_KR_0003.png,data/v2/processed/fontsense_v2/images/train/serif/BatangChe/BatangChe_0026.png,4,False,True,False
data/v2/processed/fontsense_v2/images/train/serif/Noto_Serif_KR/Noto_Serif_KR_0003.png,data/v2/processed/fontsense_v2/images/train/serif/Sanchez/Sanchez_0079.png,4,False,True,False
data/v2/processed/fontsense_v2/images/train/serif/Noto_Serif_KR/Noto_Serif_KR_0004.png,data/v2/processed/fontsense_v2/images/train/serif/BatangChe/BatangChe_0072.png,4,False,True,False
data/v2/processed/fontsense_v2/images/train/serif/Noto_Serif_KR/Noto_Serif_KR_0004.png,data/v2/processed/fontsense_v2/images/train/serif/Rokkitt/Rokkitt_0017.png,4,False,True,False
data/v2/processed/fontsense_v2/images/train/serif/Noto_Serif_KR/Noto_Serif_KR_0005.png,data/v2/processed/fontsense_v2/images/train/serif/Noto_Serif_KR/Noto_Serif_KR_0031.png,4,True,True,False
data/v2/processed/fontsense_v2/images/train/serif/Noto_Serif_KR/Noto_Serif_KR_0005.png,data/v2/processed/fontsense_v2/images/train/serif/Domine/Domine_0043.png,4,False,True,False
data/v2/processed/fontsense_v2/images/train/serif/Noto_Serif_KR/Noto_Serif_KR_0005.png,data/v2/processed/fontsense_v2/images/train/serif/Yuji_Syuku/Yuji_Syuku_0065.png,4,False,True,False
data/v2/processed/fontsense_v2/images/train/serif/Noto_Serif_KR/Noto_Serif_KR_0005.png,data/v2/processed/fontsense_v2/images/train/serif/Yuji_Syuku/Yuji_Syuku_0084.png,4,False,True,False
data/v2/processed/fontsense_v2/images/train/serif/Noto_Serif_KR/Noto_Serif_KR_0005.png,data/v2/processed/fontsense_v2/images/train/serif/Rokkitt/Rokkitt_0053.png,4,False,True,False
data/v2/processed/fontsense_v2/images/train/serif/Noto_Serif_KR/Noto_Serif_KR_0005.png,data/v2/processed/fontsense_v2/images/train/serif/Quattrocento/Quattrocento_0026.png,4,False,True,False
data/v2/processed/fontsense_v2/images/train/serif/Noto_Serif_KR/Noto_Serif_KR_0005.png,data/v2/processed/fontsense_v2/images/train/serif/Quattrocento/Quattrocento_0061.png,4,False,True,False
data/v2/processed/fontsense_v2/images/train/serif/Noto_Serif_KR/Noto_Serif_KR_0005.png,data/v2/processed/fontsense_v2/images/train/serif/Sanchez/Sanchez_0044.png,4,False,True,False
data/v2/processed/fontsense_v2/images/train/serif/Noto_Serif_KR/Noto_Serif_KR_0005.png,data/v2/processed/fontsense_v2/images/train/serif/IM_Fell_Great_Primer/IM_Fell_Great_Primer_0033.png,4,False,True,False
data/v2/processed/fontsense_v2/images/train/serif/Noto_Serif_KR/Noto_Serif_KR_0005.png,data/v2/processed/fontsense_v2/images/train/serif/Noto_Serif_Ahom/Noto_Serif_Ahom_0019.png,4,False,True,False
data/v2/processed/fontsense_v2/images/train/serif/Noto_Serif_KR/Noto_Serif_KR_0005.png,data/v2/processed/fontsense_v2/images/train/serif/Noto_Serif_Ahom/Noto_Serif_Ahom_0066.png,4,False,True,False
data/v2/processed/fontsense_v2/images/train/serif/Noto_Serif_KR/Noto_Serif_KR_0006.png,data/v2/processed/fontsense_v2/images/train/serif/Domine/Domine_0063.png,4,False,True,False
data/v2/processed/fontsense_v2/images/train/serif/Noto_Serif_KR/Noto_Serif_KR_0010.png,data/v2/processed/fontsense_v2/images/train/serif/Noto_Serif_KR/Noto_Serif_KR_0063.png,4,True,True,False
data/v2/processed/fontsense_v2/images/train/serif/Noto_Serif_KR/Noto_Serif_KR_0010.png,data/v2/processed/fontsense_v2/images/train/serif/Noto_Serif_KR/Noto_Serif_KR_0069.png,4,True,True,False
data/v2/processed/fontsense_v2/images/train/serif/Noto_Serif_KR/Noto_Serif_KR_0010.png,data/v2/processed/fontsense_v2/images/train/serif/Quattrocento/Quattrocento_0012.png,4,False,True,False
data/v2/processed/fontsense_v2/images/train/serif/Noto_Serif_KR/Noto_Serif_KR_0011.png,data/v2/processed/fontsense_v2/images/train/serif/Libre_Caslon_Text/Libre_Caslon_Text_0098.png,4,False,True,False
data/v2/processed/fontsense_v2/images/train/serif/Noto_Serif_KR/Noto_Serif_KR_0013.png,data/v2/processed/fontsense_v2/images/train/serif/Domine/Domine_0082.png,4,False,True,False
data/v2/processed/fontsense_v2/images/train/serif/Noto_Serif_KR/Noto_Serif_KR_0013.png,data/v2/processed/fontsense_v2/images/train/serif/BatangChe/BatangChe_0041.png,4,False,True,False
data/v2/processed/fontsense_v2/images/train/serif/Noto_Serif_KR/Noto_Serif_KR_0013.png,data/v2/processed/fontsense_v2/images/train/serif/Libre_Caslon_Text/Libre_Caslon_Text_0086.png,4,False,True,False
data/v2/processed/fontsense_v2/images/train/serif/Noto_Serif_KR/Noto_Serif_KR_0013.png,data/v2/processed/fontsense_v2/images/train/serif/Sanchez/Sanchez_0004.png,4,False,True,False
data/v2/processed/fontsense_v2/images/train/serif/Noto_Serif_KR/Noto_Serif_KR_0013.png,data/v2/processed/fontsense_v2/images/train/serif/Sanchez/Sanchez_0062.png,4,False,True,False
data/v2/processed/fontsense_v2/images/train/serif/Noto_Serif_KR/Noto_Serif_KR_0013.png,data/v2/processed/fontsense_v2/images/train/serif/IM_Fell_Great_Primer/IM_Fell_Great_Primer_0068.png,4,False,True,False
data/v2/processed/fontsense_v2/images/train/serif/Noto_Serif_KR/Noto_Serif_KR_0014.png,data/v2/processed/fontsense_v2/images/train/serif/Noto_Serif_KR/Noto_Serif_KR_0052.png,4,True,True,False
data/v2/processed/fontsense_v2/images/train/serif/Noto_Serif_KR/Noto_Serif_KR_0014.png,data/v2/processed/fontsense_v2/images/train/serif/BatangChe/BatangChe_0092.png,4,False,True,False
data/v2/processed/fontsense_v2/images/train/serif/Noto_Serif_KR/Noto_Serif_KR_0015.png,data/v2/processed/fontsense_v2/images/train/serif/Domine/Domine_0061.png,4,False,True,False
data/v2/processed/fontsense_v2/images/train/serif/Noto_Serif_KR/Noto_Serif_KR_0015.png,data/v2/processed/fontsense_v2/images/train/serif/Yuji_Syuku/Yuji_Syuku_0094.png,4,False,True,False
data/v2/processed/fontsense_v2/images/train/serif/Noto_Serif_KR/Noto_Serif_KR_0015.png,data/v2/processed/fontsense_v2/images/train/serif/Quattrocento/Quattrocento_0046.png,4,False,True,False
data/v2/processed/fontsense_v2/images/train/serif/Noto_Serif_KR/Noto_Serif_KR_0015.png,data/v2/processed/fontsense_v2/images/train/serif/Sanchez/Sanchez_0066.png,4,False,True,False
data/v2/processed/fontsense_v2/images/train/serif/Noto_Serif_KR/Noto_Serif_KR_0015.png,data/v2/processed/fontsense_v2/images/train/serif/IM_Fell_Great_Primer/IM_Fell_Great_Primer_0004.png,4,False,True,False
data/v2/processed/fontsense_v2/images/train/serif/Noto_Serif_KR/Noto_Serif_KR_0015.png,data/v2/processed/fontsense_v2/images/train/serif/Noto_Serif_Ahom/Noto_Serif_Ahom_0018.png,4,False,True,False
data/v2/processed/fontsense_v2/images/train/serif/Noto_Serif_KR/Noto_Serif_KR_0016.png,data/v2/processed/fontsense_v2/images/train/serif/Noto_Serif_KR/Noto_Serif_KR_0038.png,4,True,True,False
data/v2/processed/fontsense_v2/images/train/serif/Noto_Serif_KR/Noto_Serif_KR_0016.png,data/v2/processed/fontsense_v2/images/train/serif/BatangChe/BatangChe_0021.png,4,False,True,False
data/v2/processed/fontsense_v2/images/train/serif/Noto_Serif_KR/Noto_Serif_KR_0016.png,data/v2/processed/fontsense_v2/images/train/serif/BatangChe/BatangChe_0075.png,4,False,True,False
data/v2/processed/fontsense_v2/images/train/serif/Noto_Serif_KR/Noto_Serif_KR_0016.png,data/v2/processed/fontsense_v2/images/train/serif/Rokkitt/Rokkitt_0039.png,4,False,True,False
data/v2/processed/fontsense_v2/images/train/serif/Noto_Serif_KR/Noto_Serif_KR_0016.png,data/v2/processed/fontsense_v2/images/train/serif/Rokkitt/Rokkitt_0040.png,4,False,True,False
data/v2/processed/fontsense_v2/images/train/serif/Noto_Serif_KR/Noto_Serif_KR_0016.png,data/v2/processed/fontsense_v2/images/train/serif/Sanchez/Sanchez_0005.png,4,False,True,False
data/v2/processed/fontsense_v2/images/train/serif/Noto_Serif_KR/Noto_Serif_KR_0016.png,data/v2/processed/fontsense_v2/images/train/serif/Sanchez/Sanchez_0079.png,4,False,True,False
data/v2/processed/fontsense_v2/images/train/serif/Noto_Serif_KR/Noto_Serif_KR_0016.png,data/v2/processed/fontsense_v2/images/train/serif/IM_Fell_Great_Primer/IM_Fell_Great_Primer_0012.png,4,False,True,False
data/v2/processed/fontsense_v2/images/train/serif/Noto_Serif_KR/Noto_Serif_KR_0016.png,data/v2/processed/fontsense_v2/images/train/serif/IM_Fell_Great_Primer/IM_Fell_Great_Primer_0079.png,4,False,True,False
data/v2/processed/fontsense_v2/images/train/serif/Noto_Serif_KR/Noto_Serif_KR_0016.png,data/v2/processed/fontsense_v2/images/train/serif/IM_Fell_Great_Primer/IM_Fell_Great_Primer_0098.png,4,False,True,False
data/v2/processed/fontsense_v2/images/train/serif/Noto_Serif_KR/Noto_Serif_KR_0017.png,data/v2/processed/fontsense_v2/images/train/serif/BatangChe/BatangChe_0085.png,4,False,True,False
data/v2/processed/fontsense_v2/images/train/serif/Noto_Serif_KR/Noto_Serif_KR_0017.png,data/v2/processed/fontsense_v2/images/train/serif/BatangChe/BatangChe_0098.png,4,False,True,False
data/v2/processed/fontsense_v2/images/train/serif/Noto_Serif_KR/Noto_Serif_KR_0018.png,data/v2/processed/fontsense_v2/images/train/serif/Sanchez/Sanchez_0011.png,4,False,True,False
data/v2/processed/fontsense_v2/images/train/serif/Noto_Serif_KR/Noto_Serif_KR_0019.png,data/v2/processed/fontsense_v2/images/train/serif/Noto_Serif_KR/Noto_Serif_KR_0061.png,4,True,True,False
data/v2/processed/fontsense_v2/images/train/serif/Noto_Serif_KR/Noto_Serif_KR_0019.png,data/v2/processed/fontsense_v2/images/train/serif/BatangChe/BatangChe_0032.png,4,False,True,True
data/v2/processed/fontsense_v2/images/train/serif/Noto_Serif_KR/Noto_Serif_KR_0019.png,data/v2/processed/fontsense_v2/images/train/serif/BatangChe/BatangChe_0044.png,4,False,True,False
data/v2/processed/fontsense_v2/images/train/serif/Noto_Serif_KR/Noto_Serif_KR_0019.png,data/v2/processed/fontsense_v2/images/train/serif/Libre_Caslon_Text/Libre_Caslon_Text_0093.png,4,False,True,False
data/v2/processed/fontsense_v2/images/train/serif/Noto_Serif_KR/Noto_Serif_KR_0019.png,data/v2/processed/fontsense_v2/images/train/serif/Quattrocento/Quattrocento_0096.png,4,False,True,False
data/v2/processed/fontsense_v2/images/train/serif/Noto_Serif_KR/Noto_Serif_KR_0019.png,data/v2/processed/fontsense_v2/images/train/serif/Sanchez/Sanchez_0080.png,4,False,True,False
data/v2/processed/fontsense_v2/images/train/serif/Noto_Serif_KR/Noto_Serif_KR_0023.png,data/v2/processed/fontsense_v2/images/train/serif/Sanchez/Sanchez_0021.png,4,False,True,False
data/v2/processed/fontsense_v2/images/train/serif/Noto_Serif_KR/Noto_Serif_KR_0024.png,data/v2/processed/fontsense_v2/images/train/serif/Yuji_Syuku/Yuji_Syuku_0085.png,4,False,True,False
data/v2/processed/fontsense_v2/images/train/serif/Noto_Serif_KR/Noto_Serif_KR_0024.png,data/v2/processed/fontsense_v2/images/train/serif/Rokkitt/Rokkitt_0096.png,4,False,True,False
data/v2/processed/fontsense_v2/images/train/serif/Noto_Serif_KR/Noto_Serif_KR_0027.png,data/v2/processed/fontsense_v2/images/train/serif/Yuji_Syuku/Yuji_Syuku_0015.png,4,False,True,False
data/v2/processed/fontsense_v2/images/train/serif/Noto_Serif_KR/Noto_Serif_KR_0027.png,data/v2/processed/fontsense_v2/images/train/serif/Rokkitt/Rokkitt_0021.png,4,False,True,False
data/v2/processed/fontsense_v2/images/train/serif/Noto_Serif_KR/Noto_Serif_KR_0027.png,data/v2/processed/fontsense_v2/images/train/serif/Rokkitt/Rokkitt_0060.png,4,False,True,False
data/v2/processed/fontsense_v2/images/train/serif/Noto_Serif_KR/Noto_Serif_KR_0027.png,data/v2/processed/fontsense_v2/images/train/serif/Quattrocento/Quattrocento_0075.png,4,False,True,False
data/v2/processed/fontsense_v2/images/train/serif/Noto_Serif_KR/Noto_Serif_KR_0027.png,data/v2/processed/fontsense_v2/images/train/serif/Sanchez/Sanchez_0013.png,4,False,True,False
data/v2/processed/fontsense_v2/images/train/serif/Noto_Serif_KR/Noto_Serif_KR_0027.png,data/v2/processed/fontsense_v2/images/train/serif/Sanchez/Sanchez_0081.png,4,False,True,False
data/v2/processed/fontsense_v2/images/train/serif/Noto_Serif_KR/Noto_Serif_KR_0027.png,data/v2/processed/fontsense_v2/images/train/serif/IM_Fell_Great_Primer/IM_Fell_Great_Primer_0003.png,4,False,True,False
data/v2/processed/fontsense_v2/images/train/serif/Noto_Serif_KR/Noto_Serif_KR_0027.png,data/v2/processed/fontsense_v2/images/train/serif/IM_Fell_Great_Primer/IM_Fell_Great_Primer_0099.png,4,False,True,False
data/v2/processed/fontsense_v2/images/train/serif/Noto_Serif_KR/Noto_Serif_KR_0027.png,data/v2/processed/fontsense_v2/images/train/serif/Noto_Serif_Ahom/Noto_Serif_Ahom_0040.png,4,False,True,False
data/v2/processed/fontsense_v2/images/train/serif/Noto_Serif_KR/Noto_Serif_KR_0029.png,data/v2/processed/fontsense_v2/images/train/serif/Yuji_Syuku/Yuji_Syuku_0021.png,4,False,True,False
data/v2/processed/fontsense_v2/images/train/serif/Noto_Serif_KR/Noto_Serif_KR_0030.png,data/v2/processed/fontsense_v2/images/train/serif/Domine/Domine_0091.png,4,False,True,False
data/v2/processed/fontsense_v2/images/train/serif/Noto_Serif_KR/Noto_Serif_KR_0030.png,data/v2/processed/fontsense_v2/images/train/serif/Noto_Serif_Ahom/Noto_Serif_Ahom_0067.png,4,False,True,False
data/v2/processed/fontsense_v2/images/train/serif/Noto_Serif_KR/Noto_Serif_KR_0031.png,data/v2/processed/fontsense_v2/images/train/serif/Noto_Serif_KR/Noto_Serif_KR_0078.png,4,True,True,False
data/v2/processed/fontsense_v2/images/train/serif/Noto_Serif_KR/Noto_Serif_KR_0031.png,data/v2/processed/fontsense_v2/images/train/serif/Domine/Domine_0005.png,4,False,True,False
data/v2/processed/fontsense_v2/images/train/serif/Noto_Serif_KR/Noto_Serif_KR_0031.png,data/v2/processed/fontsense_v2/images/train/serif/Yuji_Syuku/Yuji_Syuku_0023.png,4,False,True,False
data/v2/processed/fontsense_v2/images/train/serif/Noto_Serif_KR/Noto_Serif_KR_0031.png,data/v2/processed/fontsense_v2/images/train/serif/Yuji_Syuku/Yuji_Syuku_0084.png,4,False,True,False
data/v2/processed/fontsense_v2/images/train/serif/Noto_Serif_KR/Noto_Serif_KR_0031.png,data/v2/processed/fontsense_v2/images/train/serif/Rokkitt/Rokkitt_0000.png,4,False,True,False
data/v2/processed/fontsense_v2/images/train/serif/Noto_Serif_KR/Noto_Serif_KR_0031.png,data/v2/processed/fontsense_v2/images/train/serif/Noto_Serif_Ahom/Noto_Serif_Ahom_0046.png,4,False,True,False
data/v2/processed/fontsense_v2/images/train/serif/Noto_Serif_KR/Noto_Serif_KR_0033.png,data/v2/processed/fontsense_v2/images/train/serif/Domine/Domine_0091.png,4,False,True,False
data/v2/processed/fontsense_v2/images/train/serif/Noto_Serif_KR/Noto_Serif_KR_0034.png,data/v2/processed/fontsense_v2/images/train/serif/Noto_Serif_KR/Noto_Serif_KR_0086.png,4,True,True,False
data/v2/processed/fontsense_v2/images/train/serif/Noto_Serif_KR/Noto_Serif_KR_0034.png,data/v2/processed/fontsense_v2/images/train/serif/Domine/Domine_0018.png,4,False,True,False
data/v2/processed/fontsense_v2/images/train/serif/Noto_Serif_KR/Noto_Serif_KR_0034.png,data/v2/processed/fontsense_v2/images/train/serif/Rokkitt/Rokkitt_0058.png,4,False,True,False
data/v2/processed/fontsense_v2/images/train/serif/Noto_Serif_KR/Noto_Serif_KR_0034.png,data/v2/processed/fontsense_v2/images/train/serif/Noto_Serif_Ahom/Noto_Serif_Ahom_0024.png,4,False,True,False
data/v2/processed/fontsense_v2/images/train/serif/Noto_Serif_KR/Noto_Serif_KR_0035.png,data/v2/processed/fontsense_v2/images/train/serif/BatangChe/BatangChe_0020.png,4,False,True,False
data/v2/processed/fontsense_v2/images/train/serif/Noto_Serif_KR/Noto_Serif_KR_0036.png,data/v2/processed/fontsense_v2/images/train/serif/Noto_Serif_KR/Noto_Serif_KR_0054.png,4,True,True,False
data/v2/processed/fontsense_v2/images/train/serif/Noto_Serif_KR/Noto_Serif_KR_0036.png,data/v2/processed/fontsense_v2/images/train/serif/Yuji_Syuku/Yuji_Syuku_0016.png,4,False,True,False
data/v2/processed/fontsense_v2/images/train/serif/Noto_Serif_KR/Noto_Serif_KR_0036.png,data/v2/processed/fontsense_v2/images/train/serif/Libre_Caslon_Text/Libre_Caslon_Text_0029.png,4,False,True,False
data/v2/processed/fontsense_v2/images/train/serif/Noto_Serif_KR/Noto_Serif_KR_0038.png,data/v2/processed/fontsense_v2/images/train/serif/Noto_Serif_KR/Noto_Serif_KR_0057.png,4,True,True,False
data/v2/processed/fontsense_v2/images/train/serif/Noto_Serif_KR/Noto_Serif_KR_0038.png,data/v2/processed/fontsense_v2/images/train/serif/Noto_Serif_KR/Noto_Serif_KR_0077.png,4,True,True,False
data/v2/processed/fontsense_v2/images/train/serif/Noto_Serif_KR/Noto_Serif_KR_0038.png,data/v2/processed/fontsense_v2/images/train/serif/Libre_Caslon_Text/Libre_Caslon_Text_0047.png,4,False,True,False
data/v2/processed/fontsense_v2/images/train/serif/Noto_Serif_KR/Noto_Serif_KR_0038.png,data/v2/processed/fontsense_v2/images/train/serif/Rokkitt/Rokkitt_0063.png,4,False,True,False
data/v2/processed/fontsense_v2/images/train/serif/Noto_Serif_KR/Noto_Serif_KR_0038.png,data/v2/processed/fontsense_v2/images/train/serif/Quattrocento/Quattrocento_0038.png,4,False,True,False
data/v2/processed/fontsense_v2/images/train/serif/Noto_Serif_KR/Noto_Serif_KR_0041.png,data/v2/processed/fontsense_v2/images/train/serif/Noto_Serif_KR/Noto_Serif_KR_0049.png,4,True,True,False
data/v2/processed/fontsense_v2/images/train/serif/Noto_Serif_KR/Noto_Serif_KR_0041.png,data/v2/processed/fontsense_v2/images/train/serif/IM_Fell_Great_Primer/IM_Fell_Great_Primer_0083.png,4,False,True,False
data/v2/processed/fontsense_v2/images/train/serif/Noto_Serif_KR/Noto_Serif_KR_0042.png,data/v2/processed/fontsense_v2/images/train/serif/Sanchez/Sanchez_0036.png,4,False,True,False
data/v2/processed/fontsense_v2/images/train/serif/Noto_Serif_KR/Noto_Serif_KR_0043.png,data/v2/processed/fontsense_v2/images/train/serif/Yuji_Syuku/Yuji_Syuku_0076.png,4,False,True,False
data/v2/processed/fontsense_v2/images/train/serif/Noto_Serif_KR/Noto_Serif_KR_0044.png,data/v2/processed/fontsense_v2/images/train/serif/Yuji_Syuku/Yuji_Syuku_0055.png,4,False,True,False
data/v2/processed/fontsense_v2/images/train/serif/Noto_Serif_KR/Noto_Serif_KR_0046.png,data/v2/processed/fontsense_v2/images/train/serif/Yuji_Syuku/Yuji_Syuku_0019.png,4,False,True,False
data/v2/processed/fontsense_v2/images/train/serif/Noto_Serif_KR/Noto_Serif_KR_0046.png,data/v2/processed/fontsense_v2/images/train/serif/Sanchez/Sanchez_0005.png,4,False,True,False
data/v2/processed/fontsense_v2/images/train/serif/Noto_Serif_KR/Noto_Serif_KR_0046.png,data/v2/processed/fontsense_v2/images/train/serif/IM_Fell_Great_Primer/IM_Fell_Great_Primer_0037.png,4,False,True,False
data/v2/processed/fontsense_v2/images/train/serif/Noto_Serif_KR/Noto_Serif_KR_0046.png,data/v2/processed/fontsense_v2/images/train/serif/IM_Fell_Great_Primer/IM_Fell_Great_Primer_0047.png,4,False,True,False
data/v2/processed/fontsense_v2/images/train/serif/Noto_Serif_KR/Noto_Serif_KR_0047.png,data/v2/processed/fontsense_v2/images/train/serif/Domine/Domine_0087.png,4,False,True,False
data/v2/processed/fontsense_v2/images/train/serif/Noto_Serif_KR/Noto_Serif_KR_0047.png,data/v2/processed/fontsense_v2/images/train/serif/Yuji_Syuku/Yuji_Syuku_0082.png,4,False,True,False
data/v2/processed/fontsense_v2/images/train/serif/Noto_Serif_KR/Noto_Serif_KR_0047.png,data/v2/processed/fontsense_v2/images/train/serif/Libre_Caslon_Text/Libre_Caslon_Text_0026.png,4,False,True,False
data/v2/processed/fontsense_v2/images/train/serif/Noto_Serif_KR/Noto_Serif_KR_0047.png,data/v2/processed/fontsense_v2/images/train/serif/Quattrocento/Quattrocento_0024.png,4,False,True,False
data/v2/processed/fontsense_v2/images/train/serif/Noto_Serif_KR/Noto_Serif_KR_0049.png,data/v2/processed/fontsense_v2/images/train/serif/Yuji_Syuku/Yuji_Syuku_0003.png,4,False,True,False
data/v2/processed/fontsense_v2/images/train/serif/Noto_Serif_KR/Noto_Serif_KR_0049.png,data/v2/processed/fontsense_v2/images/train/serif/Libre_Caslon_Text/Libre_Caslon_Text_0031.png,4,False,True,False
data/v2/processed/fontsense_v2/images/train/serif/Noto_Serif_KR/Noto_Serif_KR_0049.png,data/v2/processed/fontsense_v2/images/train/serif/Rokkitt/Rokkitt_0034.png,4,False,True,False
data/v2/processed/fontsense_v2/images/train/serif/Noto_Serif_KR/Noto_Serif_KR_0050.png,data/v2/processed/fontsense_v2/images/train/serif/Yuji_Syuku/Yuji_Syuku_0024.png,4,False,True,False
data/v2/processed/fontsense_v2/images/train/serif/Noto_Serif_KR/Noto_Serif_KR_0054.png,data/v2/processed/fontsense_v2/images/train/serif/BatangChe/BatangChe_0002.png,4,False,True,False
data/v2/processed/fontsense_v2/images/train/serif/Noto_Serif_KR/Noto_Serif_KR_0054.png,data/v2/processed/fontsense_v2/images/train/serif/BatangChe/BatangChe_0070.png,4,False,True,False
data/v2/processed/fontsense_v2/images/train/serif/Noto_Serif_KR/Noto_Serif_KR_0054.png,data/v2/processed/fontsense_v2/images/train/serif/Sanchez/Sanchez_0075.png,4,False,True,False
data/v2/processed/fontsense_v2/images/train/serif/Noto_Serif_KR/Noto_Serif_KR_0055.png,data/v2/processed/fontsense_v2/images/train/serif/Libre_Caslon_Text/Libre_Caslon_Text_0057.png,4,False,True,False
data/v2/processed/fontsense_v2/images/train/serif/Noto_Serif_KR/Noto_Serif_KR_0056.png,data/v2/processed/fontsense_v2/images/train/serif/Domine/Domine_0078.png,4,False,True,False
data/v2/processed/fontsense_v2/images/train/serif/Noto_Serif_KR/Noto_Serif_KR_0057.png,data/v2/processed/fontsense_v2/images/train/serif/BatangChe/BatangChe_0016.png,4,False,True,False
data/v2/processed/fontsense_v2/images/train/serif/Noto_Serif_KR/Noto_Serif_KR_0057.png,data/v2/processed/fontsense_v2/images/train/serif/Sanchez/Sanchez_0084.png,4,False,True,False
data/v2/processed/fontsense_v2/images/train/serif/Noto_Serif_KR/Noto_Serif_KR_0058.png,data/v2/processed/fontsense_v2/images/train/serif/Noto_Serif_KR/Noto_Serif_KR_0078.png,4,True,True,False
data/v2/processed/fontsense_v2/images/train/serif/Noto_Serif_KR/Noto_Serif_KR_0058.png,data/v2/processed/fontsense_v2/images/train/serif/Noto_Serif_KR/Noto_Serif_KR_0092.png,4,True,True,False
data/v2/processed/fontsense_v2/images/train/serif/Noto_Serif_KR/Noto_Serif_KR_0058.png,data/v2/processed/fontsense_v2/images/train/serif/Libre_Caslon_Text/Libre_Caslon_Text_0036.png,4,False,True,False
data/v2/processed/fontsense_v2/images/train/serif/Noto_Serif_KR/Noto_Serif_KR_0058.png,data/v2/processed/fontsense_v2/images/train/serif/Libre_Caslon_Text/Libre_Caslon_Text_0049.png,4,False,True,False
data/v2/processed/fontsense_v2/images/train/serif/Noto_Serif_KR/Noto_Serif_KR_0058.png,data/v2/processed/fontsense_v2/images/train/serif/Rokkitt/Rokkitt_0046.png,4,False,True,False
data/v2/processed/fontsense_v2/images/train/serif/Noto_Serif_KR/Noto_Serif_KR_0058.png,data/v2/processed/fontsense_v2/images/train/serif/Sanchez/Sanchez_0033.png,4,False,True,False
data/v2/processed/fontsense_v2/images/train/serif/Noto_Serif_KR/Noto_Serif_KR_0058.png,data/v2/processed/fontsense_v2/images/train/serif/Sanchez/Sanchez_0060.png,4,False,True,False
data/v2/processed/fontsense_v2/images/train/serif/Noto_Serif_KR/Noto_Serif_KR_0058.png,data/v2/processed/fontsense_v2/images/train/serif/Sanchez/Sanchez_0071.png,4,False,True,False
data/v2/processed/fontsense_v2/images/train/serif/Noto_Serif_KR/Noto_Serif_KR_0058.png,data/v2/processed/fontsense_v2/images/train/serif/Noto_Serif_Ahom/Noto_Serif_Ahom_0030.png,4,False,True,False
data/v2/processed/fontsense_v2/images/train/serif/Noto_Serif_KR/Noto_Serif_KR_0058.png,data/v2/processed/fontsense_v2/images/train/serif/Noto_Serif_Ahom/Noto_Serif_Ahom_0046.png,4,False,True,False
data/v2/processed/fontsense_v2/images/train/serif/Noto_Serif_KR/Noto_Serif_KR_0061.png,data/v2/processed/fontsense_v2/images/train/serif/BatangChe/BatangChe_0032.png,4,False,True,False
data/v2/processed/fontsense_v2/images/train/serif/Noto_Serif_KR/Noto_Serif_KR_0061.png,data/v2/processed/fontsense_v2/images/train/serif/Sanchez/Sanchez_0080.png,4,False,True,False
data/v2/processed/fontsense_v2/images/train/serif/Noto_Serif_KR/Noto_Serif_KR_0062.png,data/v2/processed/fontsense_v2/images/train/serif/Yuji_Syuku/Yuji_Syuku_0030.png,4,False,True,False
data/v2/processed/fontsense_v2/images/train/serif/Noto_Serif_KR/Noto_Serif_KR_0062.png,data/v2/processed/fontsense_v2/images/train/serif/Rokkitt/Rokkitt_0035.png,4,False,True,False
data/v2/processed/fontsense_v2/images/train/serif/Noto_Serif_KR/Noto_Serif_KR_0062.png,data/v2/processed/fontsense_v2/images/train/serif/Rokkitt/Rokkitt_0067.png,4,False,True,False
data/v2/processed/fontsense_v2/images/train/serif/Noto_Serif_KR/Noto_Serif_KR_0063.png,data/v2/processed/fontsense_v2/images/train/serif/Quattrocento/Quattrocento_0036.png,4,False,True,False
data/v2/processed/fontsense_v2/images/train/serif/Noto_Serif_KR/Noto_Serif_KR_0063.png,data/v2/processed/fontsense_v2/images/train/serif/Quattrocento/Quattrocento_0049.png,4,False,True,False
data/v2/processed/fontsense_v2/images/train/serif/Noto_Serif_KR/Noto_Serif_KR_0063.png,data/v2/processed/fontsense_v2/images/train/serif/Noto_Serif_Ahom/Noto_Serif_Ahom_0050.png,4,False,True,False
data/v2/processed/fontsense_v2/images/train/serif/Noto_Serif_KR/Noto_Serif_KR_0064.png,data/v2/processed/fontsense_v2/images/train/serif/Libre_Caslon_Text/Libre_Caslon_Text_0024.png,4,False,True,False
data/v2/processed/fontsense_v2/images/train/serif/Noto_Serif_KR/Noto_Serif_KR_0066.png,data/v2/processed/fontsense_v2/images/train/serif/Noto_Serif_KR/Noto_Serif_KR_0098.png,4,True,True,False
data/v2/processed/fontsense_v2/images/train/serif/Noto_Serif_KR/Noto_Serif_KR_0066.png,data/v2/processed/fontsense_v2/images/train/serif/Yuji_Syuku/Yuji_Syuku_0069.png,4,False,True,False
data/v2/processed/fontsense_v2/images/train/serif/Noto_Serif_KR/Noto_Serif_KR_0066.png,data/v2/processed/fontsense_v2/images/train/serif/BatangChe/BatangChe_0067.png,4,False,True,False
data/v2/processed/fontsense_v2/images/train/serif/Noto_Serif_KR/Noto_Serif_KR_0066.png,data/v2/processed/fontsense_v2/images/train/serif/Rokkitt/Rokkitt_0000.png,4,False,True,False
data/v2/processed/fontsense_v2/images/train/serif/Noto_Serif_KR/Noto_Serif_KR_0066.png,data/v2/processed/fontsense_v2/images/train/serif/Sanchez/Sanchez_0094.png,4,False,True,False
data/v2/processed/fontsense_v2/images/train/serif/Noto_Serif_KR/Noto_Serif_KR_0067.png,data/v2/processed/fontsense_v2/images/train/serif/IM_Fell_Great_Primer/IM_Fell_Great_Primer_0067.png,4,False,True,False
data/v2/processed/fontsense_v2/images/train/serif/Noto_Serif_KR/Noto_Serif_KR_0068.png,data/v2/processed/fontsense_v2/images/train/serif/Yuji_Syuku/Yuji_Syuku_0022.png,4,False,True,False
data/v2/processed/fontsense_v2/images/train/serif/Noto_Serif_KR/Noto_Serif_KR_0068.png,data/v2/processed/fontsense_v2/images/train/serif/Yuji_Syuku/Yuji_Syuku_0029.png,4,False,True,False
data/v2/processed/fontsense_v2/images/train/serif/Noto_Serif_KR/Noto_Serif_KR_0069.png,data/v2/processed/fontsense_v2/images/train/serif/Yuji_Syuku/Yuji_Syuku_0090.png,4,False,True,False
data/v2/processed/fontsense_v2/images/train/serif/Noto_Serif_KR/Noto_Serif_KR_0069.png,data/v2/processed/fontsense_v2/images/train/serif/Libre_Caslon_Text/Libre_Caslon_Text_0053.png,4,False,True,False
data/v2/processed/fontsense_v2/images/train/serif/Noto_Serif_KR/Noto_Serif_KR_0069.png,data/v2/processed/fontsense_v2/images/train/serif/Rokkitt/Rokkitt_0050.png,4,False,True,False
data/v2/processed/fontsense_v2/images/train/serif/Noto_Serif_KR/Noto_Serif_KR_0069.png,data/v2/processed/fontsense_v2/images/train/serif/Rokkitt/Rokkitt_0070.png,4,False,True,False
data/v2/processed/fontsense_v2/images/train/serif/Noto_Serif_KR/Noto_Serif_KR_0069.png,data/v2/processed/fontsense_v2/images/train/serif/Quattrocento/Quattrocento_0074.png,4,False,True,False
data/v2/processed/fontsense_v2/images/train/serif/Noto_Serif_KR/Noto_Serif_KR_0069.png,data/v2/processed/fontsense_v2/images/train/serif/Noto_Serif_Ahom/Noto_Serif_Ahom_0050.png,4,False,True,False
data/v2/processed/fontsense_v2/images/train/serif/Noto_Serif_KR/Noto_Serif_KR_0069.png,data/v2/processed/fontsense_v2/images/train/serif/Noto_Serif_Ahom/Noto_Serif_Ahom_0051.png,4,False,True,False
data/v2/processed/fontsense_v2/images/train/serif/Noto_Serif_KR/Noto_Serif_KR_0070.png,data/v2/processed/fontsense_v2/images/train/serif/BatangChe/BatangChe_0038.png,4,False,True,False
data/v2/processed/fontsense_v2/images/train/serif/Noto_Serif_KR/Noto_Serif_KR_0070.png,data/v2/processed/fontsense_v2/images/train/serif/BatangChe/BatangChe_0092.png,4,False,True,False
data/v2/processed/fontsense_v2/images/train/serif/Noto_Serif_KR/Noto_Serif_KR_0072.png,data/v2/processed/fontsense_v2/images/train/serif/Quattrocento/Quattrocento_0015.png,4,False,True,False
data/v2/processed/fontsense_v2/images/train/serif/Noto_Serif_KR/Noto_Serif_KR_0074.png,data/v2/processed/fontsense_v2/images/train/serif/BatangChe/BatangChe_0034.png,4,False,True,False
data/v2/processed/fontsense_v2/images/train/serif/Noto_Serif_KR/Noto_Serif_KR_0074.png,data/v2/processed/fontsense_v2/images/train/serif/IM_Fell_Great_Primer/IM_Fell_Great_Primer_0009.png,4,False,True,False
data/v2/processed/fontsense_v2/images/train/serif/Noto_Serif_KR/Noto_Serif_KR_0074.png,data/v2/processed/fontsense_v2/images/train/serif/IM_Fell_Great_Primer/IM_Fell_Great_Primer_0048.png,4,False,True,False
data/v2/processed/fontsense_v2/images/train/serif/Noto_Serif_KR/Noto_Serif_KR_0075.png,data/v2/processed/fontsense_v2/images/train/serif/Domine/Domine_0056.png,4,False,True,False
data/v2/processed/fontsense_v2/images/train/serif/Noto_Serif_KR/Noto_Serif_KR_0075.png,data/v2/processed/fontsense_v2/images/train/serif/BatangChe/BatangChe_0061.png,4,False,True,False
data/v2/processed/fontsense_v2/images/train/serif/Noto_Serif_KR/Noto_Serif_KR_0077.png,data/v2/processed/fontsense_v2/images/train/serif/Yuji_Syuku/Yuji_Syuku_0076.png,4,False,True,False
data/v2/processed/fontsense_v2/images/train/serif/Noto_Serif_KR/Noto_Serif_KR_0078.png,data/v2/processed/fontsense_v2/images/train/serif/Noto_Serif_KR/Noto_Serif_KR_0098.png,4,True,True,False
data/v2/processed/fontsense_v2/images/train/serif/Noto_Serif_KR/Noto_Serif_KR_0078.png,data/v2/processed/fontsense_v2/images/train/serif/Domine/Domine_0002.png,4,False,True,False
data/v2/processed/fontsense_v2/images/train/serif/Noto_Serif_KR/Noto_Serif_KR_0078.png,data/v2/processed/fontsense_v2/images/train/serif/Yuji_Syuku/Yuji_Syuku_0078.png,4,False,True,False
data/v2/processed/fontsense_v2/images/train/serif/Noto_Serif_KR/Noto_Serif_KR_0078.png,data/v2/processed/fontsense_v2/images/train/serif/BatangChe/BatangChe_0067.png,4,False,True,False
data/v2/processed/fontsense_v2/images/train/serif/Noto_Serif_KR/Noto_Serif_KR_0078.png,data/v2/processed/fontsense_v2/images/train/serif/BatangChe/BatangChe_0068.png,4,False,True,False
data/v2/processed/fontsense_v2/images/train/serif/Noto_Serif_KR/Noto_Serif_KR_0078.png,data/v2/processed/fontsense_v2/images/train/serif/Rokkitt/Rokkitt_0046.png,4,False,True,False
data/v2/processed/fontsense_v2/images/train/serif/Noto_Serif_KR/Noto_Serif_KR_0078.png,data/v2/processed/fontsense_v2/images/train/serif/Rokkitt/Rokkitt_0062.png,4,False,True,False
data/v2/processed/fontsense_v2/images/train/serif/Noto_Serif_KR/Noto_Serif_KR_0078.png,data/v2/processed/fontsense_v2/images/train/serif/Rokkitt/Rokkitt_0079.png,4,False,True,False
data/v2/processed/fontsense_v2/images/train/serif/Noto_Serif_KR/Noto_Serif_KR_0078.png,data/v2/processed/fontsense_v2/images/train/serif/Rokkitt/Rokkitt_0084.png,4,False,True,False
data/v2/processed/fontsense_v2/images/train/serif/Noto_Serif_KR/Noto_Serif_KR_0078.png,data/v2/processed/fontsense_v2/images/train/serif/Quattrocento/Quattrocento_0006.png,4,False,True,False
data/v2/processed/fontsense_v2/images/train/serif/Noto_Serif_KR/Noto_Serif_KR_0078.png,data/v2/processed/fontsense_v2/images/train/serif/Quattrocento/Quattrocento_0015.png,4,False,True,False
data/v2/processed/fontsense_v2/images/train/serif/Noto_Serif_KR/Noto_Serif_KR_0078.png,data/v2/processed/fontsense_v2/images/train/serif/Quattrocento/Quattrocento_0080.png,4,False,True,False
data/v2/processed/fontsense_v2/images/train/serif/Noto_Serif_KR/Noto_Serif_KR_0078.png,data/v2/processed/fontsense_v2/images/train/serif/Sanchez/Sanchez_0010.png,4,False,True,False
data/v2/processed/fontsense_v2/images/train/serif/Noto_Serif_KR/Noto_Serif_KR_0078.png,data/v2/processed/fontsense_v2/images/train/serif/Noto_Serif_Ahom/Noto_Serif_Ahom_0030.png,4,False,True,False
data/v2/processed/fontsense_v2/images/train/serif/Noto_Serif_KR/Noto_Serif_KR_0078.png,data/v2/processed/fontsense_v2/images/train/serif/Noto_Serif_Ahom/Noto_Serif_Ahom_0055.png,4,False,True,False
data/v2/processed/fontsense_v2/images/train/serif/Noto_Serif_KR/Noto_Serif_KR_0078.png,data/v2/processed/fontsense_v2/images/train/serif/Noto_Serif_Ahom/Noto_Serif_Ahom_0065.png,4,False,True,False
data/v2/processed/fontsense_v2/images/train/serif/Noto_Serif_KR/Noto_Serif_KR_0080.png,data/v2/processed/fontsense_v2/images/train/serif/Yuji_Syuku/Yuji_Syuku_0089.png,4,False,True,False
data/v2/processed/fontsense_v2/images/train/serif/Noto_Serif_KR/Noto_Serif_KR_0081.png,data/v2/processed/fontsense_v2/images/train/serif/Sanchez/Sanchez_0092.png,4,False,True,False
data/v2/processed/fontsense_v2/images/train/serif/Noto_Serif_KR/Noto_Serif_KR_0081.png,data/v2/processed/fontsense_v2/images/train/serif/Noto_Serif_Ahom/Noto_Serif_Ahom_0068.png,4,False,True,False
data/v2/processed/fontsense_v2/images/train/serif/Noto_Serif_KR/Noto_Serif_KR_0082.png,data/v2/processed/fontsense_v2/images/train/serif/Domine/Domine_0042.png,4,False,True,False
data/v2/processed/fontsense_v2/images/train/serif/Noto_Serif_KR/Noto_Serif_KR_0082.png,data/v2/processed/fontsense_v2/images/train/serif/BatangChe/BatangChe_0008.png,4,False,True,False
data/v2/processed/fontsense_v2/images/train/serif/Noto_Serif_KR/Noto_Serif_KR_0082.png,data/v2/processed/fontsense_v2/images/train/serif/Libre_Caslon_Text/Libre_Caslon_Text_0045.png,4,False,True,False
data/v2/processed/fontsense_v2/images/train/serif/Noto_Serif_KR/Noto_Serif_KR_0082.png,data/v2/processed/fontsense_v2/images/train/serif/Sanchez/Sanchez_0041.png,4,False,True,False
data/v2/processed/fontsense_v2/images/train/serif/Noto_Serif_KR/Noto_Serif_KR_0084.png,data/v2/processed/fontsense_v2/images/train/serif/Yuji_Syuku/Yuji_Syuku_0031.png,4,False,True,False
data/v2/processed/fontsense_v2/images/train/serif/Noto_Serif_KR/Noto_Serif_KR_0084.png,data/v2/processed/fontsense_v2/images/train/serif/BatangChe/BatangChe_0035.png,4,False,True,False
data/v2/processed/fontsense_v2/images/train/serif/Noto_Serif_KR/Noto_Serif_KR_0085.png,data/v2/processed/fontsense_v2/images/train/serif/Yuji_Syuku/Yuji_Syuku_0097.png,4,False,True,False
data/v2/processed/fontsense_v2/images/train/serif/Noto_Serif_KR/Noto_Serif_KR_0085.png,data/v2/processed/fontsense_v2/images/train/serif/Libre_Caslon_Text/Libre_Caslon_Text_0044.png,4,False,True,False
data/v2/processed/fontsense_v2/images/train/serif/Noto_Serif_KR/Noto_Serif_KR_0086.png,data/v2/processed/fontsense_v2/images/train/serif/BatangChe/BatangChe_0067.png,4,False,True,False
data/v2/processed/fontsense_v2/images/train/serif/Noto_Serif_KR/Noto_Serif_KR_0088.png,data/v2/processed/fontsense_v2/images/train/serif/Sanchez/Sanchez_0008.png,4,False,True,False
data/v2/processed/fontsense_v2/images/train/serif/Noto_Serif_KR/Noto_Serif_KR_0091.png,data/v2/processed/fontsense_v2/images/train/serif/Rokkitt/Rokkitt_0012.png,4,False,True,False
data/v2/processed/fontsense_v2/images/train/serif/Noto_Serif_KR/Noto_Serif_KR_0091.png,data/v2/processed/fontsense_v2/images/train/serif/Sanchez/Sanchez_0057.png,4,False,True,False
data/v2/processed/fontsense_v2/images/train/serif/Noto_Serif_KR/Noto_Serif_KR_0091.png,data/v2/processed/fontsense_v2/images/train/serif/IM_Fell_Great_Primer/IM_Fell_Great_Primer_0075.png,4,False,True,False
data/v2/processed/fontsense_v2/images/train/serif/Noto_Serif_KR/Noto_Serif_KR_0092.png,data/v2/processed/fontsense_v2/images/train/serif/Noto_Serif_KR/Noto_Serif_KR_0098.png,4,True,True,False
data/v2/processed/fontsense_v2/images/train/serif/Noto_Serif_KR/Noto_Serif_KR_0092.png,data/v2/processed/fontsense_v2/images/train/serif/Yuji_Syuku/Yuji_Syuku_0069.png,4,False,True,False
data/v2/processed/fontsense_v2/images/train/serif/Noto_Serif_KR/Noto_Serif_KR_0092.png,data/v2/processed/fontsense_v2/images/train/serif/BatangChe/BatangChe_0082.png,4,False,True,False
data/v2/processed/fontsense_v2/images/train/serif/Noto_Serif_KR/Noto_Serif_KR_0094.png,data/v2/processed/fontsense_v2/images/train/serif/Yuji_Syuku/Yuji_Syuku_0053.png,4,False,True,False
data/v2/processed/fontsense_v2/images/train/serif/Noto_Serif_KR/Noto_Serif_KR_0095.png,data/v2/processed/fontsense_v2/images/train/serif/BatangChe/BatangChe_0044.png,4,False,True,False
data/v2/processed/fontsense_v2/images/train/serif/Noto_Serif_KR/Noto_Serif_KR_0095.png,data/v2/processed/fontsense_v2/images/train/serif/BatangChe/BatangChe_0052.png,4,False,True,False
data/v2/processed/fontsense_v2/images/train/serif/Noto_Serif_KR/Noto_Serif_KR_0095.png,data/v2/processed/fontsense_v2/images/train/serif/Libre_Caslon_Text/Libre_Caslon_Text_0009.png,4,False,True,False
data/v2/processed/fontsense_v2/images/train/serif/Noto_Serif_KR/Noto_Serif_KR_0095.png,data/v2/processed/fontsense_v2/images/train/serif/Rokkitt/Rokkitt_0065.png,4,False,True,False
data/v2/processed/fontsense_v2/images/train/serif/Noto_Serif_KR/Noto_Serif_KR_0095.png,data/v2/processed/fontsense_v2/images/train/serif/Quattrocento/Quattrocento_0081.png,4,False,True,False
data/v2/processed/fontsense_v2/images/train/serif/Noto_Serif_KR/Noto_Serif_KR_0095.png,data/v2/processed/fontsense_v2/images/train/serif/Sanchez/Sanchez_0080.png,4,False,True,False
data/v2/processed/fontsense_v2/images/train/serif/Noto_Serif_KR/Noto_Serif_KR_0096.png,data/v2/processed/fontsense_v2/images/train/serif/Quattrocento/Quattrocento_0021.png,4,False,True,False
data/v2/processed/fontsense_v2/images/train/serif/Noto_Serif_KR/Noto_Serif_KR_0097.png,data/v2/processed/fontsense_v2/images/train/serif/Domine/Domine_0073.png,4,False,True,False
data/v2/processed/fontsense_v2/images/train/serif/Noto_Serif_KR/Noto_Serif_KR_0097.png,data/v2/processed/fontsense_v2/images/train/serif/Domine/Domine_0091.png,4,False,True,False
data/v2/processed/fontsense_v2/images/train/serif/Noto_Serif_KR/Noto_Serif_KR_0097.png,data/v2/processed/fontsense_v2/images/train/serif/Libre_Caslon_Text/Libre_Caslon_Text_0074.png,4,False,True,False
data/v2/processed/fontsense_v2/images/train/serif/Noto_Serif_KR/Noto_Serif_KR_0097.png,data/v2/processed/fontsense_v2/images/train/serif/Noto_Serif_Ahom/Noto_Serif_Ahom_0025.png,4,False,True,False
data/v2/processed/fontsense_v2/images/train/serif/Noto_Serif_KR/Noto_Serif_KR_0098.png,data/v2/processed/fontsense_v2/images/train/serif/Rokkitt/Rokkitt_0000.png,4,False,True,False
data/v2/processed/fontsense_v2/images/train/serif/Noto_Serif_KR/Noto_Serif_KR_0098.png,data/v2/processed/fontsense_v2/images/train/serif/Noto_Serif_Ahom/Noto_Serif_Ahom_0024.png,4,False,True,False
data/v2/processed/fontsense_v2/images/train/serif/Noto_Serif_KR/Noto_Serif_KR_0098.png,data/v2/processed/fontsense_v2/images/train/serif/Noto_Serif_Ahom/Noto_Serif_Ahom_0046.png,4,False,True,False
data/v2/processed/fontsense_v2/images/train/serif/Noto_Serif_KR/Noto_Serif_KR_0098.png,data/v2/processed/fontsense_v2/images/train/serif/Noto_Serif_Ahom/Noto_Serif_Ahom_0065.png,4,False,True,False
data/v2/processed/fontsense_v2/images/train/serif/Noto_Serif_KR/Noto_Serif_KR_0099.png,data/v2/processed/fontsense_v2/images/train/serif/Noto_Serif_Ahom/Noto_Serif_Ahom_0032.png,4,False,True,False
data/v2/processed/fontsense_v2/images/train/serif/Quattrocento/Quattrocento_0004.png,data/v2/processed/fontsense_v2/images/train/serif/Quattrocento/Quattrocento_0047.png,4,True,True,False
data/v2/processed/fontsense_v2/images/train/serif/Quattrocento/Quattrocento_0006.png,data/v2/processed/fontsense_v2/images/train/serif/Quattrocento/Quattrocento_0042.png,4,True,True,False
data/v2/processed/fontsense_v2/images/train/serif/Quattrocento/Quattrocento_0006.png,data/v2/processed/fontsense_v2/images/train/serif/Quattrocento/Quattrocento_0080.png,4,True,True,False
data/v2/processed/fontsense_v2/images/train/serif/Quattrocento/Quattrocento_0006.png,data/v2/processed/fontsense_v2/images/train/serif/Sanchez/Sanchez_0006.png,4,False,True,False
data/v2/processed/fontsense_v2/images/train/serif/Quattrocento/Quattrocento_0006.png,data/v2/processed/fontsense_v2/images/train/serif/IM_Fell_Great_Primer/IM_Fell_Great_Primer_0062.png,4,False,True,False
data/v2/processed/fontsense_v2/images/train/serif/Quattrocento/Quattrocento_0006.png,data/v2/processed/fontsense_v2/images/train/serif/Noto_Serif_Ahom/Noto_Serif_Ahom_0019.png,4,False,True,False
data/v2/processed/fontsense_v2/images/train/serif/Quattrocento/Quattrocento_0009.png,data/v2/processed/fontsense_v2/images/train/serif/Quattrocento/Quattrocento_0026.png,4,True,True,False
data/v2/processed/fontsense_v2/images/train/serif/Quattrocento/Quattrocento_0009.png,data/v2/processed/fontsense_v2/images/train/serif/Noto_Serif_Ahom/Noto_Serif_Ahom_0066.png,4,False,True,False
data/v2/processed/fontsense_v2/images/train/serif/Quattrocento/Quattrocento_0010.png,data/v2/processed/fontsense_v2/images/train/serif/IM_Fell_Great_Primer/IM_Fell_Great_Primer_0042.png,4,False,True,False
data/v2/processed/fontsense_v2/images/train/serif/Quattrocento/Quattrocento_0011.png,data/v2/processed/fontsense_v2/images/train/serif/Noto_Serif_Ahom/Noto_Serif_Ahom_0005.png,4,False,True,False
data/v2/processed/fontsense_v2/images/train/serif/Quattrocento/Quattrocento_0012.png,data/v2/processed/fontsense_v2/images/train/serif/Quattrocento/Quattrocento_0074.png,4,True,True,False
data/v2/processed/fontsense_v2/images/train/serif/Quattrocento/Quattrocento_0012.png,data/v2/processed/fontsense_v2/images/train/serif/Noto_Serif_Ahom/Noto_Serif_Ahom_0050.png,4,False,True,False
data/v2/processed/fontsense_v2/images/train/serif/Quattrocento/Quattrocento_0015.png,data/v2/processed/fontsense_v2/images/train/serif/Quattrocento/Quattrocento_0061.png,4,True,True,False
data/v2/processed/fontsense_v2/images/train/serif/Quattrocento/Quattrocento_0015.png,data/v2/processed/fontsense_v2/images/train/serif/IM_Fell_Great_Primer/IM_Fell_Great_Primer_0090.png,4,False,True,False
data/v2/processed/fontsense_v2/images/train/serif/Quattrocento/Quattrocento_0015.png,data/v2/processed/fontsense_v2/images/train/serif/Noto_Serif_Ahom/Noto_Serif_Ahom_0014.png,4,False,True,False
data/v2/processed/fontsense_v2/images/train/serif/Quattrocento/Quattrocento_0015.png,data/v2/processed/fontsense_v2/images/train/serif/Noto_Serif_Ahom/Noto_Serif_Ahom_0024.png,4,False,True,False
data/v2/processed/fontsense_v2/images/train/serif/Quattrocento/Quattrocento_0015.png,data/v2/processed/fontsense_v2/images/train/serif/Noto_Serif_Ahom/Noto_Serif_Ahom_0046.png,4,False,True,False
data/v2/processed/fontsense_v2/images/train/serif/Quattrocento/Quattrocento_0016.png,data/v2/processed/fontsense_v2/images/train/serif/Quattrocento/Quattrocento_0081.png,4,True,True,False
data/v2/processed/fontsense_v2/images/train/serif/Quattrocento/Quattrocento_0018.png,data/v2/processed/fontsense_v2/images/train/serif/Quattrocento/Quattrocento_0092.png,4,True,True,False
data/v2/processed/fontsense_v2/images/train/serif/Quattrocento/Quattrocento_0018.png,data/v2/processed/fontsense_v2/images/train/serif/Sanchez/Sanchez_0001.png,4,False,True,False
data/v2/processed/fontsense_v2/images/train/serif/Quattrocento/Quattrocento_0018.png,data/v2/processed/fontsense_v2/images/train/serif/Sanchez/Sanchez_0006.png,4,False,True,False
data/v2/processed/fontsense_v2/images/train/serif/Quattrocento/Quattrocento_0018.png,data/v2/processed/fontsense_v2/images/train/serif/IM_Fell_Great_Primer/IM_Fell_Great_Primer_0032.png,4,False,True,False
data/v2/processed/fontsense_v2/images/train/serif/Quattrocento/Quattrocento_0019.png,data/v2/processed/fontsense_v2/images/train/serif/Quattrocento/Quattrocento_0035.png,4,True,True,False
data/v2/processed/fontsense_v2/images/train/serif/Quattrocento/Quattrocento_0019.png,data/v2/processed/fontsense_v2/images/train/serif/IM_Fell_Great_Primer/IM_Fell_Great_Primer_0031.png,4,False,True,False
data/v2/processed/fontsense_v2/images/train/serif/Quattrocento/Quattrocento_0020.png,data/v2/processed/fontsense_v2/images/train/serif/Quattrocento/Quattrocento_0021.png,4,True,True,False
data/v2/processed/fontsense_v2/images/train/serif/Quattrocento/Quattrocento_0020.png,data/v2/processed/fontsense_v2/images/train/serif/Quattrocento/Quattrocento_0065.png,4,True,True,False
data/v2/processed/fontsense_v2/images/train/serif/Quattrocento/Quattrocento_0020.png,data/v2/processed/fontsense_v2/images/train/serif/Sanchez/Sanchez_0041.png,4,False,True,False
data/v2/processed/fontsense_v2/images/train/serif/Quattrocento/Quattrocento_0021.png,data/v2/processed/fontsense_v2/images/train/serif/Sanchez/Sanchez_0038.png,4,False,True,False
data/v2/processed/fontsense_v2/images/train/serif/Quattrocento/Quattrocento_0021.png,data/v2/processed/fontsense_v2/images/train/serif/Sanchez/Sanchez_0089.png,4,False,True,False
data/v2/processed/fontsense_v2/images/train/serif/Quattrocento/Quattrocento_0021.png,data/v2/processed/fontsense_v2/images/train/serif/IM_Fell_Great_Primer/IM_Fell_Great_Primer_0045.png,4,False,True,False
data/v2/processed/fontsense_v2/images/train/serif/Quattrocento/Quattrocento_0023.png,data/v2/processed/fontsense_v2/images/train/serif/IM_Fell_Great_Primer/IM_Fell_Great_Primer_0088.png,4,False,True,False
data/v2/processed/fontsense_v2/images/train/serif/Quattrocento/Quattrocento_0023.png,data/v2/processed/fontsense_v2/images/train/serif/Noto_Serif_Ahom/Noto_Serif_Ahom_0043.png,4,False,True,False
data/v2/processed/fontsense_v2/images/train/serif/Quattrocento/Quattrocento_0025.png,data/v2/processed/fontsense_v2/images/train/serif/Noto_Serif_Ahom/Noto_Serif_Ahom_0067.png,4,False,True,False
data/v2/processed/fontsense_v2/images/train/serif/Quattrocento/Quattrocento_0026.png,data/v2/processed/fontsense_v2/images/train/serif/IM_Fell_Great_Primer/IM_Fell_Great_Primer_0090.png,4,False,True,False
data/v2/processed/fontsense_v2/images/train/serif/Quattrocento/Quattrocento_0026.png,data/v2/processed/fontsense_v2/images/train/serif/Noto_Serif_Ahom/Noto_Serif_Ahom_0024.png,4,False,True,False
data/v2/processed/fontsense_v2/images/train/serif/Quattrocento/Quattrocento_0028.png,data/v2/processed/fontsense_v2/images/train/serif/Noto_Serif_Ahom/Noto_Serif_Ahom_0035.png,4,False,True,False
data/v2/processed/fontsense_v2/images/train/serif/Quattrocento/Quattrocento_0029.png,data/v2/processed/fontsense_v2/images/train/serif/Noto_Serif_Ahom/Noto_Serif_Ahom_0049.png,4,False,True,False
data/v2/processed/fontsense_v2/images/train/serif/Quattrocento/Quattrocento_0030.png,data/v2/processed/fontsense_v2/images/train/serif/IM_Fell_Great_Primer/IM_Fell_Great_Primer_0076.png,4,False,True,False
data/v2/processed/fontsense_v2/images/train/serif/Quattrocento/Quattrocento_0030.png,data/v2/processed/fontsense_v2/images/train/serif/Noto_Serif_Ahom/Noto_Serif_Ahom_0035.png,4,False,True,False
data/v2/processed/fontsense_v2/images/train/serif/Quattrocento/Quattrocento_0032.png,data/v2/processed/fontsense_v2/images/train/serif/IM_Fell_Great_Primer/IM_Fell_Great_Primer_0079.png,4,False,True,False
data/v2/processed/fontsense_v2/images/train/serif/Quattrocento/Quattrocento_0035.png,data/v2/processed/fontsense_v2/images/train/serif/Sanchez/Sanchez_0072.png,4,False,True,True
data/v2/processed/fontsense_v2/images/train/serif/Quattrocento/Quattrocento_0036.png,data/v2/processed/fontsense_v2/images/train/serif/IM_Fell_Great_Primer/IM_Fell_Great_Primer_0014.png,4,False,True,False
data/v2/processed/fontsense_v2/images/train/serif/Quattrocento/Quattrocento_0038.png,data/v2/processed/fontsense_v2/images/train/serif/Quattrocento/Quattrocento_0056.png,4,True,True,False
data/v2/processed/fontsense_v2/images/train/serif/Quattrocento/Quattrocento_0038.png,data/v2/processed/fontsense_v2/images/train/serif/Sanchez/Sanchez_0053.png,4,False,True,False
data/v2/processed/fontsense_v2/images/train/serif/Quattrocento/Quattrocento_0038.png,data/v2/processed/fontsense_v2/images/train/serif/Sanchez/Sanchez_0079.png,4,False,True,False
data/v2/processed/fontsense_v2/images/train/serif/Quattrocento/Quattrocento_0038.png,data/v2/processed/fontsense_v2/images/train/serif/IM_Fell_Great_Primer/IM_Fell_Great_Primer_0003.png,4,False,True,False
data/v2/processed/fontsense_v2/images/train/serif/Quattrocento/Quattrocento_0038.png,data/v2/processed/fontsense_v2/images/train/serif/IM_Fell_Great_Primer/IM_Fell_Great_Primer_0012.png,4,False,True,False
data/v2/processed/fontsense_v2/images/train/serif/Quattrocento/Quattrocento_0038.png,data/v2/processed/fontsense_v2/images/train/serif/IM_Fell_Great_Primer/IM_Fell_Great_Primer_0079.png,4,False,True,False
data/v2/processed/fontsense_v2/images/train/serif/Quattrocento/Quattrocento_0038.png,data/v2/processed/fontsense_v2/images/train/serif/IM_Fell_Great_Primer/IM_Fell_Great_Primer_0097.png,4,False,True,False
data/v2/processed/fontsense_v2/images/train/serif/Quattrocento/Quattrocento_0038.png,data/v2/processed/fontsense_v2/images/train/serif/IM_Fell_Great_Primer/IM_Fell_Great_Primer_0098.png,4,False,True,False
data/v2/processed/fontsense_v2/images/train/serif/Quattrocento/Quattrocento_0038.png,data/v2/processed/fontsense_v2/images/train/serif/Noto_Serif_Ahom/Noto_Serif_Ahom_0059.png,4,False,True,False
data/v2/processed/fontsense_v2/images/train/serif/Quattrocento/Quattrocento_0039.png,data/v2/processed/fontsense_v2/images/train/serif/Sanchez/Sanchez_0024.png,4,False,True,False
data/v2/processed/fontsense_v2/images/train/serif/Quattrocento/Quattrocento_0039.png,data/v2/processed/fontsense_v2/images/train/serif/Sanchez/Sanchez_0040.png,4,False,True,False
data/v2/processed/fontsense_v2/images/train/serif/Quattrocento/Quattrocento_0041.png,data/v2/processed/fontsense_v2/images/train/serif/Quattrocento/Quattrocento_0077.png,4,True,True,False
data/v2/processed/fontsense_v2/images/train/serif/Quattrocento/Quattrocento_0042.png,data/v2/processed/fontsense_v2/images/train/serif/Quattrocento/Quattrocento_0061.png,4,True,True,False
data/v2/processed/fontsense_v2/images/train/serif/Quattrocento/Quattrocento_0042.png,data/v2/processed/fontsense_v2/images/train/serif/Sanchez/Sanchez_0072.png,4,False,True,False
data/v2/processed/fontsense_v2/images/train/serif/Quattrocento/Quattrocento_0042.png,data/v2/processed/fontsense_v2/images/train/serif/IM_Fell_Great_Primer/IM_Fell_Great_Primer_0093.png,4,False,True,False
data/v2/processed/fontsense_v2/images/train/serif/Quattrocento/Quattrocento_0043.png,data/v2/processed/fontsense_v2/images/train/serif/IM_Fell_Great_Primer/IM_Fell_Great_Primer_0020.png,4,False,True,False
data/v2/processed/fontsense_v2/images/train/serif/Quattrocento/Quattrocento_0044.png,data/v2/processed/fontsense_v2/images/train/serif/IM_Fell_Great_Primer/IM_Fell_Great_Primer_0055.png,4,False,True,False
data/v2/processed/fontsense_v2/images/train/serif/Quattrocento/Quattrocento_0045.png,data/v2/processed/fontsense_v2/images/train/serif/Quattrocento/Quattrocento_0085.png,4,True,True,False
data/v2/processed/fontsense_v2/images/train/serif/Quattrocento/Quattrocento_0045.png,data/v2/processed/fontsense_v2/images/train/serif/Noto_Serif_Ahom/Noto_Serif_Ahom_0032.png,4,False,True,False
data/v2/processed/fontsense_v2/images/train/serif/Quattrocento/Quattrocento_0045.png,data/v2/processed/fontsense_v2/images/train/serif/Noto_Serif_Ahom/Noto_Serif_Ahom_0047.png,4,False,True,False
data/v2/processed/fontsense_v2/images/train/serif/Quattrocento/Quattrocento_0046.png,data/v2/processed/fontsense_v2/images/train/serif/IM_Fell_Great_Primer/IM_Fell_Great_Primer_0063.png,4,False,True,False
data/v2/processed/fontsense_v2/images/train/serif/Quattrocento/Quattrocento_0048.png,data/v2/processed/fontsense_v2/images/train/serif/IM_Fell_Great_Primer/IM_Fell_Great_Primer_0098.png,4,False,True,False
data/v2/processed/fontsense_v2/images/train/serif/Quattrocento/Quattrocento_0048.png,data/v2/processed/fontsense_v2/images/train/serif/Noto_Serif_Ahom/Noto_Serif_Ahom_0029.png,4,False,True,False
data/v2/processed/fontsense_v2/images/train/serif/Quattrocento/Quattrocento_0049.png,data/v2/processed/fontsense_v2/images/train/serif/Quattrocento/Quattrocento_0063.png,4,True,True,False
data/v2/processed/fontsense_v2/images/train/serif/Quattrocento/Quattrocento_0049.png,data/v2/processed/fontsense_v2/images/train/serif/IM_Fell_Great_Primer/IM_Fell_Great_Primer_0092.png,4,False,True,False
data/v2/processed/fontsense_v2/images/train/serif/Quattrocento/Quattrocento_0050.png,data/v2/processed/fontsense_v2/images/train/serif/Sanchez/Sanchez_0083.png,4,False,True,False
data/v2/processed/fontsense_v2/images/train/serif/Quattrocento/Quattrocento_0050.png,data/v2/processed/fontsense_v2/images/train/serif/Noto_Serif_Ahom/Noto_Serif_Ahom_0022.png,4,False,True,False
data/v2/processed/fontsense_v2/images/train/serif/Quattrocento/Quattrocento_0053.png,data/v2/processed/fontsense_v2/images/train/serif/Sanchez/Sanchez_0041.png,4,False,True,False
data/v2/processed/fontsense_v2/images/train/serif/Quattrocento/Quattrocento_0054.png,data/v2/processed/fontsense_v2/images/train/serif/Noto_Serif_Ahom/Noto_Serif_Ahom_0034.png,4,False,True,False
data/v2/processed/fontsense_v2/images/train/serif/Quattrocento/Quattrocento_0056.png,data/v2/processed/fontsense_v2/images/train/serif/Sanchez/Sanchez_0023.png,4,False,True,False
data/v2/processed/fontsense_v2/images/train/serif/Quattrocento/Quattrocento_0056.png,data/v2/processed/fontsense_v2/images/train/serif/Sanchez/Sanchez_0053.png,4,False,True,False
data/v2/processed/fontsense_v2/images/train/serif/Quattrocento/Quattrocento_0056.png,data/v2/processed/fontsense_v2/images/train/serif/Sanchez/Sanchez_0079.png,4,False,True,False
data/v2/processed/fontsense_v2/images/train/serif/Quattrocento/Quattrocento_0056.png,data/v2/processed/fontsense_v2/images/train/serif/Noto_Serif_Ahom/Noto_Serif_Ahom_0061.png,4,False,True,False
data/v2/processed/fontsense_v2/images/train/serif/Quattrocento/Quattrocento_0058.png,data/v2/processed/fontsense_v2/images/train/serif/IM_Fell_Great_Primer/IM_Fell_Great_Primer_0018.png,4,False,True,False
data/v2/processed/fontsense_v2/images/train/serif/Quattrocento/Quattrocento_0058.png,data/v2/processed/fontsense_v2/images/train/serif/IM_Fell_Great_Primer/IM_Fell_Great_Primer_0087.png,4,False,True,False
data/v2/processed/fontsense_v2/images/train/serif/Quattrocento/Quattrocento_0059.png,data/v2/processed/fontsense_v2/images/train/serif/Quattrocento/Quattrocento_0075.png,4,True,True,False
data/v2/processed/fontsense_v2/images/train/serif/Quattrocento/Quattrocento_0059.png,data/v2/processed/fontsense_v2/images/train/serif/Quattrocento/Quattrocento_0076.png,4,True,True,False
data/v2/processed/fontsense_v2/images/train/serif/Quattrocento/Quattrocento_0059.png,data/v2/processed/fontsense_v2/images/train/serif/Quattrocento/Quattrocento_0086.png,4,True,True,False
data/v2/processed/fontsense_v2/images/train/serif/Quattrocento/Quattrocento_0059.png,data/v2/processed/fontsense_v2/images/train/serif/Quattrocento/Quattrocento_0098.png,4,True,True,False
data/v2/processed/fontsense_v2/images/train/serif/Quattrocento/Quattrocento_0059.png,data/v2/processed/fontsense_v2/images/train/serif/Noto_Serif_Ahom/Noto_Serif_Ahom_0039.png,4,False,True,False
data/v2/processed/fontsense_v2/images/train/serif/Quattrocento/Quattrocento_0061.png,data/v2/processed/fontsense_v2/images/train/serif/Sanchez/Sanchez_0095.png,4,False,True,False
data/v2/processed/fontsense_v2/images/train/serif/Quattrocento/Quattrocento_0061.png,data/v2/processed/fontsense_v2/images/train/serif/IM_Fell_Great_Primer/IM_Fell_Great_Primer_0030.png,4,False,True,False
data/v2/processed/fontsense_v2/images/train/serif/Quattrocento/Quattrocento_0061.png,data/v2/processed/fontsense_v2/images/train/serif/IM_Fell_Great_Primer/IM_Fell_Great_Primer_0066.png,4,False,True,False
data/v2/processed/fontsense_v2/images/train/serif/Quattrocento/Quattrocento_0061.png,data/v2/processed/fontsense_v2/images/train/serif/Noto_Serif_Ahom/Noto_Serif_Ahom_0030.png,4,False,True,False
data/v2/processed/fontsense_v2/images/train/serif/Quattrocento/Quattrocento_0063.png,data/v2/processed/fontsense_v2/images/train/serif/IM_Fell_Great_Primer/IM_Fell_Great_Primer_0092.png,4,False,True,False
data/v2/processed/fontsense_v2/images/train/serif/Quattrocento/Quattrocento_0067.png,data/v2/processed/fontsense_v2/images/train/serif/IM_Fell_Great_Primer/IM_Fell_Great_Primer_0015.png,4,False,True,False
data/v2/processed/fontsense_v2/images/train/serif/Quattrocento/Quattrocento_0067.png,data/v2/processed/fontsense_v2/images/train/serif/IM_Fell_Great_Primer/IM_Fell_Great_Primer_0077.png,4,False,True,False
data/v2/processed/fontsense_v2/images/train/serif/Quattrocento/Quattrocento_0067.png,data/v2/processed/fontsense_v2/images/train/serif/Noto_Serif_Ahom/Noto_Serif_Ahom_0000.png,4,False,True,False
data/v2/processed/fontsense_v2/images/train/serif/Quattrocento/Quattrocento_0069.png,data/v2/processed/fontsense_v2/images/train/serif/Sanchez/Sanchez_0055.png,4,False,True,False
data/v2/processed/fontsense_v2/images/train/serif/Quattrocento/Quattrocento_0073.png,data/v2/processed/fontsense_v2/images/train/serif/Sanchez/Sanchez_0078.png,4,False,True,False
data/v2/processed/fontsense_v2/images/train/serif/Quattrocento/Quattrocento_0074.png,data/v2/processed/fontsense_v2/images/train/serif/Sanchez/Sanchez_0008.png,4,False,True,False
data/v2/processed/fontsense_v2/images/train/serif/Quattrocento/Quattrocento_0075.png,data/v2/processed/fontsense_v2/images/train/serif/Quattrocento/Quattrocento_0098.png,4,True,True,False
data/v2/processed/fontsense_v2/images/train/serif/Quattrocento/Quattrocento_0075.png,data/v2/processed/fontsense_v2/images/train/serif/Noto_Serif_Ahom/Noto_Serif_Ahom_0040.png,4,False,True,False
data/v2/processed/fontsense_v2/images/train/serif/Quattrocento/Quattrocento_0075.png,data/v2/processed/fontsense_v2/images/train/serif/Noto_Serif_Ahom/Noto_Serif_Ahom_0049.png,4,False,True,False
data/v2/processed/fontsense_v2/images/train/serif/Quattrocento/Quattrocento_0075.png,data/v2/processed/fontsense_v2/images/train/serif/Noto_Serif_Ahom/Noto_Serif_Ahom_0059.png,4,False,True,False
data/v2/processed/fontsense_v2/images/train/serif/Quattrocento/Quattrocento_0076.png,data/v2/processed/fontsense_v2/images/train/serif/IM_Fell_Great_Primer/IM_Fell_Great_Primer_0058.png,4,False,True,False
data/v2/processed/fontsense_v2/images/train/serif/Quattrocento/Quattrocento_0078.png,data/v2/processed/fontsense_v2/images/train/serif/Sanchez/Sanchez_0011.png,4,False,True,False
data/v2/processed/fontsense_v2/images/train/serif/Quattrocento/Quattrocento_0079.png,data/v2/processed/fontsense_v2/images/train/serif/Noto_Serif_Ahom/Noto_Serif_Ahom_0052.png,4,False,True,False
data/v2/processed/fontsense_v2/images/train/serif/Quattrocento/Quattrocento_0080.png,data/v2/processed/fontsense_v2/images/train/serif/Sanchez/Sanchez_0010.png,4,False,True,False
data/v2/processed/fontsense_v2/images/train/serif/Quattrocento/Quattrocento_0080.png,data/v2/processed/fontsense_v2/images/train/serif/IM_Fell_Great_Primer/IM_Fell_Great_Primer_0030.png,4,False,True,False
data/v2/processed/fontsense_v2/images/train/serif/Quattrocento/Quattrocento_0080.png,data/v2/processed/fontsense_v2/images/train/serif/IM_Fell_Great_Primer/IM_Fell_Great_Primer_0062.png,4,False,True,False
data/v2/processed/fontsense_v2/images/train/serif/Quattrocento/Quattrocento_0080.png,data/v2/processed/fontsense_v2/images/train/serif/IM_Fell_Great_Primer/IM_Fell_Great_Primer_0093.png,4,False,True,False
data/v2/processed/fontsense_v2/images/train/serif/Quattrocento/Quattrocento_0082.png,data/v2/processed/fontsense_v2/images/train/serif/IM_Fell_Great_Primer/IM_Fell_Great_Primer_0078.png,4,False,True,False
data/v2/processed/fontsense_v2/images/train/serif/Quattrocento/Quattrocento_0084.png,data/v2/processed/fontsense_v2/images/train/serif/IM_Fell_Great_Primer/IM_Fell_Great_Primer_0044.png,4,False,True,False
data/v2/processed/fontsense_v2/images/train/serif/Quattrocento/Quattrocento_0088.png,data/v2/processed/fontsense_v2/images/train/serif/Quattrocento/Quattrocento_0092.png,4,True,True,False
data/v2/processed/fontsense_v2/images/train/serif/Quattrocento/Quattrocento_0088.png,data/v2/processed/fontsense_v2/images/train/serif/IM_Fell_Great_Primer/IM_Fell_Great_Primer_0056.png,4,False,True,False
data/v2/processed/fontsense_v2/images/train/serif/Quattrocento/Quattrocento_0088.png,data/v2/processed/fontsense_v2/images/train/serif/Noto_Serif_Ahom/Noto_Serif_Ahom_0065.png,4,False,True,False
data/v2/processed/fontsense_v2/images/train/serif/Quattrocento/Quattrocento_0089.png,data/v2/processed/fontsense_v2/images/train/serif/Sanchez/Sanchez_0005.png,4,False,True,False
data/v2/processed/fontsense_v2/images/train/serif/Quattrocento/Quattrocento_0090.png,data/v2/processed/fontsense_v2/images/train/serif/IM_Fell_Great_Primer/IM_Fell_Great_Primer_0008.png,4,False,True,False
data/v2/processed/fontsense_v2/images/train/serif/Quattrocento/Quattrocento_0090.png,data/v2/processed/fontsense_v2/images/train/serif/IM_Fell_Great_Primer/IM_Fell_Great_Primer_0041.png,4,False,True,False
data/v2/processed/fontsense_v2/images/train/serif/Quattrocento/Quattrocento_0092.png,data/v2/processed/fontsense_v2/images/train/serif/Noto_Serif_Ahom/Noto_Serif_Ahom_0043.png,4,False,True,False
data/v2/processed/fontsense_v2/images/train/serif/Quattrocento/Quattrocento_0092.png,data/v2/processed/fontsense_v2/images/train/serif/Noto_Serif_Ahom/Noto_Serif_Ahom_0064.png,4,False,True,False
data/v2/processed/fontsense_v2/images/train/serif/Quattrocento/Quattrocento_0093.png,data/v2/processed/fontsense_v2/images/train/serif/Sanchez/Sanchez_0085.png,4,False,True,False
data/v2/processed/fontsense_v2/images/train/serif/Quattrocento/Quattrocento_0093.png,data/v2/processed/fontsense_v2/images/train/serif/IM_Fell_Great_Primer/IM_Fell_Great_Primer_0039.png,4,False,True,False
data/v2/processed/fontsense_v2/images/train/serif/Quattrocento/Quattrocento_0093.png,data/v2/processed/fontsense_v2/images/train/serif/IM_Fell_Great_Primer/IM_Fell_Great_Primer_0093.png,4,False,True,False
data/v2/processed/fontsense_v2/images/train/serif/Quattrocento/Quattrocento_0095.png,data/v2/processed/fontsense_v2/images/train/serif/Noto_Serif_Ahom/Noto_Serif_Ahom_0002.png,4,False,True,False
data/v2/processed/fontsense_v2/images/train/serif/Quattrocento/Quattrocento_0097.png,data/v2/processed/fontsense_v2/images/train/serif/Sanchez/Sanchez_0009.png,4,False,True,False
data/v2/processed/fontsense_v2/images/train/serif/Quattrocento/Quattrocento_0097.png,data/v2/processed/fontsense_v2/images/train/serif/Sanchez/Sanchez_0075.png,4,False,True,False
data/v2/processed/fontsense_v2/images/train/serif/Quattrocento/Quattrocento_0097.png,data/v2/processed/fontsense_v2/images/train/serif/Noto_Serif_Ahom/Noto_Serif_Ahom_0028.png,4,False,True,False
data/v2/processed/fontsense_v2/images/train/serif/Quattrocento/Quattrocento_0098.png,data/v2/processed/fontsense_v2/images/train/serif/Sanchez/Sanchez_0013.png,4,False,True,False
data/v2/processed/fontsense_v2/images/train/serif/Quattrocento/Quattrocento_0098.png,data/v2/processed/fontsense_v2/images/train/serif/IM_Fell_Great_Primer/IM_Fell_Great_Primer_0044.png,4,False,True,False
data/v2/processed/fontsense_v2/images/train/serif/Rokkitt/Rokkitt_0000.png,data/v2/processed/fontsense_v2/images/train/serif/Rokkitt/Rokkitt_0020.png,4,True,True,False
data/v2/processed/fontsense_v2/images/train/serif/Rokkitt/Rokkitt_0000.png,data/v2/processed/fontsense_v2/images/train/serif/Rokkitt/Rokkitt_0042.png,4,True,True,False
data/v2/processed/fontsense_v2/images/train/serif/Rokkitt/Rokkitt_0000.png,data/v2/processed/fontsense_v2/images/train/serif/Rokkitt/Rokkitt_0046.png,4,True,True,False
data/v2/processed/fontsense_v2/images/train/serif/Rokkitt/Rokkitt_0000.png,data/v2/processed/fontsense_v2/images/train/serif/Rokkitt/Rokkitt_0079.png,4,True,True,False
data/v2/processed/fontsense_v2/images/train/serif/Rokkitt/Rokkitt_0000.png,data/v2/processed/fontsense_v2/images/train/serif/Rokkitt/Rokkitt_0084.png,4,True,True,False
data/v2/processed/fontsense_v2/images/train/serif/Rokkitt/Rokkitt_0000.png,data/v2/processed/fontsense_v2/images/train/serif/Quattrocento/Quattrocento_0006.png,4,False,True,False
data/v2/processed/fontsense_v2/images/train/serif/Rokkitt/Rokkitt_0000.png,data/v2/processed/fontsense_v2/images/train/serif/Quattrocento/Quattrocento_0015.png,4,False,True,False
data/v2/processed/fontsense_v2/images/train/serif/Rokkitt/Rokkitt_0000.png,data/v2/processed/fontsense_v2/images/train/serif/Quattrocento/Quattrocento_0042.png,4,False,True,False
data/v2/processed/fontsense_v2/images/train/serif/Rokkitt/Rokkitt_0000.png,data/v2/processed/fontsense_v2/images/train/serif/Quattrocento/Quattrocento_0080.png,4,False,True,False
data/v2/processed/fontsense_v2/images/train/serif/Rokkitt/Rokkitt_0000.png,data/v2/processed/fontsense_v2/images/train/serif/IM_Fell_Great_Primer/IM_Fell_Great_Primer_0030.png,4,False,True,False
data/v2/processed/fontsense_v2/images/train/serif/Rokkitt/Rokkitt_0000.png,data/v2/processed/fontsense_v2/images/train/serif/Noto_Serif_Ahom/Noto_Serif_Ahom_0030.png,4,False,True,False
data/v2/processed/fontsense_v2/images/train/serif/Rokkitt/Rokkitt_0000.png,data/v2/processed/fontsense_v2/images/train/serif/Noto_Serif_Ahom/Noto_Serif_Ahom_0065.png,4,False,True,False
data/v2/processed/fontsense_v2/images/train/serif/Rokkitt/Rokkitt_0002.png,data/v2/processed/fontsense_v2/images/train/serif/Rokkitt/Rokkitt_0003.png,4,True,True,False
data/v2/processed/fontsense_v2/images/train/serif/Rokkitt/Rokkitt_0002.png,data/v2/processed/fontsense_v2/images/train/serif/Rokkitt/Rokkitt_0004.png,4,True,True,False
data/v2/processed/fontsense_v2/images/train/serif/Rokkitt/Rokkitt_0004.png,data/v2/processed/fontsense_v2/images/train/serif/Quattrocento/Quattrocento_0004.png,4,False,True,False
data/v2/processed/fontsense_v2/images/train/serif/Rokkitt/Rokkitt_0005.png,data/v2/processed/fontsense_v2/images/train/serif/Rokkitt/Rokkitt_0019.png,4,True,True,False
data/v2/processed/fontsense_v2/images/train/serif/Rokkitt/Rokkitt_0005.png,data/v2/processed/fontsense_v2/images/train/serif/Rokkitt/Rokkitt_0024.png,4,True,True,False
data/v2/processed/fontsense_v2/images/train/serif/Rokkitt/Rokkitt_0005.png,data/v2/processed/fontsense_v2/images/train/serif/Noto_Serif_Ahom/Noto_Serif_Ahom_0001.png,4,False,True,False
data/v2/processed/fontsense_v2/images/train/serif/Rokkitt/Rokkitt_0005.png,data/v2/processed/fontsense_v2/images/train/serif/Noto_Serif_Ahom/Noto_Serif_Ahom_0071.png,4,False,True,False
data/v2/processed/fontsense_v2/images/train/serif/Rokkitt/Rokkitt_0006.png,data/v2/processed/fontsense_v2/images/train/serif/Rokkitt/Rokkitt_0076.png,4,True,True,False
data/v2/processed/fontsense_v2/images/train/serif/Rokkitt/Rokkitt_0006.png,data/v2/processed/fontsense_v2/images/train/serif/IM_Fell_Great_Primer/IM_Fell_Great_Primer_0015.png,4,False,True,False
data/v2/processed/fontsense_v2/images/train/serif/Rokkitt/Rokkitt_0006.png,data/v2/processed/fontsense_v2/images/train/serif/IM_Fell_Great_Primer/IM_Fell_Great_Primer_0022.png,4,False,True,False
data/v2/processed/fontsense_v2/images/train/serif/Rokkitt/Rokkitt_0007.png,data/v2/processed/fontsense_v2/images/train/serif/Rokkitt/Rokkitt_0097.png,4,True,True,False
data/v2/processed/fontsense_v2/images/train/serif/Rokkitt/Rokkitt_0007.png,data/v2/processed/fontsense_v2/images/train/serif/Quattrocento/Quattrocento_0023.png,4,False,True,False
data/v2/processed/fontsense_v2/images/train/serif/Rokkitt/Rokkitt_0007.png,data/v2/processed/fontsense_v2/images/train/serif/Quattrocento/Quattrocento_0041.png,4,False,True,False
data/v2/processed/fontsense_v2/images/train/serif/Rokkitt/Rokkitt_0007.png,data/v2/processed/fontsense_v2/images/train/serif/IM_Fell_Great_Primer/IM_Fell_Great_Primer_0008.png,4,False,True,False
data/v2/processed/fontsense_v2/images/train/serif/Rokkitt/Rokkitt_0011.png,data/v2/processed/fontsense_v2/images/train/serif/IM_Fell_Great_Primer/IM_Fell_Great_Primer_0085.png,4,False,True,False
data/v2/processed/fontsense_v2/images/train/serif/Rokkitt/Rokkitt_0012.png,data/v2/processed/fontsense_v2/images/train/serif/Rokkitt/Rokkitt_0014.png,4,True,True,False
data/v2/processed/fontsense_v2/images/train/serif/Rokkitt/Rokkitt_0012.png,data/v2/processed/fontsense_v2/images/train/serif/Sanchez/Sanchez_0092.png,4,False,True,False
data/v2/processed/fontsense_v2/images/train/serif/Rokkitt/Rokkitt_0012.png,data/v2/processed/fontsense_v2/images/train/serif/Noto_Serif_Ahom/Noto_Serif_Ahom_0003.png,4,False,True,False
data/v2/processed/fontsense_v2/images/train/serif/Rokkitt/Rokkitt_0013.png,data/v2/processed/fontsense_v2/images/train/serif/Rokkitt/Rokkitt_0048.png,4,True,True,False
data/v2/processed/fontsense_v2/images/train/serif/Rokkitt/Rokkitt_0013.png,data/v2/processed/fontsense_v2/images/train/serif/Rokkitt/Rokkitt_0054.png,4,True,True,False
data/v2/processed/fontsense_v2/images/train/serif/Rokkitt/Rokkitt_0014.png,data/v2/processed/fontsense_v2/images/train/serif/Rokkitt/Rokkitt_0026.png,4,True,True,False
data/v2/processed/fontsense_v2/images/train/serif/Rokkitt/Rokkitt_0014.png,data/v2/processed/fontsense_v2/images/train/serif/Sanchez/Sanchez_0057.png,4,False,True,False
data/v2/processed/fontsense_v2/images/train/serif/Rokkitt/Rokkitt_0014.png,data/v2/processed/fontsense_v2/images/train/serif/Noto_Serif_Ahom/Noto_Serif_Ahom_0003.png,4,False,True,False
data/v2/processed/fontsense_v2/images/train/serif/Rokkitt/Rokkitt_0014.png,data/v2/processed/fontsense_v2/images/train/serif/Noto_Serif_Ahom/Noto_Serif_Ahom_0013.png,4,False,True,False
data/v2/processed/fontsense_v2/images/train/serif/Rokkitt/Rokkitt_0014.png,data/v2/processed/fontsense_v2/images/train/serif/Noto_Serif_Ahom/Noto_Serif_Ahom_0038.png,4,False,True,False
data/v2/processed/fontsense_v2/images/train/serif/Rokkitt/Rokkitt_0017.png,data/v2/processed/fontsense_v2/images/train/serif/Quattrocento/Quattrocento_0084.png,4,False,True,False
data/v2/processed/fontsense_v2/images/train/serif/Rokkitt/Rokkitt_0019.png,data/v2/processed/fontsense_v2/images/train/serif/Noto_Serif_Ahom/Noto_Serif_Ahom_0023.png,4,False,True,False
data/v2/processed/fontsense_v2/images/train/serif/Rokkitt/Rokkitt_0020.png,data/v2/processed/fontsense_v2/images/train/serif/Rokkitt/Rokkitt_0084.png,4,True,True,False
data/v2/processed/fontsense_v2/images/train/serif/Rokkitt/Rokkitt_0020.png,data/v2/processed/fontsense_v2/images/train/serif/Quattrocento/Quattrocento_0006.png,4,False,True,False
data/v2/processed/fontsense_v2/images/train/serif/Rokkitt/Rokkitt_0020.png,data/v2/processed/fontsense_v2/images/train/serif/IM_Fell_Great_Primer/IM_Fell_Great_Primer_0066.png,4,False,True,False
data/v2/processed/fontsense_v2/images/train/serif/Rokkitt/Rokkitt_0020.png,data/v2/processed/fontsense_v2/images/train/serif/Noto_Serif_Ahom/Noto_Serif_Ahom_0030.png,4,False,True,False
data/v2/processed/fontsense_v2/images/train/serif/Rokkitt/Rokkitt_0021.png,data/v2/processed/fontsense_v2/images/train/serif/Rokkitt/Rokkitt_0060.png,4,True,True,False
data/v2/processed/fontsense_v2/images/train/serif/Rokkitt/Rokkitt_0021.png,data/v2/processed/fontsense_v2/images/train/serif/Quattrocento/Quattrocento_0075.png,4,False,True,False
data/v2/processed/fontsense_v2/images/train/serif/Rokkitt/Rokkitt_0021.png,data/v2/processed/fontsense_v2/images/train/serif/Noto_Serif_Ahom/Noto_Serif_Ahom_0039.png,4,False,True,False
data/v2/processed/fontsense_v2/images/train/serif/Rokkitt/Rokkitt_0021.png,data/v2/processed/fontsense_v2/images/train/serif/Noto_Serif_Ahom/Noto_Serif_Ahom_0049.png,4,False,True,False
data/v2/processed/fontsense_v2/images/train/serif/Rokkitt/Rokkitt_0023.png,data/v2/processed/fontsense_v2/images/train/serif/Rokkitt/Rokkitt_0047.png,4,True,True,False
data/v2/processed/fontsense_v2/images/train/serif/Rokkitt/Rokkitt_0023.png,data/v2/processed/fontsense_v2/images/train/serif/Rokkitt/Rokkitt_0061.png,4,True,True,False
data/v2/processed/fontsense_v2/images/train/serif/Rokkitt/Rokkitt_0023.png,data/v2/processed/fontsense_v2/images/train/serif/Rokkitt/Rokkitt_0069.png,4,True,True,False
data/v2/processed/fontsense_v2/images/train/serif/Rokkitt/Rokkitt_0023.png,data/v2/processed/fontsense_v2/images/train/serif/Quattrocento/Quattrocento_0016.png,4,False,True,False
data/v2/processed/fontsense_v2/images/train/serif/Rokkitt/Rokkitt_0023.png,data/v2/processed/fontsense_v2/images/train/serif/Noto_Serif_Ahom/Noto_Serif_Ahom_0043.png,4,False,True,False
data/v2/processed/fontsense_v2/images/train/serif/Rokkitt/Rokkitt_0024.png,data/v2/processed/fontsense_v2/images/train/serif/Noto_Serif_Ahom/Noto_Serif_Ahom_0001.png,4,False,True,False
data/v2/processed/fontsense_v2/images/train/serif/Rokkitt/Rokkitt_0026.png,data/v2/processed/fontsense_v2/images/train/serif/Noto_Serif_Ahom/Noto_Serif_Ahom_0038.png,4,False,True,False
data/v2/processed/fontsense_v2/images/train/serif/Rokkitt/Rokkitt_0028.png,data/v2/processed/fontsense_v2/images/train/serif/Sanchez/Sanchez_0040.png,4,False,True,False
data/v2/processed/fontsense_v2/images/train/serif/Rokkitt/Rokkitt_0029.png,data/v2/processed/fontsense_v2/images/train/serif/Rokkitt/Rokkitt_0031.png,4,True,True,False
data/v2/processed/fontsense_v2/images/train/serif/Rokkitt/Rokkitt_0029.png,data/v2/processed/fontsense_v2/images/train/serif/Quattrocento/Quattrocento_0088.png,4,False,True,False
data/v2/processed/fontsense_v2/images/train/serif/Rokkitt/Rokkitt_0029.png,data/v2/processed/fontsense_v2/images/train/serif/Quattrocento/Quattrocento_0092.png,4,False,True,False
data/v2/processed/fontsense_v2/images/train/serif/Rokkitt/Rokkitt_0029.png,data/v2/processed/fontsense_v2/images/train/serif/Sanchez/Sanchez_0018.png,4,False,True,False
data/v2/processed/fontsense_v2/images/train/serif/Rokkitt/Rokkitt_0029.png,data/v2/processed/fontsense_v2/images/train/serif/IM_Fell_Great_Primer/IM_Fell_Great_Primer_0069.png,4,False,True,False
data/v2/processed/fontsense_v2/images/train/serif/Rokkitt/Rokkitt_0031.png,data/v2/processed/fontsense_v2/images/train/serif/Rokkitt/Rokkitt_0077.png,4,True,True,False
data/v2/processed/fontsense_v2/images/train/serif/Rokkitt/Rokkitt_0031.png,data/v2/processed/fontsense_v2/images/train/serif/Quattrocento/Quattrocento_0018.png,4,False,True,False
data/v2/processed/fontsense_v2/images/train/serif/Rokkitt/Rokkitt_0031.png,data/v2/processed/fontsense_v2/images/train/serif/Noto_Serif_Ahom/Noto_Serif_Ahom_0045.png,4,False,True,False
data/v2/processed/fontsense_v2/images/train/serif/Rokkitt/Rokkitt_0032.png,data/v2/processed/fontsense_v2/images/train/serif/Rokkitt/Rokkitt_0054.png,4,True,True,False
data/v2/processed/fontsense_v2/images/train/serif/Rokkitt/Rokkitt_0034.png,data/v2/processed/fontsense_v2/images/train/serif/Rokkitt/Rokkitt_0099.png,4,True,True,False
data/v2/processed/fontsense_v2/images/train/serif/Rokkitt/Rokkitt_0035.png,data/v2/processed/fontsense_v2/images/train/serif/Sanchez/Sanchez_0056.png,4,False,True,False
data/v2/processed/fontsense_v2/images/train/serif/Rokkitt/Rokkitt_0035.png,data/v2/processed/fontsense_v2/images/train/serif/IM_Fell_Great_Primer/IM_Fell_Great_Primer_0006.png,4,False,True,False
data/v2/processed/fontsense_v2/images/train/serif/Rokkitt/Rokkitt_0036.png,data/v2/processed/fontsense_v2/images/train/serif/Rokkitt/Rokkitt_0046.png,4,True,True,False
data/v2/processed/fontsense_v2/images/train/serif/Rokkitt/Rokkitt_0037.png,data/v2/processed/fontsense_v2/images/train/serif/Rokkitt/Rokkitt_0079.png,4,True,True,False
data/v2/processed/fontsense_v2/images/train/serif/Rokkitt/Rokkitt_0037.png,data/v2/processed/fontsense_v2/images/train/serif/Noto_Serif_Ahom/Noto_Serif_Ahom_0055.png,4,False,True,False
data/v2/processed/fontsense_v2/images/train/serif/Rokkitt/Rokkitt_0038.png,data/v2/processed/fontsense_v2/images/train/serif/Quattrocento/Quattrocento_0000.png,4,False,True,False
data/v2/processed/fontsense_v2/images/train/serif/Rokkitt/Rokkitt_0038.png,data/v2/processed/fontsense_v2/images/train/serif/Quattrocento/Quattrocento_0078.png,4,False,True,False
data/v2/processed/fontsense_v2/images/train/serif/Rokkitt/Rokkitt_0039.png,data/v2/processed/fontsense_v2/images/train/serif/Quattrocento/Quattrocento_0025.png,4,False,True,False
data/v2/processed/fontsense_v2/images/train/serif/Rokkitt/Rokkitt_0039.png,data/v2/processed/fontsense_v2/images/train/serif/Quattrocento/Quattrocento_0034.png,4,False,True,False
data/v2/processed/fontsense_v2/images/train/serif/Rokkitt/Rokkitt_0039.png,data/v2/processed/fontsense_v2/images/train/serif/Quattrocento/Quattrocento_0064.png,4,False,True,False
data/v2/processed/fontsense_v2/images/train/serif/Rokkitt/Rokkitt_0039.png,data/v2/processed/fontsense_v2/images/train/serif/Quattrocento/Quattrocento_0089.png,4,False,True,False
data/v2/processed/fontsense_v2/images/train/serif/Rokkitt/Rokkitt_0039.png,data/v2/processed/fontsense_v2/images/train/serif/Quattrocento/Quattrocento_0098.png,4,False,True,False
data/v2/processed/fontsense_v2/images/train/serif/Rokkitt/Rokkitt_0039.png,data/v2/processed/fontsense_v2/images/train/serif/Sanchez/Sanchez_0013.png,4,False,True,False
data/v2/processed/fontsense_v2/images/train/serif/Rokkitt/Rokkitt_0039.png,data/v2/processed/fontsense_v2/images/train/serif/Sanchez/Sanchez_0053.png,4,False,True,False
data/v2/processed/fontsense_v2/images/train/serif/Rokkitt/Rokkitt_0039.png,data/v2/processed/fontsense_v2/images/train/serif/IM_Fell_Great_Primer/IM_Fell_Great_Primer_0016.png,4,False,True,False
data/v2/processed/fontsense_v2/images/train/serif/Rokkitt/Rokkitt_0039.png,data/v2/processed/fontsense_v2/images/train/serif/Noto_Serif_Ahom/Noto_Serif_Ahom_0049.png,4,False,True,False
data/v2/processed/fontsense_v2/images/train/serif/Rokkitt/Rokkitt_0039.png,data/v2/processed/fontsense_v2/images/train/serif/Noto_Serif_Ahom/Noto_Serif_Ahom_0059.png,4,False,True,False
data/v2/processed/fontsense_v2/images/train/serif/Rokkitt/Rokkitt_0040.png,data/v2/processed/fontsense_v2/images/train/serif/Rokkitt/Rokkitt_0055.png,4,True,True,False
data/v2/processed/fontsense_v2/images/train/serif/Rokkitt/Rokkitt_0040.png,data/v2/processed/fontsense_v2/images/train/serif/Rokkitt/Rokkitt_0060.png,4,True,True,False
data/v2/processed/fontsense_v2/images/train/serif/Rokkitt/Rokkitt_0040.png,data/v2/processed/fontsense_v2/images/train/serif/Rokkitt/Rokkitt_0094.png,4,True,True,False
data/v2/processed/fontsense_v2/images/train/serif/Rokkitt/Rokkitt_0040.png,data/v2/processed/fontsense_v2/images/train/serif/Quattrocento/Quattrocento_0076.png,4,False,True,False
data/v2/processed/fontsense_v2/images/train/serif/Rokkitt/Rokkitt_0040.png,data/v2/processed/fontsense_v2/images/train/serif/Quattrocento/Quattrocento_0098.png,4,False,True,False
data/v2/processed/fontsense_v2/images/train/serif/Rokkitt/Rokkitt_0040.png,data/v2/processed/fontsense_v2/images/train/serif/IM_Fell_Great_Primer/IM_Fell_Great_Primer_0065.png,4,False,True,False
data/v2/processed/fontsense_v2/images/train/serif/Rokkitt/Rokkitt_0040.png,data/v2/processed/fontsense_v2/images/train/serif/Noto_Serif_Ahom/Noto_Serif_Ahom_0035.png,4,False,True,False
data/v2/processed/fontsense_v2/images/train/serif/Rokkitt/Rokkitt_0040.png,data/v2/processed/fontsense_v2/images/train/serif/Noto_Serif_Ahom/Noto_Serif_Ahom_0069.png,4,False,True,False
data/v2/processed/fontsense_v2/images/train/serif/Rokkitt/Rokkitt_0041.png,data/v2/processed/fontsense_v2/images/train/serif/Quattrocento/Quattrocento_0029.png,4,False,True,False
data/v2/processed/fontsense_v2/images/train/serif/Rokkitt/Rokkitt_0041.png,data/v2/processed/fontsense_v2/images/train/serif/Quattrocento/Quattrocento_0060.png,4,False,True,False
data/v2/processed/fontsense_v2/images/train/serif/Rokkitt/Rokkitt_0042.png,data/v2/processed/fontsense_v2/images/train/serif/Rokkitt/Rokkitt_0079.png,4,True,True,False
data/v2/processed/fontsense_v2/images/train/serif/Rokkitt/Rokkitt_0042.png,data/v2/processed/fontsense_v2/images/train/serif/Quattrocento/Quattrocento_0015.png,4,False,True,False
data/v2/processed/fontsense_v2/images/train/serif/Rokkitt/Rokkitt_0042.png,data/v2/processed/fontsense_v2/images/train/serif/IM_Fell_Great_Primer/IM_Fell_Great_Primer_0053.png,4,False,True,False
data/v2/processed/fontsense_v2/images/train/serif/Rokkitt/Rokkitt_0045.png,data/v2/processed/fontsense_v2/images/train/serif/Rokkitt/Rokkitt_0046.png,4,True,True,False
data/v2/processed/fontsense_v2/images/train/serif/Rokkitt/Rokkitt_0045.png,data/v2/processed/fontsense_v2/images/train/serif/Quattrocento/Quattrocento_0093.png,4,False,True,False
data/v2/processed/fontsense_v2/images/train/serif/Rokkitt/Rokkitt_0045.png,data/v2/processed/fontsense_v2/images/train/serif/Sanchez/Sanchez_0010.png,4,False,True,False
data/v2/processed/fontsense_v2/images/train/serif/Rokkitt/Rokkitt_0045.png,data/v2/processed/fontsense_v2/images/train/serif/Sanchez/Sanchez_0085.png,4,False,True,False
data/v2/processed/fontsense_v2/images/train/serif/Rokkitt/Rokkitt_0045.png,data/v2/processed/fontsense_v2/images/train/serif/IM_Fell_Great_Primer/IM_Fell_Great_Primer_0064.png,4,False,True,False
data/v2/processed/fontsense_v2/images/train/serif/Rokkitt/Rokkitt_0045.png,data/v2/processed/fontsense_v2/images/train/serif/IM_Fell_Great_Primer/IM_Fell_Great_Primer_0066.png,4,False,True,False
data/v2/processed/fontsense_v2/images/train/serif/Rokkitt/Rokkitt_0045.png,data/v2/processed/fontsense_v2/images/train/serif/IM_Fell_Great_Primer/IM_Fell_Great_Primer_0090.png,4,False,True,False
data/v2/processed/fontsense_v2/images/train/serif/Rokkitt/Rokkitt_0046.png,data/v2/processed/fontsense_v2/images/train/serif/Rokkitt/Rokkitt_0084.png,4,True,True,False
data/v2/processed/fontsense_v2/images/train/serif/Rokkitt/Rokkitt_0046.png,data/v2/processed/fontsense_v2/images/train/serif/Quattrocento/Quattrocento_0006.png,4,False,True,False
data/v2/processed/fontsense_v2/images/train/serif/Rokkitt/Rokkitt_0046.png,data/v2/processed/fontsense_v2/images/train/serif/Quattrocento/Quattrocento_0015.png,4,False,True,False
data/v2/processed/fontsense_v2/images/train/serif/Rokkitt/Rokkitt_0046.png,data/v2/processed/fontsense_v2/images/train/serif/Sanchez/Sanchez_0085.png,4,False,True,False
data/v2/processed/fontsense_v2/images/train/serif/Rokkitt/Rokkitt_0046.png,data/v2/processed/fontsense_v2/images/train/serif/IM_Fell_Great_Primer/IM_Fell_Great_Primer_0066.png,4,False,True,False
data/v2/processed/fontsense_v2/images/train/serif/Rokkitt/Rokkitt_0046.png,data/v2/processed/fontsense_v2/images/train/serif/IM_Fell_Great_Primer/IM_Fell_Great_Primer_0090.png,4,False,True,False
data/v2/processed/fontsense_v2/images/train/serif/Rokkitt/Rokkitt_0047.png,data/v2/processed/fontsense_v2/images/train/serif/Rokkitt/Rokkitt_0077.png,4,True,True,False
data/v2/processed/fontsense_v2/images/train/serif/Rokkitt/Rokkitt_0047.png,data/v2/processed/fontsense_v2/images/train/serif/Quattrocento/Quattrocento_0081.png,4,False,True,False
data/v2/processed/fontsense_v2/images/train/serif/Rokkitt/Rokkitt_0049.png,data/v2/processed/fontsense_v2/images/train/serif/IM_Fell_Great_Primer/IM_Fell_Great_Primer_0059.png,4,False,True,False
data/v2/processed/fontsense_v2/images/train/serif/Rokkitt/Rokkitt_0049.png,data/v2/processed/fontsense_v2/images/train/serif/Noto_Serif_Ahom/Noto_Serif_Ahom_0014.png,4,False,True,False
data/v2/processed/fontsense_v2/images/train/serif/Rokkitt/Rokkitt_0050.png,data/v2/processed/fontsense_v2/images/train/serif/Rokkitt/Rokkitt_0070.png,4,True,True,False
data/v2/processed/fontsense_v2/images/train/serif/Rokkitt/Rokkitt_0050.png,data/v2/processed/fontsense_v2/images/train/serif/Rokkitt/Rokkitt_0099.png,4,True,True,False
data/v2/processed/fontsense_v2/images/train/serif/Rokkitt/Rokkitt_0050.png,data/v2/processed/fontsense_v2/images/train/serif/Quattrocento/Quattrocento_0074.png,4,False,True,False
data/v2/processed/fontsense_v2/images/train/serif/Rokkitt/Rokkitt_0050.png,data/v2/processed/fontsense_v2/images/train/serif/IM_Fell_Great_Primer/IM_Fell_Great_Primer_0002.png,4,False,True,False
data/v2/processed/fontsense_v2/images/train/serif/Rokkitt/Rokkitt_0050.png,data/v2/processed/fontsense_v2/images/train/serif/Noto_Serif_Ahom/Noto_Serif_Ahom_0051.png,4,False,True,False
data/v2/processed/fontsense_v2/images/train/serif/Rokkitt/Rokkitt_0052.png,data/v2/processed/fontsense_v2/images/train/serif/IM_Fell_Great_Primer/IM_Fell_Great_Primer_0005.png,4,False,True,False
data/v2/processed/fontsense_v2/images/train/serif/Rokkitt/Rokkitt_0052.png,data/v2/processed/fontsense_v2/images/train/serif/IM_Fell_Great_Primer/IM_Fell_Great_Primer_0034.png,4,False,True,False
data/v2/processed/fontsense_v2/images/train/serif/Rokkitt/Rokkitt_0052.png,data/v2/processed/fontsense_v2/images/train/serif/IM_Fell_Great_Primer/IM_Fell_Great_Primer_0055.png,4,False,True,False
data/v2/processed/fontsense_v2/images/train/serif/Rokkitt/Rokkitt_0053.png,data/v2/processed/fontsense_v2/images/train/serif/Quattrocento/Quattrocento_0023.png,4,False,True,False
data/v2/processed/fontsense_v2/images/train/serif/Rokkitt/Rokkitt_0053.png,data/v2/processed/fontsense_v2/images/train/serif/Quattrocento/Quattrocento_0077.png,4,False,True,False
data/v2/processed/fontsense_v2/images/train/serif/Rokkitt/Rokkitt_0053.png,data/v2/processed/fontsense_v2/images/train/serif/Quattrocento/Quattrocento_0092.png,4,False,True,False
data/v2/processed/fontsense_v2/images/train/serif/Rokkitt/Rokkitt_0053.png,data/v2/processed/fontsense_v2/images/train/serif/IM_Fell_Great_Primer/IM_Fell_Great_Primer_0088.png,4,False,True,False
data/v2/processed/fontsense_v2/images/train/serif/Rokkitt/Rokkitt_0053.png,data/v2/processed/fontsense_v2/images/train/serif/Noto_Serif_Ahom/Noto_Serif_Ahom_0043.png,4,False,True,False
data/v2/processed/fontsense_v2/images/train/serif/Rokkitt/Rokkitt_0054.png,data/v2/processed/fontsense_v2/images/train/serif/Quattrocento/Quattrocento_0033.png,4,False,True,False
data/v2/processed/fontsense_v2/images/train/serif/Rokkitt/Rokkitt_0054.png,data/v2/processed/fontsense_v2/images/train/serif/IM_Fell_Great_Primer/IM_Fell_Great_Primer_0004.png,4,False,True,False
data/v2/processed/fontsense_v2/images/train/serif/Rokkitt/Rokkitt_0055.png,data/v2/processed/fontsense_v2/images/train/serif/Rokkitt/Rokkitt_0083.png,4,True,True,False
data/v2/processed/fontsense_v2/images/train/serif/Rokkitt/Rokkitt_0055.png,data/v2/processed/fontsense_v2/images/train/serif/Quattrocento/Quattrocento_0094.png,4,False,True,False
data/v2/processed/fontsense_v2/images/train/serif/Rokkitt/Rokkitt_0055.png,data/v2/processed/fontsense_v2/images/train/serif/Sanchez/Sanchez_0005.png,4,False,True,False
data/v2/processed/fontsense_v2/images/train/serif/Rokkitt/Rokkitt_0055.png,data/v2/processed/fontsense_v2/images/train/serif/IM_Fell_Great_Primer/IM_Fell_Great_Primer_0079.png,4,False,True,False
data/v2/processed/fontsense_v2/images/train/serif/Rokkitt/Rokkitt_0056.png,data/v2/processed/fontsense_v2/images/train/serif/Quattrocento/Quattrocento_0017.png,4,False,True,False
data/v2/processed/fontsense_v2/images/train/serif/Rokkitt/Rokkitt_0056.png,data/v2/processed/fontsense_v2/images/train/serif/IM_Fell_Great_Primer/IM_Fell_Great_Primer_0084.png,4,False,True,False
data/v2/processed/fontsense_v2/images/train/serif/Rokkitt/Rokkitt_0057.png,data/v2/processed/fontsense_v2/images/train/serif/Quattrocento/Quattrocento_0059.png,4,False,True,False
data/v2/processed/fontsense_v2/images/train/serif/Rokkitt/Rokkitt_0057.png,data/v2/processed/fontsense_v2/images/train/serif/Quattrocento/Quattrocento_0082.png,4,False,True,False
data/v2/processed/fontsense_v2/images/train/serif/Rokkitt/Rokkitt_0057.png,data/v2/processed/fontsense_v2/images/train/serif/IM_Fell_Great_Primer/IM_Fell_Great_Primer_0050.png,4,False,True,False
data/v2/processed/fontsense_v2/images/train/serif/Rokkitt/Rokkitt_0057.png,data/v2/processed/fontsense_v2/images/train/serif/IM_Fell_Great_Primer/IM_Fell_Great_Primer_0078.png,4,False,True,False
data/v2/processed/fontsense_v2/images/train/serif/Rokkitt/Rokkitt_0058.png,data/v2/processed/fontsense_v2/images/train/serif/Noto_Serif_Ahom/Noto_Serif_Ahom_0065.png,4,False,True,False
data/v2/processed/fontsense_v2/images/train/serif/Rokkitt/Rokkitt_0059.png,data/v2/processed/fontsense_v2/images/train/serif/Quattrocento/Quattrocento_0053.png,4,False,True,False
data/v2/processed/fontsense_v2/images/train/serif/Rokkitt/Rokkitt_0060.png,data/v2/processed/fontsense_v2/images/train/serif/Quattrocento/Quattrocento_0075.png,4,False,True,False
data/v2/processed/fontsense_v2/images/train/serif/Rokkitt/Rokkitt_0060.png,data/v2/processed/fontsense_v2/images/train/serif/Quattrocento/Quattrocento_0076.png,4,False,True,False
data/v2/processed/fontsense_v2/images/train/serif/Rokkitt/Rokkitt_0060.png,data/v2/processed/fontsense_v2/images/train/serif/Sanchez/Sanchez_0005.png,4,False,True,False
data/v2/processed/fontsense_v2/images/train/serif/Rokkitt/Rokkitt_0060.png,data/v2/processed/fontsense_v2/images/train/serif/IM_Fell_Great_Primer/IM_Fell_Great_Primer_0003.png,4,False,True,False
data/v2/processed/fontsense_v2/images/train/serif/Rokkitt/Rokkitt_0060.png,data/v2/processed/fontsense_v2/images/train/serif/IM_Fell_Great_Primer/IM_Fell_Great_Primer_0058.png,4,False,True,False
data/v2/processed/fontsense_v2/images/train/serif/Rokkitt/Rokkitt_0060.png,data/v2/processed/fontsense_v2/images/train/serif/IM_Fell_Great_Primer/IM_Fell_Great_Primer_0073.png,4,False,True,False
data/v2/processed/fontsense_v2/images/train/serif/Rokkitt/Rokkitt_0060.png,data/v2/processed/fontsense_v2/images/train/serif/Noto_Serif_Ahom/Noto_Serif_Ahom_0040.png,4,False,True,False
data/v2/processed/fontsense_v2/images/train/serif/Rokkitt/Rokkitt_0061.png,data/v2/processed/fontsense_v2/images/train/serif/Rokkitt/Rokkitt_0068.png,4,True,True,False
data/v2/processed/fontsense_v2/images/train/serif/Rokkitt/Rokkitt_0061.png,data/v2/processed/fontsense_v2/images/train/serif/Rokkitt/Rokkitt_0097.png,4,True,True,False
data/v2/processed/fontsense_v2/images/train/serif/Rokkitt/Rokkitt_0061.png,data/v2/processed/fontsense_v2/images/train/serif/Quattrocento/Quattrocento_0023.png,4,False,True,False
data/v2/processed/fontsense_v2/images/train/serif/Rokkitt/Rokkitt_0061.png,data/v2/processed/fontsense_v2/images/train/serif/IM_Fell_Great_Primer/IM_Fell_Great_Primer_0024.png,4,False,True,False
data/v2/processed/fontsense_v2/images/train/serif/Rokkitt/Rokkitt_0061.png,data/v2/processed/fontsense_v2/images/train/serif/IM_Fell_Great_Primer/IM_Fell_Great_Primer_0038.png,4,False,True,False
data/v2/processed/fontsense_v2/images/train/serif/Rokkitt/Rokkitt_0061.png,data/v2/processed/fontsense_v2/images/train/serif/Noto_Serif_Ahom/Noto_Serif_Ahom_0026.png,4,False,True,False
data/v2/processed/fontsense_v2/images/train/serif/Rokkitt/Rokkitt_0062.png,data/v2/processed/fontsense_v2/images/train/serif/Rokkitt/Rokkitt_0085.png,4,True,True,False
data/v2/processed/fontsense_v2/images/train/serif/Rokkitt/Rokkitt_0062.png,data/v2/processed/fontsense_v2/images/train/serif/Quattrocento/Quattrocento_0018.png,4,False,True,False
data/v2/processed/fontsense_v2/images/train/serif/Rokkitt/Rokkitt_0062.png,data/v2/processed/fontsense_v2/images/train/serif/Quattrocento/Quattrocento_0026.png,4,False,True,False
data/v2/processed/fontsense_v2/images/train/serif/Rokkitt/Rokkitt_0062.png,data/v2/processed/fontsense_v2/images/train/serif/Sanchez/Sanchez_0044.png,4,False,True,False
data/v2/processed/fontsense_v2/images/train/serif/Rokkitt/Rokkitt_0062.png,data/v2/processed/fontsense_v2/images/train/serif/IM_Fell_Great_Primer/IM_Fell_Great_Primer_0030.png,4,False,True,False
data/v2/processed/fontsense_v2/images/train/serif/Rokkitt/Rokkitt_0062.png,data/v2/processed/fontsense_v2/images/train/serif/IM_Fell_Great_Primer/IM_Fell_Great_Primer_0039.png,4,False,True,False
data/v2/processed/fontsense_v2/images/train/serif/Rokkitt/Rokkitt_0062.png,data/v2/processed/fontsense_v2/images/train/serif/IM_Fell_Great_Primer/IM_Fell_Great_Primer_0062.png,4,False,True,False
data/v2/processed/fontsense_v2/images/train/serif/Rokkitt/Rokkitt_0062.png,data/v2/processed/fontsense_v2/images/train/serif/Noto_Serif_Ahom/Noto_Serif_Ahom_0030.png,4,False,True,False
data/v2/processed/fontsense_v2/images/train/serif/Rokkitt/Rokkitt_0062.png,data/v2/processed/fontsense_v2/images/train/serif/Noto_Serif_Ahom/Noto_Serif_Ahom_0071.png,4,False,True,False
data/v2/processed/fontsense_v2/images/train/serif/Rokkitt/Rokkitt_0063.png,data/v2/processed/fontsense_v2/images/train/serif/Sanchez/Sanchez_0084.png,4,False,True,False
data/v2/processed/fontsense_v2/images/train/serif/Rokkitt/Rokkitt_0066.png,data/v2/processed/fontsense_v2/images/train/serif/Rokkitt/Rokkitt_0071.png,4,True,True,False
data/v2/processed/fontsense_v2/images/train/serif/Rokkitt/Rokkitt_0066.png,data/v2/processed/fontsense_v2/images/train/serif/Rokkitt/Rokkitt_0090.png,4,True,True,False
data/v2/processed/fontsense_v2/images/train/serif/Rokkitt/Rokkitt_0066.png,data/v2/processed/fontsense_v2/images/train/serif/Rokkitt/Rokkitt_0098.png,4,True,True,False
data/v2/processed/fontsense_v2/images/train/serif/Rokkitt/Rokkitt_0066.png,data/v2/processed/fontsense_v2/images/train/serif/Sanchez/Sanchez_0002.png,4,False,True,False
data/v2/processed/fontsense_v2/images/train/serif/Rokkitt/Rokkitt_0066.png,data/v2/processed/fontsense_v2/images/train/serif/IM_Fell_Great_Primer/IM_Fell_Great_Primer_0021.png,4,False,True,False
data/v2/processed/fontsense_v2/images/train/serif/Rokkitt/Rokkitt_0066.png,data/v2/processed/fontsense_v2/images/train/serif/IM_Fell_Great_Primer/IM_Fell_Great_Primer_0076.png,4,False,True,False
data/v2/processed/fontsense_v2/images/train/serif/Rokkitt/Rokkitt_0066.png,data/v2/processed/fontsense_v2/images/train/serif/Noto_Serif_Ahom/Noto_Serif_Ahom_0006.png,4,False,True,False
data/v2/processed/fontsense_v2/images/train/serif/Rokkitt/Rokkitt_0068.png,data/v2/processed/fontsense_v2/images/train/serif/Quattrocento/Quattrocento_0023.png,4,False,True,False
data/v2/processed/fontsense_v2/images/train/serif/Rokkitt/Rokkitt_0068.png,data/v2/processed/fontsense_v2/images/train/serif/Sanchez/Sanchez_0091.png,4,False,True,False
data/v2/processed/fontsense_v2/images/train/serif/Rokkitt/Rokkitt_0068.png,data/v2/processed/fontsense_v2/images/train/serif/IM_Fell_Great_Primer/IM_Fell_Great_Primer_0088.png,4,False,True,False
data/v2/processed/fontsense_v2/images/train/serif/Rokkitt/Rokkitt_0068.png,data/v2/processed/fontsense_v2/images/train/serif/Noto_Serif_Ahom/Noto_Serif_Ahom_0043.png,4,False,True,False
data/v2/processed/fontsense_v2/images/train/serif/Rokkitt/Rokkitt_0069.png,data/v2/processed/fontsense_v2/images/train/serif/Quattrocento/Quattrocento_0092.png,4,False,True,False
data/v2/processed/fontsense_v2/images/train/serif/Rokkitt/Rokkitt_0069.png,data/v2/processed/fontsense_v2/images/train/serif/Sanchez/Sanchez_0062.png,4,False,True,False
data/v2/processed/fontsense_v2/images/train/serif/Rokkitt/Rokkitt_0069.png,data/v2/processed/fontsense_v2/images/train/serif/Noto_Serif_Ahom/Noto_Serif_Ahom_0043.png,4,False,True,False
data/v2/processed/fontsense_v2/images/train/serif/Rokkitt/Rokkitt_0070.png,data/v2/processed/fontsense_v2/images/train/serif/Rokkitt/Rokkitt_0099.png,4,True,True,False
data/v2/processed/fontsense_v2/images/train/serif/Rokkitt/Rokkitt_0070.png,data/v2/processed/fontsense_v2/images/train/serif/Quattrocento/Quattrocento_0012.png,4,False,True,False
data/v2/processed/fontsense_v2/images/train/serif/Rokkitt/Rokkitt_0070.png,data/v2/processed/fontsense_v2/images/train/serif/Quattrocento/Quattrocento_0063.png,4,False,True,False
data/v2/processed/fontsense_v2/images/train/serif/Rokkitt/Rokkitt_0070.png,data/v2/processed/fontsense_v2/images/train/serif/Quattrocento/Quattrocento_0074.png,4,False,True,False
data/v2/processed/fontsense_v2/images/train/serif/Rokkitt/Rokkitt_0070.png,data/v2/processed/fontsense_v2/images/train/serif/Sanchez/Sanchez_0024.png,4,False,True,False
data/v2/processed/fontsense_v2/images/train/serif/Rokkitt/Rokkitt_0070.png,data/v2/processed/fontsense_v2/images/train/serif/Noto_Serif_Ahom/Noto_Serif_Ahom_0000.png,4,False,True,False
data/v2/processed/fontsense_v2/images/train/serif/Rokkitt/Rokkitt_0070.png,data/v2/processed/fontsense_v2/images/train/serif/Noto_Serif_Ahom/Noto_Serif_Ahom_0050.png,4,False,True,False
data/v2/processed/fontsense_v2/images/train/serif/Rokkitt/Rokkitt_0070.png,data/v2/processed/fontsense_v2/images/train/serif/Noto_Serif_Ahom/Noto_Serif_Ahom_0051.png,4,False,True,False
data/v2/processed/fontsense_v2/images/train/serif/Rokkitt/Rokkitt_0071.png,data/v2/processed/fontsense_v2/images/train/serif/Quattrocento/Quattrocento_0028.png,4,False,True,False
data/v2/processed/fontsense_v2/images/train/serif/Rokkitt/Rokkitt_0073.png,data/v2/processed/fontsense_v2/images/train/serif/Rokkitt/Rokkitt_0094.png,4,True,True,False
data/v2/processed/fontsense_v2/images/train/serif/Rokkitt/Rokkitt_0073.png,data/v2/processed/fontsense_v2/images/train/serif/Quattrocento/Quattrocento_0017.png,4,False,True,False
data/v2/processed/fontsense_v2/images/train/serif/Rokkitt/Rokkitt_0074.png,data/v2/processed/fontsense_v2/images/train/serif/IM_Fell_Great_Primer/IM_Fell_Great_Primer_0020.png,4,False,True,False
data/v2/processed/fontsense_v2/images/train/serif/Rokkitt/Rokkitt_0074.png,data/v2/processed/fontsense_v2/images/train/serif/IM_Fell_Great_Primer/IM_Fell_Great_Primer_0030.png,4,False,True,False
data/v2/processed/fontsense_v2/images/train/serif/Rokkitt/Rokkitt_0075.png,data/v2/processed/fontsense_v2/images/train/serif/Rokkitt/Rokkitt_0099.png,4,True,True,False
data/v2/processed/fontsense_v2/images/train/serif/Rokkitt/Rokkitt_0076.png,data/v2/processed/fontsense_v2/images/train/serif/Quattrocento/Quattrocento_0063.png,4,False,True,False
data/v2/processed/fontsense_v2/images/train/serif/Rokkitt/Rokkitt_0076.png,data/v2/processed/fontsense_v2/images/train/serif/IM_Fell_Great_Primer/IM_Fell_Great_Primer_0092.png,4,False,True,False
data/v2/processed/fontsense_v2/images/train/serif/Rokkitt/Rokkitt_0077.png,data/v2/processed/fontsense_v2/images/train/serif/Rokkitt/Rokkitt_0085.png,4,True,True,False
data/v2/processed/fontsense_v2/images/train/serif/Rokkitt/Rokkitt_0077.png,data/v2/processed/fontsense_v2/images/train/serif/Quattrocento/Quattrocento_0009.png,4,False,True,False
data/v2/processed/fontsense_v2/images/train/serif/Rokkitt/Rokkitt_0077.png,data/v2/processed/fontsense_v2/images/train/serif/Quattrocento/Quattrocento_0092.png,4,False,True,False
data/v2/processed/fontsense_v2/images/train/serif/Rokkitt/Rokkitt_0077.png,data/v2/processed/fontsense_v2/images/train/serif/Sanchez/Sanchez_0001.png,4,False,True,False
data/v2/processed/fontsense_v2/images/train/serif/Rokkitt/Rokkitt_0077.png,data/v2/processed/fontsense_v2/images/train/serif/Sanchez/Sanchez_0006.png,4,False,True,False
data/v2/processed/fontsense_v2/images/train/serif/Rokkitt/Rokkitt_0077.png,data/v2/processed/fontsense_v2/images/train/serif/IM_Fell_Great_Primer/IM_Fell_Great_Primer_0032.png,4,False,True,False
data/v2/processed/fontsense_v2/images/train/serif/Rokkitt/Rokkitt_0077.png,data/v2/processed/fontsense_v2/images/train/serif/IM_Fell_Great_Primer/IM_Fell_Great_Primer_0060.png,4,False,True,False
data/v2/processed/fontsense_v2/images/train/serif/Rokkitt/Rokkitt_0078.png,data/v2/processed/fontsense_v2/images/train/serif/Rokkitt/Rokkitt_0080.png,4,True,True,False
data/v2/processed/fontsense_v2/images/train/serif/Rokkitt/Rokkitt_0079.png,data/v2/processed/fontsense_v2/images/train/serif/Quattrocento/Quattrocento_0015.png,4,False,True,False
data/v2/processed/fontsense_v2/images/train/serif/Rokkitt/Rokkitt_0079.png,data/v2/processed/fontsense_v2/images/train/serif/Quattrocento/Quattrocento_0042.png,4,False,True,False
data/v2/processed/fontsense_v2/images/train/serif/Rokkitt/Rokkitt_0079.png,data/v2/processed/fontsense_v2/images/train/serif/IM_Fell_Great_Primer/IM_Fell_Great_Primer_0081.png,4,False,True,False
data/v2/processed/fontsense_v2/images/train/serif/Rokkitt/Rokkitt_0079.png,data/v2/processed/fontsense_v2/images/train/serif/Noto_Serif_Ahom/Noto_Serif_Ahom_0055.png,4,False,True,False
data/v2/processed/fontsense_v2/images/train/serif/Rokkitt/Rokkitt_0080.png,data/v2/processed/fontsense_v2/images/train/serif/Rokkitt/Rokkitt_0097.png,4,True,True,False
data/v2/processed/fontsense_v2/images/train/serif/Rokkitt/Rokkitt_0080.png,data/v2/processed/fontsense_v2/images/train/serif/Quattrocento/Quattrocento_0072.png,4,False,True,False
data/v2/processed/fontsense_v2/images/train/serif/Rokkitt/Rokkitt_0081.png,data/v2/processed/fontsense_v2/images/train/serif/Quattrocento/Quattrocento_0047.png,4,False,True,False
data/v2/processed/fontsense_v2/images/train/serif/Rokkitt/Rokkitt_0081.png,data/v2/processed/fontsense_v2/images/train/serif/IM_Fell_Great_Primer/IM_Fell_Great_Primer_0009.png,4,False,True,False
data/v2/processed/fontsense_v2/images/train/serif/Rokkitt/Rokkitt_0081.png,data/v2/processed/fontsense_v2/images/train/serif/Noto_Serif_Ahom/Noto_Serif_Ahom_0010.png,4,False,True,False
data/v2/processed/fontsense_v2/images/train/serif/Rokkitt/Rokkitt_0082.png,data/v2/processed/fontsense_v2/images/train/serif/Quattrocento/Quattrocento_0053.png,4,False,True,False
data/v2/processed/fontsense_v2/images/train/serif/Rokkitt/Rokkitt_0082.png,data/v2/processed/fontsense_v2/images/train/serif/Quattrocento/Quattrocento_0059.png,4,False,True,False
data/v2/processed/fontsense_v2/images/train/serif/Rokkitt/Rokkitt_0083.png,data/v2/processed/fontsense_v2/images/train/serif/IM_Fell_Great_Primer/IM_Fell_Great_Primer_0037.png,4,False,True,False
data/v2/processed/fontsense_v2/images/train/serif/Rokkitt/Rokkitt_0084.png,data/v2/processed/fontsense_v2/images/train/serif/Sanchez/Sanchez_0010.png,4,False,True,False
data/v2/processed/fontsense_v2/images/train/serif/Rokkitt/Rokkitt_0084.png,data/v2/processed/fontsense_v2/images/train/serif/IM_Fell_Great_Primer/IM_Fell_Great_Primer_0093.png,4,False,True,False
data/v2/processed/fontsense_v2/images/train/serif/Rokkitt/Rokkitt_0085.png,data/v2/processed/fontsense_v2/images/train/serif/Quattrocento/Quattrocento_0093.png,4,False,True,False
data/v2/processed/fontsense_v2/images/train/serif/Rokkitt/Rokkitt_0085.png,data/v2/processed/fontsense_v2/images/train/serif/Quattrocento/Quattrocento_0096.png,4,False,True,False
data/v2/processed/fontsense_v2/images/train/serif/Rokkitt/Rokkitt_0086.png,data/v2/processed/fontsense_v2/images/train/serif/Rokkitt/Rokkitt_0089.png,4,True,True,False
data/v2/processed/fontsense_v2/images/train/serif/Rokkitt/Rokkitt_0086.png,data/v2/processed/fontsense_v2/images/train/serif/Sanchez/Sanchez_0075.png,4,False,True,False
data/v2/processed/fontsense_v2/images/train/serif/Rokkitt/Rokkitt_0087.png,data/v2/processed/fontsense_v2/images/train/serif/IM_Fell_Great_Primer/IM_Fell_Great_Primer_0014.png,4,False,True,False
data/v2/processed/fontsense_v2/images/train/serif/Rokkitt/Rokkitt_0088.png,data/v2/processed/fontsense_v2/images/train/serif/Quattrocento/Quattrocento_0003.png,4,False,True,False
data/v2/processed/fontsense_v2/images/train/serif/Rokkitt/Rokkitt_0088.png,data/v2/processed/fontsense_v2/images/train/serif/Noto_Serif_Ahom/Noto_Serif_Ahom_0026.png,4,False,True,False
data/v2/processed/fontsense_v2/images/train/serif/Rokkitt/Rokkitt_0089.png,data/v2/processed/fontsense_v2/images/train/serif/Quattrocento/Quattrocento_0060.png,4,False,True,False
data/v2/processed/fontsense_v2/images/train/serif/Rokkitt/Rokkitt_0089.png,data/v2/processed/fontsense_v2/images/train/serif/Sanchez/Sanchez_0031.png,4,False,True,False
data/v2/processed/fontsense_v2/images/train/serif/Rokkitt/Rokkitt_0089.png,data/v2/processed/fontsense_v2/images/train/serif/Sanchez/Sanchez_0075.png,4,False,True,False
data/v2/processed/fontsense_v2/images/train/serif/Rokkitt/Rokkitt_0089.png,data/v2/processed/fontsense_v2/images/train/serif/IM_Fell_Great_Primer/IM_Fell_Great_Primer_0072.png,4,False,True,False
data/v2/processed/fontsense_v2/images/train/serif/Rokkitt/Rokkitt_0089.png,data/v2/processed/fontsense_v2/images/train/serif/Noto_Serif_Ahom/Noto_Serif_Ahom_0032.png,4,False,True,False
data/v2/processed/fontsense_v2/images/train/serif/Rokkitt/Rokkitt_0091.png,data/v2/processed/fontsense_v2/images/train/serif/Quattrocento/Quattrocento_0038.png,4,False,True,False
data/v2/processed/fontsense_v2/images/train/serif/Rokkitt/Rokkitt_0091.png,data/v2/processed/fontsense_v2/images/train/serif/IM_Fell_Great_Primer/IM_Fell_Great_Primer_0098.png,4,False,True,False
data/v2/processed/fontsense_v2/images/train/serif/Rokkitt/Rokkitt_0092.png,data/v2/processed/fontsense_v2/images/train/serif/Quattrocento/Quattrocento_0038.png,4,False,True,False
data/v2/processed/fontsense_v2/images/train/serif/Rokkitt/Rokkitt_0092.png,data/v2/processed/fontsense_v2/images/train/serif/Noto_Serif_Ahom/Noto_Serif_Ahom_0040.png,4,False,True,False
data/v2/processed/fontsense_v2/images/train/serif/Rokkitt/Rokkitt_0093.png,data/v2/processed/fontsense_v2/images/train/serif/Quattrocento/Quattrocento_0055.png,4,False,True,False
data/v2/processed/fontsense_v2/images/train/serif/Rokkitt/Rokkitt_0094.png,data/v2/processed/fontsense_v2/images/train/serif/Sanchez/Sanchez_0087.png,4,False,True,False
data/v2/processed/fontsense_v2/images/train/serif/Rokkitt/Rokkitt_0094.png,data/v2/processed/fontsense_v2/images/train/serif/IM_Fell_Great_Primer/IM_Fell_Great_Primer_0036.png,4,False,True,False
data/v2/processed/fontsense_v2/images/train/serif/Rokkitt/Rokkitt_0094.png,data/v2/processed/fontsense_v2/images/train/serif/IM_Fell_Great_Primer/IM_Fell_Great_Primer_0065.png,4,False,True,False
data/v2/processed/fontsense_v2/images/train/serif/Rokkitt/Rokkitt_0095.png,data/v2/processed/fontsense_v2/images/train/serif/Quattrocento/Quattrocento_0053.png,4,False,True,False
data/v2/processed/fontsense_v2/images/train/serif/Rokkitt/Rokkitt_0095.png,data/v2/processed/fontsense_v2/images/train/serif/Quattrocento/Quattrocento_0059.png,4,False,True,False
data/v2/processed/fontsense_v2/images/train/serif/Rokkitt/Rokkitt_0095.png,data/v2/processed/fontsense_v2/images/train/serif/Quattrocento/Quattrocento_0085.png,4,False,True,False
data/v2/processed/fontsense_v2/images/train/serif/Rokkitt/Rokkitt_0097.png,data/v2/processed/fontsense_v2/images/train/serif/Quattrocento/Quattrocento_0016.png,4,False,True,False
data/v2/processed/fontsense_v2/images/train/serif/Rokkitt/Rokkitt_0097.png,data/v2/processed/fontsense_v2/images/train/serif/IM_Fell_Great_Primer/IM_Fell_Great_Primer_0024.png,4,False,True,False
data/v2/processed/fontsense_v2/images/train/serif/Rokkitt/Rokkitt_0097.png,data/v2/processed/fontsense_v2/images/train/serif/IM_Fell_Great_Primer/IM_Fell_Great_Primer_0038.png,4,False,True,False
data/v2/processed/fontsense_v2/images/train/serif/Rokkitt/Rokkitt_0098.png,data/v2/processed/fontsense_v2/images/train/serif/Quattrocento/Quattrocento_0050.png,4,False,True,False
data/v2/processed/fontsense_v2/images/train/serif/Rokkitt/Rokkitt_0098.png,data/v2/processed/fontsense_v2/images/train/serif/Sanchez/Sanchez_0002.png,4,False,True,False
data/v2/processed/fontsense_v2/images/train/serif/Rokkitt/Rokkitt_0098.png,data/v2/processed/fontsense_v2/images/train/serif/IM_Fell_Great_Primer/IM_Fell_Great_Primer_0021.png,4,False,True,False
data/v2/processed/fontsense_v2/images/train/serif/Rokkitt/Rokkitt_0099.png,data/v2/processed/fontsense_v2/images/train/serif/Quattrocento/Quattrocento_0012.png,4,False,True,False
data/v2/processed/fontsense_v2/images/train/serif/Rokkitt/Rokkitt_0099.png,data/v2/processed/fontsense_v2/images/train/serif/Noto_Serif_Ahom/Noto_Serif_Ahom_0050.png,4,False,True,False
data/v2/processed/fontsense_v2/images/train/serif/Sanchez/Sanchez_0000.png,data/v2/processed/fontsense_v2/images/train/serif/Sanchez/Sanchez_0060.png,4,True,True,False
data/v2/processed/fontsense_v2/images/train/serif/Sanchez/Sanchez_0001.png,data/v2/processed/fontsense_v2/images/train/serif/Sanchez/Sanchez_0030.png,4,True,True,False
data/v2/processed/fontsense_v2/images/train/serif/Sanchez/Sanchez_0001.png,data/v2/processed/fontsense_v2/images/train/serif/Sanchez/Sanchez_0093.png,4,True,True,False
data/v2/processed/fontsense_v2/images/train/serif/Sanchez/Sanchez_0001.png,data/v2/processed/fontsense_v2/images/train/serif/Sanchez/Sanchez_0094.png,4,True,True,False
data/v2/processed/fontsense_v2/images/train/serif/Sanchez/Sanchez_0001.png,data/v2/processed/fontsense_v2/images/train/serif/IM_Fell_Great_Primer/IM_Fell_Great_Primer_0033.png,4,False,True,False
data/v2/processed/fontsense_v2/images/train/serif/Sanchez/Sanchez_0002.png,data/v2/processed/fontsense_v2/images/train/serif/Noto_Serif_Ahom/Noto_Serif_Ahom_0035.png,4,False,True,False
data/v2/processed/fontsense_v2/images/train/serif/Sanchez/Sanchez_0002.png,data/v2/processed/fontsense_v2/images/train/serif/Noto_Serif_Ahom/Noto_Serif_Ahom_0056.png,4,False,True,False
data/v2/processed/fontsense_v2/images/train/serif/Sanchez/Sanchez_0004.png,data/v2/processed/fontsense_v2/images/train/serif/IM_Fell_Great_Primer/IM_Fell_Great_Primer_0068.png,4,False,True,False
data/v2/processed/fontsense_v2/images/train/serif/Sanchez/Sanchez_0005.png,data/v2/processed/fontsense_v2/images/train/serif/Sanchez/Sanchez_0079.png,4,True,True,False
data/v2/processed/fontsense_v2/images/train/serif/Sanchez/Sanchez_0005.png,data/v2/processed/fontsense_v2/images/train/serif/IM_Fell_Great_Primer/IM_Fell_Great_Primer_0003.png,4,False,True,False
data/v2/processed/fontsense_v2/images/train/serif/Sanchez/Sanchez_0005.png,data/v2/processed/fontsense_v2/images/train/serif/IM_Fell_Great_Primer/IM_Fell_Great_Primer_0037.png,4,False,True,False
data/v2/processed/fontsense_v2/images/train/serif/Sanchez/Sanchez_0005.png,data/v2/processed/fontsense_v2/images/train/serif/IM_Fell_Great_Primer/IM_Fell_Great_Primer_0058.png,4,False,True,False
data/v2/processed/fontsense_v2/images/train/serif/Sanchez/Sanchez_0006.png,data/v2/processed/fontsense_v2/images/train/serif/Sanchez/Sanchez_0070.png,4,True,True,False
data/v2/processed/fontsense_v2/images/train/serif/Sanchez/Sanchez_0006.png,data/v2/processed/fontsense_v2/images/train/serif/Sanchez/Sanchez_0078.png,4,True,True,False
data/v2/processed/fontsense_v2/images/train/serif/Sanchez/Sanchez_0006.png,data/v2/processed/fontsense_v2/images/train/serif/Sanchez/Sanchez_0094.png,4,True,True,False
data/v2/processed/fontsense_v2/images/train/serif/Sanchez/Sanchez_0006.png,data/v2/processed/fontsense_v2/images/train/serif/IM_Fell_Great_Primer/IM_Fell_Great_Primer_0033.png,4,False,True,False
data/v2/processed/fontsense_v2/images/train/serif/Sanchez/Sanchez_0008.png,data/v2/processed/fontsense_v2/images/train/serif/Noto_Serif_Ahom/Noto_Serif_Ahom_0050.png,4,False,True,False
data/v2/processed/fontsense_v2/images/train/serif/Sanchez/Sanchez_0009.png,data/v2/processed/fontsense_v2/images/train/serif/Noto_Serif_Ahom/Noto_Serif_Ahom_0025.png,4,False,True,False
data/v2/processed/fontsense_v2/images/train/serif/Sanchez/Sanchez_0010.png,data/v2/processed/fontsense_v2/images/train/serif/IM_Fell_Great_Primer/IM_Fell_Great_Primer_0081.png,4,False,True,False
data/v2/processed/fontsense_v2/images/train/serif/Sanchez/Sanchez_0010.png,data/v2/processed/fontsense_v2/images/train/serif/IM_Fell_Great_Primer/IM_Fell_Great_Primer_0090.png,4,False,True,False
data/v2/processed/fontsense_v2/images/train/serif/Sanchez/Sanchez_0010.png,data/v2/processed/fontsense_v2/images/train/serif/Noto_Serif_Ahom/Noto_Serif_Ahom_0055.png,4,False,True,False
data/v2/processed/fontsense_v2/images/train/serif/Sanchez/Sanchez_0011.png,data/v2/processed/fontsense_v2/images/train/serif/Noto_Serif_Ahom/Noto_Serif_Ahom_0013.png,4,False,True,False
data/v2/processed/fontsense_v2/images/train/serif/Sanchez/Sanchez_0012.png,data/v2/processed/fontsense_v2/images/train/serif/Noto_Serif_Ahom/Noto_Serif_Ahom_0001.png,4,False,True,False
data/v2/processed/fontsense_v2/images/train/serif/Sanchez/Sanchez_0013.png,data/v2/processed/fontsense_v2/images/train/serif/IM_Fell_Great_Primer/IM_Fell_Great_Primer_0037.png,4,False,True,False
data/v2/processed/fontsense_v2/images/train/serif/Sanchez/Sanchez_0013.png,data/v2/processed/fontsense_v2/images/train/serif/IM_Fell_Great_Primer/IM_Fell_Great_Primer_0044.png,4,False,True,False
data/v2/processed/fontsense_v2/images/train/serif/Sanchez/Sanchez_0013.png,data/v2/processed/fontsense_v2/images/train/serif/Noto_Serif_Ahom/Noto_Serif_Ahom_0039.png,4,False,True,False
data/v2/processed/fontsense_v2/images/train/serif/Sanchez/Sanchez_0013.png,data/v2/processed/fontsense_v2/images/train/serif/Noto_Serif_Ahom/Noto_Serif_Ahom_0070.png,4,False,True,False
data/v2/processed/fontsense_v2/images/train/serif/Sanchez/Sanchez_0017.png,data/v2/processed/fontsense_v2/images/train/serif/IM_Fell_Great_Primer/IM_Fell_Great_Primer_0040.png,4,False,True,False
data/v2/processed/fontsense_v2/images/train/serif/Sanchez/Sanchez_0018.png,data/v2/processed/fontsense_v2/images/train/serif/Sanchez/Sanchez_0043.png,4,True,True,False
data/v2/processed/fontsense_v2/images/train/serif/Sanchez/Sanchez_0018.png,data/v2/processed/fontsense_v2/images/train/serif/IM_Fell_Great_Primer/IM_Fell_Great_Primer_0060.png,4,False,True,False
data/v2/processed/fontsense_v2/images/train/serif/Sanchez/Sanchez_0023.png,data/v2/processed/fontsense_v2/images/train/serif/Sanchez/Sanchez_0042.png,4,True,True,False
data/v2/processed/fontsense_v2/images/train/serif/Sanchez/Sanchez_0023.png,data/v2/processed/fontsense_v2/images/train/serif/Sanchez/Sanchez_0079.png,4,True,True,False
data/v2/processed/fontsense_v2/images/train/serif/Sanchez/Sanchez_0023.png,data/v2/processed/fontsense_v2/images/train/serif/Sanchez/Sanchez_0096.png,4,True,True,False
data/v2/processed/fontsense_v2/images/train/serif/Sanchez/Sanchez_0023.png,data/v2/processed/fontsense_v2/images/train/serif/Noto_Serif_Ahom/Noto_Serif_Ahom_0006.png,4,False,True,False
data/v2/processed/fontsense_v2/images/train/serif/Sanchez/Sanchez_0023.png,data/v2/processed/fontsense_v2/images/train/serif/Noto_Serif_Ahom/Noto_Serif_Ahom_0061.png,4,False,True,False
data/v2/processed/fontsense_v2/images/train/serif/Sanchez/Sanchez_0023.png,data/v2/processed/fontsense_v2/images/train/serif/Noto_Serif_Ahom/Noto_Serif_Ahom_0067.png,4,False,True,False
data/v2/processed/fontsense_v2/images/train/serif/Sanchez/Sanchez_0024.png,data/v2/processed/fontsense_v2/images/train/serif/Sanchez/Sanchez_0036.png,4,True,True,False
data/v2/processed/fontsense_v2/images/train/serif/Sanchez/Sanchez_0024.png,data/v2/processed/fontsense_v2/images/train/serif/Sanchez/Sanchez_0040.png,4,True,True,False
data/v2/processed/fontsense_v2/images/train/serif/Sanchez/Sanchez_0024.png,data/v2/processed/fontsense_v2/images/train/serif/IM_Fell_Great_Primer/IM_Fell_Great_Primer_0077.png,4,False,True,False
data/v2/processed/fontsense_v2/images/train/serif/Sanchez/Sanchez_0028.png,data/v2/processed/fontsense_v2/images/train/serif/IM_Fell_Great_Primer/IM_Fell_Great_Primer_0050.png,4,False,True,False
data/v2/processed/fontsense_v2/images/train/serif/Sanchez/Sanchez_0028.png,data/v2/processed/fontsense_v2/images/train/serif/Noto_Serif_Ahom/Noto_Serif_Ahom_0028.png,4,False,True,False
data/v2/processed/fontsense_v2/images/train/serif/Sanchez/Sanchez_0029.png,data/v2/processed/fontsense_v2/images/train/serif/IM_Fell_Great_Primer/IM_Fell_Great_Primer_0021.png,4,False,True,False
data/v2/processed/fontsense_v2/images/train/serif/Sanchez/Sanchez_0030.png,data/v2/processed/fontsense_v2/images/train/serif/Sanchez/Sanchez_0078.png,4,True,True,False
data/v2/processed/fontsense_v2/images/train/serif/Sanchez/Sanchez_0030.png,data/v2/processed/fontsense_v2/images/train/serif/IM_Fell_Great_Primer/IM_Fell_Great_Primer_0032.png,4,False,True,False
data/v2/processed/fontsense_v2/images/train/serif/Sanchez/Sanchez_0031.png,data/v2/processed/fontsense_v2/images/train/serif/Sanchez/Sanchez_0081.png,4,True,True,False
data/v2/processed/fontsense_v2/images/train/serif/Sanchez/Sanchez_0031.png,data/v2/processed/fontsense_v2/images/train/serif/IM_Fell_Great_Primer/IM_Fell_Great_Primer_0099.png,4,False,True,False
data/v2/processed/fontsense_v2/images/train/serif/Sanchez/Sanchez_0031.png,data/v2/processed/fontsense_v2/images/train/serif/Noto_Serif_Ahom/Noto_Serif_Ahom_0040.png,4,False,True,False
data/v2/processed/fontsense_v2/images/train/serif/Sanchez/Sanchez_0033.png,data/v2/processed/fontsense_v2/images/train/serif/Sanchez/Sanchez_0071.png,4,True,True,False
data/v2/processed/fontsense_v2/images/train/serif/Sanchez/Sanchez_0034.png,data/v2/processed/fontsense_v2/images/train/serif/Sanchez/Sanchez_0088.png,4,True,True,False
data/v2/processed/fontsense_v2/images/train/serif/Sanchez/Sanchez_0037.png,data/v2/processed/fontsense_v2/images/train/serif/Sanchez/Sanchez_0056.png,4,True,True,False
data/v2/processed/fontsense_v2/images/train/serif/Sanchez/Sanchez_0040.png,data/v2/processed/fontsense_v2/images/train/serif/Noto_Serif_Ahom/Noto_Serif_Ahom_0000.png,4,False,True,False
data/v2/processed/fontsense_v2/images/train/serif/Sanchez/Sanchez_0041.png,data/v2/processed/fontsense_v2/images/train/serif/Noto_Serif_Ahom/Noto_Serif_Ahom_0028.png,4,False,True,False
data/v2/processed/fontsense_v2/images/train/serif/Sanchez/Sanchez_0042.png,data/v2/processed/fontsense_v2/images/train/serif/Sanchez/Sanchez_0053.png,4,True,True,False
data/v2/processed/fontsense_v2/images/train/serif/Sanchez/Sanchez_0042.png,data/v2/processed/fontsense_v2/images/train/serif/Sanchez/Sanchez_0079.png,4,True,True,False
data/v2/processed/fontsense_v2/images/train/serif/Sanchez/Sanchez_0042.png,data/v2/processed/fontsense_v2/images/train/serif/IM_Fell_Great_Primer/IM_Fell_Great_Primer_0021.png,4,False,True,True
data/v2/processed/fontsense_v2/images/train/serif/Sanchez/Sanchez_0042.png,data/v2/processed/fontsense_v2/images/train/serif/IM_Fell_Great_Primer/IM_Fell_Great_Primer_0037.png,4,False,True,False
data/v2/processed/fontsense_v2/images/train/serif/Sanchez/Sanchez_0042.png,data/v2/processed/fontsense_v2/images/train/serif/IM_Fell_Great_Primer/IM_Fell_Great_Primer_0097.png,4,False,True,False
data/v2/processed/fontsense_v2/images/train/serif/Sanchez/Sanchez_0043.png,data/v2/processed/fontsense_v2/images/train/serif/IM_Fell_Great_Primer/IM_Fell_Great_Primer_0033.png,4,False,True,False
data/v2/processed/fontsense_v2/images/train/serif/Sanchez/Sanchez_0043.png,data/v2/processed/fontsense_v2/images/train/serif/Noto_Serif_Ahom/Noto_Serif_Ahom_0004.png,4,False,True,False
data/v2/processed/fontsense_v2/images/train/serif/Sanchez/Sanchez_0046.png,data/v2/processed/fontsense_v2/images/train/serif/Noto_Serif_Ahom/Noto_Serif_Ahom_0009.png,4,False,True,False
data/v2/processed/fontsense_v2/images/train/serif/Sanchez/Sanchez_0048.png,data/v2/processed/fontsense_v2/images/train/serif/IM_Fell_Great_Primer/IM_Fell_Great_Primer_0059.png,4,False,True,False
data/v2/processed/fontsense_v2/images/train/serif/Sanchez/Sanchez_0049.png,data/v2/processed/fontsense_v2/images/train/serif/IM_Fell_Great_Primer/IM_Fell_Great_Primer_0012.png,4,False,True,False
data/v2/processed/fontsense_v2/images/train/serif/Sanchez/Sanchez_0049.png,data/v2/processed/fontsense_v2/images/train/serif/IM_Fell_Great_Primer/IM_Fell_Great_Primer_0076.png,4,False,True,False
data/v2/processed/fontsense_v2/images/train/serif/Sanchez/Sanchez_0049.png,data/v2/processed/fontsense_v2/images/train/serif/Noto_Serif_Ahom/Noto_Serif_Ahom_0035.png,4,False,True,False
data/v2/processed/fontsense_v2/images/train/serif/Sanchez/Sanchez_0055.png,data/v2/processed/fontsense_v2/images/train/serif/Sanchez/Sanchez_0068.png,4,True,True,False
data/v2/processed/fontsense_v2/images/train/serif/Sanchez/Sanchez_0055.png,data/v2/processed/fontsense_v2/images/train/serif/Sanchez/Sanchez_0093.png,4,True,True,False
data/v2/processed/fontsense_v2/images/train/serif/Sanchez/Sanchez_0055.png,data/v2/processed/fontsense_v2/images/train/serif/Noto_Serif_Ahom/Noto_Serif_Ahom_0015.png,4,False,True,False
data/v2/processed/fontsense_v2/images/train/serif/Sanchez/Sanchez_0055.png,data/v2/processed/fontsense_v2/images/train/serif/Noto_Serif_Ahom/Noto_Serif_Ahom_0043.png,4,False,True,False
data/v2/processed/fontsense_v2/images/train/serif/Sanchez/Sanchez_0056.png,data/v2/processed/fontsense_v2/images/train/serif/IM_Fell_Great_Primer/IM_Fell_Great_Primer_0006.png,4,False,True,False
data/v2/processed/fontsense_v2/images/train/serif/Sanchez/Sanchez_0057.png,data/v2/processed/fontsense_v2/images/train/serif/Sanchez/Sanchez_0092.png,4,True,True,False
data/v2/processed/fontsense_v2/images/train/serif/Sanchez/Sanchez_0057.png,data/v2/processed/fontsense_v2/images/train/serif/Noto_Serif_Ahom/Noto_Serif_Ahom_0003.png,4,False,True,False
data/v2/processed/fontsense_v2/images/train/serif/Sanchez/Sanchez_0059.png,data/v2/processed/fontsense_v2/images/train/serif/IM_Fell_Great_Primer/IM_Fell_Great_Primer_0056.png,4,False,True,False
data/v2/processed/fontsense_v2/images/train/serif/Sanchez/Sanchez_0067.png,data/v2/processed/fontsense_v2/images/train/serif/IM_Fell_Great_Primer/IM_Fell_Great_Primer_0049.png,4,False,True,False
data/v2/processed/fontsense_v2/images/train/serif/Sanchez/Sanchez_0068.png,data/v2/processed/fontsense_v2/images/train/serif/Sanchez/Sanchez_0093.png,4,True,True,False
data/v2/processed/fontsense_v2/images/train/serif/Sanchez/Sanchez_0070.png,data/v2/processed/fontsense_v2/images/train/serif/Sanchez/Sanchez_0080.png,4,True,True,False
data/v2/processed/fontsense_v2/images/train/serif/Sanchez/Sanchez_0072.png,data/v2/processed/fontsense_v2/images/train/serif/IM_Fell_Great_Primer/IM_Fell_Great_Primer_0030.png,4,False,True,False
data/v2/processed/fontsense_v2/images/train/serif/Sanchez/Sanchez_0072.png,data/v2/processed/fontsense_v2/images/train/serif/IM_Fell_Great_Primer/IM_Fell_Great_Primer_0039.png,4,False,True,False
data/v2/processed/fontsense_v2/images/train/serif/Sanchez/Sanchez_0072.png,data/v2/processed/fontsense_v2/images/train/serif/IM_Fell_Great_Primer/IM_Fell_Great_Primer_0090.png,4,False,True,False
data/v2/processed/fontsense_v2/images/train/serif/Sanchez/Sanchez_0075.png,data/v2/processed/fontsense_v2/images/train/serif/Noto_Serif_Ahom/Noto_Serif_Ahom_0027.png,4,False,True,False
data/v2/processed/fontsense_v2/images/train/serif/Sanchez/Sanchez_0078.png,data/v2/processed/fontsense_v2/images/train/serif/Sanchez/Sanchez_0093.png,4,True,True,False
data/v2/processed/fontsense_v2/images/train/serif/Sanchez/Sanchez_0079.png,data/v2/processed/fontsense_v2/images/train/serif/IM_Fell_Great_Primer/IM_Fell_Great_Primer_0012.png,4,False,True,False
data/v2/processed/fontsense_v2/images/train/serif/Sanchez/Sanchez_0079.png,data/v2/processed/fontsense_v2/images/train/serif/IM_Fell_Great_Primer/IM_Fell_Great_Primer_0098.png,4,False,True,False
data/v2/processed/fontsense_v2/images/train/serif/Sanchez/Sanchez_0081.png,data/v2/processed/fontsense_v2/images/train/serif/IM_Fell_Great_Primer/IM_Fell_Great_Primer_0003.png,4,False,True,False
data/v2/processed/fontsense_v2/images/train/serif/Sanchez/Sanchez_0081.png,data/v2/processed/fontsense_v2/images/train/serif/IM_Fell_Great_Primer/IM_Fell_Great_Primer_0047.png,4,False,True,False
data/v2/processed/fontsense_v2/images/train/serif/Sanchez/Sanchez_0081.png,data/v2/processed/fontsense_v2/images/train/serif/IM_Fell_Great_Primer/IM_Fell_Great_Primer_0072.png,4,False,True,False
data/v2/processed/fontsense_v2/images/train/serif/Sanchez/Sanchez_0081.png,data/v2/processed/fontsense_v2/images/train/serif/Noto_Serif_Ahom/Noto_Serif_Ahom_0059.png,4,False,True,False
data/v2/processed/fontsense_v2/images/train/serif/Sanchez/Sanchez_0082.png,data/v2/processed/fontsense_v2/images/train/serif/IM_Fell_Great_Primer/IM_Fell_Great_Primer_0057.png,4,False,True,False
data/v2/processed/fontsense_v2/images/train/serif/Sanchez/Sanchez_0085.png,data/v2/processed/fontsense_v2/images/train/serif/IM_Fell_Great_Primer/IM_Fell_Great_Primer_0066.png,4,False,True,False
data/v2/processed/fontsense_v2/images/train/serif/Sanchez/Sanchez_0085.png,data/v2/processed/fontsense_v2/images/train/serif/IM_Fell_Great_Primer/IM_Fell_Great_Primer_0090.png,4,False,True,False
data/v2/processed/fontsense_v2/images/train/serif/Sanchez/Sanchez_0085.png,data/v2/processed/fontsense_v2/images/train/serif/Noto_Serif_Ahom/Noto_Serif_Ahom_0055.png,4,False,True,False
data/v2/processed/fontsense_v2/images/train/serif/Sanchez/Sanchez_0087.png,data/v2/processed/fontsense_v2/images/train/serif/Noto_Serif_Ahom/Noto_Serif_Ahom_0058.png,4,False,True,False
data/v2/processed/fontsense_v2/images/train/serif/Sanchez/Sanchez_0091.png,data/v2/processed/fontsense_v2/images/train/serif/Noto_Serif_Ahom/Noto_Serif_Ahom_0026.png,4,False,True,False
data/v2/processed/fontsense_v2/images/train/serif/Sanchez/Sanchez_0093.png,data/v2/processed/fontsense_v2/images/train/serif/IM_Fell_Great_Primer/IM_Fell_Great_Primer_0032.png,4,False,True,False
data/v2/processed/fontsense_v2/images/train/serif/Sanchez/Sanchez_0094.png,data/v2/processed/fontsense_v2/images/train/serif/IM_Fell_Great_Primer/IM_Fell_Great_Primer_0031.png,4,False,True,False
data/v2/processed/fontsense_v2/images/train/serif/Sanchez/Sanchez_0094.png,data/v2/processed/fontsense_v2/images/train/serif/IM_Fell_Great_Primer/IM_Fell_Great_Primer_0032.png,4,False,True,False
data/v2/processed/fontsense_v2/images/train/serif/Sanchez/Sanchez_0094.png,data/v2/processed/fontsense_v2/images/train/serif/IM_Fell_Great_Primer/IM_Fell_Great_Primer_0062.png,4,False,True,False
data/v2/processed/fontsense_v2/images/train/serif/Sanchez/Sanchez_0095.png,data/v2/processed/fontsense_v2/images/train/serif/IM_Fell_Great_Primer/IM_Fell_Great_Primer_0068.png,4,False,True,False
data/v2/processed/fontsense_v2/images/train/serif/Sanchez/Sanchez_0096.png,data/v2/processed/fontsense_v2/images/train/serif/IM_Fell_Great_Primer/IM_Fell_Great_Primer_0076.png,4,False,True,False
data/v2/processed/fontsense_v2/images/train/serif/Sanchez/Sanchez_0096.png,data/v2/processed/fontsense_v2/images/train/serif/IM_Fell_Great_Primer/IM_Fell_Great_Primer_0097.png,4,False,True,False
data/v2/processed/fontsense_v2/images/train/serif/Sanchez/Sanchez_0096.png,data/v2/processed/fontsense_v2/images/train/serif/Noto_Serif_Ahom/Noto_Serif_Ahom_0040.png,4,False,True,False
data/v2/processed/fontsense_v2/images/train/serif/Sanchez/Sanchez_0096.png,data/v2/processed/fontsense_v2/images/train/serif/Noto_Serif_Ahom/Noto_Serif_Ahom_0049.png,4,False,True,False
data/v2/processed/fontsense_v2/images/train/serif/Sanchez/Sanchez_0096.png,data/v2/processed/fontsense_v2/images/train/serif/Noto_Serif_Ahom/Noto_Serif_Ahom_0070.png,4,False,True,False
data/v2/processed/fontsense_v2/images/train/serif/Sanchez/Sanchez_0097.png,data/v2/processed/fontsense_v2/images/train/serif/IM_Fell_Great_Primer/IM_Fell_Great_Primer_0056.png,4,False,True,False
data/v2/processed/fontsense_v2/images/train/serif/Wellfleet/Wellfleet_0000.png,data/v2/processed/fontsense_v2/images/train/serif/Noto_Serif_KR/Noto_Serif_KR_0078.png,4,False,True,False
data/v2/processed/fontsense_v2/images/train/serif/Wellfleet/Wellfleet_0000.png,data/v2/processed/fontsense_v2/images/train/serif/Rokkitt/Rokkitt_0079.png,4,False,True,False
data/v2/processed/fontsense_v2/images/train/serif/Wellfleet/Wellfleet_0000.png,data/v2/processed/fontsense_v2/images/train/serif/Quattrocento/Quattrocento_0015.png,4,False,True,False
data/v2/processed/fontsense_v2/images/train/serif/Wellfleet/Wellfleet_0000.png,data/v2/processed/fontsense_v2/images/train/serif/Noto_Serif_Ahom/Noto_Serif_Ahom_0062.png,4,False,True,False
data/v2/processed/fontsense_v2/images/train/serif/Wellfleet/Wellfleet_0001.png,data/v2/processed/fontsense_v2/images/train/serif/Noto_Serif_KR/Noto_Serif_KR_0066.png,4,False,True,False
data/v2/processed/fontsense_v2/images/train/serif/Wellfleet/Wellfleet_0001.png,data/v2/processed/fontsense_v2/images/train/serif/Domine/Domine_0058.png,4,False,True,False
data/v2/processed/fontsense_v2/images/train/serif/Wellfleet/Wellfleet_0001.png,data/v2/processed/fontsense_v2/images/train/serif/Yuji_Syuku/Yuji_Syuku_0043.png,4,False,True,False
data/v2/processed/fontsense_v2/images/train/serif/Wellfleet/Wellfleet_0002.png,data/v2/processed/fontsense_v2/images/train/serif/Wellfleet/Wellfleet_0084.png,4,True,True,False
data/v2/processed/fontsense_v2/images/train/serif/Wellfleet/Wellfleet_0002.png,data/v2/processed/fontsense_v2/images/train/serif/Noto_Serif_KR/Noto_Serif_KR_0005.png,4,False,True,False
data/v2/processed/fontsense_v2/images/train/serif/Wellfleet/Wellfleet_0002.png,data/v2/processed/fontsense_v2/images/train/serif/Noto_Serif_KR/Noto_Serif_KR_0066.png,4,False,True,False
data/v2/processed/fontsense_v2/images/train/serif/Wellfleet/Wellfleet_0002.png,data/v2/processed/fontsense_v2/images/train/serif/Yuji_Syuku/Yuji_Syuku_0078.png,4,False,True,False
data/v2/processed/fontsense_v2/images/train/serif/Wellfleet/Wellfleet_0002.png,data/v2/processed/fontsense_v2/images/train/serif/BatangChe/BatangChe_0067.png,4,False,True,False
data/v2/processed/fontsense_v2/images/train/serif/Wellfleet/Wellfleet_0002.png,data/v2/processed/fontsense_v2/images/train/serif/Rokkitt/Rokkitt_0046.png,4,False,True,False
data/v2/processed/fontsense_v2/images/train/serif/Wellfleet/Wellfleet_0002.png,data/v2/processed/fontsense_v2/images/train/serif/Sanchez/Sanchez_0001.png,4,False,True,False
data/v2/processed/fontsense_v2/images/train/serif/Wellfleet/Wellfleet_0002.png,data/v2/processed/fontsense_v2/images/train/serif/Sanchez/Sanchez_0072.png,4,False,True,False
data/v2/processed/fontsense_v2/images/train/serif/Wellfleet/Wellfleet_0002.png,data/v2/processed/fontsense_v2/images/train/serif/Sanchez/Sanchez_0078.png,4,False,True,False
data/v2/processed/fontsense_v2/images/train/serif/Wellfleet/Wellfleet_0002.png,data/v2/processed/fontsense_v2/images/train/serif/Sanchez/Sanchez_0094.png,4,False,True,False
data/v2/processed/fontsense_v2/images/train/serif/Wellfleet/Wellfleet_0002.png,data/v2/processed/fontsense_v2/images/train/serif/IM_Fell_Great_Primer/IM_Fell_Great_Primer_0090.png,4,False,True,False
data/v2/processed/fontsense_v2/images/train/serif/Wellfleet/Wellfleet_0004.png,data/v2/processed/fontsense_v2/images/train/serif/Noto_Serif_KR/Noto_Serif_KR_0034.png,4,False,True,False
data/v2/processed/fontsense_v2/images/train/serif/Wellfleet/Wellfleet_0004.png,data/v2/processed/fontsense_v2/images/train/serif/Noto_Serif_KR/Noto_Serif_KR_0058.png,4,False,True,False
data/v2/processed/fontsense_v2/images/train/serif/Wellfleet/Wellfleet_0004.png,data/v2/processed/fontsense_v2/images/train/serif/Noto_Serif_KR/Noto_Serif_KR_0092.png,4,False,True,False
data/v2/processed/fontsense_v2/images/train/serif/Wellfleet/Wellfleet_0004.png,data/v2/processed/fontsense_v2/images/train/serif/Noto_Serif_KR/Noto_Serif_KR_0098.png,4,False,True,False
data/v2/processed/fontsense_v2/images/train/serif/Wellfleet/Wellfleet_0004.png,data/v2/processed/fontsense_v2/images/train/serif/Yuji_Syuku/Yuji_Syuku_0069.png,4,False,True,False
data/v2/processed/fontsense_v2/images/train/serif/Wellfleet/Wellfleet_0004.png,data/v2/processed/fontsense_v2/images/train/serif/Sanchez/Sanchez_0060.png,4,False,True,False
data/v2/processed/fontsense_v2/images/train/serif/Wellfleet/Wellfleet_0006.png,data/v2/processed/fontsense_v2/images/train/serif/Noto_Serif_KR/Noto_Serif_KR_0085.png,4,False,True,False
data/v2/processed/fontsense_v2/images/train/serif/Wellfleet/Wellfleet_0006.png,data/v2/processed/fontsense_v2/images/train/serif/Yuji_Syuku/Yuji_Syuku_0009.png,4,False,True,False
data/v2/processed/fontsense_v2/images/train/serif/Wellfleet/Wellfleet_0006.png,data/v2/processed/fontsense_v2/images/train/serif/Yuji_Syuku/Yuji_Syuku_0097.png,4,False,True,False
data/v2/processed/fontsense_v2/images/train/serif/Wellfleet/Wellfleet_0006.png,data/v2/processed/fontsense_v2/images/train/serif/BatangChe/BatangChe_0070.png,4,False,True,False
data/v2/processed/fontsense_v2/images/train/serif/Wellfleet/Wellfleet_0006.png,data/v2/processed/fontsense_v2/images/train/serif/Libre_Caslon_Text/Libre_Caslon_Text_0029.png,4,False,True,False
data/v2/processed/fontsense_v2/images/train/serif/Wellfleet/Wellfleet_0006.png,data/v2/processed/fontsense_v2/images/train/serif/Libre_Caslon_Text/Libre_Caslon_Text_0044.png,4,False,True,False
data/v2/processed/fontsense_v2/images/train/serif/Wellfleet/Wellfleet_0006.png,data/v2/processed/fontsense_v2/images/train/serif/Sanchez/Sanchez_0035.png,4,False,True,False
data/v2/processed/fontsense_v2/images/train/serif/Wellfleet/Wellfleet_0007.png,data/v2/processed/fontsense_v2/images/train/serif/Noto_Serif_KR/Noto_Serif_KR_0002.png,4,False,True,False
data/v2/processed/fontsense_v2/images/train/serif/Wellfleet/Wellfleet_0007.png,data/v2/processed/fontsense_v2/images/train/serif/BatangChe/BatangChe_0022.png,4,False,True,False
data/v2/processed/fontsense_v2/images/train/serif/Wellfleet/Wellfleet_0007.png,data/v2/processed/fontsense_v2/images/train/serif/Rokkitt/Rokkitt_0063.png,4,False,True,False
data/v2/processed/fontsense_v2/images/train/serif/Wellfleet/Wellfleet_0009.png,data/v2/processed/fontsense_v2/images/train/serif/Wellfleet/Wellfleet_0034.png,4,True,True,False
data/v2/processed/fontsense_v2/images/train/serif/Wellfleet/Wellfleet_0009.png,data/v2/processed/fontsense_v2/images/train/serif/Domine/Domine_0053.png,4,False,True,False
data/v2/processed/fontsense_v2/images/train/serif/Wellfleet/Wellfleet_0009.png,data/v2/processed/fontsense_v2/images/train/serif/Domine/Domine_0068.png,4,False,True,False
data/v2/processed/fontsense_v2/images/train/serif/Wellfleet/Wellfleet_0009.png,data/v2/processed/fontsense_v2/images/train/serif/BatangChe/BatangChe_0028.png,4,False,True,False
data/v2/processed/fontsense_v2/images/train/serif/Wellfleet/Wellfleet_0009.png,data/v2/processed/fontsense_v2/images/train/serif/BatangChe/BatangChe_0057.png,4,False,True,False
data/v2/processed/fontsense_v2/images/train/serif/Wellfleet/Wellfleet_0009.png,data/v2/processed/fontsense_v2/images/train/serif/BatangChe/BatangChe_0075.png,4,False,True,False
data/v2/processed/fontsense_v2/images/train/serif/Wellfleet/Wellfleet_0009.png,data/v2/processed/fontsense_v2/images/train/serif/Sanchez/Sanchez_0076.png,4,False,True,False
data/v2/processed/fontsense_v2/images/train/serif/Wellfleet/Wellfleet_0009.png,data/v2/processed/fontsense_v2/images/train/serif/Noto_Serif_Ahom/Noto_Serif_Ahom_0044.png,4,False,True,False
data/v2/processed/fontsense_v2/images/train/serif/Wellfleet/Wellfleet_0012.png,data/v2/processed/fontsense_v2/images/train/serif/IM_Fell_Great_Primer/IM_Fell_Great_Primer_0018.png,4,False,True,False
data/v2/processed/fontsense_v2/images/train/serif/Wellfleet/Wellfleet_0013.png,data/v2/processed/fontsense_v2/images/train/serif/Wellfleet/Wellfleet_0068.png,4,True,True,False
data/v2/processed/fontsense_v2/images/train/serif/Wellfleet/Wellfleet_0013.png,data/v2/processed/fontsense_v2/images/train/serif/Domine/Domine_0069.png,4,False,True,False
data/v2/processed/fontsense_v2/images/train/serif/Wellfleet/Wellfleet_0013.png,data/v2/processed/fontsense_v2/images/train/serif/BatangChe/BatangChe_0045.png,4,False,True,False
data/v2/processed/fontsense_v2/images/train/serif/Wellfleet/Wellfleet_0014.png,data/v2/processed/fontsense_v2/images/train/serif/IM_Fell_Great_Primer/IM_Fell_Great_Primer_0020.png,4,False,True,False
data/v2/processed/fontsense_v2/images/train/serif/Wellfleet/Wellfleet_0014.png,data/v2/processed/fontsense_v2/images/train/serif/IM_Fell_Great_Primer/IM_Fell_Great_Primer_0030.png,4,False,True,False
data/v2/processed/fontsense_v2/images/train/serif/Wellfleet/Wellfleet_0015.png,data/v2/processed/fontsense_v2/images/train/serif/Wellfleet/Wellfleet_0073.png,4,True,True,False
data/v2/processed/fontsense_v2/images/train/serif/Wellfleet/Wellfleet_0015.png,data/v2/processed/fontsense_v2/images/train/serif/Noto_Serif_KR/Noto_Serif_KR_0005.png,4,False,True,False
data/v2/processed/fontsense_v2/images/train/serif/Wellfleet/Wellfleet_0015.png,data/v2/processed/fontsense_v2/images/train/serif/Domine/Domine_0002.png,4,False,True,False
data/v2/processed/fontsense_v2/images/train/serif/Wellfleet/Wellfleet_0015.png,data/v2/processed/fontsense_v2/images/train/serif/Yuji_Syuku/Yuji_Syuku_0034.png,4,False,True,False
data/v2/processed/fontsense_v2/images/train/serif/Wellfleet/Wellfleet_0015.png,data/v2/processed/fontsense_v2/images/train/serif/BatangChe/BatangChe_0067.png,4,False,True,False
data/v2/processed/fontsense_v2/images/train/serif/Wellfleet/Wellfleet_0015.png,data/v2/processed/fontsense_v2/images/train/serif/BatangChe/BatangChe_0078.png,4,False,True,False
data/v2/processed/fontsense_v2/images/train/serif/Wellfleet/Wellfleet_0015.png,data/v2/processed/fontsense_v2/images/train/serif/Sanchez/Sanchez_0001.png,4,False,True,False
data/v2/processed/fontsense_v2/images/train/serif/Wellfleet/Wellfleet_0015.png,data/v2/processed/fontsense_v2/images/train/serif/Sanchez/Sanchez_0094.png,4,False,True,False
data/v2/processed/fontsense_v2/images/train/serif/Wellfleet/Wellfleet_0015.png,data/v2/processed/fontsense_v2/images/train/serif/IM_Fell_Great_Primer/IM_Fell_Great_Primer_0032.png,4,False,True,False
data/v2/processed/fontsense_v2/images/train/serif/Wellfleet/Wellfleet_0015.png,data/v2/processed/fontsense_v2/images/train/serif/Noto_Serif_Ahom/Noto_Serif_Ahom_0024.png,4,False,True,False
data/v2/processed/fontsense_v2/images/train/serif/Wellfleet/Wellfleet_0016.png,data/v2/processed/fontsense_v2/images/train/serif/Noto_Serif_KR/Noto_Serif_KR_0097.png,4,False,True,False
data/v2/processed/fontsense_v2/images/train/serif/Wellfleet/Wellfleet_0017.png,data/v2/processed/fontsense_v2/images/train/serif/Yuji_Syuku/Yuji_Syuku_0082.png,4,False,True,False
data/v2/processed/fontsense_v2/images/train/serif/Wellfleet/Wellfleet_0018.png,data/v2/processed/fontsense_v2/images/train/serif/Domine/Domine_0045.png,4,False,True,False
data/v2/processed/fontsense_v2/images/train/serif/Wellfleet/Wellfleet_0018.png,data/v2/processed/fontsense_v2/images/train/serif/BatangChe/BatangChe_0061.png,4,False,True,False
data/v2/processed/fontsense_v2/images/train/serif/Wellfleet/Wellfleet_0018.png,data/v2/processed/fontsense_v2/images/train/serif/BatangChe/BatangChe_0069.png,4,False,True,False
data/v2/processed/fontsense_v2/images/train/serif/Wellfleet/Wellfleet_0019.png,data/v2/processed/fontsense_v2/images/train/serif/Noto_Serif_KR/Noto_Serif_KR_0057.png,4,False,True,False
data/v2/processed/fontsense_v2/images/train/serif/Wellfleet/Wellfleet_0020.png,data/v2/processed/fontsense_v2/images/train/serif/Noto_Serif_KR/Noto_Serif_KR_0054.png,4,False,True,False
data/v2/processed/fontsense_v2/images/train/serif/Wellfleet/Wellfleet_0020.png,data/v2/processed/fontsense_v2/images/train/serif/Domine/Domine_0053.png,4,False,True,False
data/v2/processed/fontsense_v2/images/train/serif/Wellfleet/Wellfleet_0020.png,data/v2/processed/fontsense_v2/images/train/serif/BatangChe/BatangChe_0028.png,4,False,True,False
data/v2/processed/fontsense_v2/images/train/serif/Wellfleet/Wellfleet_0020.png,data/v2/processed/fontsense_v2/images/train/serif/Libre_Caslon_Text/Libre_Caslon_Text_0017.png,4,False,True,False
data/v2/processed/fontsense_v2/images/train/serif/Wellfleet/Wellfleet_0020.png,data/v2/processed/fontsense_v2/images/train/serif/Libre_Caslon_Text/Libre_Caslon_Text_0087.png,4,False,True,False
data/v2/processed/fontsense_v2/images/train/serif/Wellfleet/Wellfleet_0020.png,data/v2/processed/fontsense_v2/images/train/serif/Sanchez/Sanchez_0077.png,4,False,True,False
data/v2/processed/fontsense_v2/images/train/serif/Wellfleet/Wellfleet_0021.png,data/v2/processed/fontsense_v2/images/train/serif/Quattrocento/Quattrocento_0021.png,4,False,True,False
data/v2/processed/fontsense_v2/images/train/serif/Wellfleet/Wellfleet_0021.png,data/v2/processed/fontsense_v2/images/train/serif/Quattrocento/Quattrocento_0053.png,4,False,True,True
data/v2/processed/fontsense_v2/images/train/serif/Wellfleet/Wellfleet_0021.png,data/v2/processed/fontsense_v2/images/train/serif/Sanchez/Sanchez_0089.png,4,False,True,False
data/v2/processed/fontsense_v2/images/train/serif/Wellfleet/Wellfleet_0022.png,data/v2/processed/fontsense_v2/images/train/serif/BatangChe/BatangChe_0054.png,4,False,True,False
data/v2/processed/fontsense_v2/images/train/serif/Wellfleet/Wellfleet_0024.png,data/v2/processed/fontsense_v2/images/train/serif/Domine/Domine_0097.png,4,False,True,False
data/v2/processed/fontsense_v2/images/train/serif/Wellfleet/Wellfleet_0024.png,data/v2/processed/fontsense_v2/images/train/serif/BatangChe/BatangChe_0070.png,4,False,True,False
data/v2/processed/fontsense_v2/images/train/serif/Wellfleet/Wellfleet_0024.png,data/v2/processed/fontsense_v2/images/train/serif/Libre_Caslon_Text/Libre_Caslon_Text_0000.png,4,False,True,False
data/v2/processed/fontsense_v2/images/train/serif/Wellfleet/Wellfleet_0024.png,data/v2/processed/fontsense_v2/images/train/serif/Libre_Caslon_Text/Libre_Caslon_Text_0095.png,4,False,True,False
data/v2/processed/fontsense_v2/images/train/serif/Wellfleet/Wellfleet_0025.png,data/v2/processed/fontsense_v2/images/train/serif/Domine/Domine_0069.png,4,False,True,False
data/v2/processed/fontsense_v2/images/train/serif/Wellfleet/Wellfleet_0026.png,data/v2/processed/fontsense_v2/images/train/serif/Wellfleet/Wellfleet_0080.png,4,True,True,False
data/v2/processed/fontsense_v2/images/train/serif/Wellfleet/Wellfleet_0026.png,data/v2/processed/fontsense_v2/images/train/serif/Yuji_Syuku/Yuji_Syuku_0081.png,4,False,True,False
data/v2/processed/fontsense_v2/images/train/serif/Wellfleet/Wellfleet_0026.png,data/v2/processed/fontsense_v2/images/train/serif/BatangChe/BatangChe_0058.png,4,False,True,False
data/v2/processed/fontsense_v2/images/train/serif/Wellfleet/Wellfleet_0026.png,data/v2/processed/fontsense_v2/images/train/serif/BatangChe/BatangChe_0067.png,4,False,True,False
data/v2/processed/fontsense_v2/images/train/serif/Wellfleet/Wellfleet_0026.png,data/v2/processed/fontsense_v2/images/train/serif/Libre_Caslon_Text/Libre_Caslon_Text_0013.png,4,False,True,False
data/v2/processed/fontsense_v2/images/train/serif/Wellfleet/Wellfleet_0026.png,data/v2/processed/fontsense_v2/images/train/serif/Libre_Caslon_Text/Libre_Caslon_Text_0042.png,4,False,True,False
data/v2/processed/fontsense_v2/images/train/serif/Wellfleet/Wellfleet_0026.png,data/v2/processed/fontsense_v2/images/train/serif/Quattrocento/Quattrocento_0081.png,4,False,True,False
data/v2/processed/fontsense_v2/images/train/serif/Wellfleet/Wellfleet_0026.png,data/v2/processed/fontsense_v2/images/train/serif/Quattrocento/Quattrocento_0088.png,4,False,True,False
data/v2/processed/fontsense_v2/images/train/serif/Wellfleet/Wellfleet_0026.png,data/v2/processed/fontsense_v2/images/train/serif/Sanchez/Sanchez_0059.png,4,False,True,False
data/v2/processed/fontsense_v2/images/train/serif/Wellfleet/Wellfleet_0026.png,data/v2/processed/fontsense_v2/images/train/serif/Noto_Serif_Ahom/Noto_Serif_Ahom_0065.png,4,False,True,False
data/v2/processed/fontsense_v2/images/train/serif/Wellfleet/Wellfleet_0027.png,data/v2/processed/fontsense_v2/images/train/serif/Noto_Serif_KR/Noto_Serif_KR_0010.png,4,False,True,False
data/v2/processed/fontsense_v2/images/train/serif/Wellfleet/Wellfleet_0027.png,data/v2/processed/fontsense_v2/images/train/serif/Libre_Caslon_Text/Libre_Caslon_Text_0053.png,4,False,True,False
data/v2/processed/fontsense_v2/images/train/serif/Wellfleet/Wellfleet_0027.png,data/v2/processed/fontsense_v2/images/train/serif/Libre_Caslon_Text/Libre_Caslon_Text_0056.png,4,False,True,False
data/v2/processed/fontsense_v2/images/train/serif/Wellfleet/Wellfleet_0027.png,data/v2/processed/fontsense_v2/images/train/serif/Noto_Serif_Ahom/Noto_Serif_Ahom_0051.png,4,False,True,False
data/v2/processed/fontsense_v2/images/train/serif/Wellfleet/Wellfleet_0028.png,data/v2/processed/fontsense_v2/images/train/serif/Quattrocento/Quattrocento_0035.png,4,False,True,False
data/v2/processed/fontsense_v2/images/train/serif/Wellfleet/Wellfleet_0028.png,data/v2/processed/fontsense_v2/images/train/serif/Quattrocento/Quattrocento_0092.png,4,False,True,False
data/v2/processed/fontsense_v2/images/train/serif/Wellfleet/Wellfleet_0030.png,data/v2/processed/fontsense_v2/images/train/serif/Domine/Domine_0060.png,4,False,True,False
data/v2/processed/fontsense_v2/images/train/serif/Wellfleet/Wellfleet_0030.png,data/v2/processed/fontsense_v2/images/train/serif/Yuji_Syuku/Yuji_Syuku_0045.png,4,False,True,False
data/v2/processed/fontsense_v2/images/train/serif/Wellfleet/Wellfleet_0030.png,data/v2/processed/fontsense_v2/images/train/serif/Libre_Caslon_Text/Libre_Caslon_Text_0008.png,4,False,True,False
data/v2/processed/fontsense_v2/images/train/serif/Wellfleet/Wellfleet_0030.png,data/v2/processed/fontsense_v2/images/train/serif/Rokkitt/Rokkitt_0066.png,4,False,True,False
data/v2/processed/fontsense_v2/images/train/serif/Wellfleet/Wellfleet_0030.png,data/v2/processed/fontsense_v2/images/train/serif/Rokkitt/Rokkitt_0071.png,4,False,True,False
data/v2/processed/fontsense_v2/images/train/serif/Wellfleet/Wellfleet_0030.png,data/v2/processed/fontsense_v2/images/train/serif/Rokkitt/Rokkitt_0098.png,4,False,True,False
data/v2/processed/fontsense_v2/images/train/serif/Wellfleet/Wellfleet_0030.png,data/v2/processed/fontsense_v2/images/train/serif/Sanchez/Sanchez_0029.png,4,False,True,False
data/v2/processed/fontsense_v2/images/train/serif/Wellfleet/Wellfleet_0030.png,data/v2/processed/fontsense_v2/images/train/serif/Noto_Serif_Ahom/Noto_Serif_Ahom_0006.png,4,False,True,False
data/v2/processed/fontsense_v2/images/train/serif/Wellfleet/Wellfleet_0030.png,data/v2/processed/fontsense_v2/images/train/serif/Noto_Serif_Ahom/Noto_Serif_Ahom_0035.png,4,False,True,False
data/v2/processed/fontsense_v2/images/train/serif/Wellfleet/Wellfleet_0031.png,data/v2/processed/fontsense_v2/images/train/serif/Wellfleet/Wellfleet_0084.png,4,True,True,False
data/v2/processed/fontsense_v2/images/train/serif/Wellfleet/Wellfleet_0031.png,data/v2/processed/fontsense_v2/images/train/serif/Noto_Serif_KR/Noto_Serif_KR_0066.png,4,False,True,False
data/v2/processed/fontsense_v2/images/train/serif/Wellfleet/Wellfleet_0031.png,data/v2/processed/fontsense_v2/images/train/serif/Domine/Domine_0062.png,4,False,True,False
data/v2/processed/fontsense_v2/images/train/serif/Wellfleet/Wellfleet_0031.png,data/v2/processed/fontsense_v2/images/train/serif/Yuji_Syuku/Yuji_Syuku_0069.png,4,False,True,False
data/v2/processed/fontsense_v2/images/train/serif/Wellfleet/Wellfleet_0031.png,data/v2/processed/fontsense_v2/images/train/serif/Rokkitt/Rokkitt_0000.png,4,False,True,False
data/v2/processed/fontsense_v2/images/train/serif/Wellfleet/Wellfleet_0031.png,data/v2/processed/fontsense_v2/images/train/serif/IM_Fell_Great_Primer/IM_Fell_Great_Primer_0090.png,4,False,True,False
data/v2/processed/fontsense_v2/images/train/serif/Wellfleet/Wellfleet_0031.png,data/v2/processed/fontsense_v2/images/train/serif/IM_Fell_Great_Primer/IM_Fell_Great_Primer_0093.png,4,False,True,False
data/v2/processed/fontsense_v2/images/train/serif/Wellfleet/Wellfleet_0032.png,data/v2/processed/fontsense_v2/images/train/serif/Noto_Serif_KR/Noto_Serif_KR_0074.png,4,False,True,False
data/v2/processed/fontsense_v2/images/train/serif/Wellfleet/Wellfleet_0032.png,data/v2/processed/fontsense_v2/images/train/serif/Rokkitt/Rokkitt_0076.png,4,False,True,False
data/v2/processed/fontsense_v2/images/train/serif/Wellfleet/Wellfleet_0032.png,data/v2/processed/fontsense_v2/images/train/serif/Quattrocento/Quattrocento_0010.png,4,False,True,False
data/v2/processed/fontsense_v2/images/train/serif/Wellfleet/Wellfleet_0032.png,data/v2/processed/fontsense_v2/images/train/serif/IM_Fell_Great_Primer/IM_Fell_Great_Primer_0042.png,4,False,True,False
data/v2/processed/fontsense_v2/images/train/serif/Wellfleet/Wellfleet_0032.png,data/v2/processed/fontsense_v2/images/train/serif/IM_Fell_Great_Primer/IM_Fell_Great_Primer_0092.png,4,False,True,False
data/v2/processed/fontsense_v2/images/train/serif/Wellfleet/Wellfleet_0033.png,data/v2/processed/fontsense_v2/images/train/serif/BatangChe/BatangChe_0068.png,4,False,True,False
data/v2/processed/fontsense_v2/images/train/serif/Wellfleet/Wellfleet_0033.png,data/v2/processed/fontsense_v2/images/train/serif/Sanchez/Sanchez_0010.png,4,False,True,False
data/v2/processed/fontsense_v2/images/train/serif/Wellfleet/Wellfleet_0034.png,data/v2/processed/fontsense_v2/images/train/serif/Domine/Domine_0053.png,4,False,True,False
data/v2/processed/fontsense_v2/images/train/serif/Wellfleet/Wellfleet_0034.png,data/v2/processed/fontsense_v2/images/train/serif/BatangChe/BatangChe_0096.png,4,False,True,False
data/v2/processed/fontsense_v2/images/train/serif/Wellfleet/Wellfleet_0034.png,data/v2/processed/fontsense_v2/images/train/serif/Quattrocento/Quattrocento_0076.png,4,False,True,False
data/v2/processed/fontsense_v2/images/train/serif/Wellfleet/Wellfleet_0034.png,data/v2/processed/fontsense_v2/images/train/serif/Sanchez/Sanchez_0013.png,4,False,True,False
data/v2/processed/fontsense_v2/images/train/serif/Wellfleet/Wellfleet_0034.png,data/v2/processed/fontsense_v2/images/train/serif/Noto_Serif_Ahom/Noto_Serif_Ahom_0039.png,4,False,True,False
data/v2/processed/fontsense_v2/images/train/serif/Wellfleet/Wellfleet_0034.png,data/v2/processed/fontsense_v2/images/train/serif/Noto_Serif_Ahom/Noto_Serif_Ahom_0059.png,4,False,True,False
data/v2/processed/fontsense_v2/images/train/serif/Wellfleet/Wellfleet_0036.png,data/v2/processed/fontsense_v2/images/train/serif/Noto_Serif_KR/Noto_Serif_KR_0066.png,4,False,True,False
data/v2/processed/fontsense_v2/images/train/serif/Wellfleet/Wellfleet_0036.png,data/v2/processed/fontsense_v2/images/train/serif/Noto_Serif_KR/Noto_Serif_KR_0089.png,4,False,True,False
data/v2/processed/fontsense_v2/images/train/serif/Wellfleet/Wellfleet_0036.png,data/v2/processed/fontsense_v2/images/train/serif/Domine/Domine_0083.png,4,False,True,False
data/v2/processed/fontsense_v2/images/train/serif/Wellfleet/Wellfleet_0036.png,data/v2/processed/fontsense_v2/images/train/serif/Libre_Caslon_Text/Libre_Caslon_Text_0005.png,4,False,True,False
data/v2/processed/fontsense_v2/images/train/serif/Wellfleet/Wellfleet_0037.png,data/v2/processed/fontsense_v2/images/train/serif/IM_Fell_Great_Primer/IM_Fell_Great_Primer_0081.png,4,False,True,False
data/v2/processed/fontsense_v2/images/train/serif/Wellfleet/Wellfleet_0038.png,data/v2/processed/fontsense_v2/images/train/serif/Noto_Serif_KR/Noto_Serif_KR_0019.png,4,False,True,False
data/v2/processed/fontsense_v2/images/train/serif/Wellfleet/Wellfleet_0038.png,data/v2/processed/fontsense_v2/images/train/serif/BatangChe/BatangChe_0032.png,4,False,True,False
data/v2/processed/fontsense_v2/images/train/serif/Wellfleet/Wellfleet_0040.png,data/v2/processed/fontsense_v2/images/train/serif/Wellfleet/Wellfleet_0064.png,4,True,True,False
data/v2/processed/fontsense_v2/images/train/serif/Wellfleet/Wellfleet_0040.png,data/v2/processed/fontsense_v2/images/train/serif/BatangChe/BatangChe_0058.png,4,False,True,False
data/v2/processed/fontsense_v2/images/train/serif/Wellfleet/Wellfleet_0041.png,data/v2/processed/fontsense_v2/images/train/serif/Yuji_Syuku/Yuji_Syuku_0034.png,4,False,True,False
data/v2/processed/fontsense_v2/images/train/serif/Wellfleet/Wellfleet_0041.png,data/v2/processed/fontsense_v2/images/train/serif/Libre_Caslon_Text/Libre_Caslon_Text_0034.png,4,False,True,False
data/v2/processed/fontsense_v2/images/train/serif/Wellfleet/Wellfleet_0042.png,data/v2/processed/fontsense_v2/images/train/serif/Noto_Serif_KR/Noto_Serif_KR_0014.png,4,False,True,False
data/v2/processed/fontsense_v2/images/train/serif/Wellfleet/Wellfleet_0043.png,data/v2/processed/fontsense_v2/images/train/serif/Noto_Serif_KR/Noto_Serif_KR_0090.png,4,False,True,False
data/v2/processed/fontsense_v2/images/train/serif/Wellfleet/Wellfleet_0043.png,data/v2/processed/fontsense_v2/images/train/serif/Domine/Domine_0047.png,4,False,True,False
data/v2/processed/fontsense_v2/images/train/serif/Wellfleet/Wellfleet_0043.png,data/v2/processed/fontsense_v2/images/train/serif/Domine/Domine_0056.png,4,False,True,False
data/v2/processed/fontsense_v2/images/train/serif/Wellfleet/Wellfleet_0043.png,data/v2/processed/fontsense_v2/images/train/serif/Noto_Serif_Ahom/Noto_Serif_Ahom_0036.png,4,False,True,False
data/v2/processed/fontsense_v2/images/train/serif/Wellfleet/Wellfleet_0044.png,data/v2/processed/fontsense_v2/images/train/serif/Noto_Serif_KR/Noto_Serif_KR_0004.png,4,False,True,False
data/v2/processed/fontsense_v2/images/train/serif/Wellfleet/Wellfleet_0044.png,data/v2/processed/fontsense_v2/images/train/serif/Yuji_Syuku/Yuji_Syuku_0026.png,4,False,True,False
data/v2/processed/fontsense_v2/images/train/serif/Wellfleet/Wellfleet_0044.png,data/v2/processed/fontsense_v2/images/train/serif/Yuji_Syuku/Yuji_Syuku_0049.png,4,False,True,False
data/v2/processed/fontsense_v2/images/train/serif/Wellfleet/Wellfleet_0044.png,data/v2/processed/fontsense_v2/images/train/serif/Sanchez/Sanchez_0054.png,4,False,True,False
data/v2/processed/fontsense_v2/images/train/serif/Wellfleet/Wellfleet_0045.png,data/v2/processed/fontsense_v2/images/train/serif/Yuji_Syuku/Yuji_Syuku_0084.png,4,False,True,False
data/v2/processed/fontsense_v2/images/train/serif/Wellfleet/Wellfleet_0045.png,data/v2/processed/fontsense_v2/images/train/serif/Rokkitt/Rokkitt_0031.png,4,False,True,False
data/v2/processed/fontsense_v2/images/train/serif/Wellfleet/Wellfleet_0045.png,data/v2/processed/fontsense_v2/images/train/serif/Rokkitt/Rokkitt_0047.png,4,False,True,False
data/v2/processed/fontsense_v2/images/train/serif/Wellfleet/Wellfleet_0045.png,data/v2/processed/fontsense_v2/images/train/serif/Quattrocento/Quattrocento_0081.png,4,False,True,False
data/v2/processed/fontsense_v2/images/train/serif/Wellfleet/Wellfleet_0045.png,data/v2/processed/fontsense_v2/images/train/serif/Sanchez/Sanchez_0001.png,4,False,True,False
data/v2/processed/fontsense_v2/images/train/serif/Wellfleet/Wellfleet_0045.png,data/v2/processed/fontsense_v2/images/train/serif/Sanchez/Sanchez_0006.png,4,False,True,False
data/v2/processed/fontsense_v2/images/train/serif/Wellfleet/Wellfleet_0045.png,data/v2/processed/fontsense_v2/images/train/serif/IM_Fell_Great_Primer/IM_Fell_Great_Primer_0008.png,4,False,True,False
data/v2/processed/fontsense_v2/images/train/serif/Wellfleet/Wellfleet_0045.png,data/v2/processed/fontsense_v2/images/train/serif/IM_Fell_Great_Primer/IM_Fell_Great_Primer_0032.png,4,False,True,False
data/v2/processed/fontsense_v2/images/train/serif/Wellfleet/Wellfleet_0045.png,data/v2/processed/fontsense_v2/images/train/serif/Noto_Serif_Ahom/Noto_Serif_Ahom_0015.png,4,False,True,False
data/v2/processed/fontsense_v2/images/train/serif/Wellfleet/Wellfleet_0045.png,data/v2/processed/fontsense_v2/images/train/serif/Noto_Serif_Ahom/Noto_Serif_Ahom_0064.png,4,False,True,False
data/v2/processed/fontsense_v2/images/train/serif/Wellfleet/Wellfleet_0046.png,data/v2/processed/fontsense_v2/images/train/serif/BatangChe/BatangChe_0006.png,4,False,True,False
data/v2/processed/fontsense_v2/images/train/serif/Wellfleet/Wellfleet_0046.png,data/v2/processed/fontsense_v2/images/train/serif/Sanchez/Sanchez_0011.png,4,False,True,False
data/v2/processed/fontsense_v2/images/train/serif/Wellfleet/Wellfleet_0046.png,data/v2/processed/fontsense_v2/images/train/serif/Sanchez/Sanchez_0082.png,4,False,True,False
data/v2/processed/fontsense_v2/images/train/serif/Wellfleet/Wellfleet_0046.png,data/v2/processed/fontsense_v2/images/train/serif/IM_Fell_Great_Primer/IM_Fell_Great_Primer_0063.png,4,False,True,False
data/v2/processed/fontsense_v2/images/train/serif/Wellfleet/Wellfleet_0047.png,data/v2/processed/fontsense_v2/images/train/serif/Domine/Domine_0061.png,4,False,True,False
data/v2/processed/fontsense_v2/images/train/serif/Wellfleet/Wellfleet_0050.png,data/v2/processed/fontsense_v2/images/train/serif/Domine/Domine_0073.png,4,False,True,False
data/v2/processed/fontsense_v2/images/train/serif/Wellfleet/Wellfleet_0050.png,data/v2/processed/fontsense_v2/images/train/serif/Libre_Caslon_Text/Libre_Caslon_Text_0000.png,4,False,True,False
data/v2/processed/fontsense_v2/images/train/serif/Wellfleet/Wellfleet_0050.png,data/v2/processed/fontsense_v2/images/train/serif/Libre_Caslon_Text/Libre_Caslon_Text_0002.png,4,False,True,False
data/v2/processed/fontsense_v2/images/train/serif/Wellfleet/Wellfleet_0050.png,data/v2/processed/fontsense_v2/images/train/serif/Libre_Caslon_Text/Libre_Caslon_Text_0045.png,4,False,True,False
data/v2/processed/fontsense_v2/images/train/serif/Wellfleet/Wellfleet_0050.png,data/v2/processed/fontsense_v2/images/train/serif/Rokkitt/Rokkitt_0096.png,4,False,True,False
data/v2/processed/fontsense_v2/images/train/serif/Wellfleet/Wellfleet_0050.png,data/v2/processed/fontsense_v2/images/train/serif/Sanchez/Sanchez_0096.png,4,False,True,False
data/v2/processed/fontsense_v2/images/train/serif/Wellfleet/Wellfleet_0050.png,data/v2/processed/fontsense_v2/images/train/serif/Noto_Serif_Ahom/Noto_Serif_Ahom_0027.png,4,False,True,False
data/v2/processed/fontsense_v2/images/train/serif/Wellfleet/Wellfleet_0051.png,data/v2/processed/fontsense_v2/images/train/serif/BatangChe/BatangChe_0006.png,4,False,True,False
data/v2/processed/fontsense_v2/images/train/serif/Wellfleet/Wellfleet_0051.png,data/v2/processed/fontsense_v2/images/train/serif/Rokkitt/Rokkitt_0044.png,4,False,True,False
data/v2/processed/fontsense_v2/images/train/serif/Wellfleet/Wellfleet_0051.png,data/v2/processed/fontsense_v2/images/train/serif/Quattrocento/Quattrocento_0046.png,4,False,True,False
data/v2/processed/fontsense_v2/images/train/serif/Wellfleet/Wellfleet_0051.png,data/v2/processed/fontsense_v2/images/train/serif/IM_Fell_Great_Primer/IM_Fell_Great_Primer_0063.png,4,False,True,False
data/v2/processed/fontsense_v2/images/train/serif/Wellfleet/Wellfleet_0053.png,data/v2/processed/fontsense_v2/images/train/serif/Wellfleet/Wellfleet_0062.png,4,True,True,False
data/v2/processed/fontsense_v2/images/train/serif/Wellfleet/Wellfleet_0053.png,data/v2/processed/fontsense_v2/images/train/serif/Wellfleet/Wellfleet_0066.png,4,True,True,False
data/v2/processed/fontsense_v2/images/train/serif/Wellfleet/Wellfleet_0053.png,data/v2/processed/fontsense_v2/images/train/serif/BatangChe/BatangChe_0048.png,4,False,True,False
data/v2/processed/fontsense_v2/images/train/serif/Wellfleet/Wellfleet_0053.png,data/v2/processed/fontsense_v2/images/train/serif/BatangChe/BatangChe_0075.png,4,False,True,False
data/v2/processed/fontsense_v2/images/train/serif/Wellfleet/Wellfleet_0053.png,data/v2/processed/fontsense_v2/images/train/serif/Libre_Caslon_Text/Libre_Caslon_Text_0040.png,4,False,True,False
data/v2/processed/fontsense_v2/images/train/serif/Wellfleet/Wellfleet_0053.png,data/v2/processed/fontsense_v2/images/train/serif/Quattrocento/Quattrocento_0089.png,4,False,True,False
data/v2/processed/fontsense_v2/images/train/serif/Wellfleet/Wellfleet_0053.png,data/v2/processed/fontsense_v2/images/train/serif/Sanchez/Sanchez_0005.png,4,False,True,False
data/v2/processed/fontsense_v2/images/train/serif/Wellfleet/Wellfleet_0053.png,data/v2/processed/fontsense_v2/images/train/serif/Sanchez/Sanchez_0023.png,4,False,True,False
data/v2/processed/fontsense_v2/images/train/serif/Wellfleet/Wellfleet_0053.png,data/v2/processed/fontsense_v2/images/train/serif/Sanchez/Sanchez_0042.png,4,False,True,False
data/v2/processed/fontsense_v2/images/train/serif/Wellfleet/Wellfleet_0053.png,data/v2/processed/fontsense_v2/images/train/serif/Sanchez/Sanchez_0053.png,4,False,True,False
data/v2/processed/fontsense_v2/images/train/serif/Wellfleet/Wellfleet_0053.png,data/v2/processed/fontsense_v2/images/train/serif/Sanchez/Sanchez_0079.png,4,False,True,False
data/v2/processed/fontsense_v2/images/train/serif/Wellfleet/Wellfleet_0053.png,data/v2/processed/fontsense_v2/images/train/serif/IM_Fell_Great_Primer/IM_Fell_Great_Primer_0012.png,4,False,True,False
data/v2/processed/fontsense_v2/images/train/serif/Wellfleet/Wellfleet_0053.png,data/v2/processed/fontsense_v2/images/train/serif/IM_Fell_Great_Primer/IM_Fell_Great_Primer_0016.png,4,False,True,False
data/v2/processed/fontsense_v2/images/train/serif/Wellfleet/Wellfleet_0053.png,data/v2/processed/fontsense_v2/images/train/serif/IM_Fell_Great_Primer/IM_Fell_Great_Primer_0079.png,4,False,True,False
data/v2/processed/fontsense_v2/images/train/serif/Wellfleet/Wellfleet_0054.png,data/v2/processed/fontsense_v2/images/train/serif/Rokkitt/Rokkitt_0073.png,4,False,True,False
data/v2/processed/fontsense_v2/images/train/serif/Wellfleet/Wellfleet_0054.png,data/v2/processed/fontsense_v2/images/train/serif/Sanchez/Sanchez_0067.png,4,False,True,False
data/v2/processed/fontsense_v2/images/train/serif/Wellfleet/Wellfleet_0054.png,data/v2/processed/fontsense_v2/images/train/serif/Sanchez/Sanchez_0089.png,4,False,True,False
data/v2/processed/fontsense_v2/images/train/serif/Wellfleet/Wellfleet_0055.png,data/v2/processed/fontsense_v2/images/train/serif/Noto_Serif_KR/Noto_Serif_KR_0018.png,4,False,True,False
data/v2/processed/fontsense_v2/images/train/serif/Wellfleet/Wellfleet_0056.png,data/v2/processed/fontsense_v2/images/train/serif/Noto_Serif_KR/Noto_Serif_KR_0064.png,4,False,True,False
data/v2/processed/fontsense_v2/images/train/serif/Wellfleet/Wellfleet_0056.png,data/v2/processed/fontsense_v2/images/train/serif/Domine/Domine_0074.png,4,False,True,False
data/v2/processed/fontsense_v2/images/train/serif/Wellfleet/Wellfleet_0056.png,data/v2/processed/fontsense_v2/images/train/serif/Quattrocento/Quattrocento_0054.png,4,False,True,False
data/v2/processed/fontsense_v2/images/train/serif/Wellfleet/Wellfleet_0058.png,data/v2/processed/fontsense_v2/images/train/serif/Noto_Serif_KR/Noto_Serif_KR_0017.png,4,False,True,False
data/v2/processed/fontsense_v2/images/train/serif/Wellfleet/Wellfleet_0058.png,data/v2/processed/fontsense_v2/images/train/serif/BatangChe/BatangChe_0088.png,4,False,True,False
data/v2/processed/fontsense_v2/images/train/serif/Wellfleet/Wellfleet_0058.png,data/v2/processed/fontsense_v2/images/train/serif/Rokkitt/Rokkitt_0099.png,4,False,True,False
data/v2/processed/fontsense_v2/images/train/serif/Wellfleet/Wellfleet_0058.png,data/v2/processed/fontsense_v2/images/train/serif/IM_Fell_Great_Primer/IM_Fell_Great_Primer_0067.png,4,False,True,False
data/v2/processed/fontsense_v2/images/train/serif/Wellfleet/Wellfleet_0059.png,data/v2/processed/fontsense_v2/images/train/serif/Sanchez/Sanchez_0031.png,4,False,True,False
data/v2/processed/fontsense_v2/images/train/serif/Wellfleet/Wellfleet_0059.png,data/v2/processed/fontsense_v2/images/train/serif/Sanchez/Sanchez_0075.png,4,False,True,False
data/v2/processed/fontsense_v2/images/train/serif/Wellfleet/Wellfleet_0059.png,data/v2/processed/fontsense_v2/images/train/serif/IM_Fell_Great_Primer/IM_Fell_Great_Primer_0072.png,4,False,True,False
data/v2/processed/fontsense_v2/images/train/serif/Wellfleet/Wellfleet_0059.png,data/v2/processed/fontsense_v2/images/train/serif/Noto_Serif_Ahom/Noto_Serif_Ahom_0049.png,4,False,True,False
data/v2/processed/fontsense_v2/images/train/serif/Wellfleet/Wellfleet_0060.png,data/v2/processed/fontsense_v2/images/train/serif/Sanchez/Sanchez_0096.png,4,False,True,False
data/v2/processed/fontsense_v2/images/train/serif/Wellfleet/Wellfleet_0061.png,data/v2/processed/fontsense_v2/images/train/serif/Domine/Domine_0043.png,4,False,True,False
data/v2/processed/fontsense_v2/images/train/serif/Wellfleet/Wellfleet_0061.png,data/v2/processed/fontsense_v2/images/train/serif/BatangChe/BatangChe_0078.png,4,False,True,False
data/v2/processed/fontsense_v2/images/train/serif/Wellfleet/Wellfleet_0061.png,data/v2/processed/fontsense_v2/images/train/serif/Rokkitt/Rokkitt_0023.png,4,False,True,False
data/v2/processed/fontsense_v2/images/train/serif/Wellfleet/Wellfleet_0061.png,data/v2/processed/fontsense_v2/images/train/serif/Rokkitt/Rokkitt_0065.png,4,False,True,False
data/v2/processed/fontsense_v2/images/train/serif/Wellfleet/Wellfleet_0061.png,data/v2/processed/fontsense_v2/images/train/serif/Quattrocento/Quattrocento_0088.png,4,False,True,False
data/v2/processed/fontsense_v2/images/train/serif/Wellfleet/Wellfleet_0061.png,data/v2/processed/fontsense_v2/images/train/serif/Sanchez/Sanchez_0072.png,4,False,True,False
data/v2/processed/fontsense_v2/images/train/serif/Wellfleet/Wellfleet_0061.png,data/v2/processed/fontsense_v2/images/train/serif/Sanchez/Sanchez_0097.png,4,False,True,False
data/v2/processed/fontsense_v2/images/train/serif/Wellfleet/Wellfleet_0062.png,data/v2/processed/fontsense_v2/images/train/serif/Noto_Serif_KR/Noto_Serif_KR_0016.png,4,False,True,False
data/v2/processed/fontsense_v2/images/train/serif/Wellfleet/Wellfleet_0062.png,data/v2/processed/fontsense_v2/images/train/serif/Noto_Serif_KR/Noto_Serif_KR_0027.png,4,False,True,False
data/v2/processed/fontsense_v2/images/train/serif/Wellfleet/Wellfleet_0062.png,data/v2/processed/fontsense_v2/images/train/serif/Domine/Domine_0053.png,4,False,True,False
data/v2/processed/fontsense_v2/images/train/serif/Wellfleet/Wellfleet_0062.png,data/v2/processed/fontsense_v2/images/train/serif/Rokkitt/Rokkitt_0039.png,4,False,True,False
data/v2/processed/fontsense_v2/images/train/serif/Wellfleet/Wellfleet_0062.png,data/v2/processed/fontsense_v2/images/train/serif/Rokkitt/Rokkitt_0092.png,4,False,True,False
data/v2/processed/fontsense_v2/images/train/serif/Wellfleet/Wellfleet_0062.png,data/v2/processed/fontsense_v2/images/train/serif/Quattrocento/Quattrocento_0076.png,4,False,True,False
data/v2/processed/fontsense_v2/images/train/serif/Wellfleet/Wellfleet_0062.png,data/v2/processed/fontsense_v2/images/train/serif/Sanchez/Sanchez_0053.png,4,False,True,False
data/v2/processed/fontsense_v2/images/train/serif/Wellfleet/Wellfleet_0062.png,data/v2/processed/fontsense_v2/images/train/serif/Sanchez/Sanchez_0084.png,4,False,True,False
data/v2/processed/fontsense_v2/images/train/serif/Wellfleet/Wellfleet_0062.png,data/v2/processed/fontsense_v2/images/train/serif/IM_Fell_Great_Primer/IM_Fell_Great_Primer_0003.png,4,False,True,False
data/v2/processed/fontsense_v2/images/train/serif/Wellfleet/Wellfleet_0062.png,data/v2/processed/fontsense_v2/images/train/serif/Noto_Serif_Ahom/Noto_Serif_Ahom_0049.png,4,False,True,False
data/v2/processed/fontsense_v2/images/train/serif/Wellfleet/Wellfleet_0063.png,data/v2/processed/fontsense_v2/images/train/serif/Yuji_Syuku/Yuji_Syuku_0071.png,4,False,True,False
data/v2/processed/fontsense_v2/images/train/serif/Wellfleet/Wellfleet_0063.png,data/v2/processed/fontsense_v2/images/train/serif/Sanchez/Sanchez_0082.png,4,False,True,False
data/v2/processed/fontsense_v2/images/train/serif/Wellfleet/Wellfleet_0063.png,data/v2/processed/fontsense_v2/images/train/serif/IM_Fell_Great_Primer/IM_Fell_Great_Primer_0063.png,4,False,True,False
data/v2/processed/fontsense_v2/images/train/serif/Wellfleet/Wellfleet_0063.png,data/v2/processed/fontsense_v2/images/train/serif/IM_Fell_Great_Primer/IM_Fell_Great_Primer_0089.png,4,False,True,False
data/v2/processed/fontsense_v2/images/train/serif/Wellfleet/Wellfleet_0064.png,data/v2/processed/fontsense_v2/images/train/serif/BatangChe/BatangChe_0058.png,4,False,True,False
data/v2/processed/fontsense_v2/images/train/serif/Wellfleet/Wellfleet_0066.png,data/v2/processed/fontsense_v2/images/train/serif/Wellfleet/Wellfleet_0086.png,4,True,True,False
data/v2/processed/fontsense_v2/images/train/serif/Wellfleet/Wellfleet_0066.png,data/v2/processed/fontsense_v2/images/train/serif/BatangChe/BatangChe_0096.png,4,False,True,False
data/v2/processed/fontsense_v2/images/train/serif/Wellfleet/Wellfleet_0066.png,data/v2/processed/fontsense_v2/images/train/serif/Quattrocento/Quattrocento_0038.png,4,False,True,False
data/v2/processed/fontsense_v2/images/train/serif/Wellfleet/Wellfleet_0066.png,data/v2/processed/fontsense_v2/images/train/serif/Quattrocento/Quattrocento_0056.png,4,False,True,False
data/v2/processed/fontsense_v2/images/train/serif/Wellfleet/Wellfleet_0066.png,data/v2/processed/fontsense_v2/images/train/serif/Sanchez/Sanchez_0023.png,4,False,True,False
data/v2/processed/fontsense_v2/images/train/serif/Wellfleet/Wellfleet_0066.png,data/v2/processed/fontsense_v2/images/train/serif/Sanchez/Sanchez_0042.png,4,False,True,False
data/v2/processed/fontsense_v2/images/train/serif/Wellfleet/Wellfleet_0066.png,data/v2/processed/fontsense_v2/images/train/serif/Sanchez/Sanchez_0053.png,4,False,True,False
data/v2/processed/fontsense_v2/images/train/serif/Wellfleet/Wellfleet_0066.png,data/v2/processed/fontsense_v2/images/train/serif/Sanchez/Sanchez_0079.png,4,False,True,False
data/v2/processed/fontsense_v2/images/train/serif/Wellfleet/Wellfleet_0066.png,data/v2/processed/fontsense_v2/images/train/serif/IM_Fell_Great_Primer/IM_Fell_Great_Primer_0012.png,4,False,True,False
data/v2/processed/fontsense_v2/images/train/serif/Wellfleet/Wellfleet_0066.png,data/v2/processed/fontsense_v2/images/train/serif/IM_Fell_Great_Primer/IM_Fell_Great_Primer_0076.png,4,False,True,False
data/v2/processed/fontsense_v2/images/train/serif/Wellfleet/Wellfleet_0066.png,data/v2/processed/fontsense_v2/images/train/serif/IM_Fell_Great_Primer/IM_Fell_Great_Primer_0097.png,4,False,True,False
data/v2/processed/fontsense_v2/images/train/serif/Wellfleet/Wellfleet_0066.png,data/v2/processed/fontsense_v2/images/train/serif/Noto_Serif_Ahom/Noto_Serif_Ahom_0035.png,4,False,True,False
data/v2/processed/fontsense_v2/images/train/serif/Wellfleet/Wellfleet_0067.png,data/v2/processed/fontsense_v2/images/train/serif/Wellfleet/Wellfleet_0091.png,4,True,True,False
data/v2/processed/fontsense_v2/images/train/serif/Wellfleet/Wellfleet_0067.png,data/v2/processed/fontsense_v2/images/train/serif/Domine/Domine_0042.png,4,False,True,False
data/v2/processed/fontsense_v2/images/train/serif/Wellfleet/Wellfleet_0067.png,data/v2/processed/fontsense_v2/images/train/serif/Domine/Domine_0073.png,4,False,True,False
data/v2/processed/fontsense_v2/images/train/serif/Wellfleet/Wellfleet_0067.png,data/v2/processed/fontsense_v2/images/train/serif/Libre_Caslon_Text/Libre_Caslon_Text_0045.png,4,False,True,False
data/v2/processed/fontsense_v2/images/train/serif/Wellfleet/Wellfleet_0067.png,data/v2/processed/fontsense_v2/images/train/serif/Quattrocento/Quattrocento_0025.png,4,False,True,False
data/v2/processed/fontsense_v2/images/train/serif/Wellfleet/Wellfleet_0067.png,data/v2/processed/fontsense_v2/images/train/serif/Sanchez/Sanchez_0028.png,4,False,True,False
data/v2/processed/fontsense_v2/images/train/serif/Wellfleet/Wellfleet_0067.png,data/v2/processed/fontsense_v2/images/train/serif/Sanchez/Sanchez_0041.png,4,False,True,False
data/v2/processed/fontsense_v2/images/train/serif/Wellfleet/Wellfleet_0067.png,data/v2/processed/fontsense_v2/images/train/serif/Noto_Serif_Ahom/Noto_Serif_Ahom_0028.png,4,False,True,False
data/v2/processed/fontsense_v2/images/train/serif/Wellfleet/Wellfleet_0068.png,data/v2/processed/fontsense_v2/images/train/serif/Wellfleet/Wellfleet_0088.png,4,True,True,False
data/v2/processed/fontsense_v2/images/train/serif/Wellfleet/Wellfleet_0068.png,data/v2/processed/fontsense_v2/images/train/serif/Domine/Domine_0043.png,4,False,True,False
data/v2/processed/fontsense_v2/images/train/serif/Wellfleet/Wellfleet_0068.png,data/v2/processed/fontsense_v2/images/train/serif/Yuji_Syuku/Yuji_Syuku_0078.png,4,False,True,False
data/v2/processed/fontsense_v2/images/train/serif/Wellfleet/Wellfleet_0068.png,data/v2/processed/fontsense_v2/images/train/serif/Sanchez/Sanchez_0044.png,4,False,True,False
data/v2/processed/fontsense_v2/images/train/serif/Wellfleet/Wellfleet_0068.png,data/v2/processed/fontsense_v2/images/train/serif/Sanchez/Sanchez_0095.png,4,False,True,False
data/v2/processed/fontsense_v2/images/train/serif/Wellfleet/Wellfleet_0070.png,data/v2/processed/fontsense_v2/images/train/serif/Noto_Serif_KR/Noto_Serif_KR_0035.png,4,False,True,False
data/v2/processed/fontsense_v2/images/train/serif/Wellfleet/Wellfleet_0070.png,data/v2/processed/fontsense_v2/images/train/serif/BatangChe/BatangChe_0020.png,4,False,True,False
data/v2/processed/fontsense_v2/images/train/serif/Wellfleet/Wellfleet_0070.png,data/v2/processed/fontsense_v2/images/train/serif/Quattrocento/Quattrocento_0030.png,4,False,True,False
data/v2/processed/fontsense_v2/images/train/serif/Wellfleet/Wellfleet_0070.png,data/v2/processed/fontsense_v2/images/train/serif/IM_Fell_Great_Primer/IM_Fell_Great_Primer_0012.png,4,False,True,False
data/v2/processed/fontsense_v2/images/train/serif/Wellfleet/Wellfleet_0070.png,data/v2/processed/fontsense_v2/images/train/serif/IM_Fell_Great_Primer/IM_Fell_Great_Primer_0079.png,4,False,True,False
data/v2/processed/fontsense_v2/images/train/serif/Wellfleet/Wellfleet_0070.png,data/v2/processed/fontsense_v2/images/train/serif/Noto_Serif_Ahom/Noto_Serif_Ahom_0032.png,4,False,True,False
data/v2/processed/fontsense_v2/images/train/serif/Wellfleet/Wellfleet_0070.png,data/v2/processed/fontsense_v2/images/train/serif/Noto_Serif_Ahom/Noto_Serif_Ahom_0061.png,4,False,True,False
data/v2/processed/fontsense_v2/images/train/serif/Wellfleet/Wellfleet_0071.png,data/v2/processed/fontsense_v2/images/train/serif/Domine/Domine_0084.png,4,False,True,False
data/v2/processed/fontsense_v2/images/train/serif/Wellfleet/Wellfleet_0071.png,data/v2/processed/fontsense_v2/images/train/serif/Sanchez/Sanchez_0084.png,4,False,True,False
data/v2/processed/fontsense_v2/images/train/serif/Wellfleet/Wellfleet_0072.png,data/v2/processed/fontsense_v2/images/train/serif/BatangChe/BatangChe_0011.png,4,False,True,False
data/v2/processed/fontsense_v2/images/train/serif/Wellfleet/Wellfleet_0072.png,data/v2/processed/fontsense_v2/images/train/serif/Noto_Serif_Ahom/Noto_Serif_Ahom_0067.png,4,False,True,False
data/v2/processed/fontsense_v2/images/train/serif/Wellfleet/Wellfleet_0073.png,data/v2/processed/fontsense_v2/images/train/serif/Yuji_Syuku/Yuji_Syuku_0054.png,4,False,True,False
data/v2/processed/fontsense_v2/images/train/serif/Wellfleet/Wellfleet_0073.png,data/v2/processed/fontsense_v2/images/train/serif/Noto_Serif_Ahom/Noto_Serif_Ahom_0037.png,4,False,True,False
data/v2/processed/fontsense_v2/images/train/serif/Wellfleet/Wellfleet_0075.png,data/v2/processed/fontsense_v2/images/train/serif/Wellfleet/Wellfleet_0093.png,4,True,True,False
data/v2/processed/fontsense_v2/images/train/serif/Wellfleet/Wellfleet_0075.png,data/v2/processed/fontsense_v2/images/train/serif/Noto_Serif_KR/Noto_Serif_KR_0039.png,4,False,True,False
data/v2/processed/fontsense_v2/images/train/serif/Wellfleet/Wellfleet_0075.png,data/v2/processed/fontsense_v2/images/train/serif/Quattrocento/Quattrocento_0097.png,4,False,True,False
data/v2/processed/fontsense_v2/images/train/serif/Wellfleet/Wellfleet_0077.png,data/v2/processed/fontsense_v2/images/train/serif/Yuji_Syuku/Yuji_Syuku_0019.png,4,False,True,False
data/v2/processed/fontsense_v2/images/train/serif/Wellfleet/Wellfleet_0077.png,data/v2/processed/fontsense_v2/images/train/serif/Yuji_Syuku/Yuji_Syuku_0048.png,4,False,True,False
data/v2/processed/fontsense_v2/images/train/serif/Wellfleet/Wellfleet_0077.png,data/v2/processed/fontsense_v2/images/train/serif/BatangChe/BatangChe_0075.png,4,False,True,False
data/v2/processed/fontsense_v2/images/train/serif/Wellfleet/Wellfleet_0077.png,data/v2/processed/fontsense_v2/images/train/serif/BatangChe/BatangChe_0077.png,4,False,True,False
data/v2/processed/fontsense_v2/images/train/serif/Wellfleet/Wellfleet_0077.png,data/v2/processed/fontsense_v2/images/train/serif/Libre_Caslon_Text/Libre_Caslon_Text_0048.png,4,False,True,False
data/v2/processed/fontsense_v2/images/train/serif/Wellfleet/Wellfleet_0077.png,data/v2/processed/fontsense_v2/images/train/serif/Sanchez/Sanchez_0031.png,4,False,True,False
data/v2/processed/fontsense_v2/images/train/serif/Wellfleet/Wellfleet_0077.png,data/v2/processed/fontsense_v2/images/train/serif/IM_Fell_Great_Primer/IM_Fell_Great_Primer_0072.png,4,False,True,False
data/v2/processed/fontsense_v2/images/train/serif/Wellfleet/Wellfleet_0077.png,data/v2/processed/fontsense_v2/images/train/serif/Noto_Serif_Ahom/Noto_Serif_Ahom_0040.png,4,False,True,False
data/v2/processed/fontsense_v2/images/train/serif/Wellfleet/Wellfleet_0077.png,data/v2/processed/fontsense_v2/images/train/serif/Noto_Serif_Ahom/Noto_Serif_Ahom_0059.png,4,False,True,False
data/v2/processed/fontsense_v2/images/train/serif/Wellfleet/Wellfleet_0078.png,data/v2/processed/fontsense_v2/images/train/serif/Libre_Caslon_Text/Libre_Caslon_Text_0078.png,4,False,True,False
data/v2/processed/fontsense_v2/images/train/serif/Wellfleet/Wellfleet_0079.png,data/v2/processed/fontsense_v2/images/train/serif/Noto_Serif_KR/Noto_Serif_KR_0049.png,4,False,True,False
data/v2/processed/fontsense_v2/images/train/serif/Wellfleet/Wellfleet_0079.png,data/v2/processed/fontsense_v2/images/train/serif/Yuji_Syuku/Yuji_Syuku_0003.png,4,False,True,False
data/v2/processed/fontsense_v2/images/train/serif/Wellfleet/Wellfleet_0079.png,data/v2/processed/fontsense_v2/images/train/serif/Libre_Caslon_Text/Libre_Caslon_Text_0027.png,4,False,True,False
data/v2/processed/fontsense_v2/images/train/serif/Wellfleet/Wellfleet_0080.png,data/v2/processed/fontsense_v2/images/train/serif/Quattrocento/Quattrocento_0035.png,4,False,True,False
data/v2/processed/fontsense_v2/images/train/serif/Wellfleet/Wellfleet_0081.png,data/v2/processed/fontsense_v2/images/train/serif/BatangChe/BatangChe_0069.png,4,False,True,False
data/v2/processed/fontsense_v2/images/train/serif/Wellfleet/Wellfleet_0082.png,data/v2/processed/fontsense_v2/images/train/serif/Noto_Serif_KR/Noto_Serif_KR_0099.png,4,False,True,False
data/v2/processed/fontsense_v2/images/train/serif/Wellfleet/Wellfleet_0082.png,data/v2/processed/fontsense_v2/images/train/serif/Domine/Domine_0095.png,4,False,True,False
data/v2/processed/fontsense_v2/images/train/serif/Wellfleet/Wellfleet_0082.png,data/v2/processed/fontsense_v2/images/train/serif/BatangChe/BatangChe_0023.png,4,False,True,False
data/v2/processed/fontsense_v2/images/train/serif/Wellfleet/Wellfleet_0082.png,data/v2/processed/fontsense_v2/images/train/serif/Noto_Serif_Ahom/Noto_Serif_Ahom_0006.png,4,False,True,False
data/v2/processed/fontsense_v2/images/train/serif/Wellfleet/Wellfleet_0083.png,data/v2/processed/fontsense_v2/images/train/serif/Noto_Serif_KR/Noto_Serif_KR_0017.png,4,False,True,False
data/v2/processed/fontsense_v2/images/train/serif/Wellfleet/Wellfleet_0083.png,data/v2/processed/fontsense_v2/images/train/serif/Domine/Domine_0074.png,4,False,True,False
data/v2/processed/fontsense_v2/images/train/serif/Wellfleet/Wellfleet_0083.png,data/v2/processed/fontsense_v2/images/train/serif/Sanchez/Sanchez_0008.png,4,False,True,False
data/v2/processed/fontsense_v2/images/train/serif/Wellfleet/Wellfleet_0083.png,data/v2/processed/fontsense_v2/images/train/serif/Sanchez/Sanchez_0024.png,4,False,True,False
data/v2/processed/fontsense_v2/images/train/serif/Wellfleet/Wellfleet_0083.png,data/v2/processed/fontsense_v2/images/train/serif/Noto_Serif_Ahom/Noto_Serif_Ahom_0000.png,4,False,True,False
data/v2/processed/fontsense_v2/images/train/serif/Wellfleet/Wellfleet_0084.png,data/v2/processed/fontsense_v2/images/train/serif/Wellfleet/Wellfleet_0085.png,4,True,True,False
data/v2/processed/fontsense_v2/images/train/serif/Wellfleet/Wellfleet_0084.png,data/v2/processed/fontsense_v2/images/train/serif/Noto_Serif_KR/Noto_Serif_KR_0031.png,4,False,True,False
data/v2/processed/fontsense_v2/images/train/serif/Wellfleet/Wellfleet_0084.png,data/v2/processed/fontsense_v2/images/train/serif/Domine/Domine_0052.png,4,False,True,False
data/v2/processed/fontsense_v2/images/train/serif/Wellfleet/Wellfleet_0084.png,data/v2/processed/fontsense_v2/images/train/serif/Domine/Domine_0062.png,4,False,True,False
data/v2/processed/fontsense_v2/images/train/serif/Wellfleet/Wellfleet_0084.png,data/v2/processed/fontsense_v2/images/train/serif/Yuji_Syuku/Yuji_Syuku_0027.png,4,False,True,False
data/v2/processed/fontsense_v2/images/train/serif/Wellfleet/Wellfleet_0084.png,data/v2/processed/fontsense_v2/images/train/serif/BatangChe/BatangChe_0068.png,4,False,True,False
data/v2/processed/fontsense_v2/images/train/serif/Wellfleet/Wellfleet_0084.png,data/v2/processed/fontsense_v2/images/train/serif/Rokkitt/Rokkitt_0042.png,4,False,True,False
data/v2/processed/fontsense_v2/images/train/serif/Wellfleet/Wellfleet_0084.png,data/v2/processed/fontsense_v2/images/train/serif/Rokkitt/Rokkitt_0045.png,4,False,True,False
data/v2/processed/fontsense_v2/images/train/serif/Wellfleet/Wellfleet_0084.png,data/v2/processed/fontsense_v2/images/train/serif/Rokkitt/Rokkitt_0046.png,4,False,True,False
data/v2/processed/fontsense_v2/images/train/serif/Wellfleet/Wellfleet_0084.png,data/v2/processed/fontsense_v2/images/train/serif/Quattrocento/Quattrocento_0015.png,4,False,True,False
data/v2/processed/fontsense_v2/images/train/serif/Wellfleet/Wellfleet_0084.png,data/v2/processed/fontsense_v2/images/train/serif/Quattrocento/Quattrocento_0026.png,4,False,True,False
data/v2/processed/fontsense_v2/images/train/serif/Wellfleet/Wellfleet_0084.png,data/v2/processed/fontsense_v2/images/train/serif/Sanchez/Sanchez_0072.png,4,False,True,False
data/v2/processed/fontsense_v2/images/train/serif/Wellfleet/Wellfleet_0084.png,data/v2/processed/fontsense_v2/images/train/serif/Sanchez/Sanchez_0085.png,4,False,True,False
data/v2/processed/fontsense_v2/images/train/serif/Wellfleet/Wellfleet_0084.png,data/v2/processed/fontsense_v2/images/train/serif/IM_Fell_Great_Primer/IM_Fell_Great_Primer_0010.png,4,False,True,False
data/v2/processed/fontsense_v2/images/train/serif/Wellfleet/Wellfleet_0084.png,data/v2/processed/fontsense_v2/images/train/serif/IM_Fell_Great_Primer/IM_Fell_Great_Primer_0062.png,4,False,True,False
data/v2/processed/fontsense_v2/images/train/serif/Wellfleet/Wellfleet_0084.png,data/v2/processed/fontsense_v2/images/train/serif/Noto_Serif_Ahom/Noto_Serif_Ahom_0071.png,4,False,True,False
data/v2/processed/fontsense_v2/images/train/serif/Wellfleet/Wellfleet_0085.png,data/v2/processed/fontsense_v2/images/train/serif/Domine/Domine_0044.png,4,False,True,False
data/v2/processed/fontsense_v2/images/train/serif/Wellfleet/Wellfleet_0085.png,data/v2/processed/fontsense_v2/images/train/serif/Quattrocento/Quattrocento_0026.png,4,False,True,False
data/v2/processed/fontsense_v2/images/train/serif/Wellfleet/Wellfleet_0085.png,data/v2/processed/fontsense_v2/images/train/serif/IM_Fell_Great_Primer/IM_Fell_Great_Primer_0066.png,4,False,True,False
data/v2/processed/fontsense_v2/images/train/serif/Wellfleet/Wellfleet_0085.png,data/v2/processed/fontsense_v2/images/train/serif/IM_Fell_Great_Primer/IM_Fell_Great_Primer_0090.png,4,False,True,False
data/v2/processed/fontsense_v2/images/train/serif/Wellfleet/Wellfleet_0085.png,data/v2/processed/fontsense_v2/images/train/serif/Noto_Serif_Ahom/Noto_Serif_Ahom_0014.png,4,False,True,False
data/v2/processed/fontsense_v2/images/train/serif/Wellfleet/Wellfleet_0085.png,data/v2/processed/fontsense_v2/images/train/serif/Noto_Serif_Ahom/Noto_Serif_Ahom_0024.png,4,False,True,False
data/v2/processed/fontsense_v2/images/train/serif/Wellfleet/Wellfleet_0086.png,data/v2/processed/fontsense_v2/images/train/serif/BatangChe/BatangChe_0096.png,4,False,True,False
data/v2/processed/fontsense_v2/images/train/serif/Wellfleet/Wellfleet_0087.png,data/v2/processed/fontsense_v2/images/train/serif/Rokkitt/Rokkitt_0047.png,4,False,True,False
data/v2/processed/fontsense_v2/images/train/serif/Wellfleet/Wellfleet_0087.png,data/v2/processed/fontsense_v2/images/train/serif/Quattrocento/Quattrocento_0023.png,4,False,True,False
data/v2/processed/fontsense_v2/images/train/serif/Wellfleet/Wellfleet_0088.png,data/v2/processed/fontsense_v2/images/train/serif/BatangChe/BatangChe_0082.png,4,False,True,False
data/v2/processed/fontsense_v2/images/train/serif/Wellfleet/Wellfleet_0088.png,data/v2/processed/fontsense_v2/images/train/serif/BatangChe/BatangChe_0089.png,4,False,True,False
data/v2/processed/fontsense_v2/images/train/serif/Wellfleet/Wellfleet_0089.png,data/v2/processed/fontsense_v2/images/train/serif/Noto_Serif_KR/Noto_Serif_KR_0011.png,4,False,True,False
data/v2/processed/fontsense_v2/images/train/serif/Wellfleet/Wellfleet_0089.png,data/v2/processed/fontsense_v2/images/train/serif/Domine/Domine_0099.png,4,False,True,False
data/v2/processed/fontsense_v2/images/train/serif/Wellfleet/Wellfleet_0089.png,data/v2/processed/fontsense_v2/images/train/serif/BatangChe/BatangChe_0058.png,4,False,True,False
data/v2/processed/fontsense_v2/images/train/serif/Wellfleet/Wellfleet_0089.png,data/v2/processed/fontsense_v2/images/train/serif/Quattrocento/Quattrocento_0016.png,4,False,True,False
data/v2/processed/fontsense_v2/images/train/serif/Wellfleet/Wellfleet_0091.png,data/v2/processed/fontsense_v2/images/train/serif/Domine/Domine_0091.png,4,False,True,False
data/v2/processed/fontsense_v2/images/train/serif/Wellfleet/Wellfleet_0091.png,data/v2/processed/fontsense_v2/images/train/serif/BatangChe/BatangChe_0075.png,4,False,True,False
data/v2/processed/fontsense_v2/images/train/serif/Wellfleet/Wellfleet_0091.png,data/v2/processed/fontsense_v2/images/train/serif/BatangChe/BatangChe_0077.png,4,False,True,False
data/v2/processed/fontsense_v2/images/train/serif/Wellfleet/Wellfleet_0091.png,data/v2/processed/fontsense_v2/images/train/serif/BatangChe/BatangChe_0094.png,4,False,True,False
data/v2/processed/fontsense_v2/images/train/serif/Wellfleet/Wellfleet_0091.png,data/v2/processed/fontsense_v2/images/train/serif/Rokkitt/Rokkitt_0091.png,4,False,True,False
data/v2/processed/fontsense_v2/images/train/serif/Wellfleet/Wellfleet_0091.png,data/v2/processed/fontsense_v2/images/train/serif/Quattrocento/Quattrocento_0025.png,4,False,True,False
data/v2/processed/fontsense_v2/images/train/serif/Wellfleet/Wellfleet_0092.png,data/v2/processed/fontsense_v2/images/train/serif/Domine/Domine_0078.png,4,False,True,False
data/v2/processed/fontsense_v2/images/train/serif/Wellfleet/Wellfleet_0092.png,data/v2/processed/fontsense_v2/images/train/serif/Quattrocento/Quattrocento_0015.png,4,False,True,False
data/v2/processed/fontsense_v2/images/train/serif/Wellfleet/Wellfleet_0092.png,data/v2/processed/fontsense_v2/images/train/serif/IM_Fell_Great_Primer/IM_Fell_Great_Primer_0059.png,4,False,True,False
data/v2/processed/fontsense_v2/images/train/serif/Wellfleet/Wellfleet_0092.png,data/v2/processed/fontsense_v2/images/train/serif/Noto_Serif_Ahom/Noto_Serif_Ahom_0004.png,4,False,True,False
data/v2/processed/fontsense_v2/images/train/serif/Wellfleet/Wellfleet_0092.png,data/v2/processed/fontsense_v2/images/train/serif/Noto_Serif_Ahom/Noto_Serif_Ahom_0014.png,4,False,True,True
data/v2/processed/fontsense_v2/images/train/serif/Wellfleet/Wellfleet_0093.png,data/v2/processed/fontsense_v2/images/train/serif/Domine/Domine_0050.png,4,False,True,False
data/v2/processed/fontsense_v2/images/train/serif/Wellfleet/Wellfleet_0093.png,data/v2/processed/fontsense_v2/images/train/serif/Yuji_Syuku/Yuji_Syuku_0097.png,4,False,True,False
data/v2/processed/fontsense_v2/images/train/serif/Wellfleet/Wellfleet_0093.png,data/v2/processed/fontsense_v2/images/train/serif/Quattrocento/Quattrocento_0097.png,4,False,True,False
data/v2/processed/fontsense_v2/images/train/serif/Wellfleet/Wellfleet_0093.png,data/v2/processed/fontsense_v2/images/train/serif/Sanchez/Sanchez_0041.png,4,False,True,False
data/v2/processed/fontsense_v2/images/train/serif/Wellfleet/Wellfleet_0093.png,data/v2/processed/fontsense_v2/images/train/serif/Noto_Serif_Ahom/Noto_Serif_Ahom_0028.png,4,False,True,False
data/v2/processed/fontsense_v2/images/train/serif/Wellfleet/Wellfleet_0094.png,data/v2/processed/fontsense_v2/images/train/serif/BatangChe/BatangChe_0064.png,4,False,True,False
data/v2/processed/fontsense_v2/images/train/serif/Wellfleet/Wellfleet_0095.png,data/v2/processed/fontsense_v2/images/train/serif/Domine/Domine_0016.png,4,False,True,False
data/v2/processed/fontsense_v2/images/train/serif/Wellfleet/Wellfleet_0096.png,data/v2/processed/fontsense_v2/images/train/serif/Noto_Serif_KR/Noto_Serif_KR_0063.png,4,False,True,False
data/v2/processed/fontsense_v2/images/train/serif/Wellfleet/Wellfleet_0097.png,data/v2/processed/fontsense_v2/images/train/serif/Noto_Serif_Ahom/Noto_Serif_Ahom_0047.png,4,False,True,False
data/v2/processed/fontsense_v2/images/train/serif/Wellfleet/Wellfleet_0098.png,data/v2/processed/fontsense_v2/images/train/serif/Yuji_Syuku/Yuji_Syuku_0051.png,4,False,True,False
data/v2/processed/fontsense_v2/images/train/serif/Wellfleet/Wellfleet_0098.png,data/v2/processed/fontsense_v2/images/train/serif/Sanchez/Sanchez_0068.png,4,False,True,False
data/v2/processed/fontsense_v2/images/train/serif/Yuji_Syuku/Yuji_Syuku_0001.png,data/v2/processed/fontsense_v2/images/train/serif/BatangChe/BatangChe_0089.png,4,False,True,False
data/v2/processed/fontsense_v2/images/train/serif/Yuji_Syuku/Yuji_Syuku_0001.png,data/v2/processed/fontsense_v2/images/train/serif/Rokkitt/Rokkitt_0023.png,4,False,True,False
data/v2/processed/fontsense_v2/images/train/serif/Yuji_Syuku/Yuji_Syuku_0002.png,data/v2/processed/fontsense_v2/images/train/serif/Yuji_Syuku/Yuji_Syuku_0049.png,4,True,True,False
data/v2/processed/fontsense_v2/images/train/serif/Yuji_Syuku/Yuji_Syuku_0002.png,data/v2/processed/fontsense_v2/images/train/serif/BatangChe/BatangChe_0059.png,4,False,True,False
data/v2/processed/fontsense_v2/images/train/serif/Yuji_Syuku/Yuji_Syuku_0002.png,data/v2/processed/fontsense_v2/images/train/serif/Libre_Caslon_Text/Libre_Caslon_Text_0089.png,4,False,True,False
data/v2/processed/fontsense_v2/images/train/serif/Yuji_Syuku/Yuji_Syuku_0004.png,data/v2/processed/fontsense_v2/images/train/serif/Yuji_Syuku/Yuji_Syuku_0013.png,4,True,True,False
data/v2/processed/fontsense_v2/images/train/serif/Yuji_Syuku/Yuji_Syuku_0004.png,data/v2/processed/fontsense_v2/images/train/serif/BatangChe/BatangChe_0060.png,4,False,True,False
data/v2/processed/fontsense_v2/images/train/serif/Yuji_Syuku/Yuji_Syuku_0004.png,data/v2/processed/fontsense_v2/images/train/serif/Quattrocento/Quattrocento_0063.png,4,False,True,False
data/v2/processed/fontsense_v2/images/train/serif/Yuji_Syuku/Yuji_Syuku_0004.png,data/v2/processed/fontsense_v2/images/train/serif/IM_Fell_Great_Primer/IM_Fell_Great_Primer_0048.png,4,False,True,False
data/v2/processed/fontsense_v2/images/train/serif/Yuji_Syuku/Yuji_Syuku_0005.png,data/v2/processed/fontsense_v2/images/train/serif/IM_Fell_Great_Primer/IM_Fell_Great_Primer_0015.png,4,False,True,False
data/v2/processed/fontsense_v2/images/train/serif/Yuji_Syuku/Yuji_Syuku_0007.png,data/v2/processed/fontsense_v2/images/train/serif/Rokkitt/Rokkitt_0055.png,4,False,True,False
data/v2/processed/fontsense_v2/images/train/serif/Yuji_Syuku/Yuji_Syuku_0007.png,data/v2/processed/fontsense_v2/images/train/serif/Rokkitt/Rokkitt_0072.png,4,False,True,False
data/v2/processed/fontsense_v2/images/train/serif/Yuji_Syuku/Yuji_Syuku_0007.png,data/v2/processed/fontsense_v2/images/train/serif/Noto_Serif_Ahom/Noto_Serif_Ahom_0069.png,4,False,True,False
data/v2/processed/fontsense_v2/images/train/serif/Yuji_Syuku/Yuji_Syuku_0008.png,data/v2/processed/fontsense_v2/images/train/serif/Sanchez/Sanchez_0047.png,4,False,True,False
data/v2/processed/fontsense_v2/images/train/serif/Yuji_Syuku/Yuji_Syuku_0009.png,data/v2/processed/fontsense_v2/images/train/serif/Libre_Caslon_Text/Libre_Caslon_Text_0044.png,4,False,True,False
data/v2/processed/fontsense_v2/images/train/serif/Yuji_Syuku/Yuji_Syuku_0009.png,data/v2/processed/fontsense_v2/images/train/serif/Libre_Caslon_Text/Libre_Caslon_Text_0095.png,4,False,True,False
data/v2/processed/fontsense_v2/images/train/serif/Yuji_Syuku/Yuji_Syuku_0009.png,data/v2/processed/fontsense_v2/images/train/serif/Sanchez/Sanchez_0088.png,4,False,True,False
data/v2/processed/fontsense_v2/images/train/serif/Yuji_Syuku/Yuji_Syuku_0010.png,data/v2/processed/fontsense_v2/images/train/serif/Rokkitt/Rokkitt_0056.png,4,False,True,False
data/v2/processed/fontsense_v2/images/train/serif/Yuji_Syuku/Yuji_Syuku_0010.png,data/v2/processed/fontsense_v2/images/train/serif/Rokkitt/Rokkitt_0073.png,4,False,True,True
data/v2/processed/fontsense_v2/images/train/serif/Yuji_Syuku/Yuji_Syuku_0010.png,data/v2/processed/fontsense_v2/images/train/serif/Quattrocento/Quattrocento_0017.png,4,False,True,False
data/v2/processed/fontsense_v2/images/train/serif/Yuji_Syuku/Yuji_Syuku_0010.png,data/v2/processed/fontsense_v2/images/train/serif/Sanchez/Sanchez_0087.png,4,False,True,False
data/v2/processed/fontsense_v2/images/train/serif/Yuji_Syuku/Yuji_Syuku_0010.png,data/v2/processed/fontsense_v2/images/train/serif/IM_Fell_Great_Primer/IM_Fell_Great_Primer_0025.png,4,False,True,False
data/v2/processed/fontsense_v2/images/train/serif/Yuji_Syuku/Yuji_Syuku_0011.png,data/v2/processed/fontsense_v2/images/train/serif/Quattrocento/Quattrocento_0030.png,4,False,True,False
data/v2/processed/fontsense_v2/images/train/serif/Yuji_Syuku/Yuji_Syuku_0013.png,data/v2/processed/fontsense_v2/images/train/serif/Yuji_Syuku/Yuji_Syuku_0050.png,4,True,True,False
data/v2/processed/fontsense_v2/images/train/serif/Yuji_Syuku/Yuji_Syuku_0013.png,data/v2/processed/fontsense_v2/images/train/serif/BatangChe/BatangChe_0085.png,4,False,True,False
data/v2/processed/fontsense_v2/images/train/serif/Yuji_Syuku/Yuji_Syuku_0013.png,data/v2/processed/fontsense_v2/images/train/serif/Quattrocento/Quattrocento_0063.png,4,False,True,False
data/v2/processed/fontsense_v2/images/train/serif/Yuji_Syuku/Yuji_Syuku_0014.png,data/v2/processed/fontsense_v2/images/train/serif/Rokkitt/Rokkitt_0012.png,4,False,True,False
data/v2/processed/fontsense_v2/images/train/serif/Yuji_Syuku/Yuji_Syuku_0014.png,data/v2/processed/fontsense_v2/images/train/serif/Rokkitt/Rokkitt_0032.png,4,False,True,False
data/v2/processed/fontsense_v2/images/train/serif/Yuji_Syuku/Yuji_Syuku_0014.png,data/v2/processed/fontsense_v2/images/train/serif/Sanchez/Sanchez_0057.png,4,False,True,False
data/v2/processed/fontsense_v2/images/train/serif/Yuji_Syuku/Yuji_Syuku_0015.png,data/v2/processed/fontsense_v2/images/train/serif/BatangChe/BatangChe_0096.png,4,False,True,False
data/v2/processed/fontsense_v2/images/train/serif/Yuji_Syuku/Yuji_Syuku_0015.png,data/v2/processed/fontsense_v2/images/train/serif/Rokkitt/Rokkitt_0021.png,4,False,True,False
data/v2/processed/fontsense_v2/images/train/serif/Yuji_Syuku/Yuji_Syuku_0015.png,data/v2/processed/fontsense_v2/images/train/serif/Rokkitt/Rokkitt_0040.png,4,False,True,False
data/v2/processed/fontsense_v2/images/train/serif/Yuji_Syuku/Yuji_Syuku_0015.png,data/v2/processed/fontsense_v2/images/train/serif/Quattrocento/Quattrocento_0075.png,4,False,True,False
data/v2/processed/fontsense_v2/images/train/serif/Yuji_Syuku/Yuji_Syuku_0015.png,data/v2/processed/fontsense_v2/images/train/serif/Quattrocento/Quattrocento_0076.png,4,False,True,False
data/v2/processed/fontsense_v2/images/train/serif/Yuji_Syuku/Yuji_Syuku_0015.png,data/v2/processed/fontsense_v2/images/train/serif/Sanchez/Sanchez_0005.png,4,False,True,False
data/v2/processed/fontsense_v2/images/train/serif/Yuji_Syuku/Yuji_Syuku_0015.png,data/v2/processed/fontsense_v2/images/train/serif/IM_Fell_Great_Primer/IM_Fell_Great_Primer_0003.png,4,False,True,False
data/v2/processed/fontsense_v2/images/train/serif/Yuji_Syuku/Yuji_Syuku_0015.png,data/v2/processed/fontsense_v2/images/train/serif/IM_Fell_Great_Primer/IM_Fell_Great_Primer_0058.png,4,False,True,False
data/v2/processed/fontsense_v2/images/train/serif/Yuji_Syuku/Yuji_Syuku_0015.png,data/v2/processed/fontsense_v2/images/train/serif/IM_Fell_Great_Primer/IM_Fell_Great_Primer_0073.png,4,False,True,False
data/v2/processed/fontsense_v2/images/train/serif/Yuji_Syuku/Yuji_Syuku_0015.png,data/v2/processed/fontsense_v2/images/train/serif/Noto_Serif_Ahom/Noto_Serif_Ahom_0040.png,4,False,True,False
data/v2/processed/fontsense_v2/images/train/serif/Yuji_Syuku/Yuji_Syuku_0016.png,data/v2/processed/fontsense_v2/images/train/serif/Libre_Caslon_Text/Libre_Caslon_Text_0067.png,4,False,True,False
data/v2/processed/fontsense_v2/images/train/serif/Yuji_Syuku/Yuji_Syuku_0017.png,data/v2/processed/fontsense_v2/images/train/serif/Yuji_Syuku/Yuji_Syuku_0046.png,4,True,True,False
data/v2/processed/fontsense_v2/images/train/serif/Yuji_Syuku/Yuji_Syuku_0017.png,data/v2/processed/fontsense_v2/images/train/serif/Quattrocento/Quattrocento_0046.png,4,False,True,False
data/v2/processed/fontsense_v2/images/train/serif/Yuji_Syuku/Yuji_Syuku_0017.png,data/v2/processed/fontsense_v2/images/train/serif/IM_Fell_Great_Primer/IM_Fell_Great_Primer_0004.png,4,False,True,False
data/v2/processed/fontsense_v2/images/train/serif/Yuji_Syuku/Yuji_Syuku_0017.png,data/v2/processed/fontsense_v2/images/train/serif/Noto_Serif_Ahom/Noto_Serif_Ahom_0018.png,4,False,True,False
data/v2/processed/fontsense_v2/images/train/serif/Yuji_Syuku/Yuji_Syuku_0017.png,data/v2/processed/fontsense_v2/images/train/serif/Noto_Serif_Ahom/Noto_Serif_Ahom_0036.png,4,False,True,False
data/v2/processed/fontsense_v2/images/train/serif/Yuji_Syuku/Yuji_Syuku_0018.png,data/v2/processed/fontsense_v2/images/train/serif/Noto_Serif_Ahom/Noto_Serif_Ahom_0011.png,4,False,True,False
data/v2/processed/fontsense_v2/images/train/serif/Yuji_Syuku/Yuji_Syuku_0019.png,data/v2/processed/fontsense_v2/images/train/serif/Rokkitt/Rokkitt_0092.png,4,False,True,False
data/v2/processed/fontsense_v2/images/train/serif/Yuji_Syuku/Yuji_Syuku_0019.png,data/v2/processed/fontsense_v2/images/train/serif/Quattrocento/Quattrocento_0064.png,4,False,True,False
data/v2/processed/fontsense_v2/images/train/serif/Yuji_Syuku/Yuji_Syuku_0019.png,data/v2/processed/fontsense_v2/images/train/serif/Quattrocento/Quattrocento_0076.png,4,False,True,False
data/v2/processed/fontsense_v2/images/train/serif/Yuji_Syuku/Yuji_Syuku_0019.png,data/v2/processed/fontsense_v2/images/train/serif/Quattrocento/Quattrocento_0079.png,4,False,True,False
data/v2/processed/fontsense_v2/images/train/serif/Yuji_Syuku/Yuji_Syuku_0019.png,data/v2/processed/fontsense_v2/images/train/serif/Sanchez/Sanchez_0023.png,4,False,True,False
data/v2/processed/fontsense_v2/images/train/serif/Yuji_Syuku/Yuji_Syuku_0019.png,data/v2/processed/fontsense_v2/images/train/serif/Sanchez/Sanchez_0053.png,4,False,True,False
data/v2/processed/fontsense_v2/images/train/serif/Yuji_Syuku/Yuji_Syuku_0019.png,data/v2/processed/fontsense_v2/images/train/serif/Sanchez/Sanchez_0081.png,4,False,True,False
data/v2/processed/fontsense_v2/images/train/serif/Yuji_Syuku/Yuji_Syuku_0019.png,data/v2/processed/fontsense_v2/images/train/serif/IM_Fell_Great_Primer/IM_Fell_Great_Primer_0037.png,4,False,True,False
data/v2/processed/fontsense_v2/images/train/serif/Yuji_Syuku/Yuji_Syuku_0019.png,data/v2/processed/fontsense_v2/images/train/serif/IM_Fell_Great_Primer/IM_Fell_Great_Primer_0073.png,4,False,True,False
data/v2/processed/fontsense_v2/images/train/serif/Yuji_Syuku/Yuji_Syuku_0019.png,data/v2/processed/fontsense_v2/images/train/serif/IM_Fell_Great_Primer/IM_Fell_Great_Primer_0099.png,4,False,True,False
data/v2/processed/fontsense_v2/images/train/serif/Yuji_Syuku/Yuji_Syuku_0020.png,data/v2/processed/fontsense_v2/images/train/serif/BatangChe/BatangChe_0012.png,4,False,True,False
data/v2/processed/fontsense_v2/images/train/serif/Yuji_Syuku/Yuji_Syuku_0020.png,data/v2/processed/fontsense_v2/images/train/serif/Sanchez/Sanchez_0035.png,4,False,True,False
data/v2/processed/fontsense_v2/images/train/serif/Yuji_Syuku/Yuji_Syuku_0023.png,data/v2/processed/fontsense_v2/images/train/serif/Yuji_Syuku/Yuji_Syuku_0034.png,4,True,True,False
data/v2/processed/fontsense_v2/images/train/serif/Yuji_Syuku/Yuji_Syuku_0024.png,data/v2/processed/fontsense_v2/images/train/serif/IM_Fell_Great_Primer/IM_Fell_Great_Primer_0059.png,4,False,True,False
data/v2/processed/fontsense_v2/images/train/serif/Yuji_Syuku/Yuji_Syuku_0024.png,data/v2/processed/fontsense_v2/images/train/serif/Noto_Serif_Ahom/Noto_Serif_Ahom_0004.png,4,False,True,False
data/v2/processed/fontsense_v2/images/train/serif/Yuji_Syuku/Yuji_Syuku_0025.png,data/v2/processed/fontsense_v2/images/train/serif/Yuji_Syuku/Yuji_Syuku_0070.png,4,True,True,False
data/v2/processed/fontsense_v2/images/train/serif/Yuji_Syuku/Yuji_Syuku_0025.png,data/v2/processed/fontsense_v2/images/train/serif/Quattrocento/Quattrocento_0021.png,4,False,True,False
data/v2/processed/fontsense_v2/images/train/serif/Yuji_Syuku/Yuji_Syuku_0025.png,data/v2/processed/fontsense_v2/images/train/serif/Sanchez/Sanchez_0073.png,4,False,True,False
data/v2/processed/fontsense_v2/images/train/serif/Yuji_Syuku/Yuji_Syuku_0025.png,data/v2/processed/fontsense_v2/images/train/serif/Sanchez/Sanchez_0089.png,4,False,True,False
data/v2/processed/fontsense_v2/images/train/serif/Yuji_Syuku/Yuji_Syuku_0026.png,data/v2/processed/fontsense_v2/images/train/serif/BatangChe/BatangChe_0072.png,4,False,True,False
data/v2/processed/fontsense_v2/images/train/serif/Yuji_Syuku/Yuji_Syuku_0026.png,data/v2/processed/fontsense_v2/images/train/serif/BatangChe/BatangChe_0094.png,4,False,True,False
data/v2/processed/fontsense_v2/images/train/serif/Yuji_Syuku/Yuji_Syuku_0026.png,data/v2/processed/fontsense_v2/images/train/serif/Sanchez/Sanchez_0023.png,4,False,True,False
data/v2/processed/fontsense_v2/images/train/serif/Yuji_Syuku/Yuji_Syuku_0026.png,data/v2/processed/fontsense_v2/images/train/serif/Noto_Serif_Ahom/Noto_Serif_Ahom_0006.png,4,False,True,False
data/v2/processed/fontsense_v2/images/train/serif/Yuji_Syuku/Yuji_Syuku_0027.png,data/v2/processed/fontsense_v2/images/train/serif/Yuji_Syuku/Yuji_Syuku_0078.png,4,True,True,False
data/v2/processed/fontsense_v2/images/train/serif/Yuji_Syuku/Yuji_Syuku_0027.png,data/v2/processed/fontsense_v2/images/train/serif/BatangChe/BatangChe_0068.png,4,False,True,False
data/v2/processed/fontsense_v2/images/train/serif/Yuji_Syuku/Yuji_Syuku_0027.png,data/v2/processed/fontsense_v2/images/train/serif/Rokkitt/Rokkitt_0046.png,4,False,True,False
data/v2/processed/fontsense_v2/images/train/serif/Yuji_Syuku/Yuji_Syuku_0027.png,data/v2/processed/fontsense_v2/images/train/serif/Rokkitt/Rokkitt_0062.png,4,False,True,False
data/v2/processed/fontsense_v2/images/train/serif/Yuji_Syuku/Yuji_Syuku_0027.png,data/v2/processed/fontsense_v2/images/train/serif/Quattrocento/Quattrocento_0006.png,4,False,True,False
data/v2/processed/fontsense_v2/images/train/serif/Yuji_Syuku/Yuji_Syuku_0027.png,data/v2/processed/fontsense_v2/images/train/serif/IM_Fell_Great_Primer/IM_Fell_Great_Primer_0030.png,4,False,True,False
data/v2/processed/fontsense_v2/images/train/serif/Yuji_Syuku/Yuji_Syuku_0027.png,data/v2/processed/fontsense_v2/images/train/serif/IM_Fell_Great_Primer/IM_Fell_Great_Primer_0090.png,4,False,True,False
data/v2/processed/fontsense_v2/images/train/serif/Yuji_Syuku/Yuji_Syuku_0029.png,data/v2/processed/fontsense_v2/images/train/serif/Yuji_Syuku/Yuji_Syuku_0074.png,4,True,True,False
data/v2/processed/fontsense_v2/images/train/serif/Yuji_Syuku/Yuji_Syuku_0029.png,data/v2/processed/fontsense_v2/images/train/serif/Quattrocento/Quattrocento_0028.png,4,False,True,False
data/v2/processed/fontsense_v2/images/train/serif/Yuji_Syuku/Yuji_Syuku_0029.png,data/v2/processed/fontsense_v2/images/train/serif/Sanchez/Sanchez_0002.png,4,False,True,False
data/v2/processed/fontsense_v2/images/train/serif/Yuji_Syuku/Yuji_Syuku_0029.png,data/v2/processed/fontsense_v2/images/train/serif/Noto_Serif_Ahom/Noto_Serif_Ahom_0006.png,4,False,True,False
data/v2/processed/fontsense_v2/images/train/serif/Yuji_Syuku/Yuji_Syuku_0030.png,data/v2/processed/fontsense_v2/images/train/serif/Noto_Serif_Ahom/Noto_Serif_Ahom_0003.png,4,False,True,False
data/v2/processed/fontsense_v2/images/train/serif/Yuji_Syuku/Yuji_Syuku_0031.png,data/v2/processed/fontsense_v2/images/train/serif/Yuji_Syuku/Yuji_Syuku_0051.png,4,True,True,False
data/v2/processed/fontsense_v2/images/train/serif/Yuji_Syuku/Yuji_Syuku_0031.png,data/v2/processed/fontsense_v2/images/train/serif/Sanchez/Sanchez_0055.png,4,False,True,False
data/v2/processed/fontsense_v2/images/train/serif/Yuji_Syuku/Yuji_Syuku_0036.png,data/v2/processed/fontsense_v2/images/train/serif/Quattrocento/Quattrocento_0055.png,4,False,True,False
data/v2/processed/fontsense_v2/images/train/serif/Yuji_Syuku/Yuji_Syuku_0037.png,data/v2/processed/fontsense_v2/images/train/serif/Libre_Caslon_Text/Libre_Caslon_Text_0082.png,4,False,True,False
data/v2/processed/fontsense_v2/images/train/serif/Yuji_Syuku/Yuji_Syuku_0037.png,data/v2/processed/fontsense_v2/images/train/serif/Noto_Serif_Ahom/Noto_Serif_Ahom_0045.png,4,False,True,False
data/v2/processed/fontsense_v2/images/train/serif/Yuji_Syuku/Yuji_Syuku_0039.png,data/v2/processed/fontsense_v2/images/train/serif/Yuji_Syuku/Yuji_Syuku_0040.png,4,True,True,False
data/v2/processed/fontsense_v2/images/train/serif/Yuji_Syuku/Yuji_Syuku_0039.png,data/v2/processed/fontsense_v2/images/train/serif/Rokkitt/Rokkitt_0066.png,4,False,True,False
data/v2/processed/fontsense_v2/images/train/serif/Yuji_Syuku/Yuji_Syuku_0039.png,data/v2/processed/fontsense_v2/images/train/serif/Rokkitt/Rokkitt_0090.png,4,False,True,False
data/v2/processed/fontsense_v2/images/train/serif/Yuji_Syuku/Yuji_Syuku_0039.png,data/v2/processed/fontsense_v2/images/train/serif/IM_Fell_Great_Primer/IM_Fell_Great_Primer_0016.png,4,False,True,False
data/v2/processed/fontsense_v2/images/train/serif/Yuji_Syuku/Yuji_Syuku_0040.png,data/v2/processed/fontsense_v2/images/train/serif/Rokkitt/Rokkitt_0090.png,4,False,True,False
data/v2/processed/fontsense_v2/images/train/serif/Yuji_Syuku/Yuji_Syuku_0041.png,data/v2/processed/fontsense_v2/images/train/serif/BatangChe/BatangChe_0010.png,4,False,True,False
data/v2/processed/fontsense_v2/images/train/serif/Yuji_Syuku/Yuji_Syuku_0042.png,data/v2/processed/fontsense_v2/images/train/serif/Yuji_Syuku/Yuji_Syuku_0074.png,4,True,True,False
data/v2/processed/fontsense_v2/images/train/serif/Yuji_Syuku/Yuji_Syuku_0044.png,data/v2/processed/fontsense_v2/images/train/serif/Quattrocento/Quattrocento_0015.png,4,False,True,False
data/v2/processed/fontsense_v2/images/train/serif/Yuji_Syuku/Yuji_Syuku_0044.png,data/v2/processed/fontsense_v2/images/train/serif/IM_Fell_Great_Primer/IM_Fell_Great_Primer_0059.png,4,False,True,False
data/v2/processed/fontsense_v2/images/train/serif/Yuji_Syuku/Yuji_Syuku_0045.png,data/v2/processed/fontsense_v2/images/train/serif/Rokkitt/Rokkitt_0040.png,4,False,True,False
data/v2/processed/fontsense_v2/images/train/serif/Yuji_Syuku/Yuji_Syuku_0045.png,data/v2/processed/fontsense_v2/images/train/serif/Rokkitt/Rokkitt_0055.png,4,False,True,False
data/v2/processed/fontsense_v2/images/train/serif/Yuji_Syuku/Yuji_Syuku_0045.png,data/v2/processed/fontsense_v2/images/train/serif/Rokkitt/Rokkitt_0098.png,4,False,True,False
data/v2/processed/fontsense_v2/images/train/serif/Yuji_Syuku/Yuji_Syuku_0045.png,data/v2/processed/fontsense_v2/images/train/serif/Sanchez/Sanchez_0042.png,4,False,True,False
data/v2/processed/fontsense_v2/images/train/serif/Yuji_Syuku/Yuji_Syuku_0045.png,data/v2/processed/fontsense_v2/images/train/serif/Sanchez/Sanchez_0049.png,4,False,True,False
data/v2/processed/fontsense_v2/images/train/serif/Yuji_Syuku/Yuji_Syuku_0045.png,data/v2/processed/fontsense_v2/images/train/serif/Sanchez/Sanchez_0079.png,4,False,True,False
data/v2/processed/fontsense_v2/images/train/serif/Yuji_Syuku/Yuji_Syuku_0045.png,data/v2/processed/fontsense_v2/images/train/serif/IM_Fell_Great_Primer/IM_Fell_Great_Primer_0021.png,4,False,True,False
data/v2/processed/fontsense_v2/images/train/serif/Yuji_Syuku/Yuji_Syuku_0045.png,data/v2/processed/fontsense_v2/images/train/serif/IM_Fell_Great_Primer/IM_Fell_Great_Primer_0037.png,4,False,True,False
data/v2/processed/fontsense_v2/images/train/serif/Yuji_Syuku/Yuji_Syuku_0045.png,data/v2/processed/fontsense_v2/images/train/serif/IM_Fell_Great_Primer/IM_Fell_Great_Primer_0065.png,4,False,True,False
data/v2/processed/fontsense_v2/images/train/serif/Yuji_Syuku/Yuji_Syuku_0045.png,data/v2/processed/fontsense_v2/images/train/serif/IM_Fell_Great_Primer/IM_Fell_Great_Primer_0097.png,4,False,True,False
data/v2/processed/fontsense_v2/images/train/serif/Yuji_Syuku/Yuji_Syuku_0045.png,data/v2/processed/fontsense_v2/images/train/serif/Noto_Serif_Ahom/Noto_Serif_Ahom_0070.png,4,False,True,False
data/v2/processed/fontsense_v2/images/train/serif/Yuji_Syuku/Yuji_Syuku_0046.png,data/v2/processed/fontsense_v2/images/train/serif/BatangChe/BatangChe_0049.png,4,False,True,False
data/v2/processed/fontsense_v2/images/train/serif/Yuji_Syuku/Yuji_Syuku_0046.png,data/v2/processed/fontsense_v2/images/train/serif/BatangChe/BatangChe_0069.png,4,False,True,False
data/v2/processed/fontsense_v2/images/train/serif/Yuji_Syuku/Yuji_Syuku_0046.png,data/v2/processed/fontsense_v2/images/train/serif/BatangChe/BatangChe_0093.png,4,False,True,False
data/v2/processed/fontsense_v2/images/train/serif/Yuji_Syuku/Yuji_Syuku_0048.png,data/v2/processed/fontsense_v2/images/train/serif/BatangChe/BatangChe_0077.png,4,False,True,False
data/v2/processed/fontsense_v2/images/train/serif/Yuji_Syuku/Yuji_Syuku_0050.png,data/v2/processed/fontsense_v2/images/train/serif/BatangChe/BatangChe_0034.png,4,False,True,False
data/v2/processed/fontsense_v2/images/train/serif/Yuji_Syuku/Yuji_Syuku_0050.png,data/v2/processed/fontsense_v2/images/train/serif/Rokkitt/Rokkitt_0087.png,4,False,True,False
data/v2/processed/fontsense_v2/images/train/serif/Yuji_Syuku/Yuji_Syuku_0050.png,data/v2/processed/fontsense_v2/images/train/serif/Quattrocento/Quattrocento_0063.png,4,False,True,False
data/v2/processed/fontsense_v2/images/train/serif/Yuji_Syuku/Yuji_Syuku_0050.png,data/v2/processed/fontsense_v2/images/train/serif/IM_Fell_Great_Primer/IM_Fell_Great_Primer_0013.png,4,False,True,False
data/v2/processed/fontsense_v2/images/train/serif/Yuji_Syuku/Yuji_Syuku_0050.png,data/v2/processed/fontsense_v2/images/train/serif/Noto_Serif_Ahom/Noto_Serif_Ahom_0000.png,4,False,True,False
data/v2/processed/fontsense_v2/images/train/serif/Yuji_Syuku/Yuji_Syuku_0051.png,data/v2/processed/fontsense_v2/images/train/serif/Yuji_Syuku/Yuji_Syuku_0065.png,4,True,True,False
data/v2/processed/fontsense_v2/images/train/serif/Yuji_Syuku/Yuji_Syuku_0051.png,data/v2/processed/fontsense_v2/images/train/serif/Quattrocento/Quattrocento_0009.png,4,False,True,False
data/v2/processed/fontsense_v2/images/train/serif/Yuji_Syuku/Yuji_Syuku_0051.png,data/v2/processed/fontsense_v2/images/train/serif/Quattrocento/Quattrocento_0069.png,4,False,True,False
data/v2/processed/fontsense_v2/images/train/serif/Yuji_Syuku/Yuji_Syuku_0054.png,data/v2/processed/fontsense_v2/images/train/serif/Libre_Caslon_Text/Libre_Caslon_Text_0049.png,4,False,True,False
data/v2/processed/fontsense_v2/images/train/serif/Yuji_Syuku/Yuji_Syuku_0054.png,data/v2/processed/fontsense_v2/images/train/serif/Sanchez/Sanchez_0094.png,4,False,True,False
data/v2/processed/fontsense_v2/images/train/serif/Yuji_Syuku/Yuji_Syuku_0054.png,data/v2/processed/fontsense_v2/images/train/serif/Noto_Serif_Ahom/Noto_Serif_Ahom_0066.png,4,False,True,False
data/v2/processed/fontsense_v2/images/train/serif/Yuji_Syuku/Yuji_Syuku_0055.png,data/v2/processed/fontsense_v2/images/train/serif/Quattrocento/Quattrocento_0093.png,4,False,True,False
data/v2/processed/fontsense_v2/images/train/serif/Yuji_Syuku/Yuji_Syuku_0055.png,data/v2/processed/fontsense_v2/images/train/serif/Sanchez/Sanchez_0004.png,4,False,True,False
data/v2/processed/fontsense_v2/images/train/serif/Yuji_Syuku/Yuji_Syuku_0055.png,data/v2/processed/fontsense_v2/images/train/serif/Sanchez/Sanchez_0010.png,4,False,True,False
data/v2/processed/fontsense_v2/images/train/serif/Yuji_Syuku/Yuji_Syuku_0055.png,data/v2/processed/fontsense_v2/images/train/serif/IM_Fell_Great_Primer/IM_Fell_Great_Primer_0068.png,4,False,True,False
data/v2/processed/fontsense_v2/images/train/serif/Yuji_Syuku/Yuji_Syuku_0060.png,data/v2/processed/fontsense_v2/images/train/serif/Libre_Caslon_Text/Libre_Caslon_Text_0035.png,4,False,True,False
data/v2/processed/fontsense_v2/images/train/serif/Yuji_Syuku/Yuji_Syuku_0060.png,data/v2/processed/fontsense_v2/images/train/serif/Noto_Serif_Ahom/Noto_Serif_Ahom_0050.png,4,False,True,False
data/v2/processed/fontsense_v2/images/train/serif/Yuji_Syuku/Yuji_Syuku_0061.png,data/v2/processed/fontsense_v2/images/train/serif/IM_Fell_Great_Primer/IM_Fell_Great_Primer_0004.png,4,False,True,False
data/v2/processed/fontsense_v2/images/train/serif/Yuji_Syuku/Yuji_Syuku_0064.png,data/v2/processed/fontsense_v2/images/train/serif/Noto_Serif_Ahom/Noto_Serif_Ahom_0067.png,4,False,True,False
data/v2/processed/fontsense_v2/images/train/serif/Yuji_Syuku/Yuji_Syuku_0065.png,data/v2/processed/fontsense_v2/images/train/serif/Rokkitt/Rokkitt_0062.png,4,False,True,False
data/v2/processed/fontsense_v2/images/train/serif/Yuji_Syuku/Yuji_Syuku_0065.png,data/v2/processed/fontsense_v2/images/train/serif/Rokkitt/Rokkitt_0077.png,4,False,True,False
data/v2/processed/fontsense_v2/images/train/serif/Yuji_Syuku/Yuji_Syuku_0065.png,data/v2/processed/fontsense_v2/images/train/serif/Quattrocento/Quattrocento_0009.png,4,False,True,False
data/v2/processed/fontsense_v2/images/train/serif/Yuji_Syuku/Yuji_Syuku_0065.png,data/v2/processed/fontsense_v2/images/train/serif/Quattrocento/Quattrocento_0018.png,4,False,True,False
data/v2/processed/fontsense_v2/images/train/serif/Yuji_Syuku/Yuji_Syuku_0065.png,data/v2/processed/fontsense_v2/images/train/serif/Quattrocento/Quattrocento_0026.png,4,False,True,False
data/v2/processed/fontsense_v2/images/train/serif/Yuji_Syuku/Yuji_Syuku_0065.png,data/v2/processed/fontsense_v2/images/train/serif/IM_Fell_Great_Primer/IM_Fell_Great_Primer_0093.png,4,False,True,False
data/v2/processed/fontsense_v2/images/train/serif/Yuji_Syuku/Yuji_Syuku_0065.png,data/v2/processed/fontsense_v2/images/train/serif/Noto_Serif_Ahom/Noto_Serif_Ahom_0066.png,4,False,True,False
data/v2/processed/fontsense_v2/images/train/serif/Yuji_Syuku/Yuji_Syuku_0068.png,data/v2/processed/fontsense_v2/images/train/serif/Yuji_Syuku/Yuji_Syuku_0080.png,4,True,True,False
data/v2/processed/fontsense_v2/images/train/serif/Yuji_Syuku/Yuji_Syuku_0069.png,data/v2/processed/fontsense_v2/images/train/serif/BatangChe/BatangChe_0099.png,4,False,True,False
data/v2/processed/fontsense_v2/images/train/serif/Yuji_Syuku/Yuji_Syuku_0069.png,data/v2/processed/fontsense_v2/images/train/serif/Libre_Caslon_Text/Libre_Caslon_Text_0049.png,4,False,True,False
data/v2/processed/fontsense_v2/images/train/serif/Yuji_Syuku/Yuji_Syuku_0069.png,data/v2/processed/fontsense_v2/images/train/serif/Rokkitt/Rokkitt_0000.png,4,False,True,False
data/v2/processed/fontsense_v2/images/train/serif/Yuji_Syuku/Yuji_Syuku_0069.png,data/v2/processed/fontsense_v2/images/train/serif/Rokkitt/Rokkitt_0046.png,4,False,True,False
data/v2/processed/fontsense_v2/images/train/serif/Yuji_Syuku/Yuji_Syuku_0069.png,data/v2/processed/fontsense_v2/images/train/serif/IM_Fell_Great_Primer/IM_Fell_Great_Primer_0020.png,4,False,True,False
data/v2/processed/fontsense_v2/images/train/serif/Yuji_Syuku/Yuji_Syuku_0071.png,data/v2/processed/fontsense_v2/images/train/serif/Sanchez/Sanchez_0082.png,4,False,True,False
data/v2/processed/fontsense_v2/images/train/serif/Yuji_Syuku/Yuji_Syuku_0071.png,data/v2/processed/fontsense_v2/images/train/serif/IM_Fell_Great_Primer/IM_Fell_Great_Primer_0063.png,4,False,True,False
data/v2/processed/fontsense_v2/images/train/serif/Yuji_Syuku/Yuji_Syuku_0072.png,data/v2/processed/fontsense_v2/images/train/serif/BatangChe/BatangChe_0023.png,4,False,True,False
data/v2/processed/fontsense_v2/images/train/serif/Yuji_Syuku/Yuji_Syuku_0072.png,data/v2/processed/fontsense_v2/images/train/serif/Rokkitt/Rokkitt_0018.png,4,False,True,False
data/v2/processed/fontsense_v2/images/train/serif/Yuji_Syuku/Yuji_Syuku_0072.png,data/v2/processed/fontsense_v2/images/train/serif/Rokkitt/Rokkitt_0025.png,4,False,True,False
data/v2/processed/fontsense_v2/images/train/serif/Yuji_Syuku/Yuji_Syuku_0072.png,data/v2/processed/fontsense_v2/images/train/serif/Rokkitt/Rokkitt_0090.png,4,False,True,False
data/v2/processed/fontsense_v2/images/train/serif/Yuji_Syuku/Yuji_Syuku_0073.png,data/v2/processed/fontsense_v2/images/train/serif/Sanchez/Sanchez_0063.png,4,False,True,False
data/v2/processed/fontsense_v2/images/train/serif/Yuji_Syuku/Yuji_Syuku_0074.png,data/v2/processed/fontsense_v2/images/train/serif/Rokkitt/Rokkitt_0071.png,4,False,True,False
data/v2/processed/fontsense_v2/images/train/serif/Yuji_Syuku/Yuji_Syuku_0074.png,data/v2/processed/fontsense_v2/images/train/serif/Quattrocento/Quattrocento_0028.png,4,False,True,False
data/v2/processed/fontsense_v2/images/train/serif/Yuji_Syuku/Yuji_Syuku_0076.png,data/v2/processed/fontsense_v2/images/train/serif/BatangChe/BatangChe_0040.png,4,False,True,False
data/v2/processed/fontsense_v2/images/train/serif/Yuji_Syuku/Yuji_Syuku_0076.png,data/v2/processed/fontsense_v2/images/train/serif/BatangChe/BatangChe_0096.png,4,False,True,False
data/v2/processed/fontsense_v2/images/train/serif/Yuji_Syuku/Yuji_Syuku_0078.png,data/v2/processed/fontsense_v2/images/train/serif/BatangChe/BatangChe_0068.png,4,False,True,False
data/v2/processed/fontsense_v2/images/train/serif/Yuji_Syuku/Yuji_Syuku_0078.png,data/v2/processed/fontsense_v2/images/train/serif/BatangChe/BatangChe_0082.png,4,False,True,False
data/v2/processed/fontsense_v2/images/train/serif/Yuji_Syuku/Yuji_Syuku_0078.png,data/v2/processed/fontsense_v2/images/train/serif/Rokkitt/Rokkitt_0000.png,4,False,True,False
data/v2/processed/fontsense_v2/images/train/serif/Yuji_Syuku/Yuji_Syuku_0078.png,data/v2/processed/fontsense_v2/images/train/serif/Rokkitt/Rokkitt_0042.png,4,False,True,False
data/v2/processed/fontsense_v2/images/train/serif/Yuji_Syuku/Yuji_Syuku_0078.png,data/v2/processed/fontsense_v2/images/train/serif/Rokkitt/Rokkitt_0046.png,4,False,True,False
data/v2/processed/fontsense_v2/images/train/serif/Yuji_Syuku/Yuji_Syuku_0078.png,data/v2/processed/fontsense_v2/images/train/serif/Rokkitt/Rokkitt_0062.png,4,False,True,False
data/v2/processed/fontsense_v2/images/train/serif/Yuji_Syuku/Yuji_Syuku_0078.png,data/v2/processed/fontsense_v2/images/train/serif/Rokkitt/Rokkitt_0084.png,4,False,True,False
data/v2/processed/fontsense_v2/images/train/serif/Yuji_Syuku/Yuji_Syuku_0078.png,data/v2/processed/fontsense_v2/images/train/serif/Quattrocento/Quattrocento_0080.png,4,False,True,False
data/v2/processed/fontsense_v2/images/train/serif/Yuji_Syuku/Yuji_Syuku_0078.png,data/v2/processed/fontsense_v2/images/train/serif/Sanchez/Sanchez_0044.png,4,False,True,False
data/v2/processed/fontsense_v2/images/train/serif/Yuji_Syuku/Yuji_Syuku_0078.png,data/v2/processed/fontsense_v2/images/train/serif/Sanchez/Sanchez_0072.png,4,False,True,False
data/v2/processed/fontsense_v2/images/train/serif/Yuji_Syuku/Yuji_Syuku_0078.png,data/v2/processed/fontsense_v2/images/train/serif/IM_Fell_Great_Primer/IM_Fell_Great_Primer_0020.png,4,False,True,False
data/v2/processed/fontsense_v2/images/train/serif/Yuji_Syuku/Yuji_Syuku_0078.png,data/v2/processed/fontsense_v2/images/train/serif/IM_Fell_Great_Primer/IM_Fell_Great_Primer_0039.png,4,False,True,False
data/v2/processed/fontsense_v2/images/train/serif/Yuji_Syuku/Yuji_Syuku_0078.png,data/v2/processed/fontsense_v2/images/train/serif/IM_Fell_Great_Primer/IM_Fell_Great_Primer_0062.png,4,False,True,False
data/v2/processed/fontsense_v2/images/train/serif/Yuji_Syuku/Yuji_Syuku_0078.png,data/v2/processed/fontsense_v2/images/train/serif/IM_Fell_Great_Primer/IM_Fell_Great_Primer_0066.png,4,False,True,False
data/v2/processed/fontsense_v2/images/train/serif/Yuji_Syuku/Yuji_Syuku_0078.png,data/v2/processed/fontsense_v2/images/train/serif/IM_Fell_Great_Primer/IM_Fell_Great_Primer_0093.png,4,False,True,False
data/v2/processed/fontsense_v2/images/train/serif/Yuji_Syuku/Yuji_Syuku_0080.png,data/v2/processed/fontsense_v2/images/train/serif/Yuji_Syuku/Yuji_Syuku_0090.png,4,True,True,False
data/v2/processed/fontsense_v2/images/train/serif/Yuji_Syuku/Yuji_Syuku_0080.png,data/v2/processed/fontsense_v2/images/train/serif/BatangChe/BatangChe_0036.png,4,False,True,False
data/v2/processed/fontsense_v2/images/train/serif/Yuji_Syuku/Yuji_Syuku_0080.png,data/v2/processed/fontsense_v2/images/train/serif/Libre_Caslon_Text/Libre_Caslon_Text_0084.png,4,False,True,False
data/v2/processed/fontsense_v2/images/train/serif/Yuji_Syuku/Yuji_Syuku_0082.png,data/v2/processed/fontsense_v2/images/train/serif/Sanchez/Sanchez_0020.png,4,False,True,False
data/v2/processed/fontsense_v2/images/train/serif/Yuji_Syuku/Yuji_Syuku_0083.png,data/v2/processed/fontsense_v2/images/train/serif/Rokkitt/Rokkitt_0055.png,4,False,True,False
data/v2/processed/fontsense_v2/images/train/serif/Yuji_Syuku/Yuji_Syuku_0083.png,data/v2/processed/fontsense_v2/images/train/serif/Noto_Serif_Ahom/Noto_Serif_Ahom_0069.png,4,False,True,False
data/v2/processed/fontsense_v2/images/train/serif/Yuji_Syuku/Yuji_Syuku_0084.png,data/v2/processed/fontsense_v2/images/train/serif/BatangChe/BatangChe_0078.png,4,False,True,False
data/v2/processed/fontsense_v2/images/train/serif/Yuji_Syuku/Yuji_Syuku_0084.png,data/v2/processed/fontsense_v2/images/train/serif/Rokkitt/Rokkitt_0062.png,4,False,True,False
data/v2/processed/fontsense_v2/images/train/serif/Yuji_Syuku/Yuji_Syuku_0084.png,data/v2/processed/fontsense_v2/images/train/serif/Sanchez/Sanchez_0001.png,4,False,True,False
data/v2/processed/fontsense_v2/images/train/serif/Yuji_Syuku/Yuji_Syuku_0084.png,data/v2/processed/fontsense_v2/images/train/serif/Sanchez/Sanchez_0044.png,4,False,True,False
data/v2/processed/fontsense_v2/images/train/serif/Yuji_Syuku/Yuji_Syuku_0084.png,data/v2/processed/fontsense_v2/images/train/serif/IM_Fell_Great_Primer/IM_Fell_Great_Primer_0062.png,4,False,True,False
data/v2/processed/fontsense_v2/images/train/serif/Yuji_Syuku/Yuji_Syuku_0084.png,data/v2/processed/fontsense_v2/images/train/serif/Noto_Serif_Ahom/Noto_Serif_Ahom_0017.png,4,False,True,False
data/v2/processed/fontsense_v2/images/train/serif/Yuji_Syuku/Yuji_Syuku_0086.png,data/v2/processed/fontsense_v2/images/train/serif/Quattrocento/Quattrocento_0055.png,4,False,True,False
data/v2/processed/fontsense_v2/images/train/serif/Yuji_Syuku/Yuji_Syuku_0087.png,data/v2/processed/fontsense_v2/images/train/serif/Rokkitt/Rokkitt_0046.png,4,False,True,False
data/v2/processed/fontsense_v2/images/train/serif/Yuji_Syuku/Yuji_Syuku_0090.png,data/v2/processed/fontsense_v2/images/train/serif/BatangChe/BatangChe_0085.png,4,False,True,False
data/v2/processed/fontsense_v2/images/train/serif/Yuji_Syuku/Yuji_Syuku_0090.png,data/v2/processed/fontsense_v2/images/train/serif/Libre_Caslon_Text/Libre_Caslon_Text_0024.png,4,False,True,False
data/v2/processed/fontsense_v2/images/train/serif/Yuji_Syuku/Yuji_Syuku_0090.png,data/v2/processed/fontsense_v2/images/train/serif/Sanchez/Sanchez_0008.png,4,False,True,False
data/v2/processed/fontsense_v2/images/train/serif/Yuji_Syuku/Yuji_Syuku_0091.png,data/v2/processed/fontsense_v2/images/train/serif/Rokkitt/Rokkitt_0026.png,4,False,True,False
data/v2/processed/fontsense_v2/images/train/serif/Yuji_Syuku/Yuji_Syuku_0092.png,data/v2/processed/fontsense_v2/images/train/serif/Libre_Caslon_Text/Libre_Caslon_Text_0083.png,4,False,True,False
data/v2/processed/fontsense_v2/images/train/serif/Yuji_Syuku/Yuji_Syuku_0092.png,data/v2/processed/fontsense_v2/images/train/serif/Rokkitt/Rokkitt_0039.png,4,False,True,False
data/v2/processed/fontsense_v2/images/train/serif/Yuji_Syuku/Yuji_Syuku_0092.png,data/v2/processed/fontsense_v2/images/train/serif/IM_Fell_Great_Primer/IM_Fell_Great_Primer_0012.png,4,False,True,False
data/v2/processed/fontsense_v2/images/train/serif/Yuji_Syuku/Yuji_Syuku_0092.png,data/v2/processed/fontsense_v2/images/train/serif/IM_Fell_Great_Primer/IM_Fell_Great_Primer_0076.png,4,False,True,False
data/v2/processed/fontsense_v2/images/train/serif/Yuji_Syuku/Yuji_Syuku_0093.png,data/v2/processed/fontsense_v2/images/train/serif/Libre_Caslon_Text/Libre_Caslon_Text_0035.png,4,False,True,False
data/v2/processed/fontsense_v2/images/train/serif/Yuji_Syuku/Yuji_Syuku_0093.png,data/v2/processed/fontsense_v2/images/train/serif/Quattrocento/Quattrocento_0074.png,4,False,True,False
data/v2/processed/fontsense_v2/images/train/serif/Yuji_Syuku/Yuji_Syuku_0094.png,data/v2/processed/fontsense_v2/images/train/serif/Rokkitt/Rokkitt_0016.png,4,False,True,False
data/v2/processed/fontsense_v2/images/train/serif/Yuji_Syuku/Yuji_Syuku_0094.png,data/v2/processed/fontsense_v2/images/train/serif/Quattrocento/Quattrocento_0046.png,4,False,True,False
data/v2/processed/fontsense_v2/images/train/serif/Yuji_Syuku/Yuji_Syuku_0094.png,data/v2/processed/fontsense_v2/images/train/serif/Sanchez/Sanchez_0051.png,4,False,True,False
data/v2/processed/fontsense_v2/images/train/serif/Yuji_Syuku/Yuji_Syuku_0094.png,data/v2/processed/fontsense_v2/images/train/serif/Noto_Serif_Ahom/Noto_Serif_Ahom_0018.png,4,False,True,False
data/v2/processed/fontsense_v2/images/train/serif/Yuji_Syuku/Yuji_Syuku_0094.png,data/v2/processed/fontsense_v2/images/train/serif/Noto_Serif_Ahom/Noto_Serif_Ahom_0036.png,4,False,True,False
data/v2/processed/fontsense_v2/images/train/serif/Yuji_Syuku/Yuji_Syuku_0095.png,data/v2/processed/fontsense_v2/images/train/serif/Rokkitt/Rokkitt_0023.png,4,False,True,False
data/v2/processed/fontsense_v2/images/train/serif/Yuji_Syuku/Yuji_Syuku_0095.png,data/v2/processed/fontsense_v2/images/train/serif/Rokkitt/Rokkitt_0069.png,4,False,True,False
data/v2/processed/fontsense_v2/images/train/serif/Yuji_Syuku/Yuji_Syuku_0095.png,data/v2/processed/fontsense_v2/images/train/serif/IM_Fell_Great_Primer/IM_Fell_Great_Primer_0008.png,4,False,True,False
data/v2/processed/fontsense_v2/images/train/serif/Yuji_Syuku/Yuji_Syuku_0096.png,data/v2/processed/fontsense_v2/images/train/serif/Sanchez/Sanchez_0075.png,4,False,True,False
data/v2/processed/fontsense_v2/images/train/serif/Yuji_Syuku/Yuji_Syuku_0096.png,data/v2/processed/fontsense_v2/images/train/serif/IM_Fell_Great_Primer/IM_Fell_Great_Primer_0072.png,4,False,True,False
data/v2/processed/fontsense_v2/images/train/serif/Yuji_Syuku/Yuji_Syuku_0097.png,data/v2/processed/fontsense_v2/images/train/serif/BatangChe/BatangChe_0070.png,4,False,True,False
data/v2/processed/fontsense_v2/images/train/serif/Yuji_Syuku/Yuji_Syuku_0097.png,data/v2/processed/fontsense_v2/images/train/serif/Libre_Caslon_Text/Libre_Caslon_Text_0064.png,4,False,True,False
data/v2/processed/fontsense_v2/images/train/serif/Yuji_Syuku/Yuji_Syuku_0097.png,data/v2/processed/fontsense_v2/images/train/serif/Libre_Caslon_Text/Libre_Caslon_Text_0094.png,4,False,True,False
data/v2/processed/fontsense_v2/images/train/serif/Yuji_Syuku/Yuji_Syuku_0097.png,data/v2/processed/fontsense_v2/images/train/serif/Quattrocento/Quattrocento_0065.png,4,False,True,False
data/v2/processed/fontsense_v2/images/train/serif/Yuji_Syuku/Yuji_Syuku_0097.png,data/v2/processed/fontsense_v2/images/train/serif/Sanchez/Sanchez_0035.png,4,False,True,False
