image_path,relative_image_path,family,category,split,text,source_font_path,seed
data/processed/fontsense_system/images/train/display/EB_Garamond_Initials/EB_Garamond_Initials_0000.png,images/train/display/EB_Garamond_Initials/EB_Garamond_Initials_0000.png,EB Garamond Initials,display,train,Graphic Form,EBGaramond-Initials.otf,42000126
data/processed/fontsense_system/images/train/display/EB_Garamond_Initials/EB_Garamond_Initials_0001.png,images/train/display/EB_Garamond_Initials/EB_Garamond_Initials_0001.png,EB Garamond Initials,display,train,Hello World,EBGaramond-Initials.otf,42000127
data/processed/fontsense_system/images/train/display/EB_Garamond_Initials/EB_Garamond_Initials_0002.png,images/train/display/EB_Garamond_Initials/EB_Garamond_Initials_0002.png,EB Garamond Initials,display,train,Type Matters,EBGaramond-Initials.otf,42000128
data/processed/fontsense_system/images/train/display/EB_Garamond_Initials/EB_Garamond_Initials_0003.png,images/train/display/EB_Garamond_Initials/EB_Garamond_Initials_0003.png,EB Garamond Initials,display,train,FontSense,EBGaramond-Initials.otf,42000129
data/processed/fontsense_system/images/train/display/EB_Garamond_Initials/EB_Garamond_Initials_0004.png,images/train/display/EB_Garamond_Initials/EB_Garamond_Initials_0004.png,EB Garamond Initials,display,train,Type Matters,EBGaramond-Initials.otf,42000130
data/processed/fontsense_system/images/train/display/EB_Garamond_Initials/EB_Garamond_Initials_0005.png,images/train/display/EB_Garamond_Initials/EB_Garamond_Initials_0005.png,EB Garamond Initials,display,train,Graphic Form,EBGaramond-Initials.otf,42000131
data/processed/fontsense_system/images/train/display/EB_Garamond_Initials/EB_Garamond_Initials_0006.png,images/train/display/EB_Garamond_Initials/EB_Garamond_Initials_0006.png,EB Garamond Initials,display,train,Visual Culture,EBGaramond-Initials.otf,42000132
data/processed/fontsense_system/images/train/display/EB_Garamond_Initials/EB_Garamond_Initials_0007.png,images/train/display/EB_Garamond_Initials/EB_Garamond_Initials_0007.png,EB Garamond Initials,display,train,Modern Design,EBGaramond-Initials.otf,42000133
data/processed/fontsense_system/images/train/display/EB_Garamond_Initials/EB_Garamond_Initials_0008.png,images/train/display/EB_Garamond_Initials/EB_Garamond_Initials_0008.png,EB Garamond Initials,display,train,Hello World,EBGaramond-Initials.otf,42000134
data/processed/fontsense_system/images/train/display/EB_Garamond_Initials/EB_Garamond_Initials_0009.png,images/train/display/EB_Garamond_Initials/EB_Garamond_Initials_0009.png,EB Garamond Initials,display,train,Graphic Form,EBGaramond-Initials.otf,42000135
data/processed/fontsense_system/images/train/display/EB_Garamond_Initials/EB_Garamond_Initials_0010.png,images/train/display/EB_Garamond_Initials/EB_Garamond_Initials_0010.png,EB Garamond Initials,display,train,Typography,EBGaramond-Initials.otf,42000136
data/processed/fontsense_system/images/train/display/EB_Garamond_Initials/EB_Garamond_Initials_0011.png,images/train/display/EB_Garamond_Initials/EB_Garamond_Initials_0011.png,EB Garamond Initials,display,train,Design System,EBGaramond-Initials.otf,42000137
data/processed/fontsense_system/images/train/display/EB_Garamond_Initials/EB_Garamond_Initials_0012.png,images/train/display/EB_Garamond_Initials/EB_Garamond_Initials_0012.png,EB Garamond Initials,display,train,Hello World,EBGaramond-Initials.otf,42000138
data/processed/fontsense_system/images/train/display/EB_Garamond_Initials/EB_Garamond_Initials_0013.png,images/train/display/EB_Garamond_Initials/EB_Garamond_Initials_0013.png,EB Garamond Initials,display,train,FontSense,EBGaramond-Initials.otf,42000139
data/processed/fontsense_system/images/train/display/EB_Garamond_Initials/EB_Garamond_Initials_0014.png,images/train/display/EB_Garamond_Initials/EB_Garamond_Initials_0014.png,EB Garamond Initials,display,train,Design System,EBGaramond-Initials.otf,42000140
data/processed/fontsense_system/images/train/display/EB_Garamond_Initials/EB_Garamond_Initials_0015.png,images/train/display/EB_Garamond_Initials/EB_Garamond_Initials_0015.png,EB Garamond Initials,display,train,Editorial Layout,EBGaramond-Initials.otf,42000141
data/processed/fontsense_system/images/train/display/EB_Garamond_Initials/EB_Garamond_Initials_0016.png,images/train/display/EB_Garamond_Initials/EB_Garamond_Initials_0016.png,EB Garamond Initials,display,train,Hello World,EBGaramond-Initials.otf,42000142
data/processed/fontsense_system/images/train/display/EB_Garamond_Initials/EB_Garamond_Initials_0017.png,images/train/display/EB_Garamond_Initials/EB_Garamond_Initials_0017.png,EB Garamond Initials,display,train,FontSense,EBGaramond-Initials.otf,42000143
data/processed/fontsense_system/images/train/display/EB_Garamond_Initials/EB_Garamond_Initials_0018.png,images/train/display/EB_Garamond_Initials/EB_Garamond_Initials_0018.png,EB Garamond Initials,display,train,FontSense,EBGaramond-Initials.otf,42000144
data/processed/fontsense_system/images/train/display/EB_Garamond_Initials/EB_Garamond_Initials_0019.png,images/train/display/EB_Garamond_Initials/EB_Garamond_Initials_0019.png,EB Garamond Initials,display,train,Visual Culture,EBGaramond-Initials.otf,42000145
data/processed/fontsense_system/images/train/display/GFS_Porson/GFS_Porson_0000.png,images/train/display/GFS_Porson/GFS_Porson_0000.png,GFS Porson,display,train,Design System,GFSPorson.otf,42010133
data/processed/fontsense_system/images/train/display/GFS_Porson/GFS_Porson_0001.png,images/train/display/GFS_Porson/GFS_Porson_0001.png,GFS Porson,display,train,Hello World,GFSPorson.otf,42010134
data/processed/fontsense_system/images/train/display/GFS_Porson/GFS_Porson_0002.png,images/train/display/GFS_Porson/GFS_Porson_0002.png,GFS Porson,display,train,Beautiful Letters,GFSPorson.otf,42010135
data/processed/fontsense_system/images/train/display/GFS_Porson/GFS_Porson_0003.png,images/train/display/GFS_Porson/GFS_Porson_0003.png,GFS Porson,display,train,Editorial Layout,GFSPorson.otf,42010136
data/processed/fontsense_system/images/train/display/GFS_Porson/GFS_Porson_0004.png,images/train/display/GFS_Porson/GFS_Porson_0004.png,GFS Porson,display,train,Digital Poster,GFSPorson.otf,42010137
data/processed/fontsense_system/images/train/display/GFS_Porson/GFS_Porson_0005.png,images/train/display/GFS_Porson/GFS_Porson_0005.png,GFS Porson,display,train,Modern Design,GFSPorson.otf,42010138
data/processed/fontsense_system/images/train/display/GFS_Porson/GFS_Porson_0006.png,images/train/display/GFS_Porson/GFS_Porson_0006.png,GFS Porson,display,train,Creative Studio,GFSPorson.otf,42010139
data/processed/fontsense_system/images/train/display/GFS_Porson/GFS_Porson_0007.png,images/train/display/GFS_Porson/GFS_Porson_0007.png,GFS Porson,display,train,Typography,GFSPorson.otf,42010140
data/processed/fontsense_system/images/train/display/GFS_Porson/GFS_Porson_0008.png,images/train/display/GFS_Porson/GFS_Porson_0008.png,GFS Porson,display,train,Editorial Layout,GFSPorson.otf,42010141
data/processed/fontsense_system/images/train/display/GFS_Porson/GFS_Porson_0009.png,images/train/display/GFS_Porson/GFS_Porson_0009.png,GFS Porson,display,train,Beautiful Letters,GFSPorson.otf,42010142
data/processed/fontsense_system/images/train/display/GFS_Porson/GFS_Porson_0010.png,images/train/display/GFS_Porson/GFS_Porson_0010.png,GFS Porson,display,train,Design System,GFSPorson.otf,42010143
data/processed/fontsense_system/images/train/display/GFS_Porson/GFS_Porson_0011.png,images/train/display/GFS_Porson/GFS_Porson_0011.png,GFS Porson,display,train,Modern Design,GFSPorson.otf,42010144
data/processed/fontsense_system/images/train/display/GFS_Porson/GFS_Porson_0012.png,images/train/display/GFS_Porson/GFS_Porson_0012.png,GFS Porson,display,train,FontSense,GFSPorson.otf,42010145
data/processed/fontsense_system/images/train/display/GFS_Porson/GFS_Porson_0013.png,images/train/display/GFS_Porson/GFS_Porson_0013.png,GFS Porson,display,train,Future Vision,GFSPorson.otf,42010146
data/processed/fontsense_system/images/train/display/GFS_Porson/GFS_Porson_0014.png,images/train/display/GFS_Porson/GFS_Porson_0014.png,GFS Porson,display,train,Digital Poster,GFSPorson.otf,42010147
data/processed/fontsense_system/images/train/display/GFS_Porson/GFS_Porson_0015.png,images/train/display/GFS_Porson/GFS_Porson_0015.png,GFS Porson,display,train,Digital Poster,GFSPorson.otf,42010148
data/processed/fontsense_system/images/train/display/GFS_Porson/GFS_Porson_0016.png,images/train/display/GFS_Porson/GFS_Porson_0016.png,GFS Porson,display,train,Future Vision,GFSPorson.otf,42010149
data/processed/fontsense_system/images/train/display/GFS_Porson/GFS_Porson_0017.png,images/train/display/GFS_Porson/GFS_Porson_0017.png,GFS Porson,display,train,Visual Culture,GFSPorson.otf,42010150
data/processed/fontsense_system/images/train/display/GFS_Porson/GFS_Porson_0018.png,images/train/display/GFS_Porson/GFS_Porson_0018.png,GFS Porson,display,train,Future Vision,GFSPorson.otf,42010151
data/processed/fontsense_system/images/train/display/GFS_Porson/GFS_Porson_0019.png,images/train/display/GFS_Porson/GFS_Porson_0019.png,GFS Porson,display,train,Visual Culture,GFSPorson.otf,42010152
data/processed/fontsense_system/images/train/display/GFS_Solomos/GFS_Solomos_0000.png,images/train/display/GFS_Solomos/GFS_Solomos_0000.png,GFS Solomos,display,train,Brand Identity,GFSSolomos.otf,42020140
data/processed/fontsense_system/images/train/display/GFS_Solomos/GFS_Solomos_0001.png,images/train/display/GFS_Solomos/GFS_Solomos_0001.png,GFS Solomos,display,train,Future Vision,GFSSolomos.otf,42020141
data/processed/fontsense_system/images/train/display/GFS_Solomos/GFS_Solomos_0002.png,images/train/display/GFS_Solomos/GFS_Solomos_0002.png,GFS Solomos,display,train,Modern Design,GFSSolomos.otf,42020142
data/processed/fontsense_system/images/train/display/GFS_Solomos/GFS_Solomos_0003.png,images/train/display/GFS_Solomos/GFS_Solomos_0003.png,GFS Solomos,display,train,Visual Culture,GFSSolomos.otf,42020143
data/processed/fontsense_system/images/train/display/GFS_Solomos/GFS_Solomos_0004.png,images/train/display/GFS_Solomos/GFS_Solomos_0004.png,GFS Solomos,display,train,Type Matters,GFSSolomos.otf,42020144
data/processed/fontsense_system/images/train/display/GFS_Solomos/GFS_Solomos_0005.png,images/train/display/GFS_Solomos/GFS_Solomos_0005.png,GFS Solomos,display,train,Typography,GFSSolomos.otf,42020145
data/processed/fontsense_system/images/train/display/GFS_Solomos/GFS_Solomos_0006.png,images/train/display/GFS_Solomos/GFS_Solomos_0006.png,GFS Solomos,display,train,Typography,GFSSolomos.otf,42020146
data/processed/fontsense_system/images/train/display/GFS_Solomos/GFS_Solomos_0007.png,images/train/display/GFS_Solomos/GFS_Solomos_0007.png,GFS Solomos,display,train,Brand Identity,GFSSolomos.otf,42020147
data/processed/fontsense_system/images/train/display/GFS_Solomos/GFS_Solomos_0008.png,images/train/display/GFS_Solomos/GFS_Solomos_0008.png,GFS Solomos,display,train,Visual Culture,GFSSolomos.otf,42020148
data/processed/fontsense_system/images/train/display/GFS_Solomos/GFS_Solomos_0009.png,images/train/display/GFS_Solomos/GFS_Solomos_0009.png,GFS Solomos,display,train,Editorial Layout,GFSSolomos.otf,42020149
data/processed/fontsense_system/images/train/display/GFS_Solomos/GFS_Solomos_0010.png,images/train/display/GFS_Solomos/GFS_Solomos_0010.png,GFS Solomos,display,train,Typography,GFSSolomos.otf,42020150
data/processed/fontsense_system/images/train/display/GFS_Solomos/GFS_Solomos_0011.png,images/train/display/GFS_Solomos/GFS_Solomos_0011.png,GFS Solomos,display,train,Type Matters,GFSSolomos.otf,42020151
data/processed/fontsense_system/images/train/display/GFS_Solomos/GFS_Solomos_0012.png,images/train/display/GFS_Solomos/GFS_Solomos_0012.png,GFS Solomos,display,train,Visual Culture,GFSSolomos.otf,42020152
data/processed/fontsense_system/images/train/display/GFS_Solomos/GFS_Solomos_0013.png,images/train/display/GFS_Solomos/GFS_Solomos_0013.png,GFS Solomos,display,train,Brand Identity,GFSSolomos.otf,42020153
data/processed/fontsense_system/images/train/display/GFS_Solomos/GFS_Solomos_0014.png,images/train/display/GFS_Solomos/GFS_Solomos_0014.png,GFS Solomos,display,train,Graphic Form,GFSSolomos.otf,42020154
data/processed/fontsense_system/images/train/display/GFS_Solomos/GFS_Solomos_0015.png,images/train/display/GFS_Solomos/GFS_Solomos_0015.png,GFS Solomos,display,train,Beautiful Letters,GFSSolomos.otf,42020155
data/processed/fontsense_system/images/train/display/GFS_Solomos/GFS_Solomos_0016.png,images/train/display/GFS_Solomos/GFS_Solomos_0016.png,GFS Solomos,display,train,Future Vision,GFSSolomos.otf,42020156
data/processed/fontsense_system/images/train/display/GFS_Solomos/GFS_Solomos_0017.png,images/train/display/GFS_Solomos/GFS_Solomos_0017.png,GFS Solomos,display,train,FontSense,GFSSolomos.otf,42020157
data/processed/fontsense_system/images/train/display/GFS_Solomos/GFS_Solomos_0018.png,images/train/display/GFS_Solomos/GFS_Solomos_0018.png,GFS Solomos,display,train,Shape and Space,GFSSolomos.otf,42020158
data/processed/fontsense_system/images/train/display/GFS_Solomos/GFS_Solomos_0019.png,images/train/display/GFS_Solomos/GFS_Solomos_0019.png,GFS Solomos,display,train,Graphic Form,GFSSolomos.otf,42020159
data/processed/fontsense_system/images/train/display/Inter_Display/Inter_Display_0000.png,images/train/display/Inter_Display/Inter_Display_0000.png,Inter Display,display,train,Beautiful Letters,InterDisplay-Regular.otf,42030147
data/processed/fontsense_system/images/train/display/Inter_Display/Inter_Display_0001.png,images/train/display/Inter_Display/Inter_Display_0001.png,Inter Display,display,train,Hello World,InterDisplay-Regular.otf,42030148
data/processed/fontsense_system/images/train/display/Inter_Display/Inter_Display_0002.png,images/train/display/Inter_Display/Inter_Display_0002.png,Inter Display,display,train,Creative Studio,InterDisplay-Regular.otf,42030149
data/processed/fontsense_system/images/train/display/Inter_Display/Inter_Display_0003.png,images/train/display/Inter_Display/Inter_Display_0003.png,Inter Display,display,train,Hello World,InterDisplay-Regular.otf,42030150
data/processed/fontsense_system/images/train/display/Inter_Display/Inter_Display_0004.png,images/train/display/Inter_Display/Inter_Display_0004.png,Inter Display,display,train,Editorial Layout,InterDisplay-Regular.otf,42030151
data/processed/fontsense_system/images/train/display/Inter_Display/Inter_Display_0005.png,images/train/display/Inter_Display/Inter_Display_0005.png,Inter Display,display,train,Type Matters,InterDisplay-Regular.otf,42030152
data/processed/fontsense_system/images/train/display/Inter_Display/Inter_Display_0006.png,images/train/display/Inter_Display/Inter_Display_0006.png,Inter Display,display,train,FontSense,InterDisplay-Regular.otf,42030153
data/processed/fontsense_system/images/train/display/Inter_Display/Inter_Display_0007.png,images/train/display/Inter_Display/Inter_Display_0007.png,Inter Display,display,train,Future Vision,InterDisplay-Regular.otf,42030154
data/processed/fontsense_system/images/train/display/Inter_Display/Inter_Display_0008.png,images/train/display/Inter_Display/Inter_Display_0008.png,Inter Display,display,train,Future Vision,InterDisplay-Regular.otf,42030155
data/processed/fontsense_system/images/train/display/Inter_Display/Inter_Display_0009.png,images/train/display/Inter_Display/Inter_Display_0009.png,Inter Display,display,train,Future Vision,InterDisplay-Regular.otf,42030156
data/processed/fontsense_system/images/train/display/Inter_Display/Inter_Display_0010.png,images/train/display/Inter_Display/Inter_Display_0010.png,Inter Display,display,train,Design System,InterDisplay-Regular.otf,42030157
data/processed/fontsense_system/images/train/display/Inter_Display/Inter_Display_0011.png,images/train/display/Inter_Display/Inter_Display_0011.png,Inter Display,display,train,Digital Poster,InterDisplay-Regular.otf,42030158
data/processed/fontsense_system/images/train/display/Inter_Display/Inter_Display_0012.png,images/train/display/Inter_Display/Inter_Display_0012.png,Inter Display,display,train,Hello World,InterDisplay-Regular.otf,42030159
data/processed/fontsense_system/images/train/display/Inter_Display/Inter_Display_0013.png,images/train/display/Inter_Display/Inter_Display_0013.png,Inter Display,display,train,Modern Design,InterDisplay-Regular.otf,42030160
data/processed/fontsense_system/images/train/display/Inter_Display/Inter_Display_0014.png,images/train/display/Inter_Display/Inter_Display_0014.png,Inter Display,display,train,Modern Design,InterDisplay-Regular.otf,42030161
data/processed/fontsense_system/images/train/display/Inter_Display/Inter_Display_0015.png,images/train/display/Inter_Display/Inter_Display_0015.png,Inter Display,display,train,Future Vision,InterDisplay-Regular.otf,42030162
data/processed/fontsense_system/images/train/display/Inter_Display/Inter_Display_0016.png,images/train/display/Inter_Display/Inter_Display_0016.png,Inter Display,display,train,Brand Identity,InterDisplay-Regular.otf,42030163
data/processed/fontsense_system/images/train/display/Inter_Display/Inter_Display_0017.png,images/train/display/Inter_Display/Inter_Display_0017.png,Inter Display,display,train,Typography,InterDisplay-Regular.otf,42030164
data/processed/fontsense_system/images/train/display/Inter_Display/Inter_Display_0018.png,images/train/display/Inter_Display/Inter_Display_0018.png,Inter Display,display,train,Brand Identity,InterDisplay-Regular.otf,42030165
data/processed/fontsense_system/images/train/display/Inter_Display/Inter_Display_0019.png,images/train/display/Inter_Display/Inter_Display_0019.png,Inter Display,display,train,Hello World,InterDisplay-Regular.otf,42030166
data/processed/fontsense_system/images/train/display/Comfortaa/Comfortaa_0000.png,images/train/display/Comfortaa/Comfortaa_0000.png,Comfortaa,display,train,FontSense,Comfortaa-Regular.ttf,42040154
data/processed/fontsense_system/images/train/display/Comfortaa/Comfortaa_0001.png,images/train/display/Comfortaa/Comfortaa_0001.png,Comfortaa,display,train,Design System,Comfortaa-Regular.ttf,42040155
data/processed/fontsense_system/images/train/display/Comfortaa/Comfortaa_0002.png,images/train/display/Comfortaa/Comfortaa_0002.png,Comfortaa,display,train,Digital Poster,Comfortaa-Regular.ttf,42040156
data/processed/fontsense_system/images/train/display/Comfortaa/Comfortaa_0003.png,images/train/display/Comfortaa/Comfortaa_0003.png,Comfortaa,display,train,FontSense,Comfortaa-Regular.ttf,42040157
data/processed/fontsense_system/images/train/display/Comfortaa/Comfortaa_0004.png,images/train/display/Comfortaa/Comfortaa_0004.png,Comfortaa,display,train,Shape and Space,Comfortaa-Regular.ttf,42040158
data/processed/fontsense_system/images/train/display/Comfortaa/Comfortaa_0005.png,images/train/display/Comfortaa/Comfortaa_0005.png,Comfortaa,display,train,Design System,Comfortaa-Regular.ttf,42040159
data/processed/fontsense_system/images/train/display/Comfortaa/Comfortaa_0006.png,images/train/display/Comfortaa/Comfortaa_0006.png,Comfortaa,display,train,Shape and Space,Comfortaa-Regular.ttf,42040160
data/processed/fontsense_system/images/train/display/Comfortaa/Comfortaa_0007.png,images/train/display/Comfortaa/Comfortaa_0007.png,Comfortaa,display,train,Creative Studio,Comfortaa-Regular.ttf,42040161
data/processed/fontsense_system/images/train/display/Comfortaa/Comfortaa_0008.png,images/train/display/Comfortaa/Comfortaa_0008.png,Comfortaa,display,train,Hello World,Comfortaa-Regular.ttf,42040162
data/processed/fontsense_system/images/train/display/Comfortaa/Comfortaa_0009.png,images/train/display/Comfortaa/Comfortaa_0009.png,Comfortaa,display,train,Shape and Space,Comfortaa-Regular.ttf,42040163
data/processed/fontsense_system/images/train/display/Comfortaa/Comfortaa_0010.png,images/train/display/Comfortaa/Comfortaa_0010.png,Comfortaa,display,train,Type Matters,Comfortaa-Regular.ttf,42040164
data/processed/fontsense_system/images/train/display/Comfortaa/Comfortaa_0011.png,images/train/display/Comfortaa/Comfortaa_0011.png,Comfortaa,display,train,Future Vision,Comfortaa-Regular.ttf,42040165
data/processed/fontsense_system/images/train/display/Comfortaa/Comfortaa_0012.png,images/train/display/Comfortaa/Comfortaa_0012.png,Comfortaa,display,train,Brand Identity,Comfortaa-Regular.ttf,42040166
data/processed/fontsense_system/images/train/display/Comfortaa/Comfortaa_0013.png,images/train/display/Comfortaa/Comfortaa_0013.png,Comfortaa,display,train,Graphic Form,Comfortaa-Regular.ttf,42040167
data/processed/fontsense_system/images/train/display/Comfortaa/Comfortaa_0014.png,images/train/display/Comfortaa/Comfortaa_0014.png,Comfortaa,display,train,Type Matters,Comfortaa-Regular.ttf,42040168
data/processed/fontsense_system/images/train/display/Comfortaa/Comfortaa_0015.png,images/train/display/Comfortaa/Comfortaa_0015.png,Comfortaa,display,train,Beautiful Letters,Comfortaa-Regular.ttf,42040169
data/processed/fontsense_system/images/train/display/Comfortaa/Comfortaa_0016.png,images/train/display/Comfortaa/Comfortaa_0016.png,Comfortaa,display,train,Future Vision,Comfortaa-Regular.ttf,42040170
data/processed/fontsense_system/images/train/display/Comfortaa/Comfortaa_0017.png,images/train/display/Comfortaa/Comfortaa_0017.png,Comfortaa,display,train,Creative Studio,Comfortaa-Regular.ttf,42040171
data/processed/fontsense_system/images/train/display/Comfortaa/Comfortaa_0018.png,images/train/display/Comfortaa/Comfortaa_0018.png,Comfortaa,display,train,Typography,Comfortaa-Regular.ttf,42040172
data/processed/fontsense_system/images/train/display/Comfortaa/Comfortaa_0019.png,images/train/display/Comfortaa/Comfortaa_0019.png,Comfortaa,display,train,FontSense,Comfortaa-Regular.ttf,42040173
data/processed/fontsense_system/images/train/display/Noto_Sans_Display/Noto_Sans_Display_0000.png,images/train/display/Noto_Sans_Display/Noto_Sans_Display_0000.png,Noto Sans Display,display,train,Modern Design,NotoSansDisplay-Regular.ttf,42050161
data/processed/fontsense_system/images/train/display/Noto_Sans_Display/Noto_Sans_Display_0001.png,images/train/display/Noto_Sans_Display/Noto_Sans_Display_0001.png,Noto Sans Display,display,train,Hello World,NotoSansDisplay-Regular.ttf,42050162
data/processed/fontsense_system/images/train/display/Noto_Sans_Display/Noto_Sans_Display_0002.png,images/train/display/Noto_Sans_Display/Noto_Sans_Display_0002.png,Noto Sans Display,display,train,Typography,NotoSansDisplay-Regular.ttf,42050163
data/processed/fontsense_system/images/train/display/Noto_Sans_Display/Noto_Sans_Display_0003.png,images/train/display/Noto_Sans_Display/Noto_Sans_Display_0003.png,Noto Sans Display,display,train,Design System,NotoSansDisplay-Regular.ttf,42050164
data/processed/fontsense_system/images/train/display/Noto_Sans_Display/Noto_Sans_Display_0004.png,images/train/display/Noto_Sans_Display/Noto_Sans_Display_0004.png,Noto Sans Display,display,train,Modern Design,NotoSansDisplay-Regular.ttf,42050165
data/processed/fontsense_system/images/train/display/Noto_Sans_Display/Noto_Sans_Display_0005.png,images/train/display/Noto_Sans_Display/Noto_Sans_Display_0005.png,Noto Sans Display,display,train,Creative Studio,NotoSansDisplay-Regular.ttf,42050166
data/processed/fontsense_system/images/train/display/Noto_Sans_Display/Noto_Sans_Display_0006.png,images/train/display/Noto_Sans_Display/Noto_Sans_Display_0006.png,Noto Sans Display,display,train,Brand Identity,NotoSansDisplay-Regular.ttf,42050167
data/processed/fontsense_system/images/train/display/Noto_Sans_Display/Noto_Sans_Display_0007.png,images/train/display/Noto_Sans_Display/Noto_Sans_Display_0007.png,Noto Sans Display,display,train,Beautiful Letters,NotoSansDisplay-Regular.ttf,42050168
data/processed/fontsense_system/images/train/display/Noto_Sans_Display/Noto_Sans_Display_0008.png,images/train/display/Noto_Sans_Display/Noto_Sans_Display_0008.png,Noto Sans Display,display,train,Editorial Layout,NotoSansDisplay-Regular.ttf,42050169
data/processed/fontsense_system/images/train/display/Noto_Sans_Display/Noto_Sans_Display_0009.png,images/train/display/Noto_Sans_Display/Noto_Sans_Display_0009.png,Noto Sans Display,display,train,FontSense,NotoSansDisplay-Regular.ttf,42050170
data/processed/fontsense_system/images/train/display/Noto_Sans_Display/Noto_Sans_Display_0010.png,images/train/display/Noto_Sans_Display/Noto_Sans_Display_0010.png,Noto Sans Display,display,train,Graphic Form,NotoSansDisplay-Regular.ttf,42050171
data/processed/fontsense_system/images/train/display/Noto_Sans_Display/Noto_Sans_Display_0011.png,images/train/display/Noto_Sans_Display/Noto_Sans_Display_0011.png,Noto Sans Display,display,train,Brand Identity,NotoSansDisplay-Regular.ttf,42050172
data/processed/fontsense_system/images/train/display/Noto_Sans_Display/Noto_Sans_Display_0012.png,images/train/display/Noto_Sans_Display/Noto_Sans_Display_0012.png,Noto Sans Display,display,train,Future Vision,NotoSansDisplay-Regular.ttf,42050173
data/processed/fontsense_system/images/train/display/Noto_Sans_Display/Noto_Sans_Display_0013.png,images/train/display/Noto_Sans_Display/Noto_Sans_Display_0013.png,Noto Sans Display,display,train,Type Matters,NotoSansDisplay-Regular.ttf,42050174
data/processed/fontsense_system/images/train/display/Noto_Sans_Display/Noto_Sans_Display_0014.png,images/train/display/Noto_Sans_Display/Noto_Sans_Display_0014.png,Noto Sans Display,display,train,Brand Identity,NotoSansDisplay-Regular.ttf,42050175
data/processed/fontsense_system/images/train/display/Noto_Sans_Display/Noto_Sans_Display_0015.png,images/train/display/Noto_Sans_Display/Noto_Sans_Display_0015.png,Noto Sans Display,display,train,Editorial Layout,NotoSansDisplay-Regular.ttf,42050176
data/processed/fontsense_system/images/train/display/Noto_Sans_Display/Noto_Sans_Display_0016.png,images/train/display/Noto_Sans_Display/Noto_Sans_Display_0016.png,Noto Sans Display,display,train,Shape and Space,NotoSansDisplay-Regular.ttf,42050177
data/processed/fontsense_system/images/train/display/Noto_Sans_Display/Noto_Sans_Display_0017.png,images/train/display/Noto_Sans_Display/Noto_Sans_Display_0017.png,Noto Sans Display,display,train,Creative Studio,NotoSansDisplay-Regular.ttf,42050178
data/processed/fontsense_system/images/train/display/Noto_Sans_Display/Noto_Sans_Display_0018.png,images/train/display/Noto_Sans_Display/Noto_Sans_Display_0018.png,Noto Sans Display,display,train,Digital Poster,NotoSansDisplay-Regular.ttf,42050179
data/processed/fontsense_system/images/train/display/Noto_Sans_Display/Noto_Sans_Display_0019.png,images/train/display/Noto_Sans_Display/Noto_Sans_Display_0019.png,Noto Sans Display,display,train,Hello World,NotoSansDisplay-Regular.ttf,42050180
data/processed/fontsense_system/images/validation/display/UnGraphic/UnGraphic_0000.png,images/validation/display/UnGraphic/UnGraphic_0000.png,UnGraphic,display,validation,Beautiful Letters,UnGraphic.ttf,42060168
data/processed/fontsense_system/images/validation/display/UnGraphic/UnGraphic_0001.png,images/validation/display/UnGraphic/UnGraphic_0001.png,UnGraphic,display,validation,Beautiful Letters,UnGraphic.ttf,42060169
data/processed/fontsense_system/images/validation/display/UnGraphic/UnGraphic_0002.png,images/validation/display/UnGraphic/UnGraphic_0002.png,UnGraphic,display,validation,Visual Culture,UnGraphic.ttf,42060170
data/processed/fontsense_system/images/validation/display/UnGraphic/UnGraphic_0003.png,images/validation/display/UnGraphic/UnGraphic_0003.png,UnGraphic,display,validation,Visual Culture,UnGraphic.ttf,42060171
data/processed/fontsense_system/images/validation/display/UnGraphic/UnGraphic_0004.png,images/validation/display/UnGraphic/UnGraphic_0004.png,UnGraphic,display,validation,Hello World,UnGraphic.ttf,42060172
data/processed/fontsense_system/images/validation/display/UnGraphic/UnGraphic_0005.png,images/validation/display/UnGraphic/UnGraphic_0005.png,UnGraphic,display,validation,Design System,UnGraphic.ttf,42060173
data/processed/fontsense_system/images/validation/display/UnGraphic/UnGraphic_0006.png,images/validation/display/UnGraphic/UnGraphic_0006.png,UnGraphic,display,validation,Design System,UnGraphic.ttf,42060174
data/processed/fontsense_system/images/validation/display/UnGraphic/UnGraphic_0007.png,images/validation/display/UnGraphic/UnGraphic_0007.png,UnGraphic,display,validation,Creative Studio,UnGraphic.ttf,42060175
data/processed/fontsense_system/images/validation/display/UnGraphic/UnGraphic_0008.png,images/validation/display/UnGraphic/UnGraphic_0008.png,UnGraphic,display,validation,FontSense,UnGraphic.ttf,42060176
data/processed/fontsense_system/images/validation/display/UnGraphic/UnGraphic_0009.png,images/validation/display/UnGraphic/UnGraphic_0009.png,UnGraphic,display,validation,Type Matters,UnGraphic.ttf,42060177
data/processed/fontsense_system/images/validation/display/UnGraphic/UnGraphic_0010.png,images/validation/display/UnGraphic/UnGraphic_0010.png,UnGraphic,display,validation,Creative Studio,UnGraphic.ttf,42060178
data/processed/fontsense_system/images/validation/display/UnGraphic/UnGraphic_0011.png,images/validation/display/UnGraphic/UnGraphic_0011.png,UnGraphic,display,validation,Digital Poster,UnGraphic.ttf,42060179
data/processed/fontsense_system/images/validation/display/UnGraphic/UnGraphic_0012.png,images/validation/display/UnGraphic/UnGraphic_0012.png,UnGraphic,display,validation,Creative Studio,UnGraphic.ttf,42060180
data/processed/fontsense_system/images/validation/display/UnGraphic/UnGraphic_0013.png,images/validation/display/UnGraphic/UnGraphic_0013.png,UnGraphic,display,validation,Visual Culture,UnGraphic.ttf,42060181
data/processed/fontsense_system/images/validation/display/UnGraphic/UnGraphic_0014.png,images/validation/display/UnGraphic/UnGraphic_0014.png,UnGraphic,display,validation,Creative Studio,UnGraphic.ttf,42060182
data/processed/fontsense_system/images/validation/display/UnGraphic/UnGraphic_0015.png,images/validation/display/UnGraphic/UnGraphic_0015.png,UnGraphic,display,validation,Type Matters,UnGraphic.ttf,42060183
data/processed/fontsense_system/images/validation/display/UnGraphic/UnGraphic_0016.png,images/validation/display/UnGraphic/UnGraphic_0016.png,UnGraphic,display,validation,Hello World,UnGraphic.ttf,42060184
data/processed/fontsense_system/images/validation/display/UnGraphic/UnGraphic_0017.png,images/validation/display/UnGraphic/UnGraphic_0017.png,UnGraphic,display,validation,Visual Culture,UnGraphic.ttf,42060185
data/processed/fontsense_system/images/validation/display/UnGraphic/UnGraphic_0018.png,images/validation/display/UnGraphic/UnGraphic_0018.png,UnGraphic,display,validation,Visual Culture,UnGraphic.ttf,42060186
data/processed/fontsense_system/images/validation/display/UnGraphic/UnGraphic_0019.png,images/validation/display/UnGraphic/UnGraphic_0019.png,UnGraphic,display,validation,FontSense,UnGraphic.ttf,42060187
data/processed/fontsense_system/images/validation/display/Noto_Serif_Display/Noto_Serif_Display_0000.png,images/validation/display/Noto_Serif_Display/Noto_Serif_Display_0000.png,Noto Serif Display,display,validation,Typography,NotoSerifDisplay-Regular.ttf,42070175
data/processed/fontsense_system/images/validation/display/Noto_Serif_Display/Noto_Serif_Display_0001.png,images/validation/display/Noto_Serif_Display/Noto_Serif_Display_0001.png,Noto Serif Display,display,validation,Future Vision,NotoSerifDisplay-Regular.ttf,42070176
data/processed/fontsense_system/images/validation/display/Noto_Serif_Display/Noto_Serif_Display_0002.png,images/validation/display/Noto_Serif_Display/Noto_Serif_Display_0002.png,Noto Serif Display,display,validation,Digital Poster,NotoSerifDisplay-Regular.ttf,42070177
data/processed/fontsense_system/images/validation/display/Noto_Serif_Display/Noto_Serif_Display_0003.png,images/validation/display/Noto_Serif_Display/Noto_Serif_Display_0003.png,Noto Serif Display,display,validation,Shape and Space,NotoSerifDisplay-Regular.ttf,42070178
data/processed/fontsense_system/images/validation/display/Noto_Serif_Display/Noto_Serif_Display_0004.png,images/validation/display/Noto_Serif_Display/Noto_Serif_Display_0004.png,Noto Serif Display,display,validation,FontSense,NotoSerifDisplay-Regular.ttf,42070179
data/processed/fontsense_system/images/validation/display/Noto_Serif_Display/Noto_Serif_Display_0005.png,images/validation/display/Noto_Serif_Display/Noto_Serif_Display_0005.png,Noto Serif Display,display,validation,FontSense,NotoSerifDisplay-Regular.ttf,42070180
data/processed/fontsense_system/images/validation/display/Noto_Serif_Display/Noto_Serif_Display_0006.png,images/validation/display/Noto_Serif_Display/Noto_Serif_Display_0006.png,Noto Serif Display,display,validation,Beautiful Letters,NotoSerifDisplay-Regular.ttf,42070181
data/processed/fontsense_system/images/validation/display/Noto_Serif_Display/Noto_Serif_Display_0007.png,images/validation/display/Noto_Serif_Display/Noto_Serif_Display_0007.png,Noto Serif Display,display,validation,Brand Identity,NotoSerifDisplay-Regular.ttf,42070182
data/processed/fontsense_system/images/validation/display/Noto_Serif_Display/Noto_Serif_Display_0008.png,images/validation/display/Noto_Serif_Display/Noto_Serif_Display_0008.png,Noto Serif Display,display,validation,Digital Poster,NotoSerifDisplay-Regular.ttf,42070183
data/processed/fontsense_system/images/validation/display/Noto_Serif_Display/Noto_Serif_Display_0009.png,images/validation/display/Noto_Serif_Display/Noto_Serif_Display_0009.png,Noto Serif Display,display,validation,Type Matters,NotoSerifDisplay-Regular.ttf,42070184
data/processed/fontsense_system/images/validation/display/Noto_Serif_Display/Noto_Serif_Display_0010.png,images/validation/display/Noto_Serif_Display/Noto_Serif_Display_0010.png,Noto Serif Display,display,validation,Brand Identity,NotoSerifDisplay-Regular.ttf,42070185
data/processed/fontsense_system/images/validation/display/Noto_Serif_Display/Noto_Serif_Display_0011.png,images/validation/display/Noto_Serif_Display/Noto_Serif_Display_0011.png,Noto Serif Display,display,validation,Digital Poster,NotoSerifDisplay-Regular.ttf,42070186
data/processed/fontsense_system/images/validation/display/Noto_Serif_Display/Noto_Serif_Display_0012.png,images/validation/display/Noto_Serif_Display/Noto_Serif_Display_0012.png,Noto Serif Display,display,validation,Beautiful Letters,NotoSerifDisplay-Regular.ttf,42070187
data/processed/fontsense_system/images/validation/display/Noto_Serif_Display/Noto_Serif_Display_0013.png,images/validation/display/Noto_Serif_Display/Noto_Serif_Display_0013.png,Noto Serif Display,display,validation,Type Matters,NotoSerifDisplay-Regular.ttf,42070188
data/processed/fontsense_system/images/validation/display/Noto_Serif_Display/Noto_Serif_Display_0014.png,images/validation/display/Noto_Serif_Display/Noto_Serif_Display_0014.png,Noto Serif Display,display,validation,Design System,NotoSerifDisplay-Regular.ttf,42070189
data/processed/fontsense_system/images/validation/display/Noto_Serif_Display/Noto_Serif_Display_0015.png,images/validation/display/Noto_Serif_Display/Noto_Serif_Display_0015.png,Noto Serif Display,display,validation,Future Vision,NotoSerifDisplay-Regular.ttf,42070190
data/processed/fontsense_system/images/validation/display/Noto_Serif_Display/Noto_Serif_Display_0016.png,images/validation/display/Noto_Serif_Display/Noto_Serif_Display_0016.png,Noto Serif Display,display,validation,Design System,NotoSerifDisplay-Regular.ttf,42070191
data/processed/fontsense_system/images/validation/display/Noto_Serif_Display/Noto_Serif_Display_0017.png,images/validation/display/Noto_Serif_Display/Noto_Serif_Display_0017.png,Noto Serif Display,display,validation,Future Vision,NotoSerifDisplay-Regular.ttf,42070192
data/processed/fontsense_system/images/validation/display/Noto_Serif_Display/Noto_Serif_Display_0018.png,images/validation/display/Noto_Serif_Display/Noto_Serif_Display_0018.png,Noto Serif Display,display,validation,Digital Poster,NotoSerifDisplay-Regular.ttf,42070193
data/processed/fontsense_system/images/validation/display/Noto_Serif_Display/Noto_Serif_Display_0019.png,images/validation/display/Noto_Serif_Display/Noto_Serif_Display_0019.png,Noto Serif Display,display,validation,Modern Design,NotoSerifDisplay-Regular.ttf,42070194
data/processed/fontsense_system/images/test/display/Linux_Libertine_Display_O/Linux_Libertine_Display_O_0000.png,images/test/display/Linux_Libertine_Display_O/Linux_Libertine_Display_O_0000.png,Linux Libertine Display O,display,test,FontSense,LinLibertine_DR.otf,42080182
data/processed/fontsense_system/images/test/display/Linux_Libertine_Display_O/Linux_Libertine_Display_O_0001.png,images/test/display/Linux_Libertine_Display_O/Linux_Libertine_Display_O_0001.png,Linux Libertine Display O,display,test,Brand Identity,LinLibertine_DR.otf,42080183
data/processed/fontsense_system/images/test/display/Linux_Libertine_Display_O/Linux_Libertine_Display_O_0002.png,images/test/display/Linux_Libertine_Display_O/Linux_Libertine_Display_O_0002.png,Linux Libertine Display O,display,test,Design System,LinLibertine_DR.otf,42080184
data/processed/fontsense_system/images/test/display/Linux_Libertine_Display_O/Linux_Libertine_Display_O_0003.png,images/test/display/Linux_Libertine_Display_O/Linux_Libertine_Display_O_0003.png,Linux Libertine Display O,display,test,Type Matters,LinLibertine_DR.otf,42080185
data/processed/fontsense_system/images/test/display/Linux_Libertine_Display_O/Linux_Libertine_Display_O_0004.png,images/test/display/Linux_Libertine_Display_O/Linux_Libertine_Display_O_0004.png,Linux Libertine Display O,display,test,Hello World,LinLibertine_DR.otf,42080186
data/processed/fontsense_system/images/test/display/Linux_Libertine_Display_O/Linux_Libertine_Display_O_0005.png,images/test/display/Linux_Libertine_Display_O/Linux_Libertine_Display_O_0005.png,Linux Libertine Display O,display,test,Shape and Space,LinLibertine_DR.otf,42080187
data/processed/fontsense_system/images/test/display/Linux_Libertine_Display_O/Linux_Libertine_Display_O_0006.png,images/test/display/Linux_Libertine_Display_O/Linux_Libertine_Display_O_0006.png,Linux Libertine Display O,display,test,Visual Culture,LinLibertine_DR.otf,42080188
data/processed/fontsense_system/images/test/display/Linux_Libertine_Display_O/Linux_Libertine_Display_O_0007.png,images/test/display/Linux_Libertine_Display_O/Linux_Libertine_Display_O_0007.png,Linux Libertine Display O,display,test,Typography,LinLibertine_DR.otf,42080189
data/processed/fontsense_system/images/test/display/Linux_Libertine_Display_O/Linux_Libertine_Display_O_0008.png,images/test/display/Linux_Libertine_Display_O/Linux_Libertine_Display_O_0008.png,Linux Libertine Display O,display,test,Creative Studio,LinLibertine_DR.otf,42080190
data/processed/fontsense_system/images/test/display/Linux_Libertine_Display_O/Linux_Libertine_Display_O_0009.png,images/test/display/Linux_Libertine_Display_O/Linux_Libertine_Display_O_0009.png,Linux Libertine Display O,display,test,Brand Identity,LinLibertine_DR.otf,42080191
data/processed/fontsense_system/images/test/display/Linux_Libertine_Display_O/Linux_Libertine_Display_O_0010.png,images/test/display/Linux_Libertine_Display_O/Linux_Libertine_Display_O_0010.png,Linux Libertine Display O,display,test,Brand Identity,LinLibertine_DR.otf,42080192
data/processed/fontsense_system/images/test/display/Linux_Libertine_Display_O/Linux_Libertine_Display_O_0011.png,images/test/display/Linux_Libertine_Display_O/Linux_Libertine_Display_O_0011.png,Linux Libertine Display O,display,test,Editorial Layout,LinLibertine_DR.otf,42080193
data/processed/fontsense_system/images/test/display/Linux_Libertine_Display_O/Linux_Libertine_Display_O_0012.png,images/test/display/Linux_Libertine_Display_O/Linux_Libertine_Display_O_0012.png,Linux Libertine Display O,display,test,Beautiful Letters,LinLibertine_DR.otf,42080194
data/processed/fontsense_system/images/test/display/Linux_Libertine_Display_O/Linux_Libertine_Display_O_0013.png,images/test/display/Linux_Libertine_Display_O/Linux_Libertine_Display_O_0013.png,Linux Libertine Display O,display,test,Beautiful Letters,LinLibertine_DR.otf,42080195
data/processed/fontsense_system/images/test/display/Linux_Libertine_Display_O/Linux_Libertine_Display_O_0014.png,images/test/display/Linux_Libertine_Display_O/Linux_Libertine_Display_O_0014.png,Linux Libertine Display O,display,test,Beautiful Letters,LinLibertine_DR.otf,42080196
data/processed/fontsense_system/images/test/display/Linux_Libertine_Display_O/Linux_Libertine_Display_O_0015.png,images/test/display/Linux_Libertine_Display_O/Linux_Libertine_Display_O_0015.png,Linux Libertine Display O,display,test,Future Vision,LinLibertine_DR.otf,42080197
data/processed/fontsense_system/images/test/display/Linux_Libertine_Display_O/Linux_Libertine_Display_O_0016.png,images/test/display/Linux_Libertine_Display_O/Linux_Libertine_Display_O_0016.png,Linux Libertine Display O,display,test,Shape and Space,LinLibertine_DR.otf,42080198
data/processed/fontsense_system/images/test/display/Linux_Libertine_Display_O/Linux_Libertine_Display_O_0017.png,images/test/display/Linux_Libertine_Display_O/Linux_Libertine_Display_O_0017.png,Linux Libertine Display O,display,test,Brand Identity,LinLibertine_DR.otf,42080199
data/processed/fontsense_system/images/test/display/Linux_Libertine_Display_O/Linux_Libertine_Display_O_0018.png,images/test/display/Linux_Libertine_Display_O/Linux_Libertine_Display_O_0018.png,Linux Libertine Display O,display,test,Visual Culture,LinLibertine_DR.otf,42080200
data/processed/fontsense_system/images/test/display/Linux_Libertine_Display_O/Linux_Libertine_Display_O_0019.png,images/test/display/Linux_Libertine_Display_O/Linux_Libertine_Display_O_0019.png,Linux Libertine Display O,display,test,Graphic Form,LinLibertine_DR.otf,42080201
data/processed/fontsense_system/images/test/display/Baekmuk_Headline/Baekmuk_Headline_0000.png,images/test/display/Baekmuk_Headline/Baekmuk_Headline_0000.png,Baekmuk Headline,display,test,Future Vision,hline.ttf,42090189
data/processed/fontsense_system/images/test/display/Baekmuk_Headline/Baekmuk_Headline_0001.png,images/test/display/Baekmuk_Headline/Baekmuk_Headline_0001.png,Baekmuk Headline,display,test,Brand Identity,hline.ttf,42090190
data/processed/fontsense_system/images/test/display/Baekmuk_Headline/Baekmuk_Headline_0002.png,images/test/display/Baekmuk_Headline/Baekmuk_Headline_0002.png,Baekmuk Headline,display,test,Future Vision,hline.ttf,42090191
data/processed/fontsense_system/images/test/display/Baekmuk_Headline/Baekmuk_Headline_0003.png,images/test/display/Baekmuk_Headline/Baekmuk_Headline_0003.png,Baekmuk Headline,display,test,Graphic Form,hline.ttf,42090192
data/processed/fontsense_system/images/test/display/Baekmuk_Headline/Baekmuk_Headline_0004.png,images/test/display/Baekmuk_Headline/Baekmuk_Headline_0004.png,Baekmuk Headline,display,test,Creative Studio,hline.ttf,42090193
data/processed/fontsense_system/images/test/display/Baekmuk_Headline/Baekmuk_Headline_0005.png,images/test/display/Baekmuk_Headline/Baekmuk_Headline_0005.png,Baekmuk Headline,display,test,Design System,hline.ttf,42090194
data/processed/fontsense_system/images/test/display/Baekmuk_Headline/Baekmuk_Headline_0006.png,images/test/display/Baekmuk_Headline/Baekmuk_Headline_0006.png,Baekmuk Headline,display,test,Hello World,hline.ttf,42090195
data/processed/fontsense_system/images/test/display/Baekmuk_Headline/Baekmuk_Headline_0007.png,images/test/display/Baekmuk_Headline/Baekmuk_Headline_0007.png,Baekmuk Headline,display,test,Visual Culture,hline.ttf,42090196
data/processed/fontsense_system/images/test/display/Baekmuk_Headline/Baekmuk_Headline_0008.png,images/test/display/Baekmuk_Headline/Baekmuk_Headline_0008.png,Baekmuk Headline,display,test,Typography,hline.ttf,42090197
data/processed/fontsense_system/images/test/display/Baekmuk_Headline/Baekmuk_Headline_0009.png,images/test/display/Baekmuk_Headline/Baekmuk_Headline_0009.png,Baekmuk Headline,display,test,Digital Poster,hline.ttf,42090198
data/processed/fontsense_system/images/test/display/Baekmuk_Headline/Baekmuk_Headline_0010.png,images/test/display/Baekmuk_Headline/Baekmuk_Headline_0010.png,Baekmuk Headline,display,test,Editorial Layout,hline.ttf,42090199
data/processed/fontsense_system/images/test/display/Baekmuk_Headline/Baekmuk_Headline_0011.png,images/test/display/Baekmuk_Headline/Baekmuk_Headline_0011.png,Baekmuk Headline,display,test,Type Matters,hline.ttf,42090200
data/processed/fontsense_system/images/test/display/Baekmuk_Headline/Baekmuk_Headline_0012.png,images/test/display/Baekmuk_Headline/Baekmuk_Headline_0012.png,Baekmuk Headline,display,test,Brand Identity,hline.ttf,42090201
data/processed/fontsense_system/images/test/display/Baekmuk_Headline/Baekmuk_Headline_0013.png,images/test/display/Baekmuk_Headline/Baekmuk_Headline_0013.png,Baekmuk Headline,display,test,Creative Studio,hline.ttf,42090202
data/processed/fontsense_system/images/test/display/Baekmuk_Headline/Baekmuk_Headline_0014.png,images/test/display/Baekmuk_Headline/Baekmuk_Headline_0014.png,Baekmuk Headline,display,test,Beautiful Letters,hline.ttf,42090203
data/processed/fontsense_system/images/test/display/Baekmuk_Headline/Baekmuk_Headline_0015.png,images/test/display/Baekmuk_Headline/Baekmuk_Headline_0015.png,Baekmuk Headline,display,test,Typography,hline.ttf,42090204
data/processed/fontsense_system/images/test/display/Baekmuk_Headline/Baekmuk_Headline_0016.png,images/test/display/Baekmuk_Headline/Baekmuk_Headline_0016.png,Baekmuk Headline,display,test,FontSense,hline.ttf,42090205
data/processed/fontsense_system/images/test/display/Baekmuk_Headline/Baekmuk_Headline_0017.png,images/test/display/Baekmuk_Headline/Baekmuk_Headline_0017.png,Baekmuk Headline,display,test,Typography,hline.ttf,42090206
data/processed/fontsense_system/images/test/display/Baekmuk_Headline/Baekmuk_Headline_0018.png,images/test/display/Baekmuk_Headline/Baekmuk_Headline_0018.png,Baekmuk Headline,display,test,Digital Poster,hline.ttf,42090207
data/processed/fontsense_system/images/test/display/Baekmuk_Headline/Baekmuk_Headline_0019.png,images/test/display/Baekmuk_Headline/Baekmuk_Headline_0019.png,Baekmuk Headline,display,test,Hello World,hline.ttf,42090208
data/processed/fontsense_system/images/train/handwriting/UnPilgi/UnPilgi_0000.png,images/train/handwriting/UnPilgi/UnPilgi_0000.png,UnPilgi,handwriting,train,Digital Poster,UnPilgi.ttf,42100196
data/processed/fontsense_system/images/train/handwriting/UnPilgi/UnPilgi_0001.png,images/train/handwriting/UnPilgi/UnPilgi_0001.png,UnPilgi,handwriting,train,Shape and Space,UnPilgi.ttf,42100197
data/processed/fontsense_system/images/train/handwriting/UnPilgi/UnPilgi_0002.png,images/train/handwriting/UnPilgi/UnPilgi_0002.png,UnPilgi,handwriting,train,Future Vision,UnPilgi.ttf,42100198
data/processed/fontsense_system/images/train/handwriting/UnPilgi/UnPilgi_0003.png,images/train/handwriting/UnPilgi/UnPilgi_0003.png,UnPilgi,handwriting,train,Hello World,UnPilgi.ttf,42100199
data/processed/fontsense_system/images/train/handwriting/UnPilgi/UnPilgi_0004.png,images/train/handwriting/UnPilgi/UnPilgi_0004.png,UnPilgi,handwriting,train,Brand Identity,UnPilgi.ttf,42100200
data/processed/fontsense_system/images/train/handwriting/UnPilgi/UnPilgi_0005.png,images/train/handwriting/UnPilgi/UnPilgi_0005.png,UnPilgi,handwriting,train,Graphic Form,UnPilgi.ttf,42100201
data/processed/fontsense_system/images/train/handwriting/UnPilgi/UnPilgi_0006.png,images/train/handwriting/UnPilgi/UnPilgi_0006.png,UnPilgi,handwriting,train,Type Matters,UnPilgi.ttf,42100202
data/processed/fontsense_system/images/train/handwriting/UnPilgi/UnPilgi_0007.png,images/train/handwriting/UnPilgi/UnPilgi_0007.png,UnPilgi,handwriting,train,Type Matters,UnPilgi.ttf,42100203
data/processed/fontsense_system/images/train/handwriting/UnPilgi/UnPilgi_0008.png,images/train/handwriting/UnPilgi/UnPilgi_0008.png,UnPilgi,handwriting,train,Digital Poster,UnPilgi.ttf,42100204
data/processed/fontsense_system/images/train/handwriting/UnPilgi/UnPilgi_0009.png,images/train/handwriting/UnPilgi/UnPilgi_0009.png,UnPilgi,handwriting,train,Modern Design,UnPilgi.ttf,42100205
data/processed/fontsense_system/images/train/handwriting/UnPilgi/UnPilgi_0010.png,images/train/handwriting/UnPilgi/UnPilgi_0010.png,UnPilgi,handwriting,train,Future Vision,UnPilgi.ttf,42100206
data/processed/fontsense_system/images/train/handwriting/UnPilgi/UnPilgi_0011.png,images/train/handwriting/UnPilgi/UnPilgi_0011.png,UnPilgi,handwriting,train,Type Matters,UnPilgi.ttf,42100207
data/processed/fontsense_system/images/train/handwriting/UnPilgi/UnPilgi_0012.png,images/train/handwriting/UnPilgi/UnPilgi_0012.png,UnPilgi,handwriting,train,Future Vision,UnPilgi.ttf,42100208
data/processed/fontsense_system/images/train/handwriting/UnPilgi/UnPilgi_0013.png,images/train/handwriting/UnPilgi/UnPilgi_0013.png,UnPilgi,handwriting,train,Brand Identity,UnPilgi.ttf,42100209
data/processed/fontsense_system/images/train/handwriting/UnPilgi/UnPilgi_0014.png,images/train/handwriting/UnPilgi/UnPilgi_0014.png,UnPilgi,handwriting,train,Future Vision,UnPilgi.ttf,42100210
data/processed/fontsense_system/images/train/handwriting/UnPilgi/UnPilgi_0015.png,images/train/handwriting/UnPilgi/UnPilgi_0015.png,UnPilgi,handwriting,train,Brand Identity,UnPilgi.ttf,42100211
data/processed/fontsense_system/images/train/handwriting/UnPilgi/UnPilgi_0016.png,images/train/handwriting/UnPilgi/UnPilgi_0016.png,UnPilgi,handwriting,train,Typography,UnPilgi.ttf,42100212
data/processed/fontsense_system/images/train/handwriting/UnPilgi/UnPilgi_0017.png,images/train/handwriting/UnPilgi/UnPilgi_0017.png,UnPilgi,handwriting,train,Visual Culture,UnPilgi.ttf,42100213
data/processed/fontsense_system/images/train/handwriting/UnPilgi/UnPilgi_0018.png,images/train/handwriting/UnPilgi/UnPilgi_0018.png,UnPilgi,handwriting,train,Future Vision,UnPilgi.ttf,42100214
data/processed/fontsense_system/images/train/handwriting/UnPilgi/UnPilgi_0019.png,images/train/handwriting/UnPilgi/UnPilgi_0019.png,UnPilgi,handwriting,train,Brand Identity,UnPilgi.ttf,42100215
data/processed/fontsense_system/images/train/handwriting/GFS_Olga/GFS_Olga_0000.png,images/train/handwriting/GFS_Olga/GFS_Olga_0000.png,GFS Olga,handwriting,train,Creative Studio,GFSOlga.otf,42110203
data/processed/fontsense_system/images/train/handwriting/GFS_Olga/GFS_Olga_0001.png,images/train/handwriting/GFS_Olga/GFS_Olga_0001.png,GFS Olga,handwriting,train,Beautiful Letters,GFSOlga.otf,42110204
data/processed/fontsense_system/images/train/handwriting/GFS_Olga/GFS_Olga_0002.png,images/train/handwriting/GFS_Olga/GFS_Olga_0002.png,GFS Olga,handwriting,train,Graphic Form,GFSOlga.otf,42110205
data/processed/fontsense_system/images/train/handwriting/GFS_Olga/GFS_Olga_0003.png,images/train/handwriting/GFS_Olga/GFS_Olga_0003.png,GFS Olga,handwriting,train,Shape and Space,GFSOlga.otf,42110206
data/processed/fontsense_system/images/train/handwriting/GFS_Olga/GFS_Olga_0004.png,images/train/handwriting/GFS_Olga/GFS_Olga_0004.png,GFS Olga,handwriting,train,Typography,GFSOlga.otf,42110207
data/processed/fontsense_system/images/train/handwriting/GFS_Olga/GFS_Olga_0005.png,images/train/handwriting/GFS_Olga/GFS_Olga_0005.png,GFS Olga,handwriting,train,Visual Culture,GFSOlga.otf,42110208
data/processed/fontsense_system/images/train/handwriting/GFS_Olga/GFS_Olga_0006.png,images/train/handwriting/GFS_Olga/GFS_Olga_0006.png,GFS Olga,handwriting,train,Future Vision,GFSOlga.otf,42110209
data/processed/fontsense_system/images/train/handwriting/GFS_Olga/GFS_Olga_0007.png,images/train/handwriting/GFS_Olga/GFS_Olga_0007.png,GFS Olga,handwriting,train,Digital Poster,GFSOlga.otf,42110210
data/processed/fontsense_system/images/train/handwriting/GFS_Olga/GFS_Olga_0008.png,images/train/handwriting/GFS_Olga/GFS_Olga_0008.png,GFS Olga,handwriting,train,FontSense,GFSOlga.otf,42110211
data/processed/fontsense_system/images/train/handwriting/GFS_Olga/GFS_Olga_0009.png,images/train/handwriting/GFS_Olga/GFS_Olga_0009.png,GFS Olga,handwriting,train,Beautiful Letters,GFSOlga.otf,42110212
data/processed/fontsense_system/images/train/handwriting/GFS_Olga/GFS_Olga_0010.png,images/train/handwriting/GFS_Olga/GFS_Olga_0010.png,GFS Olga,handwriting,train,Brand Identity,GFSOlga.otf,42110213
data/processed/fontsense_system/images/train/handwriting/GFS_Olga/GFS_Olga_0011.png,images/train/handwriting/GFS_Olga/GFS_Olga_0011.png,GFS Olga,handwriting,train,FontSense,GFSOlga.otf,42110214
data/processed/fontsense_system/images/train/handwriting/GFS_Olga/GFS_Olga_0012.png,images/train/handwriting/GFS_Olga/GFS_Olga_0012.png,GFS Olga,handwriting,train,Beautiful Letters,GFSOlga.otf,42110215
data/processed/fontsense_system/images/train/handwriting/GFS_Olga/GFS_Olga_0013.png,images/train/handwriting/GFS_Olga/GFS_Olga_0013.png,GFS Olga,handwriting,train,Typography,GFSOlga.otf,42110216
data/processed/fontsense_system/images/train/handwriting/GFS_Olga/GFS_Olga_0014.png,images/train/handwriting/GFS_Olga/GFS_Olga_0014.png,GFS Olga,handwriting,train,Brand Identity,GFSOlga.otf,42110217
data/processed/fontsense_system/images/train/handwriting/GFS_Olga/GFS_Olga_0015.png,images/train/handwriting/GFS_Olga/GFS_Olga_0015.png,GFS Olga,handwriting,train,Design System,GFSOlga.otf,42110218
data/processed/fontsense_system/images/train/handwriting/GFS_Olga/GFS_Olga_0016.png,images/train/handwriting/GFS_Olga/GFS_Olga_0016.png,GFS Olga,handwriting,train,FontSense,GFSOlga.otf,42110219
data/processed/fontsense_system/images/train/handwriting/GFS_Olga/GFS_Olga_0017.png,images/train/handwriting/GFS_Olga/GFS_Olga_0017.png,GFS Olga,handwriting,train,Shape and Space,GFSOlga.otf,42110220
data/processed/fontsense_system/images/train/handwriting/GFS_Olga/GFS_Olga_0018.png,images/train/handwriting/GFS_Olga/GFS_Olga_0018.png,GFS Olga,handwriting,train,Creative Studio,GFSOlga.otf,42110221
data/processed/fontsense_system/images/train/handwriting/GFS_Olga/GFS_Olga_0019.png,images/train/handwriting/GFS_Olga/GFS_Olga_0019.png,GFS Olga,handwriting,train,Shape and Space,GFSOlga.otf,42110222
data/processed/fontsense_system/images/train/handwriting/UnGungseo/UnGungseo_0000.png,images/train/handwriting/UnGungseo/UnGungseo_0000.png,UnGungseo,handwriting,train,Modern Design,UnGungseo.ttf,42120210
data/processed/fontsense_system/images/train/handwriting/UnGungseo/UnGungseo_0001.png,images/train/handwriting/UnGungseo/UnGungseo_0001.png,UnGungseo,handwriting,train,Graphic Form,UnGungseo.ttf,42120211
data/processed/fontsense_system/images/train/handwriting/UnGungseo/UnGungseo_0002.png,images/train/handwriting/UnGungseo/UnGungseo_0002.png,UnGungseo,handwriting,train,Visual Culture,UnGungseo.ttf,42120212
data/processed/fontsense_system/images/train/handwriting/UnGungseo/UnGungseo_0003.png,images/train/handwriting/UnGungseo/UnGungseo_0003.png,UnGungseo,handwriting,train,Type Matters,UnGungseo.ttf,42120213
data/processed/fontsense_system/images/train/handwriting/UnGungseo/UnGungseo_0004.png,images/train/handwriting/UnGungseo/UnGungseo_0004.png,UnGungseo,handwriting,train,Digital Poster,UnGungseo.ttf,42120214
data/processed/fontsense_system/images/train/handwriting/UnGungseo/UnGungseo_0005.png,images/train/handwriting/UnGungseo/UnGungseo_0005.png,UnGungseo,handwriting,train,Graphic Form,UnGungseo.ttf,42120215
data/processed/fontsense_system/images/train/handwriting/UnGungseo/UnGungseo_0006.png,images/train/handwriting/UnGungseo/UnGungseo_0006.png,UnGungseo,handwriting,train,Graphic Form,UnGungseo.ttf,42120216
data/processed/fontsense_system/images/train/handwriting/UnGungseo/UnGungseo_0007.png,images/train/handwriting/UnGungseo/UnGungseo_0007.png,UnGungseo,handwriting,train,Type Matters,UnGungseo.ttf,42120217
data/processed/fontsense_system/images/train/handwriting/UnGungseo/UnGungseo_0008.png,images/train/handwriting/UnGungseo/UnGungseo_0008.png,UnGungseo,handwriting,train,Brand Identity,UnGungseo.ttf,42120218
data/processed/fontsense_system/images/train/handwriting/UnGungseo/UnGungseo_0009.png,images/train/handwriting/UnGungseo/UnGungseo_0009.png,UnGungseo,handwriting,train,Graphic Form,UnGungseo.ttf,42120219
data/processed/fontsense_system/images/train/handwriting/UnGungseo/UnGungseo_0010.png,images/train/handwriting/UnGungseo/UnGungseo_0010.png,UnGungseo,handwriting,train,Design System,UnGungseo.ttf,42120220
data/processed/fontsense_system/images/train/handwriting/UnGungseo/UnGungseo_0011.png,images/train/handwriting/UnGungseo/UnGungseo_0011.png,UnGungseo,handwriting,train,Editorial Layout,UnGungseo.ttf,42120221
data/processed/fontsense_system/images/train/handwriting/UnGungseo/UnGungseo_0012.png,images/train/handwriting/UnGungseo/UnGungseo_0012.png,UnGungseo,handwriting,train,Shape and Space,UnGungseo.ttf,42120222
data/processed/fontsense_system/images/train/handwriting/UnGungseo/UnGungseo_0013.png,images/train/handwriting/UnGungseo/UnGungseo_0013.png,UnGungseo,handwriting,train,Digital Poster,UnGungseo.ttf,42120223
data/processed/fontsense_system/images/train/handwriting/UnGungseo/UnGungseo_0014.png,images/train/handwriting/UnGungseo/UnGungseo_0014.png,UnGungseo,handwriting,train,Modern Design,UnGungseo.ttf,42120224
data/processed/fontsense_system/images/train/handwriting/UnGungseo/UnGungseo_0015.png,images/train/handwriting/UnGungseo/UnGungseo_0015.png,UnGungseo,handwriting,train,Graphic Form,UnGungseo.ttf,42120225
data/processed/fontsense_system/images/train/handwriting/UnGungseo/UnGungseo_0016.png,images/train/handwriting/UnGungseo/UnGungseo_0016.png,UnGungseo,handwriting,train,Graphic Form,UnGungseo.ttf,42120226
data/processed/fontsense_system/images/train/handwriting/UnGungseo/UnGungseo_0017.png,images/train/handwriting/UnGungseo/UnGungseo_0017.png,UnGungseo,handwriting,train,Type Matters,UnGungseo.ttf,42120227
data/processed/fontsense_system/images/train/handwriting/UnGungseo/UnGungseo_0018.png,images/train/handwriting/UnGungseo/UnGungseo_0018.png,UnGungseo,handwriting,train,Brand Identity,UnGungseo.ttf,42120228
data/processed/fontsense_system/images/train/handwriting/UnGungseo/UnGungseo_0019.png,images/train/handwriting/UnGungseo/UnGungseo_0019.png,UnGungseo,handwriting,train,Shape and Space,UnGungseo.ttf,42120229
data/processed/fontsense_system/images/train/handwriting/Z003/Z003_0000.png,images/train/handwriting/Z003/Z003_0000.png,Z003,handwriting,train,Digital Poster,Z003-MediumItalic.otf,42130217
data/processed/fontsense_system/images/train/handwriting/Z003/Z003_0001.png,images/train/handwriting/Z003/Z003_0001.png,Z003,handwriting,train,Graphic Form,Z003-MediumItalic.otf,42130218
data/processed/fontsense_system/images/train/handwriting/Z003/Z003_0002.png,images/train/handwriting/Z003/Z003_0002.png,Z003,handwriting,train,Editorial Layout,Z003-MediumItalic.otf,42130219
data/processed/fontsense_system/images/train/handwriting/Z003/Z003_0003.png,images/train/handwriting/Z003/Z003_0003.png,Z003,handwriting,train,Visual Culture,Z003-MediumItalic.otf,42130220
data/processed/fontsense_system/images/train/handwriting/Z003/Z003_0004.png,images/train/handwriting/Z003/Z003_0004.png,Z003,handwriting,train,FontSense,Z003-MediumItalic.otf,42130221
data/processed/fontsense_system/images/train/handwriting/Z003/Z003_0005.png,images/train/handwriting/Z003/Z003_0005.png,Z003,handwriting,train,Brand Identity,Z003-MediumItalic.otf,42130222
data/processed/fontsense_system/images/train/handwriting/Z003/Z003_0006.png,images/train/handwriting/Z003/Z003_0006.png,Z003,handwriting,train,Typography,Z003-MediumItalic.otf,42130223
data/processed/fontsense_system/images/train/handwriting/Z003/Z003_0007.png,images/train/handwriting/Z003/Z003_0007.png,Z003,handwriting,train,Modern Design,Z003-MediumItalic.otf,42130224
data/processed/fontsense_system/images/train/handwriting/Z003/Z003_0008.png,images/train/handwriting/Z003/Z003_0008.png,Z003,handwriting,train,Visual Culture,Z003-MediumItalic.otf,42130225
data/processed/fontsense_system/images/train/handwriting/Z003/Z003_0009.png,images/train/handwriting/Z003/Z003_0009.png,Z003,handwriting,train,Type Matters,Z003-MediumItalic.otf,42130226
data/processed/fontsense_system/images/train/handwriting/Z003/Z003_0010.png,images/train/handwriting/Z003/Z003_0010.png,Z003,handwriting,train,Shape and Space,Z003-MediumItalic.otf,42130227
data/processed/fontsense_system/images/train/handwriting/Z003/Z003_0011.png,images/train/handwriting/Z003/Z003_0011.png,Z003,handwriting,train,Hello World,Z003-MediumItalic.otf,42130228
data/processed/fontsense_system/images/train/handwriting/Z003/Z003_0012.png,images/train/handwriting/Z003/Z003_0012.png,Z003,handwriting,train,Editorial Layout,Z003-MediumItalic.otf,42130229
data/processed/fontsense_system/images/train/handwriting/Z003/Z003_0013.png,images/train/handwriting/Z003/Z003_0013.png,Z003,handwriting,train,Brand Identity,Z003-MediumItalic.otf,42130230
data/processed/fontsense_system/images/train/handwriting/Z003/Z003_0014.png,images/train/handwriting/Z003/Z003_0014.png,Z003,handwriting,train,Hello World,Z003-MediumItalic.otf,42130231
data/processed/fontsense_system/images/train/handwriting/Z003/Z003_0015.png,images/train/handwriting/Z003/Z003_0015.png,Z003,handwriting,train,Creative Studio,Z003-MediumItalic.otf,42130232
data/processed/fontsense_system/images/train/handwriting/Z003/Z003_0016.png,images/train/handwriting/Z003/Z003_0016.png,Z003,handwriting,train,Future Vision,Z003-MediumItalic.otf,42130233
data/processed/fontsense_system/images/train/handwriting/Z003/Z003_0017.png,images/train/handwriting/Z003/Z003_0017.png,Z003,handwriting,train,Typography,Z003-MediumItalic.otf,42130234
data/processed/fontsense_system/images/train/handwriting/Z003/Z003_0018.png,images/train/handwriting/Z003/Z003_0018.png,Z003,handwriting,train,Digital Poster,Z003-MediumItalic.otf,42130235
data/processed/fontsense_system/images/train/handwriting/Z003/Z003_0019.png,images/train/handwriting/Z003/Z003_0019.png,Z003,handwriting,train,Hello World,Z003-MediumItalic.otf,42130236
data/processed/fontsense_system/images/train/handwriting/Purisa/Purisa_0000.png,images/train/handwriting/Purisa/Purisa_0000.png,Purisa,handwriting,train,Shape and Space,Purisa.otf,42140224
data/processed/fontsense_system/images/train/handwriting/Purisa/Purisa_0001.png,images/train/handwriting/Purisa/Purisa_0001.png,Purisa,handwriting,train,Digital Poster,Purisa.otf,42140225
data/processed/fontsense_system/images/train/handwriting/Purisa/Purisa_0002.png,images/train/handwriting/Purisa/Purisa_0002.png,Purisa,handwriting,train,Future Vision,Purisa.otf,42140226
data/processed/fontsense_system/images/train/handwriting/Purisa/Purisa_0003.png,images/train/handwriting/Purisa/Purisa_0003.png,Purisa,handwriting,train,Hello World,Purisa.otf,42140227
data/processed/fontsense_system/images/train/handwriting/Purisa/Purisa_0004.png,images/train/handwriting/Purisa/Purisa_0004.png,Purisa,handwriting,train,Typography,Purisa.otf,42140228
data/processed/fontsense_system/images/train/handwriting/Purisa/Purisa_0005.png,images/train/handwriting/Purisa/Purisa_0005.png,Purisa,handwriting,train,Type Matters,Purisa.otf,42140229
data/processed/fontsense_system/images/train/handwriting/Purisa/Purisa_0006.png,images/train/handwriting/Purisa/Purisa_0006.png,Purisa,handwriting,train,Design System,Purisa.otf,42140230
data/processed/fontsense_system/images/train/handwriting/Purisa/Purisa_0007.png,images/train/handwriting/Purisa/Purisa_0007.png,Purisa,handwriting,train,Editorial Layout,Purisa.otf,42140231
data/processed/fontsense_system/images/train/handwriting/Purisa/Purisa_0008.png,images/train/handwriting/Purisa/Purisa_0008.png,Purisa,handwriting,train,Modern Design,Purisa.otf,42140232
data/processed/fontsense_system/images/train/handwriting/Purisa/Purisa_0009.png,images/train/handwriting/Purisa/Purisa_0009.png,Purisa,handwriting,train,Creative Studio,Purisa.otf,42140233
data/processed/fontsense_system/images/train/handwriting/Purisa/Purisa_0010.png,images/train/handwriting/Purisa/Purisa_0010.png,Purisa,handwriting,train,Creative Studio,Purisa.otf,42140234
data/processed/fontsense_system/images/train/handwriting/Purisa/Purisa_0011.png,images/train/handwriting/Purisa/Purisa_0011.png,Purisa,handwriting,train,Design System,Purisa.otf,42140235
data/processed/fontsense_system/images/train/handwriting/Purisa/Purisa_0012.png,images/train/handwriting/Purisa/Purisa_0012.png,Purisa,handwriting,train,Creative Studio,Purisa.otf,42140236
data/processed/fontsense_system/images/train/handwriting/Purisa/Purisa_0013.png,images/train/handwriting/Purisa/Purisa_0013.png,Purisa,handwriting,train,Shape and Space,Purisa.otf,42140237
data/processed/fontsense_system/images/train/handwriting/Purisa/Purisa_0014.png,images/train/handwriting/Purisa/Purisa_0014.png,Purisa,handwriting,train,Graphic Form,Purisa.otf,42140238
data/processed/fontsense_system/images/train/handwriting/Purisa/Purisa_0015.png,images/train/handwriting/Purisa/Purisa_0015.png,Purisa,handwriting,train,Digital Poster,Purisa.otf,42140239
data/processed/fontsense_system/images/train/handwriting/Purisa/Purisa_0016.png,images/train/handwriting/Purisa/Purisa_0016.png,Purisa,handwriting,train,Creative Studio,Purisa.otf,42140240
data/processed/fontsense_system/images/train/handwriting/Purisa/Purisa_0017.png,images/train/handwriting/Purisa/Purisa_0017.png,Purisa,handwriting,train,Shape and Space,Purisa.otf,42140241
data/processed/fontsense_system/images/train/handwriting/Purisa/Purisa_0018.png,images/train/handwriting/Purisa/Purisa_0018.png,Purisa,handwriting,train,Type Matters,Purisa.otf,42140242
data/processed/fontsense_system/images/train/handwriting/Purisa/Purisa_0019.png,images/train/handwriting/Purisa/Purisa_0019.png,Purisa,handwriting,train,Modern Design,Purisa.otf,42140243
data/processed/fontsense_system/images/train/handwriting/Lobster_Two/Lobster_Two_0000.png,images/train/handwriting/Lobster_Two/Lobster_Two_0000.png,Lobster Two,handwriting,train,Visual Culture,LobsterTwo-Regular.otf,42150231
data/processed/fontsense_system/images/train/handwriting/Lobster_Two/Lobster_Two_0001.png,images/train/handwriting/Lobster_Two/Lobster_Two_0001.png,Lobster Two,handwriting,train,Modern Design,LobsterTwo-Regular.otf,42150232
data/processed/fontsense_system/images/train/handwriting/Lobster_Two/Lobster_Two_0002.png,images/train/handwriting/Lobster_Two/Lobster_Two_0002.png,Lobster Two,handwriting,train,Beautiful Letters,LobsterTwo-Regular.otf,42150233
data/processed/fontsense_system/images/train/handwriting/Lobster_Two/Lobster_Two_0003.png,images/train/handwriting/Lobster_Two/Lobster_Two_0003.png,Lobster Two,handwriting,train,Beautiful Letters,LobsterTwo-Regular.otf,42150234
data/processed/fontsense_system/images/train/handwriting/Lobster_Two/Lobster_Two_0004.png,images/train/handwriting/Lobster_Two/Lobster_Two_0004.png,Lobster Two,handwriting,train,Hello World,LobsterTwo-Regular.otf,42150235
data/processed/fontsense_system/images/train/handwriting/Lobster_Two/Lobster_Two_0005.png,images/train/handwriting/Lobster_Two/Lobster_Two_0005.png,Lobster Two,handwriting,train,Visual Culture,LobsterTwo-Regular.otf,42150236
data/processed/fontsense_system/images/train/handwriting/Lobster_Two/Lobster_Two_0006.png,images/train/handwriting/Lobster_Two/Lobster_Two_0006.png,Lobster Two,handwriting,train,Hello World,LobsterTwo-Regular.otf,42150237
data/processed/fontsense_system/images/train/handwriting/Lobster_Two/Lobster_Two_0007.png,images/train/handwriting/Lobster_Two/Lobster_Two_0007.png,Lobster Two,handwriting,train,Digital Poster,LobsterTwo-Regular.otf,42150238
data/processed/fontsense_system/images/train/handwriting/Lobster_Two/Lobster_Two_0008.png,images/train/handwriting/Lobster_Two/Lobster_Two_0008.png,Lobster Two,handwriting,train,Typography,LobsterTwo-Regular.otf,42150239
data/processed/fontsense_system/images/train/handwriting/Lobster_Two/Lobster_Two_0009.png,images/train/handwriting/Lobster_Two/Lobster_Two_0009.png,Lobster Two,handwriting,train,Graphic Form,LobsterTwo-Regular.otf,42150240
data/processed/fontsense_system/images/train/handwriting/Lobster_Two/Lobster_Two_0010.png,images/train/handwriting/Lobster_Two/Lobster_Two_0010.png,Lobster Two,handwriting,train,Editorial Layout,LobsterTwo-Regular.otf,42150241
data/processed/fontsense_system/images/train/handwriting/Lobster_Two/Lobster_Two_0011.png,images/train/handwriting/Lobster_Two/Lobster_Two_0011.png,Lobster Two,handwriting,train,Creative Studio,LobsterTwo-Regular.otf,42150242
data/processed/fontsense_system/images/train/handwriting/Lobster_Two/Lobster_Two_0012.png,images/train/handwriting/Lobster_Two/Lobster_Two_0012.png,Lobster Two,handwriting,train,Editorial Layout,LobsterTwo-Regular.otf,42150243
data/processed/fontsense_system/images/train/handwriting/Lobster_Two/Lobster_Two_0013.png,images/train/handwriting/Lobster_Two/Lobster_Two_0013.png,Lobster Two,handwriting,train,Shape and Space,LobsterTwo-Regular.otf,42150244
data/processed/fontsense_system/images/train/handwriting/Lobster_Two/Lobster_Two_0014.png,images/train/handwriting/Lobster_Two/Lobster_Two_0014.png,Lobster Two,handwriting,train,Graphic Form,LobsterTwo-Regular.otf,42150245
data/processed/fontsense_system/images/train/handwriting/Lobster_Two/Lobster_Two_0015.png,images/train/handwriting/Lobster_Two/Lobster_Two_0015.png,Lobster Two,handwriting,train,Digital Poster,LobsterTwo-Regular.otf,42150246
data/processed/fontsense_system/images/train/handwriting/Lobster_Two/Lobster_Two_0016.png,images/train/handwriting/Lobster_Two/Lobster_Two_0016.png,Lobster Two,handwriting,train,Graphic Form,LobsterTwo-Regular.otf,42150247
data/processed/fontsense_system/images/train/handwriting/Lobster_Two/Lobster_Two_0017.png,images/train/handwriting/Lobster_Two/Lobster_Two_0017.png,Lobster Two,handwriting,train,Type Matters,LobsterTwo-Regular.otf,42150248
data/processed/fontsense_system/images/train/handwriting/Lobster_Two/Lobster_Two_0018.png,images/train/handwriting/Lobster_Two/Lobster_Two_0018.png,Lobster Two,handwriting,train,Typography,LobsterTwo-Regular.otf,42150249
data/processed/fontsense_system/images/train/handwriting/Lobster_Two/Lobster_Two_0019.png,images/train/handwriting/Lobster_Two/Lobster_Two_0019.png,Lobster Two,handwriting,train,Brand Identity,LobsterTwo-Regular.otf,42150250
data/processed/fontsense_system/images/train/handwriting/UnPenheulim/UnPenheulim_0000.png,images/train/handwriting/UnPenheulim/UnPenheulim_0000.png,UnPenheulim,handwriting,train,Digital Poster,UnPenheulim.ttf,42160238
data/processed/fontsense_system/images/train/handwriting/UnPenheulim/UnPenheulim_0001.png,images/train/handwriting/UnPenheulim/UnPenheulim_0001.png,UnPenheulim,handwriting,train,Hello World,UnPenheulim.ttf,42160239
data/processed/fontsense_system/images/train/handwriting/UnPenheulim/UnPenheulim_0002.png,images/train/handwriting/UnPenheulim/UnPenheulim_0002.png,UnPenheulim,handwriting,train,Hello World,UnPenheulim.ttf,42160240
data/processed/fontsense_system/images/train/handwriting/UnPenheulim/UnPenheulim_0003.png,images/train/handwriting/UnPenheulim/UnPenheulim_0003.png,UnPenheulim,handwriting,train,Beautiful Letters,UnPenheulim.ttf,42160241
data/processed/fontsense_system/images/train/handwriting/UnPenheulim/UnPenheulim_0004.png,images/train/handwriting/UnPenheulim/UnPenheulim_0004.png,UnPenheulim,handwriting,train,Hello World,UnPenheulim.ttf,42160242
data/processed/fontsense_system/images/train/handwriting/UnPenheulim/UnPenheulim_0005.png,images/train/handwriting/UnPenheulim/UnPenheulim_0005.png,UnPenheulim,handwriting,train,Visual Culture,UnPenheulim.ttf,42160243
data/processed/fontsense_system/images/train/handwriting/UnPenheulim/UnPenheulim_0006.png,images/train/handwriting/UnPenheulim/UnPenheulim_0006.png,UnPenheulim,handwriting,train,Graphic Form,UnPenheulim.ttf,42160244
data/processed/fontsense_system/images/train/handwriting/UnPenheulim/UnPenheulim_0007.png,images/train/handwriting/UnPenheulim/UnPenheulim_0007.png,UnPenheulim,handwriting,train,Editorial Layout,UnPenheulim.ttf,42160245
data/processed/fontsense_system/images/train/handwriting/UnPenheulim/UnPenheulim_0008.png,images/train/handwriting/UnPenheulim/UnPenheulim_0008.png,UnPenheulim,handwriting,train,Type Matters,UnPenheulim.ttf,42160246
data/processed/fontsense_system/images/train/handwriting/UnPenheulim/UnPenheulim_0009.png,images/train/handwriting/UnPenheulim/UnPenheulim_0009.png,UnPenheulim,handwriting,train,FontSense,UnPenheulim.ttf,42160247
data/processed/fontsense_system/images/train/handwriting/UnPenheulim/UnPenheulim_0010.png,images/train/handwriting/UnPenheulim/UnPenheulim_0010.png,UnPenheulim,handwriting,train,Future Vision,UnPenheulim.ttf,42160248
data/processed/fontsense_system/images/train/handwriting/UnPenheulim/UnPenheulim_0011.png,images/train/handwriting/UnPenheulim/UnPenheulim_0011.png,UnPenheulim,handwriting,train,Modern Design,UnPenheulim.ttf,42160249
data/processed/fontsense_system/images/train/handwriting/UnPenheulim/UnPenheulim_0012.png,images/train/handwriting/UnPenheulim/UnPenheulim_0012.png,UnPenheulim,handwriting,train,Editorial Layout,UnPenheulim.ttf,42160250
data/processed/fontsense_system/images/train/handwriting/UnPenheulim/UnPenheulim_0013.png,images/train/handwriting/UnPenheulim/UnPenheulim_0013.png,UnPenheulim,handwriting,train,Type Matters,UnPenheulim.ttf,42160251
data/processed/fontsense_system/images/train/handwriting/UnPenheulim/UnPenheulim_0014.png,images/train/handwriting/UnPenheulim/UnPenheulim_0014.png,UnPenheulim,handwriting,train,Creative Studio,UnPenheulim.ttf,42160252
data/processed/fontsense_system/images/train/handwriting/UnPenheulim/UnPenheulim_0015.png,images/train/handwriting/UnPenheulim/UnPenheulim_0015.png,UnPenheulim,handwriting,train,Type Matters,UnPenheulim.ttf,42160253
data/processed/fontsense_system/images/train/handwriting/UnPenheulim/UnPenheulim_0016.png,images/train/handwriting/UnPenheulim/UnPenheulim_0016.png,UnPenheulim,handwriting,train,Graphic Form,UnPenheulim.ttf,42160254
data/processed/fontsense_system/images/train/handwriting/UnPenheulim/UnPenheulim_0017.png,images/train/handwriting/UnPenheulim/UnPenheulim_0017.png,UnPenheulim,handwriting,train,Brand Identity,UnPenheulim.ttf,42160255
data/processed/fontsense_system/images/train/handwriting/UnPenheulim/UnPenheulim_0018.png,images/train/handwriting/UnPenheulim/UnPenheulim_0018.png,UnPenheulim,handwriting,train,Modern Design,UnPenheulim.ttf,42160256
data/processed/fontsense_system/images/train/handwriting/UnPenheulim/UnPenheulim_0019.png,images/train/handwriting/UnPenheulim/UnPenheulim_0019.png,UnPenheulim,handwriting,train,Design System,UnPenheulim.ttf,42160257
data/processed/fontsense_system/images/validation/handwriting/UnPen/UnPen_0000.png,images/validation/handwriting/UnPen/UnPen_0000.png,UnPen,handwriting,validation,Future Vision,UnPen.ttf,42170245
data/processed/fontsense_system/images/validation/handwriting/UnPen/UnPen_0001.png,images/validation/handwriting/UnPen/UnPen_0001.png,UnPen,handwriting,validation,Brand Identity,UnPen.ttf,42170246
data/processed/fontsense_system/images/validation/handwriting/UnPen/UnPen_0002.png,images/validation/handwriting/UnPen/UnPen_0002.png,UnPen,handwriting,validation,Future Vision,UnPen.ttf,42170247
data/processed/fontsense_system/images/validation/handwriting/UnPen/UnPen_0003.png,images/validation/handwriting/UnPen/UnPen_0003.png,UnPen,handwriting,validation,Digital Poster,UnPen.ttf,42170248
data/processed/fontsense_system/images/validation/handwriting/UnPen/UnPen_0004.png,images/validation/handwriting/UnPen/UnPen_0004.png,UnPen,handwriting,validation,Future Vision,UnPen.ttf,42170249
data/processed/fontsense_system/images/validation/handwriting/UnPen/UnPen_0005.png,images/validation/handwriting/UnPen/UnPen_0005.png,UnPen,handwriting,validation,Modern Design,UnPen.ttf,42170250
data/processed/fontsense_system/images/validation/handwriting/UnPen/UnPen_0006.png,images/validation/handwriting/UnPen/UnPen_0006.png,UnPen,handwriting,validation,Future Vision,UnPen.ttf,42170251
data/processed/fontsense_system/images/validation/handwriting/UnPen/UnPen_0007.png,images/validation/handwriting/UnPen/UnPen_0007.png,UnPen,handwriting,validation,Design System,UnPen.ttf,42170252
data/processed/fontsense_system/images/validation/handwriting/UnPen/UnPen_0008.png,images/validation/handwriting/UnPen/UnPen_0008.png,UnPen,handwriting,validation,Brand Identity,UnPen.ttf,42170253
data/processed/fontsense_system/images/validation/handwriting/UnPen/UnPen_0009.png,images/validation/handwriting/UnPen/UnPen_0009.png,UnPen,handwriting,validation,Visual Culture,UnPen.ttf,42170254
data/processed/fontsense_system/images/validation/handwriting/UnPen/UnPen_0010.png,images/validation/handwriting/UnPen/UnPen_0010.png,UnPen,handwriting,validation,Hello World,UnPen.ttf,42170255
data/processed/fontsense_system/images/validation/handwriting/UnPen/UnPen_0011.png,images/validation/handwriting/UnPen/UnPen_0011.png,UnPen,handwriting,validation,Digital Poster,UnPen.ttf,42170256
data/processed/fontsense_system/images/validation/handwriting/UnPen/UnPen_0012.png,images/validation/handwriting/UnPen/UnPen_0012.png,UnPen,handwriting,validation,Brand Identity,UnPen.ttf,42170257
data/processed/fontsense_system/images/validation/handwriting/UnPen/UnPen_0013.png,images/validation/handwriting/UnPen/UnPen_0013.png,UnPen,handwriting,validation,Type Matters,UnPen.ttf,42170258
data/processed/fontsense_system/images/validation/handwriting/UnPen/UnPen_0014.png,images/validation/handwriting/UnPen/UnPen_0014.png,UnPen,handwriting,validation,Digital Poster,UnPen.ttf,42170259
data/processed/fontsense_system/images/validation/handwriting/UnPen/UnPen_0015.png,images/validation/handwriting/UnPen/UnPen_0015.png,UnPen,handwriting,validation,Editorial Layout,UnPen.ttf,42170260
data/processed/fontsense_system/images/validation/handwriting/UnPen/UnPen_0016.png,images/validation/handwriting/UnPen/UnPen_0016.png,UnPen,handwriting,validation,Brand Identity,UnPen.ttf,42170261
data/processed/fontsense_system/images/validation/handwriting/UnPen/UnPen_0017.png,images/validation/handwriting/UnPen/UnPen_0017.png,UnPen,handwriting,validation,Shape and Space,UnPen.ttf,42170262
data/processed/fontsense_system/images/validation/handwriting/UnPen/UnPen_0018.png,images/validation/handwriting/UnPen/UnPen_0018.png,UnPen,handwriting,validation,Modern Design,UnPen.ttf,42170263
data/processed/fontsense_system/images/validation/handwriting/UnPen/UnPen_0019.png,images/validation/handwriting/UnPen/UnPen_0019.png,UnPen,handwriting,validation,Brand Identity,UnPen.ttf,42170264
data/processed/fontsense_system/images/test/handwriting/Comic_Neue/Comic_Neue_0000.png,images/test/handwriting/Comic_Neue/Comic_Neue_0000.png,Comic Neue,handwriting,test,FontSense,ComicNeue-Regular.otf,42180252
data/processed/fontsense_system/images/test/handwriting/Comic_Neue/Comic_Neue_0001.png,images/test/handwriting/Comic_Neue/Comic_Neue_0001.png,Comic Neue,handwriting,test,Graphic Form,ComicNeue-Regular.otf,42180253
data/processed/fontsense_system/images/test/handwriting/Comic_Neue/Comic_Neue_0002.png,images/test/handwriting/Comic_Neue/Comic_Neue_0002.png,Comic Neue,handwriting,test,Brand Identity,ComicNeue-Regular.otf,42180254
data/processed/fontsense_system/images/test/handwriting/Comic_Neue/Comic_Neue_0003.png,images/test/handwriting/Comic_Neue/Comic_Neue_0003.png,Comic Neue,handwriting,test,Creative Studio,ComicNeue-Regular.otf,42180255
data/processed/fontsense_system/images/test/handwriting/Comic_Neue/Comic_Neue_0004.png,images/test/handwriting/Comic_Neue/Comic_Neue_0004.png,Comic Neue,handwriting,test,Creative Studio,ComicNeue-Regular.otf,42180256
data/processed/fontsense_system/images/test/handwriting/Comic_Neue/Comic_Neue_0005.png,images/test/handwriting/Comic_Neue/Comic_Neue_0005.png,Comic Neue,handwriting,test,Typography,ComicNeue-Regular.otf,42180257
data/processed/fontsense_system/images/test/handwriting/Comic_Neue/Comic_Neue_0006.png,images/test/handwriting/Comic_Neue/Comic_Neue_0006.png,Comic Neue,handwriting,test,Shape and Space,ComicNeue-Regular.otf,42180258
data/processed/fontsense_system/images/test/handwriting/Comic_Neue/Comic_Neue_0007.png,images/test/handwriting/Comic_Neue/Comic_Neue_0007.png,Comic Neue,handwriting,test,Editorial Layout,ComicNeue-Regular.otf,42180259
data/processed/fontsense_system/images/test/handwriting/Comic_Neue/Comic_Neue_0008.png,images/test/handwriting/Comic_Neue/Comic_Neue_0008.png,Comic Neue,handwriting,test,Creative Studio,ComicNeue-Regular.otf,42180260
data/processed/fontsense_system/images/test/handwriting/Comic_Neue/Comic_Neue_0009.png,images/test/handwriting/Comic_Neue/Comic_Neue_0009.png,Comic Neue,handwriting,test,Digital Poster,ComicNeue-Regular.otf,42180261
data/processed/fontsense_system/images/test/handwriting/Comic_Neue/Comic_Neue_0010.png,images/test/handwriting/Comic_Neue/Comic_Neue_0010.png,Comic Neue,handwriting,test,Creative Studio,ComicNeue-Regular.otf,42180262
data/processed/fontsense_system/images/test/handwriting/Comic_Neue/Comic_Neue_0011.png,images/test/handwriting/Comic_Neue/Comic_Neue_0011.png,Comic Neue,handwriting,test,Shape and Space,ComicNeue-Regular.otf,42180263
data/processed/fontsense_system/images/test/handwriting/Comic_Neue/Comic_Neue_0012.png,images/test/handwriting/Comic_Neue/Comic_Neue_0012.png,Comic Neue,handwriting,test,Type Matters,ComicNeue-Regular.otf,42180264
data/processed/fontsense_system/images/test/handwriting/Comic_Neue/Comic_Neue_0013.png,images/test/handwriting/Comic_Neue/Comic_Neue_0013.png,Comic Neue,handwriting,test,Visual Culture,ComicNeue-Regular.otf,42180265
data/processed/fontsense_system/images/test/handwriting/Comic_Neue/Comic_Neue_0014.png,images/test/handwriting/Comic_Neue/Comic_Neue_0014.png,Comic Neue,handwriting,test,Typography,ComicNeue-Regular.otf,42180266
data/processed/fontsense_system/images/test/handwriting/Comic_Neue/Comic_Neue_0015.png,images/test/handwriting/Comic_Neue/Comic_Neue_0015.png,Comic Neue,handwriting,test,Brand Identity,ComicNeue-Regular.otf,42180267
data/processed/fontsense_system/images/test/handwriting/Comic_Neue/Comic_Neue_0016.png,images/test/handwriting/Comic_Neue/Comic_Neue_0016.png,Comic Neue,handwriting,test,Type Matters,ComicNeue-Regular.otf,42180268
data/processed/fontsense_system/images/test/handwriting/Comic_Neue/Comic_Neue_0017.png,images/test/handwriting/Comic_Neue/Comic_Neue_0017.png,Comic Neue,handwriting,test,Creative Studio,ComicNeue-Regular.otf,42180269
data/processed/fontsense_system/images/test/handwriting/Comic_Neue/Comic_Neue_0018.png,images/test/handwriting/Comic_Neue/Comic_Neue_0018.png,Comic Neue,handwriting,test,Design System,ComicNeue-Regular.otf,42180270
data/processed/fontsense_system/images/test/handwriting/Comic_Neue/Comic_Neue_0019.png,images/test/handwriting/Comic_Neue/Comic_Neue_0019.png,Comic Neue,handwriting,test,Typography,ComicNeue-Regular.otf,42180271
data/processed/fontsense_system/images/train/monospace/PT_Mono/PT_Mono_0000.png,images/train/monospace/PT_Mono/PT_Mono_0000.png,PT Mono,monospace,train,Shape and Space,PTM55F.ttf,42190259
data/processed/fontsense_system/images/train/monospace/PT_Mono/PT_Mono_0001.png,images/train/monospace/PT_Mono/PT_Mono_0001.png,PT Mono,monospace,train,FontSense,PTM55F.ttf,42190260
data/processed/fontsense_system/images/train/monospace/PT_Mono/PT_Mono_0002.png,images/train/monospace/PT_Mono/PT_Mono_0002.png,PT Mono,monospace,train,FontSense,PTM55F.ttf,42190261
data/processed/fontsense_system/images/train/monospace/PT_Mono/PT_Mono_0003.png,images/train/monospace/PT_Mono/PT_Mono_0003.png,PT Mono,monospace,train,Design System,PTM55F.ttf,42190262
data/processed/fontsense_system/images/train/monospace/PT_Mono/PT_Mono_0004.png,images/train/monospace/PT_Mono/PT_Mono_0004.png,PT Mono,monospace,train,Future Vision,PTM55F.ttf,42190263
data/processed/fontsense_system/images/train/monospace/PT_Mono/PT_Mono_0005.png,images/train/monospace/PT_Mono/PT_Mono_0005.png,PT Mono,monospace,train,Visual Culture,PTM55F.ttf,42190264
data/processed/fontsense_system/images/train/monospace/PT_Mono/PT_Mono_0006.png,images/train/monospace/PT_Mono/PT_Mono_0006.png,PT Mono,monospace,train,Brand Identity,PTM55F.ttf,42190265
data/processed/fontsense_system/images/train/monospace/PT_Mono/PT_Mono_0007.png,images/train/monospace/PT_Mono/PT_Mono_0007.png,PT Mono,monospace,train,Digital Poster,PTM55F.ttf,42190266
data/processed/fontsense_system/images/train/monospace/PT_Mono/PT_Mono_0008.png,images/train/monospace/PT_Mono/PT_Mono_0008.png,PT Mono,monospace,train,Editorial Layout,PTM55F.ttf,42190267
data/processed/fontsense_system/images/train/monospace/PT_Mono/PT_Mono_0009.png,images/train/monospace/PT_Mono/PT_Mono_0009.png,PT Mono,monospace,train,Graphic Form,PTM55F.ttf,42190268
data/processed/fontsense_system/images/train/monospace/PT_Mono/PT_Mono_0010.png,images/train/monospace/PT_Mono/PT_Mono_0010.png,PT Mono,monospace,train,Type Matters,PTM55F.ttf,42190269
data/processed/fontsense_system/images/train/monospace/PT_Mono/PT_Mono_0011.png,images/train/monospace/PT_Mono/PT_Mono_0011.png,PT Mono,monospace,train,Brand Identity,PTM55F.ttf,42190270
data/processed/fontsense_system/images/train/monospace/PT_Mono/PT_Mono_0012.png,images/train/monospace/PT_Mono/PT_Mono_0012.png,PT Mono,monospace,train,Future Vision,PTM55F.ttf,42190271
data/processed/fontsense_system/images/train/monospace/PT_Mono/PT_Mono_0013.png,images/train/monospace/PT_Mono/PT_Mono_0013.png,PT Mono,monospace,train,Typography,PTM55F.ttf,42190272
data/processed/fontsense_system/images/train/monospace/PT_Mono/PT_Mono_0014.png,images/train/monospace/PT_Mono/PT_Mono_0014.png,PT Mono,monospace,train,Hello World,PTM55F.ttf,42190273
data/processed/fontsense_system/images/train/monospace/PT_Mono/PT_Mono_0015.png,images/train/monospace/PT_Mono/PT_Mono_0015.png,PT Mono,monospace,train,FontSense,PTM55F.ttf,42190274
data/processed/fontsense_system/images/train/monospace/PT_Mono/PT_Mono_0016.png,images/train/monospace/PT_Mono/PT_Mono_0016.png,PT Mono,monospace,train,Type Matters,PTM55F.ttf,42190275
data/processed/fontsense_system/images/train/monospace/PT_Mono/PT_Mono_0017.png,images/train/monospace/PT_Mono/PT_Mono_0017.png,PT Mono,monospace,train,Shape and Space,PTM55F.ttf,42190276
data/processed/fontsense_system/images/train/monospace/PT_Mono/PT_Mono_0018.png,images/train/monospace/PT_Mono/PT_Mono_0018.png,PT Mono,monospace,train,Brand Identity,PTM55F.ttf,42190277
data/processed/fontsense_system/images/train/monospace/PT_Mono/PT_Mono_0019.png,images/train/monospace/PT_Mono/PT_Mono_0019.png,PT Mono,monospace,train,Digital Poster,PTM55F.ttf,42190278
data/processed/fontsense_system/images/train/monospace/Nimbus_Mono_PS/Nimbus_Mono_PS_0000.png,images/train/monospace/Nimbus_Mono_PS/Nimbus_Mono_PS_0000.png,Nimbus Mono PS,monospace,train,Visual Culture,NimbusMonoPS-Regular.otf,42200266
data/processed/fontsense_system/images/train/monospace/Nimbus_Mono_PS/Nimbus_Mono_PS_0001.png,images/train/monospace/Nimbus_Mono_PS/Nimbus_Mono_PS_0001.png,Nimbus Mono PS,monospace,train,Creative Studio,NimbusMonoPS-Regular.otf,42200267
data/processed/fontsense_system/images/train/monospace/Nimbus_Mono_PS/Nimbus_Mono_PS_0002.png,images/train/monospace/Nimbus_Mono_PS/Nimbus_Mono_PS_0002.png,Nimbus Mono PS,monospace,train,Brand Identity,NimbusMonoPS-Regular.otf,42200268
data/processed/fontsense_system/images/train/monospace/Nimbus_Mono_PS/Nimbus_Mono_PS_0003.png,images/train/monospace/Nimbus_Mono_PS/Nimbus_Mono_PS_0003.png,Nimbus Mono PS,monospace,train,Hello World,NimbusMonoPS-Regular.otf,42200269
data/processed/fontsense_system/images/train/monospace/Nimbus_Mono_PS/Nimbus_Mono_PS_0004.png,images/train/monospace/Nimbus_Mono_PS/Nimbus_Mono_PS_0004.png,Nimbus Mono PS,monospace,train,Shape and Space,NimbusMonoPS-Regular.otf,42200270
data/processed/fontsense_system/images/train/monospace/Nimbus_Mono_PS/Nimbus_Mono_PS_0005.png,images/train/monospace/Nimbus_Mono_PS/Nimbus_Mono_PS_0005.png,Nimbus Mono PS,monospace,train,Visual Culture,NimbusMonoPS-Regular.otf,42200271
data/processed/fontsense_system/images/train/monospace/Nimbus_Mono_PS/Nimbus_Mono_PS_0006.png,images/train/monospace/Nimbus_Mono_PS/Nimbus_Mono_PS_0006.png,Nimbus Mono PS,monospace,train,Editorial Layout,NimbusMonoPS-Regular.otf,42200272
data/processed/fontsense_system/images/train/monospace/Nimbus_Mono_PS/Nimbus_Mono_PS_0007.png,images/train/monospace/Nimbus_Mono_PS/Nimbus_Mono_PS_0007.png,Nimbus Mono PS,monospace,train,Beautiful Letters,NimbusMonoPS-Regular.otf,42200273
data/processed/fontsense_system/images/train/monospace/Nimbus_Mono_PS/Nimbus_Mono_PS_0008.png,images/train/monospace/Nimbus_Mono_PS/Nimbus_Mono_PS_0008.png,Nimbus Mono PS,monospace,train,Design System,NimbusMonoPS-Regular.otf,42200274
data/processed/fontsense_system/images/train/monospace/Nimbus_Mono_PS/Nimbus_Mono_PS_0009.png,images/train/monospace/Nimbus_Mono_PS/Nimbus_Mono_PS_0009.png,Nimbus Mono PS,monospace,train,Shape and Space,NimbusMonoPS-Regular.otf,42200275
data/processed/fontsense_system/images/train/monospace/Nimbus_Mono_PS/Nimbus_Mono_PS_0010.png,images/train/monospace/Nimbus_Mono_PS/Nimbus_Mono_PS_0010.png,Nimbus Mono PS,monospace,train,Editorial Layout,NimbusMonoPS-Regular.otf,42200276
data/processed/fontsense_system/images/train/monospace/Nimbus_Mono_PS/Nimbus_Mono_PS_0011.png,images/train/monospace/Nimbus_Mono_PS/Nimbus_Mono_PS_0011.png,Nimbus Mono PS,monospace,train,Visual Culture,NimbusMonoPS-Regular.otf,42200277
data/processed/fontsense_system/images/train/monospace/Nimbus_Mono_PS/Nimbus_Mono_PS_0012.png,images/train/monospace/Nimbus_Mono_PS/Nimbus_Mono_PS_0012.png,Nimbus Mono PS,monospace,train,Creative Studio,NimbusMonoPS-Regular.otf,42200278
data/processed/fontsense_system/images/train/monospace/Nimbus_Mono_PS/Nimbus_Mono_PS_0013.png,images/train/monospace/Nimbus_Mono_PS/Nimbus_Mono_PS_0013.png,Nimbus Mono PS,monospace,train,Design System,NimbusMonoPS-Regular.otf,42200279
data/processed/fontsense_system/images/train/monospace/Nimbus_Mono_PS/Nimbus_Mono_PS_0014.png,images/train/monospace/Nimbus_Mono_PS/Nimbus_Mono_PS_0014.png,Nimbus Mono PS,monospace,train,Hello World,NimbusMonoPS-Regular.otf,42200280
data/processed/fontsense_system/images/train/monospace/Nimbus_Mono_PS/Nimbus_Mono_PS_0015.png,images/train/monospace/Nimbus_Mono_PS/Nimbus_Mono_PS_0015.png,Nimbus Mono PS,monospace,train,Modern Design,NimbusMonoPS-Regular.otf,42200281
data/processed/fontsense_system/images/train/monospace/Nimbus_Mono_PS/Nimbus_Mono_PS_0016.png,images/train/monospace/Nimbus_Mono_PS/Nimbus_Mono_PS_0016.png,Nimbus Mono PS,monospace,train,FontSense,NimbusMonoPS-Regular.otf,42200282
data/processed/fontsense_system/images/train/monospace/Nimbus_Mono_PS/Nimbus_Mono_PS_0017.png,images/train/monospace/Nimbus_Mono_PS/Nimbus_Mono_PS_0017.png,Nimbus Mono PS,monospace,train,Design System,NimbusMonoPS-Regular.otf,42200283
data/processed/fontsense_system/images/train/monospace/Nimbus_Mono_PS/Nimbus_Mono_PS_0018.png,images/train/monospace/Nimbus_Mono_PS/Nimbus_Mono_PS_0018.png,Nimbus Mono PS,monospace,train,Type Matters,NimbusMonoPS-Regular.otf,42200284
data/processed/fontsense_system/images/train/monospace/Nimbus_Mono_PS/Nimbus_Mono_PS_0019.png,images/train/monospace/Nimbus_Mono_PS/Nimbus_Mono_PS_0019.png,Nimbus Mono PS,monospace,train,Typography,NimbusMonoPS-Regular.otf,42200285
data/processed/fontsense_system/images/train/monospace/Tlwg_Mono/Tlwg_Mono_0000.png,images/train/monospace/Tlwg_Mono/Tlwg_Mono_0000.png,Tlwg Mono,monospace,train,Editorial Layout,TlwgMono.otf,42210273
data/processed/fontsense_system/images/train/monospace/Tlwg_Mono/Tlwg_Mono_0001.png,images/train/monospace/Tlwg_Mono/Tlwg_Mono_0001.png,Tlwg Mono,monospace,train,Creative Studio,TlwgMono.otf,42210274
data/processed/fontsense_system/images/train/monospace/Tlwg_Mono/Tlwg_Mono_0002.png,images/train/monospace/Tlwg_Mono/Tlwg_Mono_0002.png,Tlwg Mono,monospace,train,Creative Studio,TlwgMono.otf,42210275
data/processed/fontsense_system/images/train/monospace/Tlwg_Mono/Tlwg_Mono_0003.png,images/train/monospace/Tlwg_Mono/Tlwg_Mono_0003.png,Tlwg Mono,monospace,train,Modern Design,TlwgMono.otf,42210276
data/processed/fontsense_system/images/train/monospace/Tlwg_Mono/Tlwg_Mono_0004.png,images/train/monospace/Tlwg_Mono/Tlwg_Mono_0004.png,Tlwg Mono,monospace,train,Modern Design,TlwgMono.otf,42210277
data/processed/fontsense_system/images/train/monospace/Tlwg_Mono/Tlwg_Mono_0005.png,images/train/monospace/Tlwg_Mono/Tlwg_Mono_0005.png,Tlwg Mono,monospace,train,Design System,TlwgMono.otf,42210278
data/processed/fontsense_system/images/train/monospace/Tlwg_Mono/Tlwg_Mono_0006.png,images/train/monospace/Tlwg_Mono/Tlwg_Mono_0006.png,Tlwg Mono,monospace,train,Typography,TlwgMono.otf,42210279
data/processed/fontsense_system/images/train/monospace/Tlwg_Mono/Tlwg_Mono_0007.png,images/train/monospace/Tlwg_Mono/Tlwg_Mono_0007.png,Tlwg Mono,monospace,train,Digital Poster,TlwgMono.otf,42210280
data/processed/fontsense_system/images/train/monospace/Tlwg_Mono/Tlwg_Mono_0008.png,images/train/monospace/Tlwg_Mono/Tlwg_Mono_0008.png,Tlwg Mono,monospace,train,Brand Identity,TlwgMono.otf,42210281
data/processed/fontsense_system/images/train/monospace/Tlwg_Mono/Tlwg_Mono_0009.png,images/train/monospace/Tlwg_Mono/Tlwg_Mono_0009.png,Tlwg Mono,monospace,train,Beautiful Letters,TlwgMono.otf,42210282
data/processed/fontsense_system/images/train/monospace/Tlwg_Mono/Tlwg_Mono_0010.png,images/train/monospace/Tlwg_Mono/Tlwg_Mono_0010.png,Tlwg Mono,monospace,train,Beautiful Letters,TlwgMono.otf,42210283
data/processed/fontsense_system/images/train/monospace/Tlwg_Mono/Tlwg_Mono_0011.png,images/train/monospace/Tlwg_Mono/Tlwg_Mono_0011.png,Tlwg Mono,monospace,train,Creative Studio,TlwgMono.otf,42210284
data/processed/fontsense_system/images/train/monospace/Tlwg_Mono/Tlwg_Mono_0012.png,images/train/monospace/Tlwg_Mono/Tlwg_Mono_0012.png,Tlwg Mono,monospace,train,FontSense,TlwgMono.otf,42210285
data/processed/fontsense_system/images/train/monospace/Tlwg_Mono/Tlwg_Mono_0013.png,images/train/monospace/Tlwg_Mono/Tlwg_Mono_0013.png,Tlwg Mono,monospace,train,Editorial Layout,TlwgMono.otf,42210286
data/processed/fontsense_system/images/train/monospace/Tlwg_Mono/Tlwg_Mono_0014.png,images/train/monospace/Tlwg_Mono/Tlwg_Mono_0014.png,Tlwg Mono,monospace,train,Editorial Layout,TlwgMono.otf,42210287
data/processed/fontsense_system/images/train/monospace/Tlwg_Mono/Tlwg_Mono_0015.png,images/train/monospace/Tlwg_Mono/Tlwg_Mono_0015.png,Tlwg Mono,monospace,train,Brand Identity,TlwgMono.otf,42210288
data/processed/fontsense_system/images/train/monospace/Tlwg_Mono/Tlwg_Mono_0016.png,images/train/monospace/Tlwg_Mono/Tlwg_Mono_0016.png,Tlwg Mono,monospace,train,Editorial Layout,TlwgMono.otf,42210289
data/processed/fontsense_system/images/train/monospace/Tlwg_Mono/Tlwg_Mono_0017.png,images/train/monospace/Tlwg_Mono/Tlwg_Mono_0017.png,Tlwg Mono,monospace,train,Graphic Form,TlwgMono.otf,42210290
data/processed/fontsense_system/images/train/monospace/Tlwg_Mono/Tlwg_Mono_0018.png,images/train/monospace/Tlwg_Mono/Tlwg_Mono_0018.png,Tlwg Mono,monospace,train,Hello World,TlwgMono.otf,42210291
data/processed/fontsense_system/images/train/monospace/Tlwg_Mono/Tlwg_Mono_0019.png,images/train/monospace/Tlwg_Mono/Tlwg_Mono_0019.png,Tlwg Mono,monospace,train,Visual Culture,TlwgMono.otf,42210292
data/processed/fontsense_system/images/train/monospace/Noto_Mono/Noto_Mono_0000.png,images/train/monospace/Noto_Mono/Noto_Mono_0000.png,Noto Mono,monospace,train,Type Matters,NotoMono-Regular.ttf,42220280
data/processed/fontsense_system/images/train/monospace/Noto_Mono/Noto_Mono_0001.png,images/train/monospace/Noto_Mono/Noto_Mono_0001.png,Noto Mono,monospace,train,Type Matters,NotoMono-Regular.ttf,42220281
data/processed/fontsense_system/images/train/monospace/Noto_Mono/Noto_Mono_0002.png,images/train/monospace/Noto_Mono/Noto_Mono_0002.png,Noto Mono,monospace,train,Future Vision,NotoMono-Regular.ttf,42220282
data/processed/fontsense_system/images/train/monospace/Noto_Mono/Noto_Mono_0003.png,images/train/monospace/Noto_Mono/Noto_Mono_0003.png,Noto Mono,monospace,train,Beautiful Letters,NotoMono-Regular.ttf,42220283
data/processed/fontsense_system/images/train/monospace/Noto_Mono/Noto_Mono_0004.png,images/train/monospace/Noto_Mono/Noto_Mono_0004.png,Noto Mono,monospace,train,FontSense,NotoMono-Regular.ttf,42220284
data/processed/fontsense_system/images/train/monospace/Noto_Mono/Noto_Mono_0005.png,images/train/monospace/Noto_Mono/Noto_Mono_0005.png,Noto Mono,monospace,train,Creative Studio,NotoMono-Regular.ttf,42220285
data/processed/fontsense_system/images/train/monospace/Noto_Mono/Noto_Mono_0006.png,images/train/monospace/Noto_Mono/Noto_Mono_0006.png,Noto Mono,monospace,train,Hello World,NotoMono-Regular.ttf,42220286
data/processed/fontsense_system/images/train/monospace/Noto_Mono/Noto_Mono_0007.png,images/train/monospace/Noto_Mono/Noto_Mono_0007.png,Noto Mono,monospace,train,Shape and Space,NotoMono-Regular.ttf,42220287
data/processed/fontsense_system/images/train/monospace/Noto_Mono/Noto_Mono_0008.png,images/train/monospace/Noto_Mono/Noto_Mono_0008.png,Noto Mono,monospace,train,Future Vision,NotoMono-Regular.ttf,42220288
data/processed/fontsense_system/images/train/monospace/Noto_Mono/Noto_Mono_0009.png,images/train/monospace/Noto_Mono/Noto_Mono_0009.png,Noto Mono,monospace,train,Beautiful Letters,NotoMono-Regular.ttf,42220289
data/processed/fontsense_system/images/train/monospace/Noto_Mono/Noto_Mono_0010.png,images/train/monospace/Noto_Mono/Noto_Mono_0010.png,Noto Mono,monospace,train,Creative Studio,NotoMono-Regular.ttf,42220290
data/processed/fontsense_system/images/train/monospace/Noto_Mono/Noto_Mono_0011.png,images/train/monospace/Noto_Mono/Noto_Mono_0011.png,Noto Mono,monospace,train,Typography,NotoMono-Regular.ttf,42220291
data/processed/fontsense_system/images/train/monospace/Noto_Mono/Noto_Mono_0012.png,images/train/monospace/Noto_Mono/Noto_Mono_0012.png,Noto Mono,monospace,train,Digital Poster,NotoMono-Regular.ttf,42220292
data/processed/fontsense_system/images/train/monospace/Noto_Mono/Noto_Mono_0013.png,images/train/monospace/Noto_Mono/Noto_Mono_0013.png,Noto Mono,monospace,train,Editorial Layout,NotoMono-Regular.ttf,42220293
data/processed/fontsense_system/images/train/monospace/Noto_Mono/Noto_Mono_0014.png,images/train/monospace/Noto_Mono/Noto_Mono_0014.png,Noto Mono,monospace,train,Brand Identity,NotoMono-Regular.ttf,42220294
data/processed/fontsense_system/images/train/monospace/Noto_Mono/Noto_Mono_0015.png,images/train/monospace/Noto_Mono/Noto_Mono_0015.png,Noto Mono,monospace,train,FontSense,NotoMono-Regular.ttf,42220295
data/processed/fontsense_system/images/train/monospace/Noto_Mono/Noto_Mono_0016.png,images/train/monospace/Noto_Mono/Noto_Mono_0016.png,Noto Mono,monospace,train,Hello World,NotoMono-Regular.ttf,42220296
data/processed/fontsense_system/images/train/monospace/Noto_Mono/Noto_Mono_0017.png,images/train/monospace/Noto_Mono/Noto_Mono_0017.png,Noto Mono,monospace,train,Type Matters,NotoMono-Regular.ttf,42220297
data/processed/fontsense_system/images/train/monospace/Noto_Mono/Noto_Mono_0018.png,images/train/monospace/Noto_Mono/Noto_Mono_0018.png,Noto Mono,monospace,train,Design System,NotoMono-Regular.ttf,42220298
data/processed/fontsense_system/images/train/monospace/Noto_Mono/Noto_Mono_0019.png,images/train/monospace/Noto_Mono/Noto_Mono_0019.png,Noto Mono,monospace,train,Hello World,NotoMono-Regular.ttf,42220299
data/processed/fontsense_system/images/train/monospace/DejaVu_Sans_Mono/DejaVu_Sans_Mono_0000.png,images/train/monospace/DejaVu_Sans_Mono/DejaVu_Sans_Mono_0000.png,DejaVu Sans Mono,monospace,train,Graphic Form,DejaVuSansMono.ttf,42230287
data/processed/fontsense_system/images/train/monospace/DejaVu_Sans_Mono/DejaVu_Sans_Mono_0001.png,images/train/monospace/DejaVu_Sans_Mono/DejaVu_Sans_Mono_0001.png,DejaVu Sans Mono,monospace,train,Brand Identity,DejaVuSansMono.ttf,42230288
data/processed/fontsense_system/images/train/monospace/DejaVu_Sans_Mono/DejaVu_Sans_Mono_0002.png,images/train/monospace/DejaVu_Sans_Mono/DejaVu_Sans_Mono_0002.png,DejaVu Sans Mono,monospace,train,Shape and Space,DejaVuSansMono.ttf,42230289
data/processed/fontsense_system/images/train/monospace/DejaVu_Sans_Mono/DejaVu_Sans_Mono_0003.png,images/train/monospace/DejaVu_Sans_Mono/DejaVu_Sans_Mono_0003.png,DejaVu Sans Mono,monospace,train,Typography,DejaVuSansMono.ttf,42230290
data/processed/fontsense_system/images/train/monospace/DejaVu_Sans_Mono/DejaVu_Sans_Mono_0004.png,images/train/monospace/DejaVu_Sans_Mono/DejaVu_Sans_Mono_0004.png,DejaVu Sans Mono,monospace,train,Graphic Form,DejaVuSansMono.ttf,42230291
data/processed/fontsense_system/images/train/monospace/DejaVu_Sans_Mono/DejaVu_Sans_Mono_0005.png,images/train/monospace/DejaVu_Sans_Mono/DejaVu_Sans_Mono_0005.png,DejaVu Sans Mono,monospace,train,Future Vision,DejaVuSansMono.ttf,42230292
data/processed/fontsense_system/images/train/monospace/DejaVu_Sans_Mono/DejaVu_Sans_Mono_0006.png,images/train/monospace/DejaVu_Sans_Mono/DejaVu_Sans_Mono_0006.png,DejaVu Sans Mono,monospace,train,Graphic Form,DejaVuSansMono.ttf,42230293
data/processed/fontsense_system/images/train/monospace/DejaVu_Sans_Mono/DejaVu_Sans_Mono_0007.png,images/train/monospace/DejaVu_Sans_Mono/DejaVu_Sans_Mono_0007.png,DejaVu Sans Mono,monospace,train,Editorial Layout,DejaVuSansMono.ttf,42230294
data/processed/fontsense_system/images/train/monospace/DejaVu_Sans_Mono/DejaVu_Sans_Mono_0008.png,images/train/monospace/DejaVu_Sans_Mono/DejaVu_Sans_Mono_0008.png,DejaVu Sans Mono,monospace,train,Digital Poster,DejaVuSansMono.ttf,42230295
data/processed/fontsense_system/images/train/monospace/DejaVu_Sans_Mono/DejaVu_Sans_Mono_0009.png,images/train/monospace/DejaVu_Sans_Mono/DejaVu_Sans_Mono_0009.png,DejaVu Sans Mono,monospace,train,Visual Culture,DejaVuSansMono.ttf,42230296
data/processed/fontsense_system/images/train/monospace/DejaVu_Sans_Mono/DejaVu_Sans_Mono_0010.png,images/train/monospace/DejaVu_Sans_Mono/DejaVu_Sans_Mono_0010.png,DejaVu Sans Mono,monospace,train,Graphic Form,DejaVuSansMono.ttf,42230297
data/processed/fontsense_system/images/train/monospace/DejaVu_Sans_Mono/DejaVu_Sans_Mono_0011.png,images/train/monospace/DejaVu_Sans_Mono/DejaVu_Sans_Mono_0011.png,DejaVu Sans Mono,monospace,train,Future Vision,DejaVuSansMono.ttf,42230298
data/processed/fontsense_system/images/train/monospace/DejaVu_Sans_Mono/DejaVu_Sans_Mono_0012.png,images/train/monospace/DejaVu_Sans_Mono/DejaVu_Sans_Mono_0012.png,DejaVu Sans Mono,monospace,train,FontSense,DejaVuSansMono.ttf,42230299
data/processed/fontsense_system/images/train/monospace/DejaVu_Sans_Mono/DejaVu_Sans_Mono_0013.png,images/train/monospace/DejaVu_Sans_Mono/DejaVu_Sans_Mono_0013.png,DejaVu Sans Mono,monospace,train,Future Vision,DejaVuSansMono.ttf,42230300
data/processed/fontsense_system/images/train/monospace/DejaVu_Sans_Mono/DejaVu_Sans_Mono_0014.png,images/train/monospace/DejaVu_Sans_Mono/DejaVu_Sans_Mono_0014.png,DejaVu Sans Mono,monospace,train,Shape and Space,DejaVuSansMono.ttf,42230301
data/processed/fontsense_system/images/train/monospace/DejaVu_Sans_Mono/DejaVu_Sans_Mono_0015.png,images/train/monospace/DejaVu_Sans_Mono/DejaVu_Sans_Mono_0015.png,DejaVu Sans Mono,monospace,train,Creative Studio,DejaVuSansMono.ttf,42230302
data/processed/fontsense_system/images/train/monospace/DejaVu_Sans_Mono/DejaVu_Sans_Mono_0016.png,images/train/monospace/DejaVu_Sans_Mono/DejaVu_Sans_Mono_0016.png,DejaVu Sans Mono,monospace,train,Creative Studio,DejaVuSansMono.ttf,42230303
data/processed/fontsense_system/images/train/monospace/DejaVu_Sans_Mono/DejaVu_Sans_Mono_0017.png,images/train/monospace/DejaVu_Sans_Mono/DejaVu_Sans_Mono_0017.png,DejaVu Sans Mono,monospace,train,Beautiful Letters,DejaVuSansMono.ttf,42230304
data/processed/fontsense_system/images/train/monospace/DejaVu_Sans_Mono/DejaVu_Sans_Mono_0018.png,images/train/monospace/DejaVu_Sans_Mono/DejaVu_Sans_Mono_0018.png,DejaVu Sans Mono,monospace,train,Modern Design,DejaVuSansMono.ttf,42230305
data/processed/fontsense_system/images/train/monospace/DejaVu_Sans_Mono/DejaVu_Sans_Mono_0019.png,images/train/monospace/DejaVu_Sans_Mono/DejaVu_Sans_Mono_0019.png,DejaVu Sans Mono,monospace,train,Creative Studio,DejaVuSansMono.ttf,42230306
data/processed/fontsense_system/images/train/monospace/Liberation_Mono/Liberation_Mono_0000.png,images/train/monospace/Liberation_Mono/Liberation_Mono_0000.png,Liberation Mono,monospace,train,Editorial Layout,LiberationMono-Regular.ttf,42240294
data/processed/fontsense_system/images/train/monospace/Liberation_Mono/Liberation_Mono_0001.png,images/train/monospace/Liberation_Mono/Liberation_Mono_0001.png,Liberation Mono,monospace,train,Editorial Layout,LiberationMono-Regular.ttf,42240295
data/processed/fontsense_system/images/train/monospace/Liberation_Mono/Liberation_Mono_0002.png,images/train/monospace/Liberation_Mono/Liberation_Mono_0002.png,Liberation Mono,monospace,train,Editorial Layout,LiberationMono-Regular.ttf,42240296
data/processed/fontsense_system/images/train/monospace/Liberation_Mono/Liberation_Mono_0003.png,images/train/monospace/Liberation_Mono/Liberation_Mono_0003.png,Liberation Mono,monospace,train,Typography,LiberationMono-Regular.ttf,42240297
data/processed/fontsense_system/images/train/monospace/Liberation_Mono/Liberation_Mono_0004.png,images/train/monospace/Liberation_Mono/Liberation_Mono_0004.png,Liberation Mono,monospace,train,Shape and Space,LiberationMono-Regular.ttf,42240298
data/processed/fontsense_system/images/train/monospace/Liberation_Mono/Liberation_Mono_0005.png,images/train/monospace/Liberation_Mono/Liberation_Mono_0005.png,Liberation Mono,monospace,train,FontSense,LiberationMono-Regular.ttf,42240299
data/processed/fontsense_system/images/train/monospace/Liberation_Mono/Liberation_Mono_0006.png,images/train/monospace/Liberation_Mono/Liberation_Mono_0006.png,Liberation Mono,monospace,train,Beautiful Letters,LiberationMono-Regular.ttf,42240300
data/processed/fontsense_system/images/train/monospace/Liberation_Mono/Liberation_Mono_0007.png,images/train/monospace/Liberation_Mono/Liberation_Mono_0007.png,Liberation Mono,monospace,train,Hello World,LiberationMono-Regular.ttf,42240301
data/processed/fontsense_system/images/train/monospace/Liberation_Mono/Liberation_Mono_0008.png,images/train/monospace/Liberation_Mono/Liberation_Mono_0008.png,Liberation Mono,monospace,train,Hello World,LiberationMono-Regular.ttf,42240302
data/processed/fontsense_system/images/train/monospace/Liberation_Mono/Liberation_Mono_0009.png,images/train/monospace/Liberation_Mono/Liberation_Mono_0009.png,Liberation Mono,monospace,train,Digital Poster,LiberationMono-Regular.ttf,42240303
data/processed/fontsense_system/images/train/monospace/Liberation_Mono/Liberation_Mono_0010.png,images/train/monospace/Liberation_Mono/Liberation_Mono_0010.png,Liberation Mono,monospace,train,Visual Culture,LiberationMono-Regular.ttf,42240304
data/processed/fontsense_system/images/train/monospace/Liberation_Mono/Liberation_Mono_0011.png,images/train/monospace/Liberation_Mono/Liberation_Mono_0011.png,Liberation Mono,monospace,train,Brand Identity,LiberationMono-Regular.ttf,42240305
data/processed/fontsense_system/images/train/monospace/Liberation_Mono/Liberation_Mono_0012.png,images/train/monospace/Liberation_Mono/Liberation_Mono_0012.png,Liberation Mono,monospace,train,Modern Design,LiberationMono-Regular.ttf,42240306
data/processed/fontsense_system/images/train/monospace/Liberation_Mono/Liberation_Mono_0013.png,images/train/monospace/Liberation_Mono/Liberation_Mono_0013.png,Liberation Mono,monospace,train,Modern Design,LiberationMono-Regular.ttf,42240307
data/processed/fontsense_system/images/train/monospace/Liberation_Mono/Liberation_Mono_0014.png,images/train/monospace/Liberation_Mono/Liberation_Mono_0014.png,Liberation Mono,monospace,train,Future Vision,LiberationMono-Regular.ttf,42240308
data/processed/fontsense_system/images/train/monospace/Liberation_Mono/Liberation_Mono_0015.png,images/train/monospace/Liberation_Mono/Liberation_Mono_0015.png,Liberation Mono,monospace,train,Brand Identity,LiberationMono-Regular.ttf,42240309
data/processed/fontsense_system/images/train/monospace/Liberation_Mono/Liberation_Mono_0016.png,images/train/monospace/Liberation_Mono/Liberation_Mono_0016.png,Liberation Mono,monospace,train,Digital Poster,LiberationMono-Regular.ttf,42240310
data/processed/fontsense_system/images/train/monospace/Liberation_Mono/Liberation_Mono_0017.png,images/train/monospace/Liberation_Mono/Liberation_Mono_0017.png,Liberation Mono,monospace,train,FontSense,LiberationMono-Regular.ttf,42240311
data/processed/fontsense_system/images/train/monospace/Liberation_Mono/Liberation_Mono_0018.png,images/train/monospace/Liberation_Mono/Liberation_Mono_0018.png,Liberation Mono,monospace,train,Future Vision,LiberationMono-Regular.ttf,42240312
data/processed/fontsense_system/images/train/monospace/Liberation_Mono/Liberation_Mono_0019.png,images/train/monospace/Liberation_Mono/Liberation_Mono_0019.png,Liberation Mono,monospace,train,Shape and Space,LiberationMono-Regular.ttf,42240313
data/processed/fontsense_system/images/train/monospace/FreeMono/FreeMono_0000.png,images/train/monospace/FreeMono/FreeMono_0000.png,FreeMono,monospace,train,Future Vision,FreeMono.otf,42250301
data/processed/fontsense_system/images/train/monospace/FreeMono/FreeMono_0001.png,images/train/monospace/FreeMono/FreeMono_0001.png,FreeMono,monospace,train,Type Matters,FreeMono.otf,42250302
data/processed/fontsense_system/images/train/monospace/FreeMono/FreeMono_0002.png,images/train/monospace/FreeMono/FreeMono_0002.png,FreeMono,monospace,train,Visual Culture,FreeMono.otf,42250303
data/processed/fontsense_system/images/train/monospace/FreeMono/FreeMono_0003.png,images/train/monospace/FreeMono/FreeMono_0003.png,FreeMono,monospace,train,Shape and Space,FreeMono.otf,42250304
data/processed/fontsense_system/images/train/monospace/FreeMono/FreeMono_0004.png,images/train/monospace/FreeMono/FreeMono_0004.png,FreeMono,monospace,train,Beautiful Letters,FreeMono.otf,42250305
data/processed/fontsense_system/images/train/monospace/FreeMono/FreeMono_0005.png,images/train/monospace/FreeMono/FreeMono_0005.png,FreeMono,monospace,train,Future Vision,FreeMono.otf,42250306
data/processed/fontsense_system/images/train/monospace/FreeMono/FreeMono_0006.png,images/train/monospace/FreeMono/FreeMono_0006.png,FreeMono,monospace,train,Future Vision,FreeMono.otf,42250307
data/processed/fontsense_system/images/train/monospace/FreeMono/FreeMono_0007.png,images/train/monospace/FreeMono/FreeMono_0007.png,FreeMono,monospace,train,Future Vision,FreeMono.otf,42250308
data/processed/fontsense_system/images/train/monospace/FreeMono/FreeMono_0008.png,images/train/monospace/FreeMono/FreeMono_0008.png,FreeMono,monospace,train,Creative Studio,FreeMono.otf,42250309
data/processed/fontsense_system/images/train/monospace/FreeMono/FreeMono_0009.png,images/train/monospace/FreeMono/FreeMono_0009.png,FreeMono,monospace,train,Visual Culture,FreeMono.otf,42250310
data/processed/fontsense_system/images/train/monospace/FreeMono/FreeMono_0010.png,images/train/monospace/FreeMono/FreeMono_0010.png,FreeMono,monospace,train,Hello World,FreeMono.otf,42250311
data/processed/fontsense_system/images/train/monospace/FreeMono/FreeMono_0011.png,images/train/monospace/FreeMono/FreeMono_0011.png,FreeMono,monospace,train,Graphic Form,FreeMono.otf,42250312
data/processed/fontsense_system/images/train/monospace/FreeMono/FreeMono_0012.png,images/train/monospace/FreeMono/FreeMono_0012.png,FreeMono,monospace,train,Future Vision,FreeMono.otf,42250313
data/processed/fontsense_system/images/train/monospace/FreeMono/FreeMono_0013.png,images/train/monospace/FreeMono/FreeMono_0013.png,FreeMono,monospace,train,Graphic Form,FreeMono.otf,42250314
data/processed/fontsense_system/images/train/monospace/FreeMono/FreeMono_0014.png,images/train/monospace/FreeMono/FreeMono_0014.png,FreeMono,monospace,train,Type Matters,FreeMono.otf,42250315
data/processed/fontsense_system/images/train/monospace/FreeMono/FreeMono_0015.png,images/train/monospace/FreeMono/FreeMono_0015.png,FreeMono,monospace,train,Hello World,FreeMono.otf,42250316
data/processed/fontsense_system/images/train/monospace/FreeMono/FreeMono_0016.png,images/train/monospace/FreeMono/FreeMono_0016.png,FreeMono,monospace,train,Future Vision,FreeMono.otf,42250317
data/processed/fontsense_system/images/train/monospace/FreeMono/FreeMono_0017.png,images/train/monospace/FreeMono/FreeMono_0017.png,FreeMono,monospace,train,Typography,FreeMono.otf,42250318
data/processed/fontsense_system/images/train/monospace/FreeMono/FreeMono_0018.png,images/train/monospace/FreeMono/FreeMono_0018.png,FreeMono,monospace,train,Editorial Layout,FreeMono.otf,42250319
data/processed/fontsense_system/images/train/monospace/FreeMono/FreeMono_0019.png,images/train/monospace/FreeMono/FreeMono_0019.png,FreeMono,monospace,train,Design System,FreeMono.otf,42250320
data/processed/fontsense_system/images/validation/monospace/Cousine/Cousine_0000.png,images/validation/monospace/Cousine/Cousine_0000.png,Cousine,monospace,validation,Beautiful Letters,Cousine-Regular.ttf,42260308
data/processed/fontsense_system/images/validation/monospace/Cousine/Cousine_0001.png,images/validation/monospace/Cousine/Cousine_0001.png,Cousine,monospace,validation,Graphic Form,Cousine-Regular.ttf,42260309
data/processed/fontsense_system/images/validation/monospace/Cousine/Cousine_0002.png,images/validation/monospace/Cousine/Cousine_0002.png,Cousine,monospace,validation,Digital Poster,Cousine-Regular.ttf,42260310
data/processed/fontsense_system/images/validation/monospace/Cousine/Cousine_0003.png,images/validation/monospace/Cousine/Cousine_0003.png,Cousine,monospace,validation,Beautiful Letters,Cousine-Regular.ttf,42260311
data/processed/fontsense_system/images/validation/monospace/Cousine/Cousine_0004.png,images/validation/monospace/Cousine/Cousine_0004.png,Cousine,monospace,validation,Brand Identity,Cousine-Regular.ttf,42260312
data/processed/fontsense_system/images/validation/monospace/Cousine/Cousine_0005.png,images/validation/monospace/Cousine/Cousine_0005.png,Cousine,monospace,validation,Beautiful Letters,Cousine-Regular.ttf,42260313
data/processed/fontsense_system/images/validation/monospace/Cousine/Cousine_0006.png,images/validation/monospace/Cousine/Cousine_0006.png,Cousine,monospace,validation,Shape and Space,Cousine-Regular.ttf,42260314
data/processed/fontsense_system/images/validation/monospace/Cousine/Cousine_0007.png,images/validation/monospace/Cousine/Cousine_0007.png,Cousine,monospace,validation,Shape and Space,Cousine-Regular.ttf,42260315
data/processed/fontsense_system/images/validation/monospace/Cousine/Cousine_0008.png,images/validation/monospace/Cousine/Cousine_0008.png,Cousine,monospace,validation,Editorial Layout,Cousine-Regular.ttf,42260316
data/processed/fontsense_system/images/validation/monospace/Cousine/Cousine_0009.png,images/validation/monospace/Cousine/Cousine_0009.png,Cousine,monospace,validation,FontSense,Cousine-Regular.ttf,42260317
data/processed/fontsense_system/images/validation/monospace/Cousine/Cousine_0010.png,images/validation/monospace/Cousine/Cousine_0010.png,Cousine,monospace,validation,Future Vision,Cousine-Regular.ttf,42260318
data/processed/fontsense_system/images/validation/monospace/Cousine/Cousine_0011.png,images/validation/monospace/Cousine/Cousine_0011.png,Cousine,monospace,validation,Digital Poster,Cousine-Regular.ttf,42260319
data/processed/fontsense_system/images/validation/monospace/Cousine/Cousine_0012.png,images/validation/monospace/Cousine/Cousine_0012.png,Cousine,monospace,validation,Brand Identity,Cousine-Regular.ttf,42260320
data/processed/fontsense_system/images/validation/monospace/Cousine/Cousine_0013.png,images/validation/monospace/Cousine/Cousine_0013.png,Cousine,monospace,validation,Hello World,Cousine-Regular.ttf,42260321
data/processed/fontsense_system/images/validation/monospace/Cousine/Cousine_0014.png,images/validation/monospace/Cousine/Cousine_0014.png,Cousine,monospace,validation,Brand Identity,Cousine-Regular.ttf,42260322
data/processed/fontsense_system/images/validation/monospace/Cousine/Cousine_0015.png,images/validation/monospace/Cousine/Cousine_0015.png,Cousine,monospace,validation,Type Matters,Cousine-Regular.ttf,42260323
data/processed/fontsense_system/images/validation/monospace/Cousine/Cousine_0016.png,images/validation/monospace/Cousine/Cousine_0016.png,Cousine,monospace,validation,FontSense,Cousine-Regular.ttf,42260324
data/processed/fontsense_system/images/validation/monospace/Cousine/Cousine_0017.png,images/validation/monospace/Cousine/Cousine_0017.png,Cousine,monospace,validation,Hello World,Cousine-Regular.ttf,42260325
data/processed/fontsense_system/images/validation/monospace/Cousine/Cousine_0018.png,images/validation/monospace/Cousine/Cousine_0018.png,Cousine,monospace,validation,Shape and Space,Cousine-Regular.ttf,42260326
data/processed/fontsense_system/images/validation/monospace/Cousine/Cousine_0019.png,images/validation/monospace/Cousine/Cousine_0019.png,Cousine,monospace,validation,FontSense,Cousine-Regular.ttf,42260327
data/processed/fontsense_system/images/test/monospace/Go_Mono/Go_Mono_0000.png,images/test/monospace/Go_Mono/Go_Mono_0000.png,Go Mono,monospace,test,Shape and Space,Go-Mono.ttf,42270315
data/processed/fontsense_system/images/test/monospace/Go_Mono/Go_Mono_0001.png,images/test/monospace/Go_Mono/Go_Mono_0001.png,Go Mono,monospace,test,FontSense,Go-Mono.ttf,42270316
data/processed/fontsense_system/images/test/monospace/Go_Mono/Go_Mono_0002.png,images/test/monospace/Go_Mono/Go_Mono_0002.png,Go Mono,monospace,test,Typography,Go-Mono.ttf,42270317
data/processed/fontsense_system/images/test/monospace/Go_Mono/Go_Mono_0003.png,images/test/monospace/Go_Mono/Go_Mono_0003.png,Go Mono,monospace,test,Brand Identity,Go-Mono.ttf,42270318
data/processed/fontsense_system/images/test/monospace/Go_Mono/Go_Mono_0004.png,images/test/monospace/Go_Mono/Go_Mono_0004.png,Go Mono,monospace,test,Creative Studio,Go-Mono.ttf,42270319
data/processed/fontsense_system/images/test/monospace/Go_Mono/Go_Mono_0005.png,images/test/monospace/Go_Mono/Go_Mono_0005.png,Go Mono,monospace,test,Visual Culture,Go-Mono.ttf,42270320
data/processed/fontsense_system/images/test/monospace/Go_Mono/Go_Mono_0006.png,images/test/monospace/Go_Mono/Go_Mono_0006.png,Go Mono,monospace,test,Editorial Layout,Go-Mono.ttf,42270321
data/processed/fontsense_system/images/test/monospace/Go_Mono/Go_Mono_0007.png,images/test/monospace/Go_Mono/Go_Mono_0007.png,Go Mono,monospace,test,Brand Identity,Go-Mono.ttf,42270322
data/processed/fontsense_system/images/test/monospace/Go_Mono/Go_Mono_0008.png,images/test/monospace/Go_Mono/Go_Mono_0008.png,Go Mono,monospace,test,Modern Design,Go-Mono.ttf,42270323
data/processed/fontsense_system/images/test/monospace/Go_Mono/Go_Mono_0009.png,images/test/monospace/Go_Mono/Go_Mono_0009.png,Go Mono,monospace,test,Shape and Space,Go-Mono.ttf,42270324
data/processed/fontsense_system/images/test/monospace/Go_Mono/Go_Mono_0010.png,images/test/monospace/Go_Mono/Go_Mono_0010.png,Go Mono,monospace,test,Editorial Layout,Go-Mono.ttf,42270325
data/processed/fontsense_system/images/test/monospace/Go_Mono/Go_Mono_0011.png,images/test/monospace/Go_Mono/Go_Mono_0011.png,Go Mono,monospace,test,Modern Design,Go-Mono.ttf,42270326
data/processed/fontsense_system/images/test/monospace/Go_Mono/Go_Mono_0012.png,images/test/monospace/Go_Mono/Go_Mono_0012.png,Go Mono,monospace,test,Digital Poster,Go-Mono.ttf,42270327
data/processed/fontsense_system/images/test/monospace/Go_Mono/Go_Mono_0013.png,images/test/monospace/Go_Mono/Go_Mono_0013.png,Go Mono,monospace,test,Creative Studio,Go-Mono.ttf,42270328
data/processed/fontsense_system/images/test/monospace/Go_Mono/Go_Mono_0014.png,images/test/monospace/Go_Mono/Go_Mono_0014.png,Go Mono,monospace,test,Editorial Layout,Go-Mono.ttf,42270329
data/processed/fontsense_system/images/test/monospace/Go_Mono/Go_Mono_0015.png,images/test/monospace/Go_Mono/Go_Mono_0015.png,Go Mono,monospace,test,Design System,Go-Mono.ttf,42270330
data/processed/fontsense_system/images/test/monospace/Go_Mono/Go_Mono_0016.png,images/test/monospace/Go_Mono/Go_Mono_0016.png,Go Mono,monospace,test,Brand Identity,Go-Mono.ttf,42270331
data/processed/fontsense_system/images/test/monospace/Go_Mono/Go_Mono_0017.png,images/test/monospace/Go_Mono/Go_Mono_0017.png,Go Mono,monospace,test,Hello World,Go-Mono.ttf,42270332
data/processed/fontsense_system/images/test/monospace/Go_Mono/Go_Mono_0018.png,images/test/monospace/Go_Mono/Go_Mono_0018.png,Go Mono,monospace,test,Hello World,Go-Mono.ttf,42270333
data/processed/fontsense_system/images/test/monospace/Go_Mono/Go_Mono_0019.png,images/test/monospace/Go_Mono/Go_Mono_0019.png,Go Mono,monospace,test,Beautiful Letters,Go-Mono.ttf,42270334
data/processed/fontsense_system/images/train/sans_serif/PT_Sans/PT_Sans_0000.png,images/train/sans_serif/PT_Sans/PT_Sans_0000.png,PT Sans,sans_serif,train,FontSense,PTS55F.ttf,42280322
data/processed/fontsense_system/images/train/sans_serif/PT_Sans/PT_Sans_0001.png,images/train/sans_serif/PT_Sans/PT_Sans_0001.png,PT Sans,sans_serif,train,Typography,PTS55F.ttf,42280323
data/processed/fontsense_system/images/train/sans_serif/PT_Sans/PT_Sans_0002.png,images/train/sans_serif/PT_Sans/PT_Sans_0002.png,PT Sans,sans_serif,train,Typography,PTS55F.ttf,42280324
data/processed/fontsense_system/images/train/sans_serif/PT_Sans/PT_Sans_0003.png,images/train/sans_serif/PT_Sans/PT_Sans_0003.png,PT Sans,sans_serif,train,Modern Design,PTS55F.ttf,42280325
data/processed/fontsense_system/images/train/sans_serif/PT_Sans/PT_Sans_0004.png,images/train/sans_serif/PT_Sans/PT_Sans_0004.png,PT Sans,sans_serif,train,Future Vision,PTS55F.ttf,42280326
data/processed/fontsense_system/images/train/sans_serif/PT_Sans/PT_Sans_0005.png,images/train/sans_serif/PT_Sans/PT_Sans_0005.png,PT Sans,sans_serif,train,FontSense,PTS55F.ttf,42280327
data/processed/fontsense_system/images/train/sans_serif/PT_Sans/PT_Sans_0006.png,images/train/sans_serif/PT_Sans/PT_Sans_0006.png,PT Sans,sans_serif,train,FontSense,PTS55F.ttf,42280328
data/processed/fontsense_system/images/train/sans_serif/PT_Sans/PT_Sans_0007.png,images/train/sans_serif/PT_Sans/PT_Sans_0007.png,PT Sans,sans_serif,train,Editorial Layout,PTS55F.ttf,42280329
data/processed/fontsense_system/images/train/sans_serif/PT_Sans/PT_Sans_0008.png,images/train/sans_serif/PT_Sans/PT_Sans_0008.png,PT Sans,sans_serif,train,Digital Poster,PTS55F.ttf,42280330
data/processed/fontsense_system/images/train/sans_serif/PT_Sans/PT_Sans_0009.png,images/train/sans_serif/PT_Sans/PT_Sans_0009.png,PT Sans,sans_serif,train,Editorial Layout,PTS55F.ttf,42280331
data/processed/fontsense_system/images/train/sans_serif/PT_Sans/PT_Sans_0010.png,images/train/sans_serif/PT_Sans/PT_Sans_0010.png,PT Sans,sans_serif,train,Brand Identity,PTS55F.ttf,42280332
data/processed/fontsense_system/images/train/sans_serif/PT_Sans/PT_Sans_0011.png,images/train/sans_serif/PT_Sans/PT_Sans_0011.png,PT Sans,sans_serif,train,Shape and Space,PTS55F.ttf,42280333
data/processed/fontsense_system/images/train/sans_serif/PT_Sans/PT_Sans_0012.png,images/train/sans_serif/PT_Sans/PT_Sans_0012.png,PT Sans,sans_serif,train,Shape and Space,PTS55F.ttf,42280334
data/processed/fontsense_system/images/train/sans_serif/PT_Sans/PT_Sans_0013.png,images/train/sans_serif/PT_Sans/PT_Sans_0013.png,PT Sans,sans_serif,train,Type Matters,PTS55F.ttf,42280335
data/processed/fontsense_system/images/train/sans_serif/PT_Sans/PT_Sans_0014.png,images/train/sans_serif/PT_Sans/PT_Sans_0014.png,PT Sans,sans_serif,train,Editorial Layout,PTS55F.ttf,42280336
data/processed/fontsense_system/images/train/sans_serif/PT_Sans/PT_Sans_0015.png,images/train/sans_serif/PT_Sans/PT_Sans_0015.png,PT Sans,sans_serif,train,Digital Poster,PTS55F.ttf,42280337
data/processed/fontsense_system/images/train/sans_serif/PT_Sans/PT_Sans_0016.png,images/train/sans_serif/PT_Sans/PT_Sans_0016.png,PT Sans,sans_serif,train,FontSense,PTS55F.ttf,42280338
data/processed/fontsense_system/images/train/sans_serif/PT_Sans/PT_Sans_0017.png,images/train/sans_serif/PT_Sans/PT_Sans_0017.png,PT Sans,sans_serif,train,Graphic Form,PTS55F.ttf,42280339
data/processed/fontsense_system/images/train/sans_serif/PT_Sans/PT_Sans_0018.png,images/train/sans_serif/PT_Sans/PT_Sans_0018.png,PT Sans,sans_serif,train,Modern Design,PTS55F.ttf,42280340
data/processed/fontsense_system/images/train/sans_serif/PT_Sans/PT_Sans_0019.png,images/train/sans_serif/PT_Sans/PT_Sans_0019.png,PT Sans,sans_serif,train,Graphic Form,PTS55F.ttf,42280341
data/processed/fontsense_system/images/train/sans_serif/Clear_Sans/Clear_Sans_0000.png,images/train/sans_serif/Clear_Sans/Clear_Sans_0000.png,Clear Sans,sans_serif,train,Design System,ClearSans-Regular.ttf,42290329
data/processed/fontsense_system/images/train/sans_serif/Clear_Sans/Clear_Sans_0001.png,images/train/sans_serif/Clear_Sans/Clear_Sans_0001.png,Clear Sans,sans_serif,train,Hello World,ClearSans-Regular.ttf,42290330
data/processed/fontsense_system/images/train/sans_serif/Clear_Sans/Clear_Sans_0002.png,images/train/sans_serif/Clear_Sans/Clear_Sans_0002.png,Clear Sans,sans_serif,train,Graphic Form,ClearSans-Regular.ttf,42290331
data/processed/fontsense_system/images/train/sans_serif/Clear_Sans/Clear_Sans_0003.png,images/train/sans_serif/Clear_Sans/Clear_Sans_0003.png,Clear Sans,sans_serif,train,Shape and Space,ClearSans-Regular.ttf,42290332
data/processed/fontsense_system/images/train/sans_serif/Clear_Sans/Clear_Sans_0004.png,images/train/sans_serif/Clear_Sans/Clear_Sans_0004.png,Clear Sans,sans_serif,train,FontSense,ClearSans-Regular.ttf,42290333
data/processed/fontsense_system/images/train/sans_serif/Clear_Sans/Clear_Sans_0005.png,images/train/sans_serif/Clear_Sans/Clear_Sans_0005.png,Clear Sans,sans_serif,train,Hello World,ClearSans-Regular.ttf,42290334
data/processed/fontsense_system/images/train/sans_serif/Clear_Sans/Clear_Sans_0006.png,images/train/sans_serif/Clear_Sans/Clear_Sans_0006.png,Clear Sans,sans_serif,train,Digital Poster,ClearSans-Regular.ttf,42290335
data/processed/fontsense_system/images/train/sans_serif/Clear_Sans/Clear_Sans_0007.png,images/train/sans_serif/Clear_Sans/Clear_Sans_0007.png,Clear Sans,sans_serif,train,Type Matters,ClearSans-Regular.ttf,42290336
data/processed/fontsense_system/images/train/sans_serif/Clear_Sans/Clear_Sans_0008.png,images/train/sans_serif/Clear_Sans/Clear_Sans_0008.png,Clear Sans,sans_serif,train,Visual Culture,ClearSans-Regular.ttf,42290337
data/processed/fontsense_system/images/train/sans_serif/Clear_Sans/Clear_Sans_0009.png,images/train/sans_serif/Clear_Sans/Clear_Sans_0009.png,Clear Sans,sans_serif,train,Visual Culture,ClearSans-Regular.ttf,42290338
data/processed/fontsense_system/images/train/sans_serif/Clear_Sans/Clear_Sans_0010.png,images/train/sans_serif/Clear_Sans/Clear_Sans_0010.png,Clear Sans,sans_serif,train,Digital Poster,ClearSans-Regular.ttf,42290339
data/processed/fontsense_system/images/train/sans_serif/Clear_Sans/Clear_Sans_0011.png,images/train/sans_serif/Clear_Sans/Clear_Sans_0011.png,Clear Sans,sans_serif,train,FontSense,ClearSans-Regular.ttf,42290340
data/processed/fontsense_system/images/train/sans_serif/Clear_Sans/Clear_Sans_0012.png,images/train/sans_serif/Clear_Sans/Clear_Sans_0012.png,Clear Sans,sans_serif,train,Type Matters,ClearSans-Regular.ttf,42290341
data/processed/fontsense_system/images/train/sans_serif/Clear_Sans/Clear_Sans_0013.png,images/train/sans_serif/Clear_Sans/Clear_Sans_0013.png,Clear Sans,sans_serif,train,Hello World,ClearSans-Regular.ttf,42290342
data/processed/fontsense_system/images/train/sans_serif/Clear_Sans/Clear_Sans_0014.png,images/train/sans_serif/Clear_Sans/Clear_Sans_0014.png,Clear Sans,sans_serif,train,Modern Design,ClearSans-Regular.ttf,42290343
data/processed/fontsense_system/images/train/sans_serif/Clear_Sans/Clear_Sans_0015.png,images/train/sans_serif/Clear_Sans/Clear_Sans_0015.png,Clear Sans,sans_serif,train,Creative Studio,ClearSans-Regular.ttf,42290344
data/processed/fontsense_system/images/train/sans_serif/Clear_Sans/Clear_Sans_0016.png,images/train/sans_serif/Clear_Sans/Clear_Sans_0016.png,Clear Sans,sans_serif,train,Future Vision,ClearSans-Regular.ttf,42290345
data/processed/fontsense_system/images/train/sans_serif/Clear_Sans/Clear_Sans_0017.png,images/train/sans_serif/Clear_Sans/Clear_Sans_0017.png,Clear Sans,sans_serif,train,Typography,ClearSans-Regular.ttf,42290346
data/processed/fontsense_system/images/train/sans_serif/Clear_Sans/Clear_Sans_0018.png,images/train/sans_serif/Clear_Sans/Clear_Sans_0018.png,Clear Sans,sans_serif,train,Beautiful Letters,ClearSans-Regular.ttf,42290347
data/processed/fontsense_system/images/train/sans_serif/Clear_Sans/Clear_Sans_0019.png,images/train/sans_serif/Clear_Sans/Clear_Sans_0019.png,Clear Sans,sans_serif,train,Design System,ClearSans-Regular.ttf,42290348
data/processed/fontsense_system/images/train/sans_serif/Inter/Inter_0000.png,images/train/sans_serif/Inter/Inter_0000.png,Inter,sans_serif,train,Visual Culture,Inter-Regular.otf,42300336
data/processed/fontsense_system/images/train/sans_serif/Inter/Inter_0001.png,images/train/sans_serif/Inter/Inter_0001.png,Inter,sans_serif,train,Digital Poster,Inter-Regular.otf,42300337
data/processed/fontsense_system/images/train/sans_serif/Inter/Inter_0002.png,images/train/sans_serif/Inter/Inter_0002.png,Inter,sans_serif,train,Future Vision,Inter-Regular.otf,42300338
data/processed/fontsense_system/images/train/sans_serif/Inter/Inter_0003.png,images/train/sans_serif/Inter/Inter_0003.png,Inter,sans_serif,train,Editorial Layout,Inter-Regular.otf,42300339
data/processed/fontsense_system/images/train/sans_serif/Inter/Inter_0004.png,images/train/sans_serif/Inter/Inter_0004.png,Inter,sans_serif,train,FontSense,Inter-Regular.otf,42300340
data/processed/fontsense_system/images/train/sans_serif/Inter/Inter_0005.png,images/train/sans_serif/Inter/Inter_0005.png,Inter,sans_serif,train,Modern Design,Inter-Regular.otf,42300341
data/processed/fontsense_system/images/train/sans_serif/Inter/Inter_0006.png,images/train/sans_serif/Inter/Inter_0006.png,Inter,sans_serif,train,Future Vision,Inter-Regular.otf,42300342
data/processed/fontsense_system/images/train/sans_serif/Inter/Inter_0007.png,images/train/sans_serif/Inter/Inter_0007.png,Inter,sans_serif,train,FontSense,Inter-Regular.otf,42300343
data/processed/fontsense_system/images/train/sans_serif/Inter/Inter_0008.png,images/train/sans_serif/Inter/Inter_0008.png,Inter,sans_serif,train,Creative Studio,Inter-Regular.otf,42300344
data/processed/fontsense_system/images/train/sans_serif/Inter/Inter_0009.png,images/train/sans_serif/Inter/Inter_0009.png,Inter,sans_serif,train,Visual Culture,Inter-Regular.otf,42300345
data/processed/fontsense_system/images/train/sans_serif/Inter/Inter_0010.png,images/train/sans_serif/Inter/Inter_0010.png,Inter,sans_serif,train,Type Matters,Inter-Regular.otf,42300346
data/processed/fontsense_system/images/train/sans_serif/Inter/Inter_0011.png,images/train/sans_serif/Inter/Inter_0011.png,Inter,sans_serif,train,Modern Design,Inter-Regular.otf,42300347
data/processed/fontsense_system/images/train/sans_serif/Inter/Inter_0012.png,images/train/sans_serif/Inter/Inter_0012.png,Inter,sans_serif,train,Beautiful Letters,Inter-Regular.otf,42300348
data/processed/fontsense_system/images/train/sans_serif/Inter/Inter_0013.png,images/train/sans_serif/Inter/Inter_0013.png,Inter,sans_serif,train,Beautiful Letters,Inter-Regular.otf,42300349
data/processed/fontsense_system/images/train/sans_serif/Inter/Inter_0014.png,images/train/sans_serif/Inter/Inter_0014.png,Inter,sans_serif,train,Modern Design,Inter-Regular.otf,42300350
data/processed/fontsense_system/images/train/sans_serif/Inter/Inter_0015.png,images/train/sans_serif/Inter/Inter_0015.png,Inter,sans_serif,train,Brand Identity,Inter-Regular.otf,42300351
data/processed/fontsense_system/images/train/sans_serif/Inter/Inter_0016.png,images/train/sans_serif/Inter/Inter_0016.png,Inter,sans_serif,train,Visual Culture,Inter-Regular.otf,42300352
data/processed/fontsense_system/images/train/sans_serif/Inter/Inter_0017.png,images/train/sans_serif/Inter/Inter_0017.png,Inter,sans_serif,train,Modern Design,Inter-Regular.otf,42300353
data/processed/fontsense_system/images/train/sans_serif/Inter/Inter_0018.png,images/train/sans_serif/Inter/Inter_0018.png,Inter,sans_serif,train,Creative Studio,Inter-Regular.otf,42300354
data/processed/fontsense_system/images/train/sans_serif/Inter/Inter_0019.png,images/train/sans_serif/Inter/Inter_0019.png,Inter,sans_serif,train,Design System,Inter-Regular.otf,42300355
data/processed/fontsense_system/images/train/sans_serif/Open_Sans/Open_Sans_0000.png,images/train/sans_serif/Open_Sans/Open_Sans_0000.png,Open Sans,sans_serif,train,Hello World,OpenSans-Regular.ttf,42310343
data/processed/fontsense_system/images/train/sans_serif/Open_Sans/Open_Sans_0001.png,images/train/sans_serif/Open_Sans/Open_Sans_0001.png,Open Sans,sans_serif,train,Brand Identity,OpenSans-Regular.ttf,42310344
data/processed/fontsense_system/images/train/sans_serif/Open_Sans/Open_Sans_0002.png,images/train/sans_serif/Open_Sans/Open_Sans_0002.png,Open Sans,sans_serif,train,Hello World,OpenSans-Regular.ttf,42310345
data/processed/fontsense_system/images/train/sans_serif/Open_Sans/Open_Sans_0003.png,images/train/sans_serif/Open_Sans/Open_Sans_0003.png,Open Sans,sans_serif,train,Future Vision,OpenSans-Regular.ttf,42310346
data/processed/fontsense_system/images/train/sans_serif/Open_Sans/Open_Sans_0004.png,images/train/sans_serif/Open_Sans/Open_Sans_0004.png,Open Sans,sans_serif,train,Typography,OpenSans-Regular.ttf,42310347
data/processed/fontsense_system/images/train/sans_serif/Open_Sans/Open_Sans_0005.png,images/train/sans_serif/Open_Sans/Open_Sans_0005.png,Open Sans,sans_serif,train,Modern Design,OpenSans-Regular.ttf,42310348
data/processed/fontsense_system/images/train/sans_serif/Open_Sans/Open_Sans_0006.png,images/train/sans_serif/Open_Sans/Open_Sans_0006.png,Open Sans,sans_serif,train,Brand Identity,OpenSans-Regular.ttf,42310349
data/processed/fontsense_system/images/train/sans_serif/Open_Sans/Open_Sans_0007.png,images/train/sans_serif/Open_Sans/Open_Sans_0007.png,Open Sans,sans_serif,train,Brand Identity,OpenSans-Regular.ttf,42310350
data/processed/fontsense_system/images/train/sans_serif/Open_Sans/Open_Sans_0008.png,images/train/sans_serif/Open_Sans/Open_Sans_0008.png,Open Sans,sans_serif,train,Visual Culture,OpenSans-Regular.ttf,42310351
data/processed/fontsense_system/images/train/sans_serif/Open_Sans/Open_Sans_0009.png,images/train/sans_serif/Open_Sans/Open_Sans_0009.png,Open Sans,sans_serif,train,Shape and Space,OpenSans-Regular.ttf,42310352
data/processed/fontsense_system/images/train/sans_serif/Open_Sans/Open_Sans_0010.png,images/train/sans_serif/Open_Sans/Open_Sans_0010.png,Open Sans,sans_serif,train,FontSense,OpenSans-Regular.ttf,42310353
data/processed/fontsense_system/images/train/sans_serif/Open_Sans/Open_Sans_0011.png,images/train/sans_serif/Open_Sans/Open_Sans_0011.png,Open Sans,sans_serif,train,Modern Design,OpenSans-Regular.ttf,42310354
data/processed/fontsense_system/images/train/sans_serif/Open_Sans/Open_Sans_0012.png,images/train/sans_serif/Open_Sans/Open_Sans_0012.png,Open Sans,sans_serif,train,Design System,OpenSans-Regular.ttf,42310355
data/processed/fontsense_system/images/train/sans_serif/Open_Sans/Open_Sans_0013.png,images/train/sans_serif/Open_Sans/Open_Sans_0013.png,Open Sans,sans_serif,train,Beautiful Letters,OpenSans-Regular.ttf,42310356
data/processed/fontsense_system/images/train/sans_serif/Open_Sans/Open_Sans_0014.png,images/train/sans_serif/Open_Sans/Open_Sans_0014.png,Open Sans,sans_serif,train,Shape and Space,OpenSans-Regular.ttf,42310357
data/processed/fontsense_system/images/train/sans_serif/Open_Sans/Open_Sans_0015.png,images/train/sans_serif/Open_Sans/Open_Sans_0015.png,Open Sans,sans_serif,train,Editorial Layout,OpenSans-Regular.ttf,42310358
data/processed/fontsense_system/images/train/sans_serif/Open_Sans/Open_Sans_0016.png,images/train/sans_serif/Open_Sans/Open_Sans_0016.png,Open Sans,sans_serif,train,Future Vision,OpenSans-Regular.ttf,42310359
data/processed/fontsense_system/images/train/sans_serif/Open_Sans/Open_Sans_0017.png,images/train/sans_serif/Open_Sans/Open_Sans_0017.png,Open Sans,sans_serif,train,Hello World,OpenSans-Regular.ttf,42310360
data/processed/fontsense_system/images/train/sans_serif/Open_Sans/Open_Sans_0018.png,images/train/sans_serif/Open_Sans/Open_Sans_0018.png,Open Sans,sans_serif,train,Digital Poster,OpenSans-Regular.ttf,42310361
data/processed/fontsense_system/images/train/sans_serif/Open_Sans/Open_Sans_0019.png,images/train/sans_serif/Open_Sans/Open_Sans_0019.png,Open Sans,sans_serif,train,Beautiful Letters,OpenSans-Regular.ttf,42310362
data/processed/fontsense_system/images/train/sans_serif/Arimo/Arimo_0000.png,images/train/sans_serif/Arimo/Arimo_0000.png,Arimo,sans_serif,train,Graphic Form,Arimo-Regular.ttf,42320350
data/processed/fontsense_system/images/train/sans_serif/Arimo/Arimo_0001.png,images/train/sans_serif/Arimo/Arimo_0001.png,Arimo,sans_serif,train,Hello World,Arimo-Regular.ttf,42320351
data/processed/fontsense_system/images/train/sans_serif/Arimo/Arimo_0002.png,images/train/sans_serif/Arimo/Arimo_0002.png,Arimo,sans_serif,train,Design System,Arimo-Regular.ttf,42320352
data/processed/fontsense_system/images/train/sans_serif/Arimo/Arimo_0003.png,images/train/sans_serif/Arimo/Arimo_0003.png,Arimo,sans_serif,train,Hello World,Arimo-Regular.ttf,42320353
data/processed/fontsense_system/images/train/sans_serif/Arimo/Arimo_0004.png,images/train/sans_serif/Arimo/Arimo_0004.png,Arimo,sans_serif,train,Brand Identity,Arimo-Regular.ttf,42320354
data/processed/fontsense_system/images/train/sans_serif/Arimo/Arimo_0005.png,images/train/sans_serif/Arimo/Arimo_0005.png,Arimo,sans_serif,train,Beautiful Letters,Arimo-Regular.ttf,42320355
data/processed/fontsense_system/images/train/sans_serif/Arimo/Arimo_0006.png,images/train/sans_serif/Arimo/Arimo_0006.png,Arimo,sans_serif,train,Future Vision,Arimo-Regular.ttf,42320356
data/processed/fontsense_system/images/train/sans_serif/Arimo/Arimo_0007.png,images/train/sans_serif/Arimo/Arimo_0007.png,Arimo,sans_serif,train,Editorial Layout,Arimo-Regular.ttf,42320357
data/processed/fontsense_system/images/train/sans_serif/Arimo/Arimo_0008.png,images/train/sans_serif/Arimo/Arimo_0008.png,Arimo,sans_serif,train,Creative Studio,Arimo-Regular.ttf,42320358
data/processed/fontsense_system/images/train/sans_serif/Arimo/Arimo_0009.png,images/train/sans_serif/Arimo/Arimo_0009.png,Arimo,sans_serif,train,Digital Poster,Arimo-Regular.ttf,42320359
data/processed/fontsense_system/images/train/sans_serif/Arimo/Arimo_0010.png,images/train/sans_serif/Arimo/Arimo_0010.png,Arimo,sans_serif,train,Visual Culture,Arimo-Regular.ttf,42320360
data/processed/fontsense_system/images/train/sans_serif/Arimo/Arimo_0011.png,images/train/sans_serif/Arimo/Arimo_0011.png,Arimo,sans_serif,train,Typography,Arimo-Regular.ttf,42320361
data/processed/fontsense_system/images/train/sans_serif/Arimo/Arimo_0012.png,images/train/sans_serif/Arimo/Arimo_0012.png,Arimo,sans_serif,train,Graphic Form,Arimo-Regular.ttf,42320362
data/processed/fontsense_system/images/train/sans_serif/Arimo/Arimo_0013.png,images/train/sans_serif/Arimo/Arimo_0013.png,Arimo,sans_serif,train,Hello World,Arimo-Regular.ttf,42320363
data/processed/fontsense_system/images/train/sans_serif/Arimo/Arimo_0014.png,images/train/sans_serif/Arimo/Arimo_0014.png,Arimo,sans_serif,train,Creative Studio,Arimo-Regular.ttf,42320364
data/processed/fontsense_system/images/train/sans_serif/Arimo/Arimo_0015.png,images/train/sans_serif/Arimo/Arimo_0015.png,Arimo,sans_serif,train,Editorial Layout,Arimo-Regular.ttf,42320365
data/processed/fontsense_system/images/train/sans_serif/Arimo/Arimo_0016.png,images/train/sans_serif/Arimo/Arimo_0016.png,Arimo,sans_serif,train,FontSense,Arimo-Regular.ttf,42320366
data/processed/fontsense_system/images/train/sans_serif/Arimo/Arimo_0017.png,images/train/sans_serif/Arimo/Arimo_0017.png,Arimo,sans_serif,train,Type Matters,Arimo-Regular.ttf,42320367
data/processed/fontsense_system/images/train/sans_serif/Arimo/Arimo_0018.png,images/train/sans_serif/Arimo/Arimo_0018.png,Arimo,sans_serif,train,Future Vision,Arimo-Regular.ttf,42320368
data/processed/fontsense_system/images/train/sans_serif/Arimo/Arimo_0019.png,images/train/sans_serif/Arimo/Arimo_0019.png,Arimo,sans_serif,train,Typography,Arimo-Regular.ttf,42320369
data/processed/fontsense_system/images/train/sans_serif/Carlito/Carlito_0000.png,images/train/sans_serif/Carlito/Carlito_0000.png,Carlito,sans_serif,train,Editorial Layout,Carlito-Regular.ttf,42330357
data/processed/fontsense_system/images/train/sans_serif/Carlito/Carlito_0001.png,images/train/sans_serif/Carlito/Carlito_0001.png,Carlito,sans_serif,train,Editorial Layout,Carlito-Regular.ttf,42330358
data/processed/fontsense_system/images/train/sans_serif/Carlito/Carlito_0002.png,images/train/sans_serif/Carlito/Carlito_0002.png,Carlito,sans_serif,train,Editorial Layout,Carlito-Regular.ttf,42330359
data/processed/fontsense_system/images/train/sans_serif/Carlito/Carlito_0003.png,images/train/sans_serif/Carlito/Carlito_0003.png,Carlito,sans_serif,train,Visual Culture,Carlito-Regular.ttf,42330360
data/processed/fontsense_system/images/train/sans_serif/Carlito/Carlito_0004.png,images/train/sans_serif/Carlito/Carlito_0004.png,Carlito,sans_serif,train,Design System,Carlito-Regular.ttf,42330361
data/processed/fontsense_system/images/train/sans_serif/Carlito/Carlito_0005.png,images/train/sans_serif/Carlito/Carlito_0005.png,Carlito,sans_serif,train,Graphic Form,Carlito-Regular.ttf,42330362
data/processed/fontsense_system/images/train/sans_serif/Carlito/Carlito_0006.png,images/train/sans_serif/Carlito/Carlito_0006.png,Carlito,sans_serif,train,Design System,Carlito-Regular.ttf,42330363
data/processed/fontsense_system/images/train/sans_serif/Carlito/Carlito_0007.png,images/train/sans_serif/Carlito/Carlito_0007.png,Carlito,sans_serif,train,Visual Culture,Carlito-Regular.ttf,42330364
data/processed/fontsense_system/images/train/sans_serif/Carlito/Carlito_0008.png,images/train/sans_serif/Carlito/Carlito_0008.png,Carlito,sans_serif,train,Digital Poster,Carlito-Regular.ttf,42330365
data/processed/fontsense_system/images/train/sans_serif/Carlito/Carlito_0009.png,images/train/sans_serif/Carlito/Carlito_0009.png,Carlito,sans_serif,train,Modern Design,Carlito-Regular.ttf,42330366
data/processed/fontsense_system/images/train/sans_serif/Carlito/Carlito_0010.png,images/train/sans_serif/Carlito/Carlito_0010.png,Carlito,sans_serif,train,Hello World,Carlito-Regular.ttf,42330367
data/processed/fontsense_system/images/train/sans_serif/Carlito/Carlito_0011.png,images/train/sans_serif/Carlito/Carlito_0011.png,Carlito,sans_serif,train,Creative Studio,Carlito-Regular.ttf,42330368
data/processed/fontsense_system/images/train/sans_serif/Carlito/Carlito_0012.png,images/train/sans_serif/Carlito/Carlito_0012.png,Carlito,sans_serif,train,Digital Poster,Carlito-Regular.ttf,42330369
data/processed/fontsense_system/images/train/sans_serif/Carlito/Carlito_0013.png,images/train/sans_serif/Carlito/Carlito_0013.png,Carlito,sans_serif,train,Typography,Carlito-Regular.ttf,42330370
data/processed/fontsense_system/images/train/sans_serif/Carlito/Carlito_0014.png,images/train/sans_serif/Carlito/Carlito_0014.png,Carlito,sans_serif,train,Digital Poster,Carlito-Regular.ttf,42330371
data/processed/fontsense_system/images/train/sans_serif/Carlito/Carlito_0015.png,images/train/sans_serif/Carlito/Carlito_0015.png,Carlito,sans_serif,train,Future Vision,Carlito-Regular.ttf,42330372
data/processed/fontsense_system/images/train/sans_serif/Carlito/Carlito_0016.png,images/train/sans_serif/Carlito/Carlito_0016.png,Carlito,sans_serif,train,FontSense,Carlito-Regular.ttf,42330373
data/processed/fontsense_system/images/train/sans_serif/Carlito/Carlito_0017.png,images/train/sans_serif/Carlito/Carlito_0017.png,Carlito,sans_serif,train,Graphic Form,Carlito-Regular.ttf,42330374
data/processed/fontsense_system/images/train/sans_serif/Carlito/Carlito_0018.png,images/train/sans_serif/Carlito/Carlito_0018.png,Carlito,sans_serif,train,Hello World,Carlito-Regular.ttf,42330375
data/processed/fontsense_system/images/train/sans_serif/Carlito/Carlito_0019.png,images/train/sans_serif/Carlito/Carlito_0019.png,Carlito,sans_serif,train,Modern Design,Carlito-Regular.ttf,42330376
data/processed/fontsense_system/images/validation/sans_serif/Roboto/Roboto_0000.png,images/validation/sans_serif/Roboto/Roboto_0000.png,Roboto,sans_serif,validation,Visual Culture,Roboto-Regular.ttf,42340364
data/processed/fontsense_system/images/validation/sans_serif/Roboto/Roboto_0001.png,images/validation/sans_serif/Roboto/Roboto_0001.png,Roboto,sans_serif,validation,Hello World,Roboto-Regular.ttf,42340365
data/processed/fontsense_system/images/validation/sans_serif/Roboto/Roboto_0002.png,images/validation/sans_serif/Roboto/Roboto_0002.png,Roboto,sans_serif,validation,Creative Studio,Roboto-Regular.ttf,42340366
data/processed/fontsense_system/images/validation/sans_serif/Roboto/Roboto_0003.png,images/validation/sans_serif/Roboto/Roboto_0003.png,Roboto,sans_serif,validation,Editorial Layout,Roboto-Regular.ttf,42340367
data/processed/fontsense_system/images/validation/sans_serif/Roboto/Roboto_0004.png,images/validation/sans_serif/Roboto/Roboto_0004.png,Roboto,sans_serif,validation,FontSense,Roboto-Regular.ttf,42340368
data/processed/fontsense_system/images/validation/sans_serif/Roboto/Roboto_0005.png,images/validation/sans_serif/Roboto/Roboto_0005.png,Roboto,sans_serif,validation,Brand Identity,Roboto-Regular.ttf,42340369
data/processed/fontsense_system/images/validation/sans_serif/Roboto/Roboto_0006.png,images/validation/sans_serif/Roboto/Roboto_0006.png,Roboto,sans_serif,validation,Beautiful Letters,Roboto-Regular.ttf,42340370
data/processed/fontsense_system/images/validation/sans_serif/Roboto/Roboto_0007.png,images/validation/sans_serif/Roboto/Roboto_0007.png,Roboto,sans_serif,validation,Digital Poster,Roboto-Regular.ttf,42340371
data/processed/fontsense_system/images/validation/sans_serif/Roboto/Roboto_0008.png,images/validation/sans_serif/Roboto/Roboto_0008.png,Roboto,sans_serif,validation,Digital Poster,Roboto-Regular.ttf,42340372
data/processed/fontsense_system/images/validation/sans_serif/Roboto/Roboto_0009.png,images/validation/sans_serif/Roboto/Roboto_0009.png,Roboto,sans_serif,validation,Beautiful Letters,Roboto-Regular.ttf,42340373
data/processed/fontsense_system/images/validation/sans_serif/Roboto/Roboto_0010.png,images/validation/sans_serif/Roboto/Roboto_0010.png,Roboto,sans_serif,validation,Beautiful Letters,Roboto-Regular.ttf,42340374
data/processed/fontsense_system/images/validation/sans_serif/Roboto/Roboto_0011.png,images/validation/sans_serif/Roboto/Roboto_0011.png,Roboto,sans_serif,validation,Beautiful Letters,Roboto-Regular.ttf,42340375
data/processed/fontsense_system/images/validation/sans_serif/Roboto/Roboto_0012.png,images/validation/sans_serif/Roboto/Roboto_0012.png,Roboto,sans_serif,validation,Type Matters,Roboto-Regular.ttf,42340376
data/processed/fontsense_system/images/validation/sans_serif/Roboto/Roboto_0013.png,images/validation/sans_serif/Roboto/Roboto_0013.png,Roboto,sans_serif,validation,Type Matters,Roboto-Regular.ttf,42340377
data/processed/fontsense_system/images/validation/sans_serif/Roboto/Roboto_0014.png,images/validation/sans_serif/Roboto/Roboto_0014.png,Roboto,sans_serif,validation,Hello World,Roboto-Regular.ttf,42340378
data/processed/fontsense_system/images/validation/sans_serif/Roboto/Roboto_0015.png,images/validation/sans_serif/Roboto/Roboto_0015.png,Roboto,sans_serif,validation,Hello World,Roboto-Regular.ttf,42340379
data/processed/fontsense_system/images/validation/sans_serif/Roboto/Roboto_0016.png,images/validation/sans_serif/Roboto/Roboto_0016.png,Roboto,sans_serif,validation,Digital Poster,Roboto-Regular.ttf,42340380
data/processed/fontsense_system/images/validation/sans_serif/Roboto/Roboto_0017.png,images/validation/sans_serif/Roboto/Roboto_0017.png,Roboto,sans_serif,validation,Graphic Form,Roboto-Regular.ttf,42340381
data/processed/fontsense_system/images/validation/sans_serif/Roboto/Roboto_0018.png,images/validation/sans_serif/Roboto/Roboto_0018.png,Roboto,sans_serif,validation,Creative Studio,Roboto-Regular.ttf,42340382
data/processed/fontsense_system/images/validation/sans_serif/Roboto/Roboto_0019.png,images/validation/sans_serif/Roboto/Roboto_0019.png,Roboto,sans_serif,validation,Modern Design,Roboto-Regular.ttf,42340383
data/processed/fontsense_system/images/validation/sans_serif/Cabin/Cabin_0000.png,images/validation/sans_serif/Cabin/Cabin_0000.png,Cabin,sans_serif,validation,Shape and Space,Cabin-Regular.otf,42350371
data/processed/fontsense_system/images/validation/sans_serif/Cabin/Cabin_0001.png,images/validation/sans_serif/Cabin/Cabin_0001.png,Cabin,sans_serif,validation,Modern Design,Cabin-Regular.otf,42350372
data/processed/fontsense_system/images/validation/sans_serif/Cabin/Cabin_0002.png,images/validation/sans_serif/Cabin/Cabin_0002.png,Cabin,sans_serif,validation,Beautiful Letters,Cabin-Regular.otf,42350373
data/processed/fontsense_system/images/validation/sans_serif/Cabin/Cabin_0003.png,images/validation/sans_serif/Cabin/Cabin_0003.png,Cabin,sans_serif,validation,Graphic Form,Cabin-Regular.otf,42350374
data/processed/fontsense_system/images/validation/sans_serif/Cabin/Cabin_0004.png,images/validation/sans_serif/Cabin/Cabin_0004.png,Cabin,sans_serif,validation,Typography,Cabin-Regular.otf,42350375
data/processed/fontsense_system/images/validation/sans_serif/Cabin/Cabin_0005.png,images/validation/sans_serif/Cabin/Cabin_0005.png,Cabin,sans_serif,validation,Editorial Layout,Cabin-Regular.otf,42350376
data/processed/fontsense_system/images/validation/sans_serif/Cabin/Cabin_0006.png,images/validation/sans_serif/Cabin/Cabin_0006.png,Cabin,sans_serif,validation,FontSense,Cabin-Regular.otf,42350377
data/processed/fontsense_system/images/validation/sans_serif/Cabin/Cabin_0007.png,images/validation/sans_serif/Cabin/Cabin_0007.png,Cabin,sans_serif,validation,Digital Poster,Cabin-Regular.otf,42350378
data/processed/fontsense_system/images/validation/sans_serif/Cabin/Cabin_0008.png,images/validation/sans_serif/Cabin/Cabin_0008.png,Cabin,sans_serif,validation,Hello World,Cabin-Regular.otf,42350379
data/processed/fontsense_system/images/validation/sans_serif/Cabin/Cabin_0009.png,images/validation/sans_serif/Cabin/Cabin_0009.png,Cabin,sans_serif,validation,Hello World,Cabin-Regular.otf,42350380
data/processed/fontsense_system/images/validation/sans_serif/Cabin/Cabin_0010.png,images/validation/sans_serif/Cabin/Cabin_0010.png,Cabin,sans_serif,validation,Editorial Layout,Cabin-Regular.otf,42350381
data/processed/fontsense_system/images/validation/sans_serif/Cabin/Cabin_0011.png,images/validation/sans_serif/Cabin/Cabin_0011.png,Cabin,sans_serif,validation,Brand Identity,Cabin-Regular.otf,42350382
data/processed/fontsense_system/images/validation/sans_serif/Cabin/Cabin_0012.png,images/validation/sans_serif/Cabin/Cabin_0012.png,Cabin,sans_serif,validation,Future Vision,Cabin-Regular.otf,42350383
data/processed/fontsense_system/images/validation/sans_serif/Cabin/Cabin_0013.png,images/validation/sans_serif/Cabin/Cabin_0013.png,Cabin,sans_serif,validation,Typography,Cabin-Regular.otf,42350384
data/processed/fontsense_system/images/validation/sans_serif/Cabin/Cabin_0014.png,images/validation/sans_serif/Cabin/Cabin_0014.png,Cabin,sans_serif,validation,Visual Culture,Cabin-Regular.otf,42350385
data/processed/fontsense_system/images/validation/sans_serif/Cabin/Cabin_0015.png,images/validation/sans_serif/Cabin/Cabin_0015.png,Cabin,sans_serif,validation,Shape and Space,Cabin-Regular.otf,42350386
data/processed/fontsense_system/images/validation/sans_serif/Cabin/Cabin_0016.png,images/validation/sans_serif/Cabin/Cabin_0016.png,Cabin,sans_serif,validation,Modern Design,Cabin-Regular.otf,42350387
data/processed/fontsense_system/images/validation/sans_serif/Cabin/Cabin_0017.png,images/validation/sans_serif/Cabin/Cabin_0017.png,Cabin,sans_serif,validation,Modern Design,Cabin-Regular.otf,42350388
data/processed/fontsense_system/images/validation/sans_serif/Cabin/Cabin_0018.png,images/validation/sans_serif/Cabin/Cabin_0018.png,Cabin,sans_serif,validation,Editorial Layout,Cabin-Regular.otf,42350389
data/processed/fontsense_system/images/validation/sans_serif/Cabin/Cabin_0019.png,images/validation/sans_serif/Cabin/Cabin_0019.png,Cabin,sans_serif,validation,Design System,Cabin-Regular.otf,42350390
data/processed/fontsense_system/images/test/sans_serif/Lato/Lato_0000.png,images/test/sans_serif/Lato/Lato_0000.png,Lato,sans_serif,test,Shape and Space,Lato-Regular.ttf,42360378
data/processed/fontsense_system/images/test/sans_serif/Lato/Lato_0001.png,images/test/sans_serif/Lato/Lato_0001.png,Lato,sans_serif,test,Brand Identity,Lato-Regular.ttf,42360379
data/processed/fontsense_system/images/test/sans_serif/Lato/Lato_0002.png,images/test/sans_serif/Lato/Lato_0002.png,Lato,sans_serif,test,Digital Poster,Lato-Regular.ttf,42360380
data/processed/fontsense_system/images/test/sans_serif/Lato/Lato_0003.png,images/test/sans_serif/Lato/Lato_0003.png,Lato,sans_serif,test,Design System,Lato-Regular.ttf,42360381
data/processed/fontsense_system/images/test/sans_serif/Lato/Lato_0004.png,images/test/sans_serif/Lato/Lato_0004.png,Lato,sans_serif,test,FontSense,Lato-Regular.ttf,42360382
data/processed/fontsense_system/images/test/sans_serif/Lato/Lato_0005.png,images/test/sans_serif/Lato/Lato_0005.png,Lato,sans_serif,test,Design System,Lato-Regular.ttf,42360383
data/processed/fontsense_system/images/test/sans_serif/Lato/Lato_0006.png,images/test/sans_serif/Lato/Lato_0006.png,Lato,sans_serif,test,Typography,Lato-Regular.ttf,42360384
data/processed/fontsense_system/images/test/sans_serif/Lato/Lato_0007.png,images/test/sans_serif/Lato/Lato_0007.png,Lato,sans_serif,test,Editorial Layout,Lato-Regular.ttf,42360385
data/processed/fontsense_system/images/test/sans_serif/Lato/Lato_0008.png,images/test/sans_serif/Lato/Lato_0008.png,Lato,sans_serif,test,Shape and Space,Lato-Regular.ttf,42360386
data/processed/fontsense_system/images/test/sans_serif/Lato/Lato_0009.png,images/test/sans_serif/Lato/Lato_0009.png,Lato,sans_serif,test,Hello World,Lato-Regular.ttf,42360387
data/processed/fontsense_system/images/test/sans_serif/Lato/Lato_0010.png,images/test/sans_serif/Lato/Lato_0010.png,Lato,sans_serif,test,Editorial Layout,Lato-Regular.ttf,42360388
data/processed/fontsense_system/images/test/sans_serif/Lato/Lato_0011.png,images/test/sans_serif/Lato/Lato_0011.png,Lato,sans_serif,test,Digital Poster,Lato-Regular.ttf,42360389
data/processed/fontsense_system/images/test/sans_serif/Lato/Lato_0012.png,images/test/sans_serif/Lato/Lato_0012.png,Lato,sans_serif,test,Future Vision,Lato-Regular.ttf,42360390
data/processed/fontsense_system/images/test/sans_serif/Lato/Lato_0013.png,images/test/sans_serif/Lato/Lato_0013.png,Lato,sans_serif,test,Graphic Form,Lato-Regular.ttf,42360391
data/processed/fontsense_system/images/test/sans_serif/Lato/Lato_0014.png,images/test/sans_serif/Lato/Lato_0014.png,Lato,sans_serif,test,Creative Studio,Lato-Regular.ttf,42360392
data/processed/fontsense_system/images/test/sans_serif/Lato/Lato_0015.png,images/test/sans_serif/Lato/Lato_0015.png,Lato,sans_serif,test,Editorial Layout,Lato-Regular.ttf,42360393
data/processed/fontsense_system/images/test/sans_serif/Lato/Lato_0016.png,images/test/sans_serif/Lato/Lato_0016.png,Lato,sans_serif,test,Type Matters,Lato-Regular.ttf,42360394
data/processed/fontsense_system/images/test/sans_serif/Lato/Lato_0017.png,images/test/sans_serif/Lato/Lato_0017.png,Lato,sans_serif,test,Hello World,Lato-Regular.ttf,42360395
data/processed/fontsense_system/images/test/sans_serif/Lato/Lato_0018.png,images/test/sans_serif/Lato/Lato_0018.png,Lato,sans_serif,test,Brand Identity,Lato-Regular.ttf,42360396
data/processed/fontsense_system/images/test/sans_serif/Lato/Lato_0019.png,images/test/sans_serif/Lato/Lato_0019.png,Lato,sans_serif,test,Design System,Lato-Regular.ttf,42360397
data/processed/fontsense_system/images/test/sans_serif/Cantarell/Cantarell_0000.png,images/test/sans_serif/Cantarell/Cantarell_0000.png,Cantarell,sans_serif,test,Editorial Layout,Cantarell-VF.otf,42370385
data/processed/fontsense_system/images/test/sans_serif/Cantarell/Cantarell_0001.png,images/test/sans_serif/Cantarell/Cantarell_0001.png,Cantarell,sans_serif,test,Typography,Cantarell-VF.otf,42370386
data/processed/fontsense_system/images/test/sans_serif/Cantarell/Cantarell_0002.png,images/test/sans_serif/Cantarell/Cantarell_0002.png,Cantarell,sans_serif,test,Modern Design,Cantarell-VF.otf,42370387
data/processed/fontsense_system/images/test/sans_serif/Cantarell/Cantarell_0003.png,images/test/sans_serif/Cantarell/Cantarell_0003.png,Cantarell,sans_serif,test,Design System,Cantarell-VF.otf,42370388
data/processed/fontsense_system/images/test/sans_serif/Cantarell/Cantarell_0004.png,images/test/sans_serif/Cantarell/Cantarell_0004.png,Cantarell,sans_serif,test,Creative Studio,Cantarell-VF.otf,42370389
data/processed/fontsense_system/images/test/sans_serif/Cantarell/Cantarell_0005.png,images/test/sans_serif/Cantarell/Cantarell_0005.png,Cantarell,sans_serif,test,Visual Culture,Cantarell-VF.otf,42370390
data/processed/fontsense_system/images/test/sans_serif/Cantarell/Cantarell_0006.png,images/test/sans_serif/Cantarell/Cantarell_0006.png,Cantarell,sans_serif,test,Beautiful Letters,Cantarell-VF.otf,42370391
data/processed/fontsense_system/images/test/sans_serif/Cantarell/Cantarell_0007.png,images/test/sans_serif/Cantarell/Cantarell_0007.png,Cantarell,sans_serif,test,Brand Identity,Cantarell-VF.otf,42370392
data/processed/fontsense_system/images/test/sans_serif/Cantarell/Cantarell_0008.png,images/test/sans_serif/Cantarell/Cantarell_0008.png,Cantarell,sans_serif,test,Editorial Layout,Cantarell-VF.otf,42370393
data/processed/fontsense_system/images/test/sans_serif/Cantarell/Cantarell_0009.png,images/test/sans_serif/Cantarell/Cantarell_0009.png,Cantarell,sans_serif,test,Type Matters,Cantarell-VF.otf,42370394
data/processed/fontsense_system/images/test/sans_serif/Cantarell/Cantarell_0010.png,images/test/sans_serif/Cantarell/Cantarell_0010.png,Cantarell,sans_serif,test,Typography,Cantarell-VF.otf,42370395
data/processed/fontsense_system/images/test/sans_serif/Cantarell/Cantarell_0011.png,images/test/sans_serif/Cantarell/Cantarell_0011.png,Cantarell,sans_serif,test,FontSense,Cantarell-VF.otf,42370396
data/processed/fontsense_system/images/test/sans_serif/Cantarell/Cantarell_0012.png,images/test/sans_serif/Cantarell/Cantarell_0012.png,Cantarell,sans_serif,test,Type Matters,Cantarell-VF.otf,42370397
data/processed/fontsense_system/images/test/sans_serif/Cantarell/Cantarell_0013.png,images/test/sans_serif/Cantarell/Cantarell_0013.png,Cantarell,sans_serif,test,Graphic Form,Cantarell-VF.otf,42370398
data/processed/fontsense_system/images/test/sans_serif/Cantarell/Cantarell_0014.png,images/test/sans_serif/Cantarell/Cantarell_0014.png,Cantarell,sans_serif,test,Shape and Space,Cantarell-VF.otf,42370399
data/processed/fontsense_system/images/test/sans_serif/Cantarell/Cantarell_0015.png,images/test/sans_serif/Cantarell/Cantarell_0015.png,Cantarell,sans_serif,test,Design System,Cantarell-VF.otf,42370400
data/processed/fontsense_system/images/test/sans_serif/Cantarell/Cantarell_0016.png,images/test/sans_serif/Cantarell/Cantarell_0016.png,Cantarell,sans_serif,test,Typography,Cantarell-VF.otf,42370401
data/processed/fontsense_system/images/test/sans_serif/Cantarell/Cantarell_0017.png,images/test/sans_serif/Cantarell/Cantarell_0017.png,Cantarell,sans_serif,test,Future Vision,Cantarell-VF.otf,42370402
data/processed/fontsense_system/images/test/sans_serif/Cantarell/Cantarell_0018.png,images/test/sans_serif/Cantarell/Cantarell_0018.png,Cantarell,sans_serif,test,Brand Identity,Cantarell-VF.otf,42370403
data/processed/fontsense_system/images/test/sans_serif/Cantarell/Cantarell_0019.png,images/test/sans_serif/Cantarell/Cantarell_0019.png,Cantarell,sans_serif,test,Digital Poster,Cantarell-VF.otf,42370404
data/processed/fontsense_system/images/train/serif/DejaVu_Serif/DejaVu_Serif_0000.png,images/train/serif/DejaVu_Serif/DejaVu_Serif_0000.png,DejaVu Serif,serif,train,Modern Design,DejaVuSerif.ttf,42380392
data/processed/fontsense_system/images/train/serif/DejaVu_Serif/DejaVu_Serif_0001.png,images/train/serif/DejaVu_Serif/DejaVu_Serif_0001.png,DejaVu Serif,serif,train,Creative Studio,DejaVuSerif.ttf,42380393
data/processed/fontsense_system/images/train/serif/DejaVu_Serif/DejaVu_Serif_0002.png,images/train/serif/DejaVu_Serif/DejaVu_Serif_0002.png,DejaVu Serif,serif,train,Modern Design,DejaVuSerif.ttf,42380394
data/processed/fontsense_system/images/train/serif/DejaVu_Serif/DejaVu_Serif_0003.png,images/train/serif/DejaVu_Serif/DejaVu_Serif_0003.png,DejaVu Serif,serif,train,FontSense,DejaVuSerif.ttf,42380395
data/processed/fontsense_system/images/train/serif/DejaVu_Serif/DejaVu_Serif_0004.png,images/train/serif/DejaVu_Serif/DejaVu_Serif_0004.png,DejaVu Serif,serif,train,Type Matters,DejaVuSerif.ttf,42380396
data/processed/fontsense_system/images/train/serif/DejaVu_Serif/DejaVu_Serif_0005.png,images/train/serif/DejaVu_Serif/DejaVu_Serif_0005.png,DejaVu Serif,serif,train,Modern Design,DejaVuSerif.ttf,42380397
data/processed/fontsense_system/images/train/serif/DejaVu_Serif/DejaVu_Serif_0006.png,images/train/serif/DejaVu_Serif/DejaVu_Serif_0006.png,DejaVu Serif,serif,train,Visual Culture,DejaVuSerif.ttf,42380398
data/processed/fontsense_system/images/train/serif/DejaVu_Serif/DejaVu_Serif_0007.png,images/train/serif/DejaVu_Serif/DejaVu_Serif_0007.png,DejaVu Serif,serif,train,Graphic Form,DejaVuSerif.ttf,42380399
data/processed/fontsense_system/images/train/serif/DejaVu_Serif/DejaVu_Serif_0008.png,images/train/serif/DejaVu_Serif/DejaVu_Serif_0008.png,DejaVu Serif,serif,train,Visual Culture,DejaVuSerif.ttf,42380400
data/processed/fontsense_system/images/train/serif/DejaVu_Serif/DejaVu_Serif_0009.png,images/train/serif/DejaVu_Serif/DejaVu_Serif_0009.png,DejaVu Serif,serif,train,Brand Identity,DejaVuSerif.ttf,42380401
data/processed/fontsense_system/images/train/serif/DejaVu_Serif/DejaVu_Serif_0010.png,images/train/serif/DejaVu_Serif/DejaVu_Serif_0010.png,DejaVu Serif,serif,train,Shape and Space,DejaVuSerif.ttf,42380402
data/processed/fontsense_system/images/train/serif/DejaVu_Serif/DejaVu_Serif_0011.png,images/train/serif/DejaVu_Serif/DejaVu_Serif_0011.png,DejaVu Serif,serif,train,Brand Identity,DejaVuSerif.ttf,42380403
data/processed/fontsense_system/images/train/serif/DejaVu_Serif/DejaVu_Serif_0012.png,images/train/serif/DejaVu_Serif/DejaVu_Serif_0012.png,DejaVu Serif,serif,train,Editorial Layout,DejaVuSerif.ttf,42380404
data/processed/fontsense_system/images/train/serif/DejaVu_Serif/DejaVu_Serif_0013.png,images/train/serif/DejaVu_Serif/DejaVu_Serif_0013.png,DejaVu Serif,serif,train,Type Matters,DejaVuSerif.ttf,42380405
data/processed/fontsense_system/images/train/serif/DejaVu_Serif/DejaVu_Serif_0014.png,images/train/serif/DejaVu_Serif/DejaVu_Serif_0014.png,DejaVu Serif,serif,train,Hello World,DejaVuSerif.ttf,42380406
data/processed/fontsense_system/images/train/serif/DejaVu_Serif/DejaVu_Serif_0015.png,images/train/serif/DejaVu_Serif/DejaVu_Serif_0015.png,DejaVu Serif,serif,train,Creative Studio,DejaVuSerif.ttf,42380407
data/processed/fontsense_system/images/train/serif/DejaVu_Serif/DejaVu_Serif_0016.png,images/train/serif/DejaVu_Serif/DejaVu_Serif_0016.png,DejaVu Serif,serif,train,Brand Identity,DejaVuSerif.ttf,42380408
data/processed/fontsense_system/images/train/serif/DejaVu_Serif/DejaVu_Serif_0017.png,images/train/serif/DejaVu_Serif/DejaVu_Serif_0017.png,DejaVu Serif,serif,train,Typography,DejaVuSerif.ttf,42380409
data/processed/fontsense_system/images/train/serif/DejaVu_Serif/DejaVu_Serif_0018.png,images/train/serif/DejaVu_Serif/DejaVu_Serif_0018.png,DejaVu Serif,serif,train,Editorial Layout,DejaVuSerif.ttf,42380410
data/processed/fontsense_system/images/train/serif/DejaVu_Serif/DejaVu_Serif_0019.png,images/train/serif/DejaVu_Serif/DejaVu_Serif_0019.png,DejaVu Serif,serif,train,Visual Culture,DejaVuSerif.ttf,42380411
data/processed/fontsense_system/images/train/serif/PT_Serif/PT_Serif_0000.png,images/train/serif/PT_Serif/PT_Serif_0000.png,PT Serif,serif,train,Shape and Space,PTF55F.ttf,42390399
data/processed/fontsense_system/images/train/serif/PT_Serif/PT_Serif_0001.png,images/train/serif/PT_Serif/PT_Serif_0001.png,PT Serif,serif,train,Digital Poster,PTF55F.ttf,42390400
data/processed/fontsense_system/images/train/serif/PT_Serif/PT_Serif_0002.png,images/train/serif/PT_Serif/PT_Serif_0002.png,PT Serif,serif,train,Future Vision,PTF55F.ttf,42390401
data/processed/fontsense_system/images/train/serif/PT_Serif/PT_Serif_0003.png,images/train/serif/PT_Serif/PT_Serif_0003.png,PT Serif,serif,train,FontSense,PTF55F.ttf,42390402
data/processed/fontsense_system/images/train/serif/PT_Serif/PT_Serif_0004.png,images/train/serif/PT_Serif/PT_Serif_0004.png,PT Serif,serif,train,Editorial Layout,PTF55F.ttf,42390403
data/processed/fontsense_system/images/train/serif/PT_Serif/PT_Serif_0005.png,images/train/serif/PT_Serif/PT_Serif_0005.png,PT Serif,serif,train,Brand Identity,PTF55F.ttf,42390404
data/processed/fontsense_system/images/train/serif/PT_Serif/PT_Serif_0006.png,images/train/serif/PT_Serif/PT_Serif_0006.png,PT Serif,serif,train,Future Vision,PTF55F.ttf,42390405
data/processed/fontsense_system/images/train/serif/PT_Serif/PT_Serif_0007.png,images/train/serif/PT_Serif/PT_Serif_0007.png,PT Serif,serif,train,Future Vision,PTF55F.ttf,42390406
data/processed/fontsense_system/images/train/serif/PT_Serif/PT_Serif_0008.png,images/train/serif/PT_Serif/PT_Serif_0008.png,PT Serif,serif,train,Graphic Form,PTF55F.ttf,42390407
data/processed/fontsense_system/images/train/serif/PT_Serif/PT_Serif_0009.png,images/train/serif/PT_Serif/PT_Serif_0009.png,PT Serif,serif,train,Modern Design,PTF55F.ttf,42390408
data/processed/fontsense_system/images/train/serif/PT_Serif/PT_Serif_0010.png,images/train/serif/PT_Serif/PT_Serif_0010.png,PT Serif,serif,train,Hello World,PTF55F.ttf,42390409
data/processed/fontsense_system/images/train/serif/PT_Serif/PT_Serif_0011.png,images/train/serif/PT_Serif/PT_Serif_0011.png,PT Serif,serif,train,Digital Poster,PTF55F.ttf,42390410
data/processed/fontsense_system/images/train/serif/PT_Serif/PT_Serif_0012.png,images/train/serif/PT_Serif/PT_Serif_0012.png,PT Serif,serif,train,Shape and Space,PTF55F.ttf,42390411
data/processed/fontsense_system/images/train/serif/PT_Serif/PT_Serif_0013.png,images/train/serif/PT_Serif/PT_Serif_0013.png,PT Serif,serif,train,Visual Culture,PTF55F.ttf,42390412
data/processed/fontsense_system/images/train/serif/PT_Serif/PT_Serif_0014.png,images/train/serif/PT_Serif/PT_Serif_0014.png,PT Serif,serif,train,Visual Culture,PTF55F.ttf,42390413
data/processed/fontsense_system/images/train/serif/PT_Serif/PT_Serif_0015.png,images/train/serif/PT_Serif/PT_Serif_0015.png,PT Serif,serif,train,Editorial Layout,PTF55F.ttf,42390414
data/processed/fontsense_system/images/train/serif/PT_Serif/PT_Serif_0016.png,images/train/serif/PT_Serif/PT_Serif_0016.png,PT Serif,serif,train,Hello World,PTF55F.ttf,42390415
data/processed/fontsense_system/images/train/serif/PT_Serif/PT_Serif_0017.png,images/train/serif/PT_Serif/PT_Serif_0017.png,PT Serif,serif,train,FontSense,PTF55F.ttf,42390416
data/processed/fontsense_system/images/train/serif/PT_Serif/PT_Serif_0018.png,images/train/serif/PT_Serif/PT_Serif_0018.png,PT Serif,serif,train,Future Vision,PTF55F.ttf,42390417
data/processed/fontsense_system/images/train/serif/PT_Serif/PT_Serif_0019.png,images/train/serif/PT_Serif/PT_Serif_0019.png,PT Serif,serif,train,Creative Studio,PTF55F.ttf,42390418
data/processed/fontsense_system/images/train/serif/EB_Garamond/EB_Garamond_0000.png,images/train/serif/EB_Garamond/EB_Garamond_0000.png,EB Garamond,serif,train,Brand Identity,EBGaramond08-Regular.ttf,42400406
data/processed/fontsense_system/images/train/serif/EB_Garamond/EB_Garamond_0001.png,images/train/serif/EB_Garamond/EB_Garamond_0001.png,EB Garamond,serif,train,Digital Poster,EBGaramond08-Regular.ttf,42400407
data/processed/fontsense_system/images/train/serif/EB_Garamond/EB_Garamond_0002.png,images/train/serif/EB_Garamond/EB_Garamond_0002.png,EB Garamond,serif,train,Type Matters,EBGaramond08-Regular.ttf,42400408
data/processed/fontsense_system/images/train/serif/EB_Garamond/EB_Garamond_0003.png,images/train/serif/EB_Garamond/EB_Garamond_0003.png,EB Garamond,serif,train,Digital Poster,EBGaramond08-Regular.ttf,42400409
data/processed/fontsense_system/images/train/serif/EB_Garamond/EB_Garamond_0004.png,images/train/serif/EB_Garamond/EB_Garamond_0004.png,EB Garamond,serif,train,Visual Culture,EBGaramond08-Regular.ttf,42400410
data/processed/fontsense_system/images/train/serif/EB_Garamond/EB_Garamond_0005.png,images/train/serif/EB_Garamond/EB_Garamond_0005.png,EB Garamond,serif,train,Type Matters,EBGaramond08-Regular.ttf,42400411
data/processed/fontsense_system/images/train/serif/EB_Garamond/EB_Garamond_0006.png,images/train/serif/EB_Garamond/EB_Garamond_0006.png,EB Garamond,serif,train,Beautiful Letters,EBGaramond08-Regular.ttf,42400412
data/processed/fontsense_system/images/train/serif/EB_Garamond/EB_Garamond_0007.png,images/train/serif/EB_Garamond/EB_Garamond_0007.png,EB Garamond,serif,train,Beautiful Letters,EBGaramond08-Regular.ttf,42400413
data/processed/fontsense_system/images/train/serif/EB_Garamond/EB_Garamond_0008.png,images/train/serif/EB_Garamond/EB_Garamond_0008.png,EB Garamond,serif,train,Beautiful Letters,EBGaramond08-Regular.ttf,42400414
data/processed/fontsense_system/images/train/serif/EB_Garamond/EB_Garamond_0009.png,images/train/serif/EB_Garamond/EB_Garamond_0009.png,EB Garamond,serif,train,Design System,EBGaramond08-Regular.ttf,42400415
data/processed/fontsense_system/images/train/serif/EB_Garamond/EB_Garamond_0010.png,images/train/serif/EB_Garamond/EB_Garamond_0010.png,EB Garamond,serif,train,Future Vision,EBGaramond08-Regular.ttf,42400416
data/processed/fontsense_system/images/train/serif/EB_Garamond/EB_Garamond_0011.png,images/train/serif/EB_Garamond/EB_Garamond_0011.png,EB Garamond,serif,train,Brand Identity,EBGaramond08-Regular.ttf,42400417
data/processed/fontsense_system/images/train/serif/EB_Garamond/EB_Garamond_0012.png,images/train/serif/EB_Garamond/EB_Garamond_0012.png,EB Garamond,serif,train,FontSense,EBGaramond08-Regular.ttf,42400418
data/processed/fontsense_system/images/train/serif/EB_Garamond/EB_Garamond_0013.png,images/train/serif/EB_Garamond/EB_Garamond_0013.png,EB Garamond,serif,train,Creative Studio,EBGaramond08-Regular.ttf,42400419
data/processed/fontsense_system/images/train/serif/EB_Garamond/EB_Garamond_0014.png,images/train/serif/EB_Garamond/EB_Garamond_0014.png,EB Garamond,serif,train,Creative Studio,EBGaramond08-Regular.ttf,42400420
data/processed/fontsense_system/images/train/serif/EB_Garamond/EB_Garamond_0015.png,images/train/serif/EB_Garamond/EB_Garamond_0015.png,EB Garamond,serif,train,Graphic Form,EBGaramond08-Regular.ttf,42400421
data/processed/fontsense_system/images/train/serif/EB_Garamond/EB_Garamond_0016.png,images/train/serif/EB_Garamond/EB_Garamond_0016.png,EB Garamond,serif,train,Shape and Space,EBGaramond08-Regular.ttf,42400422
data/processed/fontsense_system/images/train/serif/EB_Garamond/EB_Garamond_0017.png,images/train/serif/EB_Garamond/EB_Garamond_0017.png,EB Garamond,serif,train,Shape and Space,EBGaramond08-Regular.ttf,42400423
data/processed/fontsense_system/images/train/serif/EB_Garamond/EB_Garamond_0018.png,images/train/serif/EB_Garamond/EB_Garamond_0018.png,EB Garamond,serif,train,Future Vision,EBGaramond08-Regular.ttf,42400424
data/processed/fontsense_system/images/train/serif/EB_Garamond/EB_Garamond_0019.png,images/train/serif/EB_Garamond/EB_Garamond_0019.png,EB Garamond,serif,train,Future Vision,EBGaramond08-Regular.ttf,42400425
data/processed/fontsense_system/images/train/serif/Gentium/Gentium_0000.png,images/train/serif/Gentium/Gentium_0000.png,Gentium,serif,train,Design System,Gentium-R.ttf,42410413
data/processed/fontsense_system/images/train/serif/Gentium/Gentium_0001.png,images/train/serif/Gentium/Gentium_0001.png,Gentium,serif,train,Visual Culture,Gentium-R.ttf,42410414
data/processed/fontsense_system/images/train/serif/Gentium/Gentium_0002.png,images/train/serif/Gentium/Gentium_0002.png,Gentium,serif,train,Modern Design,Gentium-R.ttf,42410415
data/processed/fontsense_system/images/train/serif/Gentium/Gentium_0003.png,images/train/serif/Gentium/Gentium_0003.png,Gentium,serif,train,Creative Studio,Gentium-R.ttf,42410416
data/processed/fontsense_system/images/train/serif/Gentium/Gentium_0004.png,images/train/serif/Gentium/Gentium_0004.png,Gentium,serif,train,Hello World,Gentium-R.ttf,42410417
data/processed/fontsense_system/images/train/serif/Gentium/Gentium_0005.png,images/train/serif/Gentium/Gentium_0005.png,Gentium,serif,train,FontSense,Gentium-R.ttf,42410418
data/processed/fontsense_system/images/train/serif/Gentium/Gentium_0006.png,images/train/serif/Gentium/Gentium_0006.png,Gentium,serif,train,Graphic Form,Gentium-R.ttf,42410419
data/processed/fontsense_system/images/train/serif/Gentium/Gentium_0007.png,images/train/serif/Gentium/Gentium_0007.png,Gentium,serif,train,Beautiful Letters,Gentium-R.ttf,42410420
data/processed/fontsense_system/images/train/serif/Gentium/Gentium_0008.png,images/train/serif/Gentium/Gentium_0008.png,Gentium,serif,train,Creative Studio,Gentium-R.ttf,42410421
data/processed/fontsense_system/images/train/serif/Gentium/Gentium_0009.png,images/train/serif/Gentium/Gentium_0009.png,Gentium,serif,train,Future Vision,Gentium-R.ttf,42410422
data/processed/fontsense_system/images/train/serif/Gentium/Gentium_0010.png,images/train/serif/Gentium/Gentium_0010.png,Gentium,serif,train,Digital Poster,Gentium-R.ttf,42410423
data/processed/fontsense_system/images/train/serif/Gentium/Gentium_0011.png,images/train/serif/Gentium/Gentium_0011.png,Gentium,serif,train,Visual Culture,Gentium-R.ttf,42410424
data/processed/fontsense_system/images/train/serif/Gentium/Gentium_0012.png,images/train/serif/Gentium/Gentium_0012.png,Gentium,serif,train,Hello World,Gentium-R.ttf,42410425
data/processed/fontsense_system/images/train/serif/Gentium/Gentium_0013.png,images/train/serif/Gentium/Gentium_0013.png,Gentium,serif,train,FontSense,Gentium-R.ttf,42410426
data/processed/fontsense_system/images/train/serif/Gentium/Gentium_0014.png,images/train/serif/Gentium/Gentium_0014.png,Gentium,serif,train,Design System,Gentium-R.ttf,42410427
data/processed/fontsense_system/images/train/serif/Gentium/Gentium_0015.png,images/train/serif/Gentium/Gentium_0015.png,Gentium,serif,train,Typography,Gentium-R.ttf,42410428
data/processed/fontsense_system/images/train/serif/Gentium/Gentium_0016.png,images/train/serif/Gentium/Gentium_0016.png,Gentium,serif,train,Future Vision,Gentium-R.ttf,42410429
data/processed/fontsense_system/images/train/serif/Gentium/Gentium_0017.png,images/train/serif/Gentium/Gentium_0017.png,Gentium,serif,train,Creative Studio,Gentium-R.ttf,42410430
data/processed/fontsense_system/images/train/serif/Gentium/Gentium_0018.png,images/train/serif/Gentium/Gentium_0018.png,Gentium,serif,train,Typography,Gentium-R.ttf,42410431
data/processed/fontsense_system/images/train/serif/Gentium/Gentium_0019.png,images/train/serif/Gentium/Gentium_0019.png,Gentium,serif,train,Creative Studio,Gentium-R.ttf,42410432
data/processed/fontsense_system/images/train/serif/FreeSerif/FreeSerif_0000.png,images/train/serif/FreeSerif/FreeSerif_0000.png,FreeSerif,serif,train,Creative Studio,FreeSerif.otf,42420420
data/processed/fontsense_system/images/train/serif/FreeSerif/FreeSerif_0001.png,images/train/serif/FreeSerif/FreeSerif_0001.png,FreeSerif,serif,train,Editorial Layout,FreeSerif.otf,42420421
data/processed/fontsense_system/images/train/serif/FreeSerif/FreeSerif_0002.png,images/train/serif/FreeSerif/FreeSerif_0002.png,FreeSerif,serif,train,Graphic Form,FreeSerif.otf,42420422
data/processed/fontsense_system/images/train/serif/FreeSerif/FreeSerif_0003.png,images/train/serif/FreeSerif/FreeSerif_0003.png,FreeSerif,serif,train,Editorial Layout,FreeSerif.otf,42420423
data/processed/fontsense_system/images/train/serif/FreeSerif/FreeSerif_0004.png,images/train/serif/FreeSerif/FreeSerif_0004.png,FreeSerif,serif,train,Hello World,FreeSerif.otf,42420424
data/processed/fontsense_system/images/train/serif/FreeSerif/FreeSerif_0005.png,images/train/serif/FreeSerif/FreeSerif_0005.png,FreeSerif,serif,train,Design System,FreeSerif.otf,42420425
data/processed/fontsense_system/images/train/serif/FreeSerif/FreeSerif_0006.png,images/train/serif/FreeSerif/FreeSerif_0006.png,FreeSerif,serif,train,Type Matters,FreeSerif.otf,42420426
data/processed/fontsense_system/images/train/serif/FreeSerif/FreeSerif_0007.png,images/train/serif/FreeSerif/FreeSerif_0007.png,FreeSerif,serif,train,FontSense,FreeSerif.otf,42420427
data/processed/fontsense_system/images/train/serif/FreeSerif/FreeSerif_0008.png,images/train/serif/FreeSerif/FreeSerif_0008.png,FreeSerif,serif,train,Brand Identity,FreeSerif.otf,42420428
data/processed/fontsense_system/images/train/serif/FreeSerif/FreeSerif_0009.png,images/train/serif/FreeSerif/FreeSerif_0009.png,FreeSerif,serif,train,Typography,FreeSerif.otf,42420429
data/processed/fontsense_system/images/train/serif/FreeSerif/FreeSerif_0010.png,images/train/serif/FreeSerif/FreeSerif_0010.png,FreeSerif,serif,train,Brand Identity,FreeSerif.otf,42420430
data/processed/fontsense_system/images/train/serif/FreeSerif/FreeSerif_0011.png,images/train/serif/FreeSerif/FreeSerif_0011.png,FreeSerif,serif,train,Hello World,FreeSerif.otf,42420431
data/processed/fontsense_system/images/train/serif/FreeSerif/FreeSerif_0012.png,images/train/serif/FreeSerif/FreeSerif_0012.png,FreeSerif,serif,train,Hello World,FreeSerif.otf,42420432
data/processed/fontsense_system/images/train/serif/FreeSerif/FreeSerif_0013.png,images/train/serif/FreeSerif/FreeSerif_0013.png,FreeSerif,serif,train,Hello World,FreeSerif.otf,42420433
data/processed/fontsense_system/images/train/serif/FreeSerif/FreeSerif_0014.png,images/train/serif/FreeSerif/FreeSerif_0014.png,FreeSerif,serif,train,Design System,FreeSerif.otf,42420434
data/processed/fontsense_system/images/train/serif/FreeSerif/FreeSerif_0015.png,images/train/serif/FreeSerif/FreeSerif_0015.png,FreeSerif,serif,train,Typography,FreeSerif.otf,42420435
data/processed/fontsense_system/images/train/serif/FreeSerif/FreeSerif_0016.png,images/train/serif/FreeSerif/FreeSerif_0016.png,FreeSerif,serif,train,Typography,FreeSerif.otf,42420436
data/processed/fontsense_system/images/train/serif/FreeSerif/FreeSerif_0017.png,images/train/serif/FreeSerif/FreeSerif_0017.png,FreeSerif,serif,train,Shape and Space,FreeSerif.otf,42420437
data/processed/fontsense_system/images/train/serif/FreeSerif/FreeSerif_0018.png,images/train/serif/FreeSerif/FreeSerif_0018.png,FreeSerif,serif,train,FontSense,FreeSerif.otf,42420438
data/processed/fontsense_system/images/train/serif/FreeSerif/FreeSerif_0019.png,images/train/serif/FreeSerif/FreeSerif_0019.png,FreeSerif,serif,train,Brand Identity,FreeSerif.otf,42420439
data/processed/fontsense_system/images/train/serif/Noto_Serif/Noto_Serif_0000.png,images/train/serif/Noto_Serif/Noto_Serif_0000.png,Noto Serif,serif,train,Digital Poster,NotoSerif-Regular.ttf,42430427
data/processed/fontsense_system/images/train/serif/Noto_Serif/Noto_Serif_0001.png,images/train/serif/Noto_Serif/Noto_Serif_0001.png,Noto Serif,serif,train,Digital Poster,NotoSerif-Regular.ttf,42430428
data/processed/fontsense_system/images/train/serif/Noto_Serif/Noto_Serif_0002.png,images/train/serif/Noto_Serif/Noto_Serif_0002.png,Noto Serif,serif,train,Hello World,NotoSerif-Regular.ttf,42430429
data/processed/fontsense_system/images/train/serif/Noto_Serif/Noto_Serif_0003.png,images/train/serif/Noto_Serif/Noto_Serif_0003.png,Noto Serif,serif,train,Modern Design,NotoSerif-Regular.ttf,42430430
data/processed/fontsense_system/images/train/serif/Noto_Serif/Noto_Serif_0004.png,images/train/serif/Noto_Serif/Noto_Serif_0004.png,Noto Serif,serif,train,Graphic Form,NotoSerif-Regular.ttf,42430431
data/processed/fontsense_system/images/train/serif/Noto_Serif/Noto_Serif_0005.png,images/train/serif/Noto_Serif/Noto_Serif_0005.png,Noto Serif,serif,train,Graphic Form,NotoSerif-Regular.ttf,42430432
data/processed/fontsense_system/images/train/serif/Noto_Serif/Noto_Serif_0006.png,images/train/serif/Noto_Serif/Noto_Serif_0006.png,Noto Serif,serif,train,Future Vision,NotoSerif-Regular.ttf,42430433
data/processed/fontsense_system/images/train/serif/Noto_Serif/Noto_Serif_0007.png,images/train/serif/Noto_Serif/Noto_Serif_0007.png,Noto Serif,serif,train,Design System,NotoSerif-Regular.ttf,42430434
data/processed/fontsense_system/images/train/serif/Noto_Serif/Noto_Serif_0008.png,images/train/serif/Noto_Serif/Noto_Serif_0008.png,Noto Serif,serif,train,Editorial Layout,NotoSerif-Regular.ttf,42430435
data/processed/fontsense_system/images/train/serif/Noto_Serif/Noto_Serif_0009.png,images/train/serif/Noto_Serif/Noto_Serif_0009.png,Noto Serif,serif,train,Typography,NotoSerif-Regular.ttf,42430436
data/processed/fontsense_system/images/train/serif/Noto_Serif/Noto_Serif_0010.png,images/train/serif/Noto_Serif/Noto_Serif_0010.png,Noto Serif,serif,train,Design System,NotoSerif-Regular.ttf,42430437
data/processed/fontsense_system/images/train/serif/Noto_Serif/Noto_Serif_0011.png,images/train/serif/Noto_Serif/Noto_Serif_0011.png,Noto Serif,serif,train,Modern Design,NotoSerif-Regular.ttf,42430438
data/processed/fontsense_system/images/train/serif/Noto_Serif/Noto_Serif_0012.png,images/train/serif/Noto_Serif/Noto_Serif_0012.png,Noto Serif,serif,train,Visual Culture,NotoSerif-Regular.ttf,42430439
data/processed/fontsense_system/images/train/serif/Noto_Serif/Noto_Serif_0013.png,images/train/serif/Noto_Serif/Noto_Serif_0013.png,Noto Serif,serif,train,Digital Poster,NotoSerif-Regular.ttf,42430440
data/processed/fontsense_system/images/train/serif/Noto_Serif/Noto_Serif_0014.png,images/train/serif/Noto_Serif/Noto_Serif_0014.png,Noto Serif,serif,train,Design System,NotoSerif-Regular.ttf,42430441
data/processed/fontsense_system/images/train/serif/Noto_Serif/Noto_Serif_0015.png,images/train/serif/Noto_Serif/Noto_Serif_0015.png,Noto Serif,serif,train,Type Matters,NotoSerif-Regular.ttf,42430442
data/processed/fontsense_system/images/train/serif/Noto_Serif/Noto_Serif_0016.png,images/train/serif/Noto_Serif/Noto_Serif_0016.png,Noto Serif,serif,train,Shape and Space,NotoSerif-Regular.ttf,42430443
data/processed/fontsense_system/images/train/serif/Noto_Serif/Noto_Serif_0017.png,images/train/serif/Noto_Serif/Noto_Serif_0017.png,Noto Serif,serif,train,Design System,NotoSerif-Regular.ttf,42430444
data/processed/fontsense_system/images/train/serif/Noto_Serif/Noto_Serif_0018.png,images/train/serif/Noto_Serif/Noto_Serif_0018.png,Noto Serif,serif,train,Digital Poster,NotoSerif-Regular.ttf,42430445
data/processed/fontsense_system/images/train/serif/Noto_Serif/Noto_Serif_0019.png,images/train/serif/Noto_Serif/Noto_Serif_0019.png,Noto Serif,serif,train,Type Matters,NotoSerif-Regular.ttf,42430446
data/processed/fontsense_system/images/validation/serif/Liberation_Serif/Liberation_Serif_0000.png,images/validation/serif/Liberation_Serif/Liberation_Serif_0000.png,Liberation Serif,serif,validation,Type Matters,LiberationSerif-Regular.ttf,42440434
data/processed/fontsense_system/images/validation/serif/Liberation_Serif/Liberation_Serif_0001.png,images/validation/serif/Liberation_Serif/Liberation_Serif_0001.png,Liberation Serif,serif,validation,Design System,LiberationSerif-Regular.ttf,42440435
data/processed/fontsense_system/images/validation/serif/Liberation_Serif/Liberation_Serif_0002.png,images/validation/serif/Liberation_Serif/Liberation_Serif_0002.png,Liberation Serif,serif,validation,Typography,LiberationSerif-Regular.ttf,42440436
data/processed/fontsense_system/images/validation/serif/Liberation_Serif/Liberation_Serif_0003.png,images/validation/serif/Liberation_Serif/Liberation_Serif_0003.png,Liberation Serif,serif,validation,Shape and Space,LiberationSerif-Regular.ttf,42440437
data/processed/fontsense_system/images/validation/serif/Liberation_Serif/Liberation_Serif_0004.png,images/validation/serif/Liberation_Serif/Liberation_Serif_0004.png,Liberation Serif,serif,validation,Beautiful Letters,LiberationSerif-Regular.ttf,42440438
data/processed/fontsense_system/images/validation/serif/Liberation_Serif/Liberation_Serif_0005.png,images/validation/serif/Liberation_Serif/Liberation_Serif_0005.png,Liberation Serif,serif,validation,Type Matters,LiberationSerif-Regular.ttf,42440439
data/processed/fontsense_system/images/validation/serif/Liberation_Serif/Liberation_Serif_0006.png,images/validation/serif/Liberation_Serif/Liberation_Serif_0006.png,Liberation Serif,serif,validation,Typography,LiberationSerif-Regular.ttf,42440440
data/processed/fontsense_system/images/validation/serif/Liberation_Serif/Liberation_Serif_0007.png,images/validation/serif/Liberation_Serif/Liberation_Serif_0007.png,Liberation Serif,serif,validation,Modern Design,LiberationSerif-Regular.ttf,42440441
data/processed/fontsense_system/images/validation/serif/Liberation_Serif/Liberation_Serif_0008.png,images/validation/serif/Liberation_Serif/Liberation_Serif_0008.png,Liberation Serif,serif,validation,FontSense,LiberationSerif-Regular.ttf,42440442
data/processed/fontsense_system/images/validation/serif/Liberation_Serif/Liberation_Serif_0009.png,images/validation/serif/Liberation_Serif/Liberation_Serif_0009.png,Liberation Serif,serif,validation,Typography,LiberationSerif-Regular.ttf,42440443
data/processed/fontsense_system/images/validation/serif/Liberation_Serif/Liberation_Serif_0010.png,images/validation/serif/Liberation_Serif/Liberation_Serif_0010.png,Liberation Serif,serif,validation,Creative Studio,LiberationSerif-Regular.ttf,42440444
data/processed/fontsense_system/images/validation/serif/Liberation_Serif/Liberation_Serif_0011.png,images/validation/serif/Liberation_Serif/Liberation_Serif_0011.png,Liberation Serif,serif,validation,Future Vision,LiberationSerif-Regular.ttf,42440445
data/processed/fontsense_system/images/validation/serif/Liberation_Serif/Liberation_Serif_0012.png,images/validation/serif/Liberation_Serif/Liberation_Serif_0012.png,Liberation Serif,serif,validation,Editorial Layout,LiberationSerif-Regular.ttf,42440446
data/processed/fontsense_system/images/validation/serif/Liberation_Serif/Liberation_Serif_0013.png,images/validation/serif/Liberation_Serif/Liberation_Serif_0013.png,Liberation Serif,serif,validation,Future Vision,LiberationSerif-Regular.ttf,42440447
data/processed/fontsense_system/images/validation/serif/Liberation_Serif/Liberation_Serif_0014.png,images/validation/serif/Liberation_Serif/Liberation_Serif_0014.png,Liberation Serif,serif,validation,Beautiful Letters,LiberationSerif-Regular.ttf,42440448
data/processed/fontsense_system/images/validation/serif/Liberation_Serif/Liberation_Serif_0015.png,images/validation/serif/Liberation_Serif/Liberation_Serif_0015.png,Liberation Serif,serif,validation,Brand Identity,LiberationSerif-Regular.ttf,42440449
data/processed/fontsense_system/images/validation/serif/Liberation_Serif/Liberation_Serif_0016.png,images/validation/serif/Liberation_Serif/Liberation_Serif_0016.png,Liberation Serif,serif,validation,Creative Studio,LiberationSerif-Regular.ttf,42440450
data/processed/fontsense_system/images/validation/serif/Liberation_Serif/Liberation_Serif_0017.png,images/validation/serif/Liberation_Serif/Liberation_Serif_0017.png,Liberation Serif,serif,validation,Digital Poster,LiberationSerif-Regular.ttf,42440451
data/processed/fontsense_system/images/validation/serif/Liberation_Serif/Liberation_Serif_0018.png,images/validation/serif/Liberation_Serif/Liberation_Serif_0018.png,Liberation Serif,serif,validation,Modern Design,LiberationSerif-Regular.ttf,42440452
data/processed/fontsense_system/images/validation/serif/Liberation_Serif/Liberation_Serif_0019.png,images/validation/serif/Liberation_Serif/Liberation_Serif_0019.png,Liberation Serif,serif,validation,Type Matters,LiberationSerif-Regular.ttf,42440453
data/processed/fontsense_system/images/test/serif/Charis_SIL/Charis_SIL_0000.png,images/test/serif/Charis_SIL/Charis_SIL_0000.png,Charis SIL,serif,test,FontSense,CharisSIL-Regular.ttf,42450441
data/processed/fontsense_system/images/test/serif/Charis_SIL/Charis_SIL_0001.png,images/test/serif/Charis_SIL/Charis_SIL_0001.png,Charis SIL,serif,test,Editorial Layout,CharisSIL-Regular.ttf,42450442
data/processed/fontsense_system/images/test/serif/Charis_SIL/Charis_SIL_0002.png,images/test/serif/Charis_SIL/Charis_SIL_0002.png,Charis SIL,serif,test,Editorial Layout,CharisSIL-Regular.ttf,42450443
data/processed/fontsense_system/images/test/serif/Charis_SIL/Charis_SIL_0003.png,images/test/serif/Charis_SIL/Charis_SIL_0003.png,Charis SIL,serif,test,Visual Culture,CharisSIL-Regular.ttf,42450444
data/processed/fontsense_system/images/test/serif/Charis_SIL/Charis_SIL_0004.png,images/test/serif/Charis_SIL/Charis_SIL_0004.png,Charis SIL,serif,test,Hello World,CharisSIL-Regular.ttf,42450445
data/processed/fontsense_system/images/test/serif/Charis_SIL/Charis_SIL_0005.png,images/test/serif/Charis_SIL/Charis_SIL_0005.png,Charis SIL,serif,test,FontSense,CharisSIL-Regular.ttf,42450446
data/processed/fontsense_system/images/test/serif/Charis_SIL/Charis_SIL_0006.png,images/test/serif/Charis_SIL/Charis_SIL_0006.png,Charis SIL,serif,test,Visual Culture,CharisSIL-Regular.ttf,42450447
data/processed/fontsense_system/images/test/serif/Charis_SIL/Charis_SIL_0007.png,images/test/serif/Charis_SIL/Charis_SIL_0007.png,Charis SIL,serif,test,Visual Culture,CharisSIL-Regular.ttf,42450448
data/processed/fontsense_system/images/test/serif/Charis_SIL/Charis_SIL_0008.png,images/test/serif/Charis_SIL/Charis_SIL_0008.png,Charis SIL,serif,test,Graphic Form,CharisSIL-Regular.ttf,42450449
data/processed/fontsense_system/images/test/serif/Charis_SIL/Charis_SIL_0009.png,images/test/serif/Charis_SIL/Charis_SIL_0009.png,Charis SIL,serif,test,Design System,CharisSIL-Regular.ttf,42450450
data/processed/fontsense_system/images/test/serif/Charis_SIL/Charis_SIL_0010.png,images/test/serif/Charis_SIL/Charis_SIL_0010.png,Charis SIL,serif,test,Beautiful Letters,CharisSIL-Regular.ttf,42450451
data/processed/fontsense_system/images/test/serif/Charis_SIL/Charis_SIL_0011.png,images/test/serif/Charis_SIL/Charis_SIL_0011.png,Charis SIL,serif,test,Creative Studio,CharisSIL-Regular.ttf,42450452
data/processed/fontsense_system/images/test/serif/Charis_SIL/Charis_SIL_0012.png,images/test/serif/Charis_SIL/Charis_SIL_0012.png,Charis SIL,serif,test,Editorial Layout,CharisSIL-Regular.ttf,42450453
data/processed/fontsense_system/images/test/serif/Charis_SIL/Charis_SIL_0013.png,images/test/serif/Charis_SIL/Charis_SIL_0013.png,Charis SIL,serif,test,Future Vision,CharisSIL-Regular.ttf,42450454
data/processed/fontsense_system/images/test/serif/Charis_SIL/Charis_SIL_0014.png,images/test/serif/Charis_SIL/Charis_SIL_0014.png,Charis SIL,serif,test,Beautiful Letters,CharisSIL-Regular.ttf,42450455
data/processed/fontsense_system/images/test/serif/Charis_SIL/Charis_SIL_0015.png,images/test/serif/Charis_SIL/Charis_SIL_0015.png,Charis SIL,serif,test,FontSense,CharisSIL-Regular.ttf,42450456
data/processed/fontsense_system/images/test/serif/Charis_SIL/Charis_SIL_0016.png,images/test/serif/Charis_SIL/Charis_SIL_0016.png,Charis SIL,serif,test,Typography,CharisSIL-Regular.ttf,42450457
data/processed/fontsense_system/images/test/serif/Charis_SIL/Charis_SIL_0017.png,images/test/serif/Charis_SIL/Charis_SIL_0017.png,Charis SIL,serif,test,Graphic Form,CharisSIL-Regular.ttf,42450458
data/processed/fontsense_system/images/test/serif/Charis_SIL/Charis_SIL_0018.png,images/test/serif/Charis_SIL/Charis_SIL_0018.png,Charis SIL,serif,test,Beautiful Letters,CharisSIL-Regular.ttf,42450459
data/processed/fontsense_system/images/test/serif/Charis_SIL/Charis_SIL_0019.png,images/test/serif/Charis_SIL/Charis_SIL_0019.png,Charis SIL,serif,test,Future Vision,CharisSIL-Regular.ttf,42450460
