family,category,source,license,path,latin_support,validation_status,failure_reason,usable,slug,repository_folder,source_commit,metadata_url,font_url,license_url,license_path,subsets,font_sha256,font_size_bytes,split,selection_seed,was_in_v1_selected,was_in_v1_test,fresh_v2_test_family
Lisu Bosa,serif,Google Fonts official repository,OFL,data/v2/raw/fonts/serif/Lisu_Bosa__LisuBosa-Regular.ttf,True,passed,,True,lisubosa,ofl,e1118da94a8cb00cf6d06cdac9ef13eb1e5c6ab7,https://raw.githubusercontent.com/google/fonts/e1118da94a8cb00cf6d06cdac9ef13eb1e5c6ab7/ofl/lisubosa/METADATA.pb,https://raw.githubusercontent.com/google/fonts/e1118da94a8cb00cf6d06cdac9ef13eb1e5c6ab7/ofl/lisubosa/LisuBosa-Regular.ttf,https://raw.githubusercontent.com/google/fonts/e1118da94a8cb00cf6d06cdac9ef13eb1e5c6ab7/ofl/lisubosa/OFL.txt,data/v2/raw/fonts/serif/Lisu_Bosa__OFL.txt,"latin,latin-ext,lisu,menu",d1516e8eacbc05b95b032bff3a5c4ed0cb726ceb3db14a19085bc0c4cc2c64a4,49372,train,42,False,False,False
Noto Serif Hebrew,serif,Google Fonts official repository,OFL,"data/v2/raw/fonts/serif/Noto_Serif_Hebrew__NotoSerifHebrew[wdth,wght].ttf",True,passed,,True,notoserifhebrew,ofl,e1118da94a8cb00cf6d06cdac9ef13eb1e5c6ab7,https://raw.githubusercontent.com/google/fonts/e1118da94a8cb00cf6d06cdac9ef13eb1e5c6ab7/ofl/notoserifhebrew/METADATA.pb,https://raw.githubusercontent.com/google/fonts/e1118da94a8cb00cf6d06cdac9ef13eb1e5c6ab7/ofl/notoserifhebrew/NotoSerifHebrew%5Bwdth%2Cwght%5D.ttf,https://raw.githubusercontent.com/google/fonts/e1118da94a8cb00cf6d06cdac9ef13eb1e5c6ab7/ofl/notoserifhebrew/OFL.txt,data/v2/raw/fonts/serif/Noto_Serif_Hebrew__OFL.txt,"hebrew,latin,latin-ext,menu",93caef921360788dc3b0e32136bb26f16bc57717ec482d48fc7fd43820617165,183600,train,42,False,False,False
Wellfleet,serif,Google Fonts official repository,OFL,data/v2/raw/fonts/serif/Wellfleet__Wellfleet-Regular.ttf,True,passed,,True,wellfleet,ofl,e1118da94a8cb00cf6d06cdac9ef13eb1e5c6ab7,https://raw.githubusercontent.com/google/fonts/e1118da94a8cb00cf6d06cdac9ef13eb1e5c6ab7/ofl/wellfleet/METADATA.pb,https://raw.githubusercontent.com/google/fonts/e1118da94a8cb00cf6d06cdac9ef13eb1e5c6ab7/ofl/wellfleet/Wellfleet-Regular.ttf,https://raw.githubusercontent.com/google/fonts/e1118da94a8cb00cf6d06cdac9ef13eb1e5c6ab7/ofl/wellfleet/OFL.txt,data/v2/raw/fonts/serif/Wellfleet__OFL.txt,"latin,latin-ext,menu",347f3918762c7b61c3b98d57071b03295485bc97b6bfb6c7627bcf365cc3c9e7,82016,train,42,False,False,False
Noto Serif KR,serif,Google Fonts official repository,OFL,data/v2/raw/fonts/serif/Noto_Serif_KR__NotoSerifKR[wght].ttf,True,passed,,True,notoserifkr,ofl,e1118da94a8cb00cf6d06cdac9ef13eb1e5c6ab7,https://raw.githubusercontent.com/google/fonts/e1118da94a8cb00cf6d06cdac9ef13eb1e5c6ab7/ofl/notoserifkr/METADATA.pb,https://raw.githubusercontent.com/google/fonts/e1118da94a8cb00cf6d06cdac9ef13eb1e5c6ab7/ofl/notoserifkr/NotoSerifKR%5Bwght%5D.ttf,https://raw.githubusercontent.com/google/fonts/e1118da94a8cb00cf6d06cdac9ef13eb1e5c6ab7/ofl/notoserifkr/OFL.txt,data/v2/raw/fonts/serif/Noto_Serif_KR__OFL.txt,"cyrillic,korean,latin,latin-ext,menu,vietnamese",11f8d5de6f1b79195efba3828aaa2ec95c1178f5ae976fb23c8d53250a9938f3,23795420,train,42,False,False,False
Domine,serif,Google Fonts official repository,OFL,data/v2/raw/fonts/serif/Domine__Domine[wght].ttf,True,passed,,True,domine,ofl,e1118da94a8cb00cf6d06cdac9ef13eb1e5c6ab7,https://raw.githubusercontent.com/google/fonts/e1118da94a8cb00cf6d06cdac9ef13eb1e5c6ab7/ofl/domine/METADATA.pb,https://raw.githubusercontent.com/google/fonts/e1118da94a8cb00cf6d06cdac9ef13eb1e5c6ab7/ofl/domine/Domine%5Bwght%5D.ttf,https://raw.githubusercontent.com/google/fonts/e1118da94a8cb00cf6d06cdac9ef13eb1e5c6ab7/ofl/domine/OFL.txt,data/v2/raw/fonts/serif/Domine__OFL.txt,"latin,latin-ext,menu",c63552cb60c658e90c1da3e83f9e7cf203562c39cdbf5a78ba9df62d8e7a1ed7,101904,train,42,True,False,False
Yuji Syuku,serif,Google Fonts official repository,OFL,data/v2/raw/fonts/serif/Yuji_Syuku__YujiSyuku-Regular.ttf,True,passed,,True,yujisyuku,ofl,e1118da94a8cb00cf6d06cdac9ef13eb1e5c6ab7,https://raw.githubusercontent.com/google/fonts/e1118da94a8cb00cf6d06cdac9ef13eb1e5c6ab7/ofl/yujisyuku/METADATA.pb,https://raw.githubusercontent.com/google/fonts/e1118da94a8cb00cf6d06cdac9ef13eb1e5c6ab7/ofl/yujisyuku/YujiSyuku-Regular.ttf,https://raw.githubusercontent.com/google/fonts/e1118da94a8cb00cf6d06cdac9ef13eb1e5c6ab7/ofl/yujisyuku/OFL.txt,data/v2/raw/fonts/serif/Yuji_Syuku__OFL.txt,"cyrillic,japanese,latin,latin-ext,menu",82728ebafc8c97391e2dab633414a806f344b8e4e2227d307179f07b548fca61,8430348,train,42,False,False,False
BatangChe,serif,Google Fonts official repository,OFL,data/v2/raw/fonts/serif/BatangChe__BatangChe-Regular.ttf,True,passed,,True,batangche,ofl,e1118da94a8cb00cf6d06cdac9ef13eb1e5c6ab7,https://raw.githubusercontent.com/google/fonts/e1118da94a8cb00cf6d06cdac9ef13eb1e5c6ab7/ofl/batangche/METADATA.pb,https://raw.githubusercontent.com/google/fonts/e1118da94a8cb00cf6d06cdac9ef13eb1e5c6ab7/ofl/batangche/BatangChe-Regular.ttf,https://raw.githubusercontent.com/google/fonts/e1118da94a8cb00cf6d06cdac9ef13eb1e5c6ab7/ofl/batangche/OFL.txt,data/v2/raw/fonts/serif/BatangChe__OFL.txt,"cyrillic,greek,korean,latin,latin-ext,menu",34aff823e0d9b86e7b7cb6913612e06638812a1d9af061272510b4cbf9d4c6ba,6823284,train,42,False,False,False
Libre Caslon Text,serif,Google Fonts official repository,OFL,data/v2/raw/fonts/serif/Libre_Caslon_Text__LibreCaslonText[wght].ttf,True,passed,,True,librecaslontext,ofl,e1118da94a8cb00cf6d06cdac9ef13eb1e5c6ab7,https://raw.githubusercontent.com/google/fonts/e1118da94a8cb00cf6d06cdac9ef13eb1e5c6ab7/ofl/librecaslontext/METADATA.pb,https://raw.githubusercontent.com/google/fonts/e1118da94a8cb00cf6d06cdac9ef13eb1e5c6ab7/ofl/librecaslontext/LibreCaslonText%5Bwght%5D.ttf,https://raw.githubusercontent.com/google/fonts/e1118da94a8cb00cf6d06cdac9ef13eb1e5c6ab7/ofl/librecaslontext/OFL.txt,data/v2/raw/fonts/serif/Libre_Caslon_Text__OFL.txt,"latin,latin-ext,menu",c11809dbfd5445886293d89b32bfc2584075c80e77750cf1c284113e36b8b3f4,126876,train,42,True,False,False
Rokkitt,serif,Google Fonts official repository,OFL,data/v2/raw/fonts/serif/Rokkitt__Rokkitt[wght].ttf,True,passed,,True,rokkitt,ofl,e1118da94a8cb00cf6d06cdac9ef13eb1e5c6ab7,https://raw.githubusercontent.com/google/fonts/e1118da94a8cb00cf6d06cdac9ef13eb1e5c6ab7/ofl/rokkitt/METADATA.pb,https://raw.githubusercontent.com/google/fonts/e1118da94a8cb00cf6d06cdac9ef13eb1e5c6ab7/ofl/rokkitt/Rokkitt%5Bwght%5D.ttf,https://raw.githubusercontent.com/google/fonts/e1118da94a8cb00cf6d06cdac9ef13eb1e5c6ab7/ofl/rokkitt/OFL.txt,data/v2/raw/fonts/serif/Rokkitt__OFL.txt,"latin,latin-ext,menu,vietnamese",737b2881d2e98f85424b473ab049da3216289a1f84266becb972c87664de2b40,133344,train,42,True,False,False
Quattrocento,serif,Google Fonts official repository,OFL,data/v2/raw/fonts/serif/Quattrocento__Quattrocento-Regular.ttf,True,passed,,True,quattrocento,ofl,e1118da94a8cb00cf6d06cdac9ef13eb1e5c6ab7,https://raw.githubusercontent.com/google/fonts/e1118da94a8cb00cf6d06cdac9ef13eb1e5c6ab7/ofl/quattrocento/METADATA.pb,https://raw.githubusercontent.com/google/fonts/e1118da94a8cb00cf6d06cdac9ef13eb1e5c6ab7/ofl/quattrocento/Quattrocento-Regular.ttf,https://raw.githubusercontent.com/google/fonts/e1118da94a8cb00cf6d06cdac9ef13eb1e5c6ab7/ofl/quattrocento/OFL.txt,data/v2/raw/fonts/serif/Quattrocento__OFL.txt,"latin,latin-ext,menu",57dc8daff9121be82e54cf1221658b7ba4f1801212817aead2d184a5660fbcb9,158200,train,42,False,False,False
Sanchez,serif,Google Fonts official repository,OFL,data/v2/raw/fonts/serif/Sanchez__Sanchez-Regular.ttf,True,passed,,True,sanchez,ofl,e1118da94a8cb00cf6d06cdac9ef13eb1e5c6ab7,https://raw.githubusercontent.com/google/fonts/e1118da94a8cb00cf6d06cdac9ef13eb1e5c6ab7/ofl/sanchez/METADATA.pb,https://raw.githubusercontent.com/google/fonts/e1118da94a8cb00cf6d06cdac9ef13eb1e5c6ab7/ofl/sanchez/Sanchez-Regular.ttf,https://raw.githubusercontent.com/google/fonts/e1118da94a8cb00cf6d06cdac9ef13eb1e5c6ab7/ofl/sanchez/OFL.txt,data/v2/raw/fonts/serif/Sanchez__OFL.txt,"latin,latin-ext,menu",759e73bad0b78e84555215fd9a68637cf445d41d29e0e9834f5ee9dc43fa7684,72552,train,42,False,False,False
IM Fell Great Primer,serif,Google Fonts official repository,OFL,data/v2/raw/fonts/serif/IM_Fell_Great_Primer__IMFeGPrm28P.ttf,True,passed,,True,imfellgreatprimer,ofl,e1118da94a8cb00cf6d06cdac9ef13eb1e5c6ab7,https://raw.githubusercontent.com/google/fonts/e1118da94a8cb00cf6d06cdac9ef13eb1e5c6ab7/ofl/imfellgreatprimer/METADATA.pb,https://raw.githubusercontent.com/google/fonts/e1118da94a8cb00cf6d06cdac9ef13eb1e5c6ab7/ofl/imfellgreatprimer/IMFeGPrm28P.ttf,https://raw.githubusercontent.com/google/fonts/e1118da94a8cb00cf6d06cdac9ef13eb1e5c6ab7/ofl/imfellgreatprimer/OFL.txt,data/v2/raw/fonts/serif/IM_Fell_Great_Primer__OFL.txt,"latin,menu",5c6de386acb87550ded558f701d288ec1ce7ffa9ec4b160ae06ee3728a1784b2,216552,train,42,False,False,False
Noto Serif Ahom,serif,Google Fonts official repository,OFL,data/v2/raw/fonts/serif/Noto_Serif_Ahom__NotoSerifAhom-Regular.ttf,True,passed,,True,notoserifahom,ofl,e1118da94a8cb00cf6d06cdac9ef13eb1e5c6ab7,https://raw.githubusercontent.com/google/fonts/e1118da94a8cb00cf6d06cdac9ef13eb1e5c6ab7/ofl/notoserifahom/METADATA.pb,https://raw.githubusercontent.com/google/fonts/e1118da94a8cb00cf6d06cdac9ef13eb1e5c6ab7/ofl/notoserifahom/NotoSerifAhom-Regular.ttf,https://raw.githubusercontent.com/google/fonts/e1118da94a8cb00cf6d06cdac9ef13eb1e5c6ab7/ofl/notoserifahom/OFL.txt,data/v2/raw/fonts/serif/Noto_Serif_Ahom__OFL.txt,"ahom,latin,latin-ext,menu",2db70c33f5ef1796753743a87817278094fb031ba05d6b51d359c8cb5929631b,86092,train,42,False,False,False
Kurale,serif,Google Fonts official repository,OFL,data/v2/raw/fonts/serif/Kurale__Kurale-Regular.ttf,True,passed,,True,kurale,ofl,e1118da94a8cb00cf6d06cdac9ef13eb1e5c6ab7,https://raw.githubusercontent.com/google/fonts/e1118da94a8cb00cf6d06cdac9ef13eb1e5c6ab7/ofl/kurale/METADATA.pb,https://raw.githubusercontent.com/google/fonts/e1118da94a8cb00cf6d06cdac9ef13eb1e5c6ab7/ofl/kurale/Kurale-Regular.ttf,https://raw.githubusercontent.com/google/fonts/e1118da94a8cb00cf6d06cdac9ef13eb1e5c6ab7/ofl/kurale/OFL.txt,data/v2/raw/fonts/serif/Kurale__OFL.txt,"cyrillic,cyrillic-ext,devanagari,latin,latin-ext,menu",6055aaca6870ca64210dd81fa47f8bb71595a9c8fbe570351ed45a15f1a0820d,265304,train,42,False,False,False
Kiwi Maru,serif,Google Fonts official repository,OFL,data/v2/raw/fonts/serif/Kiwi_Maru__KiwiMaru-Regular.ttf,True,passed,,True,kiwimaru,ofl,e1118da94a8cb00cf6d06cdac9ef13eb1e5c6ab7,https://raw.githubusercontent.com/google/fonts/e1118da94a8cb00cf6d06cdac9ef13eb1e5c6ab7/ofl/kiwimaru/METADATA.pb,https://raw.githubusercontent.com/google/fonts/e1118da94a8cb00cf6d06cdac9ef13eb1e5c6ab7/ofl/kiwimaru/KiwiMaru-Regular.ttf,https://raw.githubusercontent.com/google/fonts/e1118da94a8cb00cf6d06cdac9ef13eb1e5c6ab7/ofl/kiwimaru/OFL.txt,data/v2/raw/fonts/serif/Kiwi_Maru__OFL.txt,"cyrillic,japanese,latin,latin-ext,menu",b0c3103b2639f690c1fcb44e060058383174bfd2eb72e6635bc9869b374dee87,5065572,train,42,False,False,False
Poly,serif,Google Fonts official repository,OFL,data/v2/raw/fonts/serif/Poly__Poly-Regular.ttf,True,passed,,True,poly,ofl,e1118da94a8cb00cf6d06cdac9ef13eb1e5c6ab7,https://raw.githubusercontent.com/google/fonts/e1118da94a8cb00cf6d06cdac9ef13eb1e5c6ab7/ofl/poly/METADATA.pb,https://raw.githubusercontent.com/google/fonts/e1118da94a8cb00cf6d06cdac9ef13eb1e5c6ab7/ofl/poly/Poly-Regular.ttf,https://raw.githubusercontent.com/google/fonts/e1118da94a8cb00cf6d06cdac9ef13eb1e5c6ab7/ofl/poly/OFL.txt,data/v2/raw/fonts/serif/Poly__OFL.txt,"latin,latin-ext,menu",1e1a8d7991d5f4f22268c967fe6e7f4de2e006c7a70c2d9d3fbd43b5563e9181,76800,train,42,False,False,False
Fanwood Text,serif,Google Fonts official repository,OFL,data/v2/raw/fonts/serif/Fanwood_Text__FanwoodText-Regular.ttf,True,passed,,True,fanwoodtext,ofl,e1118da94a8cb00cf6d06cdac9ef13eb1e5c6ab7,https://raw.githubusercontent.com/google/fonts/e1118da94a8cb00cf6d06cdac9ef13eb1e5c6ab7/ofl/fanwoodtext/METADATA.pb,https://raw.githubusercontent.com/google/fonts/e1118da94a8cb00cf6d06cdac9ef13eb1e5c6ab7/ofl/fanwoodtext/FanwoodText-Regular.ttf,https://raw.githubusercontent.com/google/fonts/e1118da94a8cb00cf6d06cdac9ef13eb1e5c6ab7/ofl/fanwoodtext/OFL.txt,data/v2/raw/fonts/serif/Fanwood_Text__OFL.txt,"latin,menu",98aa9cbf5c5ece368501d188b1565ae3e7f6c9970ee3823769b8e67219dc33c2,119216,train,42,False,False,False
EB Garamond,serif,Google Fonts official repository,OFL,data/v2/raw/fonts/serif/EB_Garamond__EBGaramond[wght].ttf,True,passed,,True,ebgaramond,ofl,e1118da94a8cb00cf6d06cdac9ef13eb1e5c6ab7,https://raw.githubusercontent.com/google/fonts/e1118da94a8cb00cf6d06cdac9ef13eb1e5c6ab7/ofl/ebgaramond/METADATA.pb,https://raw.githubusercontent.com/google/fonts/e1118da94a8cb00cf6d06cdac9ef13eb1e5c6ab7/ofl/ebgaramond/EBGaramond%5Bwght%5D.ttf,https://raw.githubusercontent.com/google/fonts/e1118da94a8cb00cf6d06cdac9ef13eb1e5c6ab7/ofl/ebgaramond/OFL.txt,data/v2/raw/fonts/serif/EB_Garamond__OFL.txt,"cyrillic,cyrillic-ext,greek,greek-ext,latin,latin-ext,menu,vietnamese",ef9512f92f6d579e5dc75af59a5a4b1b8b47d2eda89e00b954d44520e5369027,851176,train,42,False,False,False
Noto Serif Khmer,serif,Google Fonts official repository,OFL,"data/v2/raw/fonts/serif/Noto_Serif_Khmer__NotoSerifKhmer[wdth,wght].ttf",True,passed,,True,notoserifkhmer,ofl,e1118da94a8cb00cf6d06cdac9ef13eb1e5c6ab7,https://raw.githubusercontent.com/google/fonts/e1118da94a8cb00cf6d06cdac9ef13eb1e5c6ab7/ofl/notoserifkhmer/METADATA.pb,https://raw.githubusercontent.com/google/fonts/e1118da94a8cb00cf6d06cdac9ef13eb1e5c6ab7/ofl/notoserifkhmer/NotoSerifKhmer%5Bwdth%2Cwght%5D.ttf,https://raw.githubusercontent.com/google/fonts/e1118da94a8cb00cf6d06cdac9ef13eb1e5c6ab7/ofl/notoserifkhmer/OFL.txt,data/v2/raw/fonts/serif/Noto_Serif_Khmer__OFL.txt,"khmer,latin,latin-ext,menu",50ad032042491e98b440e41490d26b716d8d43886eebfafa9735f6284c1980e2,498288,train,42,False,False,False
Della Respira,serif,Google Fonts official repository,OFL,data/v2/raw/fonts/serif/Della_Respira__DellaRespira-Regular.ttf,True,passed,,True,dellarespira,ofl,e1118da94a8cb00cf6d06cdac9ef13eb1e5c6ab7,https://raw.githubusercontent.com/google/fonts/e1118da94a8cb00cf6d06cdac9ef13eb1e5c6ab7/ofl/dellarespira/METADATA.pb,https://raw.githubusercontent.com/google/fonts/e1118da94a8cb00cf6d06cdac9ef13eb1e5c6ab7/ofl/dellarespira/DellaRespira-Regular.ttf,https://raw.githubusercontent.com/google/fonts/e1118da94a8cb00cf6d06cdac9ef13eb1e5c6ab7/ofl/dellarespira/OFL.txt,data/v2/raw/fonts/serif/Della_Respira__OFL.txt,"latin,menu",81518be5b7baf69db5b8e4cff1a447ac2f6bf7a6029ca4963a67e1fb1b0b9218,51208,train,42,False,False,False
Tiro Devanagari Hindi,serif,Google Fonts official repository,OFL,data/v2/raw/fonts/serif/Tiro_Devanagari_Hindi__TiroDevanagariHindi-Regular.ttf,True,passed,,True,tirodevanagarihindi,ofl,e1118da94a8cb00cf6d06cdac9ef13eb1e5c6ab7,https://raw.githubusercontent.com/google/fonts/e1118da94a8cb00cf6d06cdac9ef13eb1e5c6ab7/ofl/tirodevanagarihindi/METADATA.pb,https://raw.githubusercontent.com/google/fonts/e1118da94a8cb00cf6d06cdac9ef13eb1e5c6ab7/ofl/tirodevanagarihindi/TiroDevanagariHindi-Regular.ttf,https://raw.githubusercontent.com/google/fonts/e1118da94a8cb00cf6d06cdac9ef13eb1e5c6ab7/ofl/tirodevanagarihindi/OFL.txt,data/v2/raw/fonts/serif/Tiro_Devanagari_Hindi__OFL.txt,"devanagari,latin,latin-ext,menu",d2abcb4d352f0bfab91632df5d9c8173882073c182e662fa731a5a738e6681d7,423224,train,42,False,False,False
Sedan SC,serif,Google Fonts official repository,OFL,data/v2/raw/fonts/serif/Sedan_SC__SedanSC-Regular.ttf,True,passed,,True,sedansc,ofl,e1118da94a8cb00cf6d06cdac9ef13eb1e5c6ab7,https://raw.githubusercontent.com/google/fonts/e1118da94a8cb00cf6d06cdac9ef13eb1e5c6ab7/ofl/sedansc/METADATA.pb,https://raw.githubusercontent.com/google/fonts/e1118da94a8cb00cf6d06cdac9ef13eb1e5c6ab7/ofl/sedansc/SedanSC-Regular.ttf,https://raw.githubusercontent.com/google/fonts/e1118da94a8cb00cf6d06cdac9ef13eb1e5c6ab7/ofl/sedansc/OFL.txt,data/v2/raw/fonts/serif/Sedan_SC__OFL.txt,"latin,latin-ext,menu",b015b262e6138cd0e8279ba75695f07748af01f8a9eed5d4d536e283baa57314,116128,train,42,False,False,False
Castoro Titling,serif,Google Fonts official repository,OFL,data/v2/raw/fonts/serif/Castoro_Titling__CastoroTitling-Regular.ttf,True,passed,,True,castorotitling,ofl,e1118da94a8cb00cf6d06cdac9ef13eb1e5c6ab7,https://raw.githubusercontent.com/google/fonts/e1118da94a8cb00cf6d06cdac9ef13eb1e5c6ab7/ofl/castorotitling/METADATA.pb,https://raw.githubusercontent.com/google/fonts/e1118da94a8cb00cf6d06cdac9ef13eb1e5c6ab7/ofl/castorotitling/CastoroTitling-Regular.ttf,https://raw.githubusercontent.com/google/fonts/e1118da94a8cb00cf6d06cdac9ef13eb1e5c6ab7/ofl/castorotitling/OFL.txt,data/v2/raw/fonts/serif/Castoro_Titling__OFL.txt,"latin,latin-ext,menu",64360ca1f8d8da1a983cbda6bac74c1bd47aeda41e116d9377e0ec629b029f44,56184,train,42,False,False,False
Noto Serif Hentaigana,serif,Google Fonts official repository,OFL,data/v2/raw/fonts/serif/Noto_Serif_Hentaigana__NotoSerifHentaigana[wght].ttf,True,passed,,True,notoserifhentaigana,ofl,e1118da94a8cb00cf6d06cdac9ef13eb1e5c6ab7,https://raw.githubusercontent.com/google/fonts/e1118da94a8cb00cf6d06cdac9ef13eb1e5c6ab7/ofl/notoserifhentaigana/METADATA.pb,https://raw.githubusercontent.com/google/fonts/e1118da94a8cb00cf6d06cdac9ef13eb1e5c6ab7/ofl/notoserifhentaigana/NotoSerifHentaigana%5Bwght%5D.ttf,https://raw.githubusercontent.com/google/fonts/e1118da94a8cb00cf6d06cdac9ef13eb1e5c6ab7/ofl/notoserifhentaigana/OFL.txt,data/v2/raw/fonts/serif/Noto_Serif_Hentaigana__OFL.txt,"kana-extended,latin,latin-ext,menu",94d31f3669977a8464d7f4c6597a2c0bacab636e70548e1a3184ffc7e0a5abf1,454624,train,42,False,False,False
Karma,serif,Google Fonts official repository,OFL,data/v2/raw/fonts/serif/Karma__Karma-Regular.ttf,True,passed,,True,karma,ofl,e1118da94a8cb00cf6d06cdac9ef13eb1e5c6ab7,https://raw.githubusercontent.com/google/fonts/e1118da94a8cb00cf6d06cdac9ef13eb1e5c6ab7/ofl/karma/METADATA.pb,https://raw.githubusercontent.com/google/fonts/e1118da94a8cb00cf6d06cdac9ef13eb1e5c6ab7/ofl/karma/Karma-Regular.ttf,https://raw.githubusercontent.com/google/fonts/e1118da94a8cb00cf6d06cdac9ef13eb1e5c6ab7/ofl/karma/OFL.txt,data/v2/raw/fonts/serif/Karma__OFL.txt,"devanagari,latin,latin-ext,menu",cc3457d2867b67ee956d95206dbc831e57b26975219d3d4e68d60f51f67b4b55,339812,train,42,False,False,False
Peddana,serif,Google Fonts official repository,OFL,data/v2/raw/fonts/serif/Peddana__Peddana-Regular.ttf,True,passed,,True,peddana,ofl,e1118da94a8cb00cf6d06cdac9ef13eb1e5c6ab7,https://raw.githubusercontent.com/google/fonts/e1118da94a8cb00cf6d06cdac9ef13eb1e5c6ab7/ofl/peddana/METADATA.pb,https://raw.githubusercontent.com/google/fonts/e1118da94a8cb00cf6d06cdac9ef13eb1e5c6ab7/ofl/peddana/Peddana-Regular.ttf,https://raw.githubusercontent.com/google/fonts/e1118da94a8cb00cf6d06cdac9ef13eb1e5c6ab7/ofl/peddana/OFL.txt,data/v2/raw/fonts/serif/Peddana__OFL.txt,"latin,menu,telugu",1aca2e50d3a8dd43250bf942049ae18b8fda542f0469434eb35c8a53b1157836,714796,train,42,False,False,False
Bona Nova,serif,Google Fonts official repository,OFL,data/v2/raw/fonts/serif/Bona_Nova__BonaNova-Regular.ttf,True,passed,,True,bonanova,ofl,e1118da94a8cb00cf6d06cdac9ef13eb1e5c6ab7,https://raw.githubusercontent.com/google/fonts/e1118da94a8cb00cf6d06cdac9ef13eb1e5c6ab7/ofl/bonanova/METADATA.pb,https://raw.githubusercontent.com/google/fonts/e1118da94a8cb00cf6d06cdac9ef13eb1e5c6ab7/ofl/bonanova/BonaNova-Regular.ttf,https://raw.githubusercontent.com/google/fonts/e1118da94a8cb00cf6d06cdac9ef13eb1e5c6ab7/ofl/bonanova/OFL.txt,data/v2/raw/fonts/serif/Bona_Nova__OFL.txt,"cyrillic,cyrillic-ext,greek,hebrew,latin,latin-ext,menu,vietnamese",d72f7715b6b66096e0cc2971e4954f8be33bdced1f143f9c5739a03cdb60bede,401524,train,42,False,False,False
Aref Ruqaa Ink,serif,Google Fonts official repository,OFL,data/v2/raw/fonts/serif/Aref_Ruqaa_Ink__ArefRuqaaInk-Regular.ttf,True,passed,,True,arefruqaaink,ofl,e1118da94a8cb00cf6d06cdac9ef13eb1e5c6ab7,https://raw.githubusercontent.com/google/fonts/e1118da94a8cb00cf6d06cdac9ef13eb1e5c6ab7/ofl/arefruqaaink/METADATA.pb,https://raw.githubusercontent.com/google/fonts/e1118da94a8cb00cf6d06cdac9ef13eb1e5c6ab7/ofl/arefruqaaink/ArefRuqaaInk-Regular.ttf,https://raw.githubusercontent.com/google/fonts/e1118da94a8cb00cf6d06cdac9ef13eb1e5c6ab7/ofl/arefruqaaink/OFL.txt,data/v2/raw/fonts/serif/Aref_Ruqaa_Ink__OFL.txt,"arabic,latin,latin-ext,menu",0415c2410b1e453f5d0ea0db114fb95d01f65ba2e9e2dc4ae67c5fb73c33e863,568056,train,42,False,False,False
Yrsa,serif,Google Fonts official repository,OFL,data/v2/raw/fonts/serif/Yrsa__Yrsa[wght].ttf,True,passed,,True,yrsa,ofl,e1118da94a8cb00cf6d06cdac9ef13eb1e5c6ab7,https://raw.githubusercontent.com/google/fonts/e1118da94a8cb00cf6d06cdac9ef13eb1e5c6ab7/ofl/yrsa/METADATA.pb,https://raw.githubusercontent.com/google/fonts/e1118da94a8cb00cf6d06cdac9ef13eb1e5c6ab7/ofl/yrsa/Yrsa%5Bwght%5D.ttf,https://raw.githubusercontent.com/google/fonts/e1118da94a8cb00cf6d06cdac9ef13eb1e5c6ab7/ofl/yrsa/OFL.txt,data/v2/raw/fonts/serif/Yrsa__OFL.txt,"latin,latin-ext,menu,vietnamese",d853a1fb40e077537a7fd5c447638aa001621fe572d32dd5f633e8e5f58e4e19,225532,validation,42,False,False,False
Aref Ruqaa,serif,Google Fonts official repository,OFL,data/v2/raw/fonts/serif/Aref_Ruqaa__ArefRuqaa-Regular.ttf,True,passed,,True,arefruqaa,ofl,e1118da94a8cb00cf6d06cdac9ef13eb1e5c6ab7,https://raw.githubusercontent.com/google/fonts/e1118da94a8cb00cf6d06cdac9ef13eb1e5c6ab7/ofl/arefruqaa/METADATA.pb,https://raw.githubusercontent.com/google/fonts/e1118da94a8cb00cf6d06cdac9ef13eb1e5c6ab7/ofl/arefruqaa/ArefRuqaa-Regular.ttf,https://raw.githubusercontent.com/google/fonts/e1118da94a8cb00cf6d06cdac9ef13eb1e5c6ab7/ofl/arefruqaa/OFL.txt,data/v2/raw/fonts/serif/Aref_Ruqaa__OFL.txt,"arabic,latin,latin-ext,menu",ceb786d83ba92f35e96efcd8623c2858d288e0c543c8761ba35b1020989464f9,110696,validation,42,False,False,False
Epunda Slab,serif,Google Fonts official repository,OFL,data/v2/raw/fonts/serif/Epunda_Slab__EpundaSlab[wght].ttf,True,passed,,True,epundaslab,ofl,e1118da94a8cb00cf6d06cdac9ef13eb1e5c6ab7,https://raw.githubusercontent.com/google/fonts/e1118da94a8cb00cf6d06cdac9ef13eb1e5c6ab7/ofl/epundaslab/METADATA.pb,https://raw.githubusercontent.com/google/fonts/e1118da94a8cb00cf6d06cdac9ef13eb1e5c6ab7/ofl/epundaslab/EpundaSlab%5Bwght%5D.ttf,https://raw.githubusercontent.com/google/fonts/e1118da94a8cb00cf6d06cdac9ef13eb1e5c6ab7/ofl/epundaslab/OFL.txt,data/v2/raw/fonts/serif/Epunda_Slab__OFL.txt,"latin,latin-ext,menu",a0e338c2514c6f6511466131b1dfb2cc20d03dfd408bbcd759fbca8ad3b1210c,90220,validation,42,False,False,False
Sahitya,serif,Google Fonts official repository,OFL,data/v2/raw/fonts/serif/Sahitya__Sahitya-Regular.ttf,True,passed,,True,sahitya,ofl,e1118da94a8cb00cf6d06cdac9ef13eb1e5c6ab7,https://raw.githubusercontent.com/google/fonts/e1118da94a8cb00cf6d06cdac9ef13eb1e5c6ab7/ofl/sahitya/METADATA.pb,https://raw.githubusercontent.com/google/fonts/e1118da94a8cb00cf6d06cdac9ef13eb1e5c6ab7/ofl/sahitya/Sahitya-Regular.ttf,https://raw.githubusercontent.com/google/fonts/e1118da94a8cb00cf6d06cdac9ef13eb1e5c6ab7/ofl/sahitya/OFL.txt,data/v2/raw/fonts/serif/Sahitya__OFL.txt,"devanagari,latin,menu",f43e57c9eb3c936e195009a5755906d34cdffb7e5ac4d0a51d260150f118ee62,261652,validation,42,False,False,False
Unna,serif,Google Fonts official repository,OFL,data/v2/raw/fonts/serif/Unna__Unna-Regular.ttf,True,passed,,True,unna,ofl,e1118da94a8cb00cf6d06cdac9ef13eb1e5c6ab7,https://raw.githubusercontent.com/google/fonts/e1118da94a8cb00cf6d06cdac9ef13eb1e5c6ab7/ofl/unna/METADATA.pb,https://raw.githubusercontent.com/google/fonts/e1118da94a8cb00cf6d06cdac9ef13eb1e5c6ab7/ofl/unna/Unna-Regular.ttf,https://raw.githubusercontent.com/google/fonts/e1118da94a8cb00cf6d06cdac9ef13eb1e5c6ab7/ofl/unna/OFL.txt,data/v2/raw/fonts/serif/Unna__OFL.txt,"latin,latin-ext,menu",94269efa448520c135ae1f994e0a711b214f5df4ce6b37f2d3ef10a7ccdb1700,71164,validation,42,False,False,False
Sorts Mill Goudy,serif,Google Fonts official repository,OFL,data/v2/raw/fonts/serif/Sorts_Mill_Goudy__SortsMillGoudy-Regular.ttf,True,passed,,True,sortsmillgoudy,ofl,e1118da94a8cb00cf6d06cdac9ef13eb1e5c6ab7,https://raw.githubusercontent.com/google/fonts/e1118da94a8cb00cf6d06cdac9ef13eb1e5c6ab7/ofl/sortsmillgoudy/METADATA.pb,https://raw.githubusercontent.com/google/fonts/e1118da94a8cb00cf6d06cdac9ef13eb1e5c6ab7/ofl/sortsmillgoudy/SortsMillGoudy-Regular.ttf,https://raw.githubusercontent.com/google/fonts/e1118da94a8cb00cf6d06cdac9ef13eb1e5c6ab7/ofl/sortsmillgoudy/OFL.txt,data/v2/raw/fonts/serif/Sorts_Mill_Goudy__OFL.txt,"latin,latin-ext,menu",3a1fdc0d151b29c562ad3f3b7d7cabf007783ba4dc69444d3a98666bb614352d,121372,validation,42,False,False,False
Caudex,serif,Google Fonts official repository,OFL,data/v2/raw/fonts/serif/Caudex__Caudex-Regular.ttf,True,passed,,True,caudex,ofl,e1118da94a8cb00cf6d06cdac9ef13eb1e5c6ab7,https://raw.githubusercontent.com/google/fonts/e1118da94a8cb00cf6d06cdac9ef13eb1e5c6ab7/ofl/caudex/METADATA.pb,https://raw.githubusercontent.com/google/fonts/e1118da94a8cb00cf6d06cdac9ef13eb1e5c6ab7/ofl/caudex/Caudex-Regular.ttf,https://raw.githubusercontent.com/google/fonts/e1118da94a8cb00cf6d06cdac9ef13eb1e5c6ab7/ofl/caudex/OFL.txt,data/v2/raw/fonts/serif/Caudex__OFL.txt,"greek,greek-ext,latin,latin-ext,menu,runic,vietnamese",dbb493e1adc50aaec52071535e6fccf4176793c79545f54d95a812cbfb85169b,466324,test,42,False,False,True
Crimson Text,serif,Google Fonts official repository,OFL,data/v2/raw/fonts/serif/Crimson_Text__CrimsonText-Regular.ttf,True,passed,,True,crimsontext,ofl,e1118da94a8cb00cf6d06cdac9ef13eb1e5c6ab7,https://raw.githubusercontent.com/google/fonts/e1118da94a8cb00cf6d06cdac9ef13eb1e5c6ab7/ofl/crimsontext/METADATA.pb,https://raw.githubusercontent.com/google/fonts/e1118da94a8cb00cf6d06cdac9ef13eb1e5c6ab7/ofl/crimsontext/CrimsonText-Regular.ttf,https://raw.githubusercontent.com/google/fonts/e1118da94a8cb00cf6d06cdac9ef13eb1e5c6ab7/ofl/crimsontext/OFL.txt,data/v2/raw/fonts/serif/Crimson_Text__OFL.txt,"latin,latin-ext,menu,vietnamese",48e6c5d5ad1d01599d374ecb817e15890d1feb3b8a3a88e527d44c90389e1f06,107200,test,42,False,False,True
Fjord One,serif,Google Fonts official repository,OFL,data/v2/raw/fonts/serif/Fjord_One__FjordOne-Regular.ttf,True,passed,,True,fjordone,ofl,e1118da94a8cb00cf6d06cdac9ef13eb1e5c6ab7,https://raw.githubusercontent.com/google/fonts/e1118da94a8cb00cf6d06cdac9ef13eb1e5c6ab7/ofl/fjordone/METADATA.pb,https://raw.githubusercontent.com/google/fonts/e1118da94a8cb00cf6d06cdac9ef13eb1e5c6ab7/ofl/fjordone/FjordOne-Regular.ttf,https://raw.githubusercontent.com/google/fonts/e1118da94a8cb00cf6d06cdac9ef13eb1e5c6ab7/ofl/fjordone/OFL.txt,data/v2/raw/fonts/serif/Fjord_One__OFL.txt,"latin,menu",e589e22412b5382c1a4ec482af28c515d9c794ce8bde9a4c2db8ef2a6a063d86,54156,test,42,False,False,True
Noto Rashi Hebrew,serif,Google Fonts official repository,OFL,data/v2/raw/fonts/serif/Noto_Rashi_Hebrew__NotoRashiHebrew[wght].ttf,True,passed,,True,notorashihebrew,ofl,e1118da94a8cb00cf6d06cdac9ef13eb1e5c6ab7,https://raw.githubusercontent.com/google/fonts/e1118da94a8cb00cf6d06cdac9ef13eb1e5c6ab7/ofl/notorashihebrew/METADATA.pb,https://raw.githubusercontent.com/google/fonts/e1118da94a8cb00cf6d06cdac9ef13eb1e5c6ab7/ofl/notorashihebrew/NotoRashiHebrew%5Bwght%5D.ttf,https://raw.githubusercontent.com/google/fonts/e1118da94a8cb00cf6d06cdac9ef13eb1e5c6ab7/ofl/notorashihebrew/OFL.txt,data/v2/raw/fonts/serif/Noto_Rashi_Hebrew__OFL.txt,"greek-ext,hebrew,latin,latin-ext,menu",4da0058f46aa66f9a334967a640a1e56abb642eba3c1c3fc5080f6282c9eb126,109056,test,42,False,False,True
Oranienbaum,serif,Google Fonts official repository,OFL,data/v2/raw/fonts/serif/Oranienbaum__Oranienbaum-Regular.ttf,True,passed,,True,oranienbaum,ofl,e1118da94a8cb00cf6d06cdac9ef13eb1e5c6ab7,https://raw.githubusercontent.com/google/fonts/e1118da94a8cb00cf6d06cdac9ef13eb1e5c6ab7/ofl/oranienbaum/METADATA.pb,https://raw.githubusercontent.com/google/fonts/e1118da94a8cb00cf6d06cdac9ef13eb1e5c6ab7/ofl/oranienbaum/Oranienbaum-Regular.ttf,https://raw.githubusercontent.com/google/fonts/e1118da94a8cb00cf6d06cdac9ef13eb1e5c6ab7/ofl/oranienbaum/OFL.txt,data/v2/raw/fonts/serif/Oranienbaum__OFL.txt,"cyrillic,cyrillic-ext,latin,latin-ext,menu",d0c2527f106ddaf53bebce08e903b585d1fd1d830eddd23ed723c313b4fe2c6c,141220,test,42,False,False,True
Suwannaphum,serif,Google Fonts official repository,OFL,data/v2/raw/fonts/serif/Suwannaphum__Suwannaphum-Regular.ttf,True,passed,,True,suwannaphum,ofl,e1118da94a8cb00cf6d06cdac9ef13eb1e5c6ab7,https://raw.githubusercontent.com/google/fonts/e1118da94a8cb00cf6d06cdac9ef13eb1e5c6ab7/ofl/suwannaphum/METADATA.pb,https://raw.githubusercontent.com/google/fonts/e1118da94a8cb00cf6d06cdac9ef13eb1e5c6ab7/ofl/suwannaphum/Suwannaphum-Regular.ttf,https://raw.githubusercontent.com/google/fonts/e1118da94a8cb00cf6d06cdac9ef13eb1e5c6ab7/ofl/suwannaphum/OFL.txt,data/v2/raw/fonts/serif/Suwannaphum__OFL.txt,"khmer,latin,menu",f10e67bb256c78c126ac9def562a933ac44a51e5fa0cebea2a6234faa55de4a5,97756,test,42,False,False,True
Atkinson Hyperlegible Next,sans_serif,Google Fonts official repository,OFL,data/v2/raw/fonts/sans_serif/Atkinson_Hyperlegible_Next__AtkinsonHyperlegibleNext[wght].ttf,True,passed,,True,atkinsonhyperlegiblenext,ofl,e1118da94a8cb00cf6d06cdac9ef13eb1e5c6ab7,https://raw.githubusercontent.com/google/fonts/e1118da94a8cb00cf6d06cdac9ef13eb1e5c6ab7/ofl/atkinsonhyperlegiblenext/METADATA.pb,https://raw.githubusercontent.com/google/fonts/e1118da94a8cb00cf6d06cdac9ef13eb1e5c6ab7/ofl/atkinsonhyperlegiblenext/AtkinsonHyperlegibleNext%5Bwght%5D.ttf,https://raw.githubusercontent.com/google/fonts/e1118da94a8cb00cf6d06cdac9ef13eb1e5c6ab7/ofl/atkinsonhyperlegiblenext/OFL.txt,data/v2/raw/fonts/sans_serif/Atkinson_Hyperlegible_Next__OFL.txt,"latin,latin-ext,menu",5a455d1cfa099b601ab70751bb9673e8fe1854dc4500c80e1a220d0d75e31745,114552,train,42,False,False,False
Zalando Sans,sans_serif,Google Fonts official repository,OFL,"data/v2/raw/fonts/sans_serif/Zalando_Sans__ZalandoSans[wdth,wght].ttf",True,passed,,True,zalandosans,ofl,e1118da94a8cb00cf6d06cdac9ef13eb1e5c6ab7,https://raw.githubusercontent.com/google/fonts/e1118da94a8cb00cf6d06cdac9ef13eb1e5c6ab7/ofl/zalandosans/METADATA.pb,https://raw.githubusercontent.com/google/fonts/e1118da94a8cb00cf6d06cdac9ef13eb1e5c6ab7/ofl/zalandosans/ZalandoSans%5Bwdth%2Cwght%5D.ttf,https://raw.githubusercontent.com/google/fonts/e1118da94a8cb00cf6d06cdac9ef13eb1e5c6ab7/ofl/zalandosans/OFL.txt,data/v2/raw/fonts/sans_serif/Zalando_Sans__OFL.txt,"latin,latin-ext,menu,vietnamese",9ef9c85d9b108f588858e045aee46ebbc8e324002d1891c2f662d40a2704dcd8,281728,train,42,False,False,False
Merriweather Sans,sans_serif,Google Fonts official repository,OFL,data/v2/raw/fonts/sans_serif/Merriweather_Sans__MerriweatherSans[wght].ttf,True,passed,,True,merriweathersans,ofl,e1118da94a8cb00cf6d06cdac9ef13eb1e5c6ab7,https://raw.githubusercontent.com/google/fonts/e1118da94a8cb00cf6d06cdac9ef13eb1e5c6ab7/ofl/merriweathersans/METADATA.pb,https://raw.githubusercontent.com/google/fonts/e1118da94a8cb00cf6d06cdac9ef13eb1e5c6ab7/ofl/merriweathersans/MerriweatherSans%5Bwght%5D.ttf,https://raw.githubusercontent.com/google/fonts/e1118da94a8cb00cf6d06cdac9ef13eb1e5c6ab7/ofl/merriweathersans/OFL.txt,data/v2/raw/fonts/sans_serif/Merriweather_Sans__OFL.txt,"cyrillic-ext,latin,latin-ext,menu,vietnamese",bef90d227eeb5b58e27d0a421df6c5d8df2e6a6d68aa08bdc51faa54f1d997dc,266512,train,42,False,False,False
Noto Sans Kannada,sans_serif,Google Fonts official repository,OFL,"data/v2/raw/fonts/sans_serif/Noto_Sans_Kannada__NotoSansKannada[wdth,wght].ttf",True,passed,,True,notosanskannada,ofl,e1118da94a8cb00cf6d06cdac9ef13eb1e5c6ab7,https://raw.githubusercontent.com/google/fonts/e1118da94a8cb00cf6d06cdac9ef13eb1e5c6ab7/ofl/notosanskannada/METADATA.pb,https://raw.githubusercontent.com/google/fonts/e1118da94a8cb00cf6d06cdac9ef13eb1e5c6ab7/ofl/notosanskannada/NotoSansKannada%5Bwdth%2Cwght%5D.ttf,https://raw.githubusercontent.com/google/fonts/e1118da94a8cb00cf6d06cdac9ef13eb1e5c6ab7/ofl/notosanskannada/OFL.txt,data/v2/raw/fonts/sans_serif/Noto_Sans_Kannada__OFL.txt,"kannada,latin,latin-ext,menu",cca4f3b3a8cb12fb261f1b43baf5d2f7f59d90fe123d41f0065ed3a183997ec9,641372,train,42,False,False,False
Kufam,sans_serif,Google Fonts official repository,OFL,data/v2/raw/fonts/sans_serif/Kufam__Kufam[wght].ttf,True,passed,,True,kufam,ofl,e1118da94a8cb00cf6d06cdac9ef13eb1e5c6ab7,https://raw.githubusercontent.com/google/fonts/e1118da94a8cb00cf6d06cdac9ef13eb1e5c6ab7/ofl/kufam/METADATA.pb,https://raw.githubusercontent.com/google/fonts/e1118da94a8cb00cf6d06cdac9ef13eb1e5c6ab7/ofl/kufam/Kufam%5Bwght%5D.ttf,https://raw.githubusercontent.com/google/fonts/e1118da94a8cb00cf6d06cdac9ef13eb1e5c6ab7/ofl/kufam/OFL.txt,data/v2/raw/fonts/sans_serif/Kufam__OFL.txt,"arabic,latin,latin-ext,menu,vietnamese",f17a89b518c833de289598d0662bb9a07d09cc7d75b7079a15f1305f624bbcda,428544,train,42,False,False,False
Noto Sans Lao,sans_serif,Google Fonts official repository,OFL,"data/v2/raw/fonts/sans_serif/Noto_Sans_Lao__NotoSansLao[wdth,wght].ttf",True,passed,,True,notosanslao,ofl,e1118da94a8cb00cf6d06cdac9ef13eb1e5c6ab7,https://raw.githubusercontent.com/google/fonts/e1118da94a8cb00cf6d06cdac9ef13eb1e5c6ab7/ofl/notosanslao/METADATA.pb,https://raw.githubusercontent.com/google/fonts/e1118da94a8cb00cf6d06cdac9ef13eb1e5c6ab7/ofl/notosanslao/NotoSansLao%5Bwdth%2Cwght%5D.ttf,https://raw.githubusercontent.com/google/fonts/e1118da94a8cb00cf6d06cdac9ef13eb1e5c6ab7/ofl/notosanslao/OFL.txt,data/v2/raw/fonts/sans_serif/Noto_Sans_Lao__OFL.txt,"lao,latin,latin-ext,menu",9608b94603a82d09a8038946f9775242f99e3b3459b7f1e4d5b335b578cd7ab3,176620,train,42,False,False,False
Ojuju,sans_serif,Google Fonts official repository,OFL,data/v2/raw/fonts/sans_serif/Ojuju__Ojuju[wght].ttf,True,passed,,True,ojuju,ofl,e1118da94a8cb00cf6d06cdac9ef13eb1e5c6ab7,https://raw.githubusercontent.com/google/fonts/e1118da94a8cb00cf6d06cdac9ef13eb1e5c6ab7/ofl/ojuju/METADATA.pb,https://raw.githubusercontent.com/google/fonts/e1118da94a8cb00cf6d06cdac9ef13eb1e5c6ab7/ofl/ojuju/Ojuju%5Bwght%5D.ttf,https://raw.githubusercontent.com/google/fonts/e1118da94a8cb00cf6d06cdac9ef13eb1e5c6ab7/ofl/ojuju/OFL.txt,data/v2/raw/fonts/sans_serif/Ojuju__OFL.txt,"latin,latin-ext,math,menu,symbols,vietnamese",6a4eae3adcf726e5a3961fa6843d5cb4fae3b08726c58fc143e9c2ca5c3d5b52,221368,train,42,False,False,False
Zen Kaku Gothic New,sans_serif,Google Fonts official repository,OFL,data/v2/raw/fonts/sans_serif/Zen_Kaku_Gothic_New__ZenKakuGothicNew-Regular.ttf,True,passed,,True,zenkakugothicnew,ofl,e1118da94a8cb00cf6d06cdac9ef13eb1e5c6ab7,https://raw.githubusercontent.com/google/fonts/e1118da94a8cb00cf6d06cdac9ef13eb1e5c6ab7/ofl/zenkakugothicnew/METADATA.pb,https://raw.githubusercontent.com/google/fonts/e1118da94a8cb00cf6d06cdac9ef13eb1e5c6ab7/ofl/zenkakugothicnew/ZenKakuGothicNew-Regular.ttf,https://raw.githubusercontent.com/google/fonts/e1118da94a8cb00cf6d06cdac9ef13eb1e5c6ab7/ofl/zenkakugothicnew/OFL.txt,data/v2/raw/fonts/sans_serif/Zen_Kaku_Gothic_New__OFL.txt,"cyrillic,japanese,latin,latin-ext,menu",b840cd07a67d89cacca44249ae49aa99ee7640eb5ce623be8d8983d6aabac801,2360248,train,42,False,False,False
Noto Sans Tai Tham,sans_serif,Google Fonts official repository,OFL,data/v2/raw/fonts/sans_serif/Noto_Sans_Tai_Tham__NotoSansTaiTham[wght].ttf,True,passed,,True,notosanstaitham,ofl,e1118da94a8cb00cf6d06cdac9ef13eb1e5c6ab7,https://raw.githubusercontent.com/google/fonts/e1118da94a8cb00cf6d06cdac9ef13eb1e5c6ab7/ofl/notosanstaitham/METADATA.pb,https://raw.githubusercontent.com/google/fonts/e1118da94a8cb00cf6d06cdac9ef13eb1e5c6ab7/ofl/notosanstaitham/NotoSansTaiTham%5Bwght%5D.ttf,https://raw.githubusercontent.com/google/fonts/e1118da94a8cb00cf6d06cdac9ef13eb1e5c6ab7/ofl/notosanstaitham/OFL.txt,data/v2/raw/fonts/sans_serif/Noto_Sans_Tai_Tham__OFL.txt,"latin,latin-ext,menu,tai-tham",a053b99fc5ed0a3e5fb14eecbbf137245cb0b8c34c2cb4ffd0872db3097bcd0a,172864,train,42,False,False,False
Sankofa Display,sans_serif,Google Fonts official repository,OFL,data/v2/raw/fonts/sans_serif/Sankofa_Display__SankofaDisplay-Regular.ttf,True,passed,,True,sankofadisplay,ofl,e1118da94a8cb00cf6d06cdac9ef13eb1e5c6ab7,https://raw.githubusercontent.com/google/fonts/e1118da94a8cb00cf6d06cdac9ef13eb1e5c6ab7/ofl/sankofadisplay/METADATA.pb,https://raw.githubusercontent.com/google/fonts/e1118da94a8cb00cf6d06cdac9ef13eb1e5c6ab7/ofl/sankofadisplay/SankofaDisplay-Regular.ttf,https://raw.githubusercontent.com/google/fonts/e1118da94a8cb00cf6d06cdac9ef13eb1e5c6ab7/ofl/sankofadisplay/OFL.txt,data/v2/raw/fonts/sans_serif/Sankofa_Display__OFL.txt,"latin,latin-ext,menu,vietnamese",747b51b50660960d481505bf10354d68df79e6aea97fcac3faa8252dfb757429,301656,train,42,False,False,False
Noto Sans Bassa Vah,sans_serif,Google Fonts official repository,OFL,data/v2/raw/fonts/sans_serif/Noto_Sans_Bassa_Vah__NotoSansBassaVah[wght].ttf,True,passed,,True,notosansbassavah,ofl,e1118da94a8cb00cf6d06cdac9ef13eb1e5c6ab7,https://raw.githubusercontent.com/google/fonts/e1118da94a8cb00cf6d06cdac9ef13eb1e5c6ab7/ofl/notosansbassavah/METADATA.pb,https://raw.githubusercontent.com/google/fonts/e1118da94a8cb00cf6d06cdac9ef13eb1e5c6ab7/ofl/notosansbassavah/NotoSansBassaVah%5Bwght%5D.ttf,https://raw.githubusercontent.com/google/fonts/e1118da94a8cb00cf6d06cdac9ef13eb1e5c6ab7/ofl/notosansbassavah/OFL.txt,data/v2/raw/fonts/sans_serif/Noto_Sans_Bassa_Vah__OFL.txt,"bassa-vah,latin,latin-ext,menu",b6c065b905d4ca228580027164f2102fae76215724c43a36e8ebf3c7ee81b8fb,61308,train,42,False,False,False
Rethink Sans,sans_serif,Google Fonts official repository,OFL,data/v2/raw/fonts/sans_serif/Rethink_Sans__RethinkSans[wght].ttf,True,passed,,True,rethinksans,ofl,e1118da94a8cb00cf6d06cdac9ef13eb1e5c6ab7,https://raw.githubusercontent.com/google/fonts/e1118da94a8cb00cf6d06cdac9ef13eb1e5c6ab7/ofl/rethinksans/METADATA.pb,https://raw.githubusercontent.com/google/fonts/e1118da94a8cb00cf6d06cdac9ef13eb1e5c6ab7/ofl/rethinksans/RethinkSans%5Bwght%5D.ttf,https://raw.githubusercontent.com/google/fonts/e1118da94a8cb00cf6d06cdac9ef13eb1e5c6ab7/ofl/rethinksans/OFL.txt,data/v2/raw/fonts/sans_serif/Rethink_Sans__OFL.txt,"latin,latin-ext,menu",c700224149f9248587ccb1e1482bb01c1c779076c8c593720838877ad9643347,120588,train,42,False,False,False
Yaldevi Colombo,sans_serif,Google Fonts official repository,OFL,data/v2/raw/fonts/sans_serif/Yaldevi_Colombo__YaldeviColombo-Regular.ttf,True,passed,,True,yaldevicolombo,ofl,e1118da94a8cb00cf6d06cdac9ef13eb1e5c6ab7,https://raw.githubusercontent.com/google/fonts/e1118da94a8cb00cf6d06cdac9ef13eb1e5c6ab7/ofl/yaldevicolombo/METADATA.pb,https://raw.githubusercontent.com/google/fonts/e1118da94a8cb00cf6d06cdac9ef13eb1e5c6ab7/ofl/yaldevicolombo/YaldeviColombo-Regular.ttf,https://raw.githubusercontent.com/google/fonts/e1118da94a8cb00cf6d06cdac9ef13eb1e5c6ab7/ofl/yaldevicolombo/OFL.txt,data/v2/raw/fonts/sans_serif/Yaldevi_Colombo__OFL.txt,"latin,latin-ext,menu,sinhala",5577ba8af289a7c6bf2fa9d6afa653435a382c4cb41323adb7fa530db5440214,418848,train,42,False,False,False
Kumbh Sans,sans_serif,Google Fonts official repository,OFL,"data/v2/raw/fonts/sans_serif/Kumbh_Sans__KumbhSans[YOPQ,wght].ttf",True,passed,,True,kumbhsans,ofl,e1118da94a8cb00cf6d06cdac9ef13eb1e5c6ab7,https://raw.githubusercontent.com/google/fonts/e1118da94a8cb00cf6d06cdac9ef13eb1e5c6ab7/ofl/kumbhsans/METADATA.pb,https://raw.githubusercontent.com/google/fonts/e1118da94a8cb00cf6d06cdac9ef13eb1e5c6ab7/ofl/kumbhsans/KumbhSans%5BYOPQ%2Cwght%5D.ttf,https://raw.githubusercontent.com/google/fonts/e1118da94a8cb00cf6d06cdac9ef13eb1e5c6ab7/ofl/kumbhsans/OFL.txt,data/v2/raw/fonts/sans_serif/Kumbh_Sans__OFL.txt,"latin,latin-ext,math,menu,symbols",f29b8814e682a1524c1b6cad866700c844c287c2df1f6d362dcaec4cc75dadf9,118796,train,42,False,False,False
Fredoka,sans_serif,Google Fonts official repository,OFL,"data/v2/raw/fonts/sans_serif/Fredoka__Fredoka[wdth,wght].ttf",True,passed,,True,fredoka,ofl,e1118da94a8cb00cf6d06cdac9ef13eb1e5c6ab7,https://raw.githubusercontent.com/google/fonts/e1118da94a8cb00cf6d06cdac9ef13eb1e5c6ab7/ofl/fredoka/METADATA.pb,https://raw.githubusercontent.com/google/fonts/e1118da94a8cb00cf6d06cdac9ef13eb1e5c6ab7/ofl/fredoka/Fredoka%5Bwdth%2Cwght%5D.ttf,https://raw.githubusercontent.com/google/fonts/e1118da94a8cb00cf6d06cdac9ef13eb1e5c6ab7/ofl/fredoka/OFL.txt,data/v2/raw/fonts/sans_serif/Fredoka__OFL.txt,"hebrew,latin,latin-ext,menu",2ba02e68b152868aef9ba28e24b3648c7d457fe6f25c761f2c2c53fb61a73fc8,159184,train,42,False,False,False
Fira Sans Condensed,sans_serif,Google Fonts official repository,OFL,data/v2/raw/fonts/sans_serif/Fira_Sans_Condensed__FiraSansCondensed-Regular.ttf,True,passed,,True,firasanscondensed,ofl,e1118da94a8cb00cf6d06cdac9ef13eb1e5c6ab7,https://raw.githubusercontent.com/google/fonts/e1118da94a8cb00cf6d06cdac9ef13eb1e5c6ab7/ofl/firasanscondensed/METADATA.pb,https://raw.githubusercontent.com/google/fonts/e1118da94a8cb00cf6d06cdac9ef13eb1e5c6ab7/ofl/firasanscondensed/FiraSansCondensed-Regular.ttf,https://raw.githubusercontent.com/google/fonts/e1118da94a8cb00cf6d06cdac9ef13eb1e5c6ab7/ofl/firasanscondensed/OFL.txt,data/v2/raw/fonts/sans_serif/Fira_Sans_Condensed__OFL.txt,"cyrillic,cyrillic-ext,greek,greek-ext,latin,latin-ext,menu,vietnamese",c67609f14fc9d328442bfffcc31988b0f76e5575cf460fcc1f3dd8e4912fe257,459804,train,42,False,False,False
Noto Sans Nabataean,sans_serif,Google Fonts official repository,OFL,data/v2/raw/fonts/sans_serif/Noto_Sans_Nabataean__NotoSansNabataean-Regular.ttf,True,passed,,True,notosansnabataean,ofl,e1118da94a8cb00cf6d06cdac9ef13eb1e5c6ab7,https://raw.githubusercontent.com/google/fonts/e1118da94a8cb00cf6d06cdac9ef13eb1e5c6ab7/ofl/notosansnabataean/METADATA.pb,https://raw.githubusercontent.com/google/fonts/e1118da94a8cb00cf6d06cdac9ef13eb1e5c6ab7/ofl/notosansnabataean/NotoSansNabataean-Regular.ttf,https://raw.githubusercontent.com/google/fonts/e1118da94a8cb00cf6d06cdac9ef13eb1e5c6ab7/ofl/notosansnabataean/OFL.txt,data/v2/raw/fonts/sans_serif/Noto_Sans_Nabataean__OFL.txt,"latin,latin-ext,menu,nabataean",b21dc4564143ce3647bfb5c410b8b2f0affb257756693b9578a1328fdf9d82e8,55600,train,42,False,False,False
42dot Sans,sans_serif,Google Fonts official repository,OFL,data/v2/raw/fonts/sans_serif/42dot_Sans__42dotSans[wght].ttf,True,passed,,True,42dotsans,ofl,e1118da94a8cb00cf6d06cdac9ef13eb1e5c6ab7,https://raw.githubusercontent.com/google/fonts/e1118da94a8cb00cf6d06cdac9ef13eb1e5c6ab7/ofl/42dotsans/METADATA.pb,https://raw.githubusercontent.com/google/fonts/e1118da94a8cb00cf6d06cdac9ef13eb1e5c6ab7/ofl/42dotsans/42dotSans%5Bwght%5D.ttf,https://raw.githubusercontent.com/google/fonts/e1118da94a8cb00cf6d06cdac9ef13eb1e5c6ab7/ofl/42dotsans/OFL.txt,data/v2/raw/fonts/sans_serif/42dot_Sans__OFL.txt,"korean,latin,menu",cf9ec2f79b6d13384eef338477a223800a547fbb21665eb0ea1330a513805b6a,5772308,train,42,False,False,False
Alumni Sans SC,sans_serif,Google Fonts official repository,OFL,data/v2/raw/fonts/sans_serif/Alumni_Sans_SC__AlumniSansSC[wght].ttf,True,passed,,True,alumnisanssc,ofl,e1118da94a8cb00cf6d06cdac9ef13eb1e5c6ab7,https://raw.githubusercontent.com/google/fonts/e1118da94a8cb00cf6d06cdac9ef13eb1e5c6ab7/ofl/alumnisanssc/METADATA.pb,https://raw.githubusercontent.com/google/fonts/e1118da94a8cb00cf6d06cdac9ef13eb1e5c6ab7/ofl/alumnisanssc/AlumniSansSC%5Bwght%5D.ttf,https://raw.githubusercontent.com/google/fonts/e1118da94a8cb00cf6d06cdac9ef13eb1e5c6ab7/ofl/alumnisanssc/OFL.txt,data/v2/raw/fonts/sans_serif/Alumni_Sans_SC__OFL.txt,"cyrillic,cyrillic-ext,latin,latin-ext,menu,vietnamese",41a67970fd2a6f6a806578451d7e9902b45008043de2d60bf47e005ec0dab922,125764,train,42,False,False,False
ZCOOL QingKe HuangYou,sans_serif,Google Fonts official repository,OFL,data/v2/raw/fonts/sans_serif/ZCOOL_QingKe_HuangYou__ZCOOLQingKeHuangYou-Regular.ttf,True,passed,,True,zcoolqingkehuangyou,ofl,e1118da94a8cb00cf6d06cdac9ef13eb1e5c6ab7,https://raw.githubusercontent.com/google/fonts/e1118da94a8cb00cf6d06cdac9ef13eb1e5c6ab7/ofl/zcoolqingkehuangyou/METADATA.pb,https://raw.githubusercontent.com/google/fonts/e1118da94a8cb00cf6d06cdac9ef13eb1e5c6ab7/ofl/zcoolqingkehuangyou/ZCOOLQingKeHuangYou-Regular.ttf,https://raw.githubusercontent.com/google/fonts/e1118da94a8cb00cf6d06cdac9ef13eb1e5c6ab7/ofl/zcoolqingkehuangyou/OFL.txt,data/v2/raw/fonts/sans_serif/ZCOOL_QingKe_HuangYou__OFL.txt,"chinese-simplified,latin,menu",54f0c0df4308cd74cd0f2fd3494ae054dbc4a1fd6fa7d71f4807eb4cdd8b4136,8328684,train,42,False,False,False
Finlandica,sans_serif,Google Fonts official repository,OFL,data/v2/raw/fonts/sans_serif/Finlandica__Finlandica[wght].ttf,True,passed,,True,finlandica,ofl,e1118da94a8cb00cf6d06cdac9ef13eb1e5c6ab7,https://raw.githubusercontent.com/google/fonts/e1118da94a8cb00cf6d06cdac9ef13eb1e5c6ab7/ofl/finlandica/METADATA.pb,https://raw.githubusercontent.com/google/fonts/e1118da94a8cb00cf6d06cdac9ef13eb1e5c6ab7/ofl/finlandica/Finlandica%5Bwght%5D.ttf,https://raw.githubusercontent.com/google/fonts/e1118da94a8cb00cf6d06cdac9ef13eb1e5c6ab7/ofl/finlandica/OFL.txt,data/v2/raw/fonts/sans_serif/Finlandica__OFL.txt,"cyrillic,cyrillic-ext,latin,latin-ext,menu",8192c7f916ad929890b799bd4fe0974200be62e024c267c7b234632caca6658e,143908,train,42,False,False,False
Dosis,sans_serif,Google Fonts official repository,OFL,data/v2/raw/fonts/sans_serif/Dosis__Dosis[wght].ttf,True,passed,,True,dosis,ofl,e1118da94a8cb00cf6d06cdac9ef13eb1e5c6ab7,https://raw.githubusercontent.com/google/fonts/e1118da94a8cb00cf6d06cdac9ef13eb1e5c6ab7/ofl/dosis/METADATA.pb,https://raw.githubusercontent.com/google/fonts/e1118da94a8cb00cf6d06cdac9ef13eb1e5c6ab7/ofl/dosis/Dosis%5Bwght%5D.ttf,https://raw.githubusercontent.com/google/fonts/e1118da94a8cb00cf6d06cdac9ef13eb1e5c6ab7/ofl/dosis/OFL.txt,data/v2/raw/fonts/sans_serif/Dosis__OFL.txt,"latin,latin-ext,menu,vietnamese",b2238eef0b3464904fed097ef274c704bc63d21407369b7d7a5be7b0821a0e82,117280,train,42,False,False,False
Noto Sans Tamil,sans_serif,Google Fonts official repository,OFL,"data/v2/raw/fonts/sans_serif/Noto_Sans_Tamil__NotoSansTamil[wdth,wght].ttf",True,passed,,True,notosanstamil,ofl,e1118da94a8cb00cf6d06cdac9ef13eb1e5c6ab7,https://raw.githubusercontent.com/google/fonts/e1118da94a8cb00cf6d06cdac9ef13eb1e5c6ab7/ofl/notosanstamil/METADATA.pb,https://raw.githubusercontent.com/google/fonts/e1118da94a8cb00cf6d06cdac9ef13eb1e5c6ab7/ofl/notosanstamil/NotoSansTamil%5Bwdth%2Cwght%5D.ttf,https://raw.githubusercontent.com/google/fonts/e1118da94a8cb00cf6d06cdac9ef13eb1e5c6ab7/ofl/notosanstamil/OFL.txt,data/v2/raw/fonts/sans_serif/Noto_Sans_Tamil__OFL.txt,"latin,latin-ext,menu,tamil",aa3a9b321f4b0bb2c40203ffbde9af89713227866e0e13f76e5b9eeea727cf88,340668,train,42,False,False,False
Figtree,sans_serif,Google Fonts official repository,OFL,data/v2/raw/fonts/sans_serif/Figtree__Figtree[wght].ttf,True,passed,,True,figtree,ofl,e1118da94a8cb00cf6d06cdac9ef13eb1e5c6ab7,https://raw.githubusercontent.com/google/fonts/e1118da94a8cb00cf6d06cdac9ef13eb1e5c6ab7/ofl/figtree/METADATA.pb,https://raw.githubusercontent.com/google/fonts/e1118da94a8cb00cf6d06cdac9ef13eb1e5c6ab7/ofl/figtree/Figtree%5Bwght%5D.ttf,https://raw.githubusercontent.com/google/fonts/e1118da94a8cb00cf6d06cdac9ef13eb1e5c6ab7/ofl/figtree/OFL.txt,data/v2/raw/fonts/sans_serif/Figtree__OFL.txt,"latin,latin-ext,menu",26ad3db9b31ff7dde67a91ff515d022d2f495cd506590699cf264f0bfe6fb714,62712,train,42,False,False,False
M PLUS Code Latin,sans_serif,Google Fonts official repository,OFL,"data/v2/raw/fonts/sans_serif/M_PLUS_Code_Latin__MPLUSCodeLatin[wdth,wght].ttf",True,passed,,True,mpluscodelatin,ofl,e1118da94a8cb00cf6d06cdac9ef13eb1e5c6ab7,https://raw.githubusercontent.com/google/fonts/e1118da94a8cb00cf6d06cdac9ef13eb1e5c6ab7/ofl/mpluscodelatin/METADATA.pb,https://raw.githubusercontent.com/google/fonts/e1118da94a8cb00cf6d06cdac9ef13eb1e5c6ab7/ofl/mpluscodelatin/MPLUSCodeLatin%5Bwdth%2Cwght%5D.ttf,https://raw.githubusercontent.com/google/fonts/e1118da94a8cb00cf6d06cdac9ef13eb1e5c6ab7/ofl/mpluscodelatin/OFL.txt,data/v2/raw/fonts/sans_serif/M_PLUS_Code_Latin__OFL.txt,"latin,latin-ext,menu,vietnamese",fd1dec1e7fd5062705e5e5838ebf3b1e11d20dd11478c31be3bb34190400eeed,133076,train,42,False,False,False
Italiana,sans_serif,Google Fonts official repository,OFL,data/v2/raw/fonts/sans_serif/Italiana__Italiana-Regular.ttf,True,passed,,True,italiana,ofl,e1118da94a8cb00cf6d06cdac9ef13eb1e5c6ab7,https://raw.githubusercontent.com/google/fonts/e1118da94a8cb00cf6d06cdac9ef13eb1e5c6ab7/ofl/italiana/METADATA.pb,https://raw.githubusercontent.com/google/fonts/e1118da94a8cb00cf6d06cdac9ef13eb1e5c6ab7/ofl/italiana/Italiana-Regular.ttf,https://raw.githubusercontent.com/google/fonts/e1118da94a8cb00cf6d06cdac9ef13eb1e5c6ab7/ofl/italiana/OFL.txt,data/v2/raw/fonts/sans_serif/Italiana__OFL.txt,"latin,menu",0ad271d9cd42a57cd5c5fa483ae2406a8138b95acb2a43eb73a8d37b7291fee9,31828,train,42,False,False,False
Radio Canada Big,sans_serif,Google Fonts official repository,OFL,data/v2/raw/fonts/sans_serif/Radio_Canada_Big__RadioCanadaBig[wght].ttf,True,passed,,True,radiocanadabig,ofl,e1118da94a8cb00cf6d06cdac9ef13eb1e5c6ab7,https://raw.githubusercontent.com/google/fonts/e1118da94a8cb00cf6d06cdac9ef13eb1e5c6ab7/ofl/radiocanadabig/METADATA.pb,https://raw.githubusercontent.com/google/fonts/e1118da94a8cb00cf6d06cdac9ef13eb1e5c6ab7/ofl/radiocanadabig/RadioCanadaBig%5Bwght%5D.ttf,https://raw.githubusercontent.com/google/fonts/e1118da94a8cb00cf6d06cdac9ef13eb1e5c6ab7/ofl/radiocanadabig/OFL.txt,data/v2/raw/fonts/sans_serif/Radio_Canada_Big__OFL.txt,"latin,latin-ext,menu",9d7fc9bd74b5d27e48bba194ed2993f054ebc9672463dc5f14bf1907932341d8,73276,train,42,False,False,False
Telex,sans_serif,Google Fonts official repository,OFL,data/v2/raw/fonts/sans_serif/Telex__Telex-Regular.ttf,True,passed,,True,telex,ofl,e1118da94a8cb00cf6d06cdac9ef13eb1e5c6ab7,https://raw.githubusercontent.com/google/fonts/e1118da94a8cb00cf6d06cdac9ef13eb1e5c6ab7/ofl/telex/METADATA.pb,https://raw.githubusercontent.com/google/fonts/e1118da94a8cb00cf6d06cdac9ef13eb1e5c6ab7/ofl/telex/Telex-Regular.ttf,https://raw.githubusercontent.com/google/fonts/e1118da94a8cb00cf6d06cdac9ef13eb1e5c6ab7/ofl/telex/OFL.txt,data/v2/raw/fonts/sans_serif/Telex__OFL.txt,"latin,latin-ext,menu",eeaa2d17d105b6b46e5368ecd990f5b19c50131ff922dbf79bfb9bb45c249871,38940,train,42,False,False,False
Khula,sans_serif,Google Fonts official repository,OFL,data/v2/raw/fonts/sans_serif/Khula__Khula-Regular.ttf,True,passed,,True,khula,ofl,e1118da94a8cb00cf6d06cdac9ef13eb1e5c6ab7,https://raw.githubusercontent.com/google/fonts/e1118da94a8cb00cf6d06cdac9ef13eb1e5c6ab7/ofl/khula/METADATA.pb,https://raw.githubusercontent.com/google/fonts/e1118da94a8cb00cf6d06cdac9ef13eb1e5c6ab7/ofl/khula/Khula-Regular.ttf,https://raw.githubusercontent.com/google/fonts/e1118da94a8cb00cf6d06cdac9ef13eb1e5c6ab7/ofl/khula/OFL.txt,data/v2/raw/fonts/sans_serif/Khula__OFL.txt,"devanagari,latin,latin-ext,menu",825477d3c995997ebd41245fc4177bf1681bfd6546674e0d67a29a094c78644f,158356,validation,42,False,False,False
Anta,sans_serif,Google Fonts official repository,OFL,data/v2/raw/fonts/sans_serif/Anta__Anta-Regular.ttf,True,passed,,True,anta,ofl,e1118da94a8cb00cf6d06cdac9ef13eb1e5c6ab7,https://raw.githubusercontent.com/google/fonts/e1118da94a8cb00cf6d06cdac9ef13eb1e5c6ab7/ofl/anta/METADATA.pb,https://raw.githubusercontent.com/google/fonts/e1118da94a8cb00cf6d06cdac9ef13eb1e5c6ab7/ofl/anta/Anta-Regular.ttf,https://raw.githubusercontent.com/google/fonts/e1118da94a8cb00cf6d06cdac9ef13eb1e5c6ab7/ofl/anta/OFL.txt,data/v2/raw/fonts/sans_serif/Anta__OFL.txt,"latin,latin-ext,math,menu,symbols",9f3b9723a50c1244d49906b1892b3aad43876ab9a2de80288db47821b0c7b298,74304,validation,42,False,False,False
Noto Sans Egyptian Hieroglyphs,sans_serif,Google Fonts official repository,OFL,data/v2/raw/fonts/sans_serif/Noto_Sans_Egyptian_Hieroglyphs__NotoSansEgyptianHieroglyphs-Regular.ttf,True,passed,,True,notosansegyptianhieroglyphs,ofl,e1118da94a8cb00cf6d06cdac9ef13eb1e5c6ab7,https://raw.githubusercontent.com/google/fonts/e1118da94a8cb00cf6d06cdac9ef13eb1e5c6ab7/ofl/notosansegyptianhieroglyphs/METADATA.pb,https://raw.githubusercontent.com/google/fonts/e1118da94a8cb00cf6d06cdac9ef13eb1e5c6ab7/ofl/notosansegyptianhieroglyphs/NotoSansEgyptianHieroglyphs-Regular.ttf,https://raw.githubusercontent.com/google/fonts/e1118da94a8cb00cf6d06cdac9ef13eb1e5c6ab7/ofl/notosansegyptianhieroglyphs/OFL.txt,data/v2/raw/fonts/sans_serif/Noto_Sans_Egyptian_Hieroglyphs__OFL.txt,"egyptian-hieroglyphs,latin,latin-ext,menu",b792accc6207ca9caa59fc67f53926b6985a99d255dd432d7c68b68a6dfd62f8,1004836,validation,42,False,False,False
Gotu,sans_serif,Google Fonts official repository,OFL,data/v2/raw/fonts/sans_serif/Gotu__Gotu-Regular.ttf,True,passed,,True,gotu,ofl,e1118da94a8cb00cf6d06cdac9ef13eb1e5c6ab7,https://raw.githubusercontent.com/google/fonts/e1118da94a8cb00cf6d06cdac9ef13eb1e5c6ab7/ofl/gotu/METADATA.pb,https://raw.githubusercontent.com/google/fonts/e1118da94a8cb00cf6d06cdac9ef13eb1e5c6ab7/ofl/gotu/Gotu-Regular.ttf,https://raw.githubusercontent.com/google/fonts/e1118da94a8cb00cf6d06cdac9ef13eb1e5c6ab7/ofl/gotu/OFL.txt,data/v2/raw/fonts/sans_serif/Gotu__OFL.txt,"devanagari,latin,latin-ext,menu,vietnamese",766fbfb19d8a0c38814b23c42515ed9dea538fce18d741221eca321d0604a3f5,697792,validation,42,False,False,False
Questrial,sans_serif,Google Fonts official repository,OFL,data/v2/raw/fonts/sans_serif/Questrial__Questrial-Regular.ttf,True,passed,,True,questrial,ofl,e1118da94a8cb00cf6d06cdac9ef13eb1e5c6ab7,https://raw.githubusercontent.com/google/fonts/e1118da94a8cb00cf6d06cdac9ef13eb1e5c6ab7/ofl/questrial/METADATA.pb,https://raw.githubusercontent.com/google/fonts/e1118da94a8cb00cf6d06cdac9ef13eb1e5c6ab7/ofl/questrial/Questrial-Regular.ttf,https://raw.githubusercontent.com/google/fonts/e1118da94a8cb00cf6d06cdac9ef13eb1e5c6ab7/ofl/questrial/OFL.txt,data/v2/raw/fonts/sans_serif/Questrial__OFL.txt,"latin,latin-ext,menu,vietnamese",0ee7f2debabb13773fd38468b31820e11fca202a8f98c4d80b6ffcb796899b6f,184176,validation,42,False,False,False
Orienta,sans_serif,Google Fonts official repository,OFL,data/v2/raw/fonts/sans_serif/Orienta__Orienta-Regular.ttf,True,passed,,True,orienta,ofl,e1118da94a8cb00cf6d06cdac9ef13eb1e5c6ab7,https://raw.githubusercontent.com/google/fonts/e1118da94a8cb00cf6d06cdac9ef13eb1e5c6ab7/ofl/orienta/METADATA.pb,https://raw.githubusercontent.com/google/fonts/e1118da94a8cb00cf6d06cdac9ef13eb1e5c6ab7/ofl/orienta/Orienta-Regular.ttf,https://raw.githubusercontent.com/google/fonts/e1118da94a8cb00cf6d06cdac9ef13eb1e5c6ab7/ofl/orienta/OFL.txt,data/v2/raw/fonts/sans_serif/Orienta__OFL.txt,"latin,latin-ext,menu",c7ca99f5789c097565d12313a23449eeb7b46a9d60342419ab696870793ca291,55176,validation,42,False,False,False
Hermeneus One,sans_serif,Google Fonts official repository,OFL,data/v2/raw/fonts/sans_serif/Hermeneus_One__HermeneusOne-Regular.ttf,True,passed,,True,hermeneusone,ofl,e1118da94a8cb00cf6d06cdac9ef13eb1e5c6ab7,https://raw.githubusercontent.com/google/fonts/e1118da94a8cb00cf6d06cdac9ef13eb1e5c6ab7/ofl/hermeneusone/METADATA.pb,https://raw.githubusercontent.com/google/fonts/e1118da94a8cb00cf6d06cdac9ef13eb1e5c6ab7/ofl/hermeneusone/HermeneusOne-Regular.ttf,https://raw.githubusercontent.com/google/fonts/e1118da94a8cb00cf6d06cdac9ef13eb1e5c6ab7/ofl/hermeneusone/OFL.txt,data/v2/raw/fonts/sans_serif/Hermeneus_One__OFL.txt,"latin,latin-ext,menu",53ff8b668ff603beb3a15b298c35d80932f57a47c889e6e96bb93d434da25808,132940,test,42,False,False,True
Hubot Sans,sans_serif,Google Fonts official repository,OFL,"data/v2/raw/fonts/sans_serif/Hubot_Sans__HubotSans[wdth,wght].ttf",True,passed,,True,hubotsans,ofl,e1118da94a8cb00cf6d06cdac9ef13eb1e5c6ab7,https://raw.githubusercontent.com/google/fonts/e1118da94a8cb00cf6d06cdac9ef13eb1e5c6ab7/ofl/hubotsans/METADATA.pb,https://raw.githubusercontent.com/google/fonts/e1118da94a8cb00cf6d06cdac9ef13eb1e5c6ab7/ofl/hubotsans/HubotSans%5Bwdth%2Cwght%5D.ttf,https://raw.githubusercontent.com/google/fonts/e1118da94a8cb00cf6d06cdac9ef13eb1e5c6ab7/ofl/hubotsans/OFL.txt,data/v2/raw/fonts/sans_serif/Hubot_Sans__OFL.txt,"latin,latin-ext,menu,vietnamese",229c7682f64b499668d2f47ac803bbde0b5a63225326c8659ea436748ab29965,369548,test,42,False,False,True
Julius Sans One,sans_serif,Google Fonts official repository,OFL,data/v2/raw/fonts/sans_serif/Julius_Sans_One__JuliusSansOne-Regular.ttf,True,passed,,True,juliussansone,ofl,e1118da94a8cb00cf6d06cdac9ef13eb1e5c6ab7,https://raw.githubusercontent.com/google/fonts/e1118da94a8cb00cf6d06cdac9ef13eb1e5c6ab7/ofl/juliussansone/METADATA.pb,https://raw.githubusercontent.com/google/fonts/e1118da94a8cb00cf6d06cdac9ef13eb1e5c6ab7/ofl/juliussansone/JuliusSansOne-Regular.ttf,https://raw.githubusercontent.com/google/fonts/e1118da94a8cb00cf6d06cdac9ef13eb1e5c6ab7/ofl/juliussansone/OFL.txt,data/v2/raw/fonts/sans_serif/Julius_Sans_One__OFL.txt,"latin,latin-ext,menu",b540bcad9283f58955a8db82d8103b1fd356378f55ec764cdb20d9f5ae749f23,42288,test,42,False,False,True
LXGW Marker Gothic,sans_serif,Google Fonts official repository,OFL,data/v2/raw/fonts/sans_serif/LXGW_Marker_Gothic__LXGWMarkerGothic-Regular.ttf,True,passed,,True,lxgwmarkergothic,ofl,e1118da94a8cb00cf6d06cdac9ef13eb1e5c6ab7,https://raw.githubusercontent.com/google/fonts/e1118da94a8cb00cf6d06cdac9ef13eb1e5c6ab7/ofl/lxgwmarkergothic/METADATA.pb,https://raw.githubusercontent.com/google/fonts/e1118da94a8cb00cf6d06cdac9ef13eb1e5c6ab7/ofl/lxgwmarkergothic/LXGWMarkerGothic-Regular.ttf,https://raw.githubusercontent.com/google/fonts/e1118da94a8cb00cf6d06cdac9ef13eb1e5c6ab7/ofl/lxgwmarkergothic/OFL.txt,data/v2/raw/fonts/sans_serif/LXGW_Marker_Gothic__OFL.txt,"chinese-traditional,cyrillic,cyrillic-ext,greek,latin,latin-ext,menu,symbols2,vietnamese",e6a55cfd5f18dc393f92670a164397a69242cb4eabe1d3feb5dc22fc4947a8ba,3187360,test,42,False,False,True
Martel Sans,sans_serif,Google Fonts official repository,OFL,data/v2/raw/fonts/sans_serif/Martel_Sans__MartelSans-Regular.ttf,True,passed,,True,martelsans,ofl,e1118da94a8cb00cf6d06cdac9ef13eb1e5c6ab7,https://raw.githubusercontent.com/google/fonts/e1118da94a8cb00cf6d06cdac9ef13eb1e5c6ab7/ofl/martelsans/METADATA.pb,https://raw.githubusercontent.com/google/fonts/e1118da94a8cb00cf6d06cdac9ef13eb1e5c6ab7/ofl/martelsans/MartelSans-Regular.ttf,https://raw.githubusercontent.com/google/fonts/e1118da94a8cb00cf6d06cdac9ef13eb1e5c6ab7/ofl/martelsans/OFL.txt,data/v2/raw/fonts/sans_serif/Martel_Sans__OFL.txt,"devanagari,latin,latin-ext,menu",5c365880e5c79763c745ca132049518e69873cf3da6f7ee91711dc522b021100,153396,test,42,False,False,True
Noto Sans Limbu,sans_serif,Google Fonts official repository,OFL,data/v2/raw/fonts/sans_serif/Noto_Sans_Limbu__NotoSansLimbu-Regular.ttf,True,passed,,True,notosanslimbu,ofl,e1118da94a8cb00cf6d06cdac9ef13eb1e5c6ab7,https://raw.githubusercontent.com/google/fonts/e1118da94a8cb00cf6d06cdac9ef13eb1e5c6ab7/ofl/notosanslimbu/METADATA.pb,https://raw.githubusercontent.com/google/fonts/e1118da94a8cb00cf6d06cdac9ef13eb1e5c6ab7/ofl/notosanslimbu/NotoSansLimbu-Regular.ttf,https://raw.githubusercontent.com/google/fonts/e1118da94a8cb00cf6d06cdac9ef13eb1e5c6ab7/ofl/notosanslimbu/OFL.txt,data/v2/raw/fonts/sans_serif/Noto_Sans_Limbu__OFL.txt,"latin,latin-ext,limbu,menu",5a8b4fd72c5a64051332f66fcf46fda1a32a37d130631362378c6b465d852dd5,59192,test,42,False,False,True
Bitcount Grid Single Ink,display,Google Fonts official repository,OFL,"data/v2/raw/fonts/display/Bitcount_Grid_Single_Ink__BitcountGridSingleInk[CRSV,ELSH,ELXP,SZP1,SZP2,XPN1,XPN2,YPN1,YPN2,slnt,wght].ttf",True,passed,,True,bitcountgridsingleink,ofl,e1118da94a8cb00cf6d06cdac9ef13eb1e5c6ab7,https://raw.githubusercontent.com/google/fonts/e1118da94a8cb00cf6d06cdac9ef13eb1e5c6ab7/ofl/bitcountgridsingleink/METADATA.pb,https://raw.githubusercontent.com/google/fonts/e1118da94a8cb00cf6d06cdac9ef13eb1e5c6ab7/ofl/bitcountgridsingleink/BitcountGridSingleInk%5BCRSV%2CELSH%2CELXP%2CSZP1%2CSZP2%2CXPN1%2CXPN2%2CYPN1%2CYPN2%2Cslnt%2Cwght%5D.ttf,https://raw.githubusercontent.com/google/fonts/e1118da94a8cb00cf6d06cdac9ef13eb1e5c6ab7/ofl/bitcountgridsingleink/OFL.txt,data/v2/raw/fonts/display/Bitcount_Grid_Single_Ink__OFL.txt,"latin,latin-ext,menu",278c3a8da7298e23b9e93289c6a4efa9d92797aeb7d18f445d93dc0f3c08bb82,276416,train,42,False,False,False
Poetsen One,display,Google Fonts official repository,OFL,data/v2/raw/fonts/display/Poetsen_One__PoetsenOne-Regular.ttf,True,passed,,True,poetsenone,ofl,e1118da94a8cb00cf6d06cdac9ef13eb1e5c6ab7,https://raw.githubusercontent.com/google/fonts/e1118da94a8cb00cf6d06cdac9ef13eb1e5c6ab7/ofl/poetsenone/METADATA.pb,https://raw.githubusercontent.com/google/fonts/e1118da94a8cb00cf6d06cdac9ef13eb1e5c6ab7/ofl/poetsenone/PoetsenOne-Regular.ttf,https://raw.githubusercontent.com/google/fonts/e1118da94a8cb00cf6d06cdac9ef13eb1e5c6ab7/ofl/poetsenone/OFL.txt,data/v2/raw/fonts/display/Poetsen_One__OFL.txt,"latin,latin-ext,menu",61943821534f3ba438a50e84c6efe90207abc03262fae04b52e4d1dfea3eab26,200920,train,42,False,False,False
Jacques Francois Shadow,display,Google Fonts official repository,OFL,data/v2/raw/fonts/display/Jacques_Francois_Shadow__JacquesFrancoisShadow-Regular.ttf,True,passed,,True,jacquesfrancoisshadow,ofl,e1118da94a8cb00cf6d06cdac9ef13eb1e5c6ab7,https://raw.githubusercontent.com/google/fonts/e1118da94a8cb00cf6d06cdac9ef13eb1e5c6ab7/ofl/jacquesfrancoisshadow/METADATA.pb,https://raw.githubusercontent.com/google/fonts/e1118da94a8cb00cf6d06cdac9ef13eb1e5c6ab7/ofl/jacquesfrancoisshadow/JacquesFrancoisShadow-Regular.ttf,https://raw.githubusercontent.com/google/fonts/e1118da94a8cb00cf6d06cdac9ef13eb1e5c6ab7/ofl/jacquesfrancoisshadow/OFL.txt,data/v2/raw/fonts/display/Jacques_Francois_Shadow__OFL.txt,"latin,menu",3947827a196a3c12ceb471ed589168a9b57285db7258eb468a83f4c17945784c,82492,train,42,False,False,False
Slackey,display,Google Fonts official repository,APACHE2,data/v2/raw/fonts/display/Slackey__Slackey-Regular.ttf,True,passed,,True,slackey,apache,e1118da94a8cb00cf6d06cdac9ef13eb1e5c6ab7,https://raw.githubusercontent.com/google/fonts/e1118da94a8cb00cf6d06cdac9ef13eb1e5c6ab7/apache/slackey/METADATA.pb,https://raw.githubusercontent.com/google/fonts/e1118da94a8cb00cf6d06cdac9ef13eb1e5c6ab7/apache/slackey/Slackey-Regular.ttf,https://raw.githubusercontent.com/google/fonts/e1118da94a8cb00cf6d06cdac9ef13eb1e5c6ab7/apache/slackey/LICENSE.txt,data/v2/raw/fonts/display/Slackey__LICENSE.txt,"latin,menu",0be253cdeadcd1ea90ff5954e86641b3ccbef27152608e266af91619cd308eb2,37896,train,42,False,False,False
Zen Tokyo Zoo,display,Google Fonts official repository,OFL,data/v2/raw/fonts/display/Zen_Tokyo_Zoo__ZenTokyoZoo-Regular.ttf,True,passed,,True,zentokyozoo,ofl,e1118da94a8cb00cf6d06cdac9ef13eb1e5c6ab7,https://raw.githubusercontent.com/google/fonts/e1118da94a8cb00cf6d06cdac9ef13eb1e5c6ab7/ofl/zentokyozoo/METADATA.pb,https://raw.githubusercontent.com/google/fonts/e1118da94a8cb00cf6d06cdac9ef13eb1e5c6ab7/ofl/zentokyozoo/ZenTokyoZoo-Regular.ttf,https://raw.githubusercontent.com/google/fonts/e1118da94a8cb00cf6d06cdac9ef13eb1e5c6ab7/ofl/zentokyozoo/OFL.txt,data/v2/raw/fonts/display/Zen_Tokyo_Zoo__OFL.txt,"latin,latin-ext,menu",9dd9dc1a5eba800aca9b0bf4671bda880b7caa6d19174c82776256f6732d604a,92176,train,42,False,False,False
Averia Sans Libre,display,Google Fonts official repository,OFL,data/v2/raw/fonts/display/Averia_Sans_Libre__AveriaSansLibre-Regular.ttf,True,passed,,True,averiasanslibre,ofl,e1118da94a8cb00cf6d06cdac9ef13eb1e5c6ab7,https://raw.githubusercontent.com/google/fonts/e1118da94a8cb00cf6d06cdac9ef13eb1e5c6ab7/ofl/averiasanslibre/METADATA.pb,https://raw.githubusercontent.com/google/fonts/e1118da94a8cb00cf6d06cdac9ef13eb1e5c6ab7/ofl/averiasanslibre/AveriaSansLibre-Regular.ttf,https://raw.githubusercontent.com/google/fonts/e1118da94a8cb00cf6d06cdac9ef13eb1e5c6ab7/ofl/averiasanslibre/OFL.txt,data/v2/raw/fonts/display/Averia_Sans_Libre__OFL.txt,"latin,menu",834a9a8ef3a37da0165274d0345836b430e54ef15e6ebf070ae7c5805034efbc,108320,train,42,False,False,False
Averia Gruesa Libre,display,Google Fonts official repository,OFL,data/v2/raw/fonts/display/Averia_Gruesa_Libre__AveriaGruesaLibre-Regular.ttf,True,passed,,True,averiagruesalibre,ofl,e1118da94a8cb00cf6d06cdac9ef13eb1e5c6ab7,https://raw.githubusercontent.com/google/fonts/e1118da94a8cb00cf6d06cdac9ef13eb1e5c6ab7/ofl/averiagruesalibre/METADATA.pb,https://raw.githubusercontent.com/google/fonts/e1118da94a8cb00cf6d06cdac9ef13eb1e5c6ab7/ofl/averiagruesalibre/AveriaGruesaLibre-Regular.ttf,https://raw.githubusercontent.com/google/fonts/e1118da94a8cb00cf6d06cdac9ef13eb1e5c6ab7/ofl/averiagruesalibre/OFL.txt,data/v2/raw/fonts/display/Averia_Gruesa_Libre__OFL.txt,"latin,latin-ext,menu",df080c6c99c694b3d741835957e4ebc37d640a9c54f4079ceb8c7211e3f2e209,111584,train,42,False,False,False
Keania One,display,Google Fonts official repository,OFL,data/v2/raw/fonts/display/Keania_One__KeaniaOne-Regular.ttf,True,passed,,True,keaniaone,ofl,e1118da94a8cb00cf6d06cdac9ef13eb1e5c6ab7,https://raw.githubusercontent.com/google/fonts/e1118da94a8cb00cf6d06cdac9ef13eb1e5c6ab7/ofl/keaniaone/METADATA.pb,https://raw.githubusercontent.com/google/fonts/e1118da94a8cb00cf6d06cdac9ef13eb1e5c6ab7/ofl/keaniaone/KeaniaOne-Regular.ttf,https://raw.githubusercontent.com/google/fonts/e1118da94a8cb00cf6d06cdac9ef13eb1e5c6ab7/ofl/keaniaone/OFL.txt,data/v2/raw/fonts/display/Keania_One__OFL.txt,"latin,latin-ext,menu",55c6be3d0cdc816c462bccbcc935ef20f560bd7aecbf1b38caed4752b52c14c0,38812,train,42,False,False,False
Elsie Swash Caps,display,Google Fonts official repository,OFL,data/v2/raw/fonts/display/Elsie_Swash_Caps__ElsieSwashCaps-Regular.ttf,True,passed,,True,elsieswashcaps,ofl,e1118da94a8cb00cf6d06cdac9ef13eb1e5c6ab7,https://raw.githubusercontent.com/google/fonts/e1118da94a8cb00cf6d06cdac9ef13eb1e5c6ab7/ofl/elsieswashcaps/METADATA.pb,https://raw.githubusercontent.com/google/fonts/e1118da94a8cb00cf6d06cdac9ef13eb1e5c6ab7/ofl/elsieswashcaps/ElsieSwashCaps-Regular.ttf,https://raw.githubusercontent.com/google/fonts/e1118da94a8cb00cf6d06cdac9ef13eb1e5c6ab7/ofl/elsieswashcaps/OFL.txt,data/v2/raw/fonts/display/Elsie_Swash_Caps__OFL.txt,"latin,latin-ext,menu",6b9c2d61e6f955e4cc7bc51777a2e411c2034d921d150473098b9c7554734520,38332,train,42,False,False,False
Nova Slim,display,Google Fonts official repository,OFL,data/v2/raw/fonts/display/Nova_Slim__NovaSlim.ttf,True,passed,,True,novaslim,ofl,e1118da94a8cb00cf6d06cdac9ef13eb1e5c6ab7,https://raw.githubusercontent.com/google/fonts/e1118da94a8cb00cf6d06cdac9ef13eb1e5c6ab7/ofl/novaslim/METADATA.pb,https://raw.githubusercontent.com/google/fonts/e1118da94a8cb00cf6d06cdac9ef13eb1e5c6ab7/ofl/novaslim/NovaSlim.ttf,https://raw.githubusercontent.com/google/fonts/e1118da94a8cb00cf6d06cdac9ef13eb1e5c6ab7/ofl/novaslim/OFL.txt,data/v2/raw/fonts/display/Nova_Slim__OFL.txt,"latin,latin-ext,menu",78cf188017f211f64ea14fd1c946cc15dcfdec867f4759a50aff0b4350e38eed,93956,train,42,False,False,False
Big Shoulders Text,display,Google Fonts official repository,OFL,data/v2/raw/fonts/display/Big_Shoulders_Text__BigShouldersText[wght].ttf,True,passed,,True,bigshoulderstext,ofl,e1118da94a8cb00cf6d06cdac9ef13eb1e5c6ab7,https://raw.githubusercontent.com/google/fonts/e1118da94a8cb00cf6d06cdac9ef13eb1e5c6ab7/ofl/bigshoulderstext/METADATA.pb,https://raw.githubusercontent.com/google/fonts/e1118da94a8cb00cf6d06cdac9ef13eb1e5c6ab7/ofl/bigshoulderstext/BigShouldersText%5Bwght%5D.ttf,https://raw.githubusercontent.com/google/fonts/e1118da94a8cb00cf6d06cdac9ef13eb1e5c6ab7/ofl/bigshoulderstext/OFL.txt,data/v2/raw/fonts/display/Big_Shoulders_Text__OFL.txt,"latin,latin-ext,menu,vietnamese",fce6c5cf4edec9c9dfb3e7a0f60bef927c881eab72ca17d50fddf4b55f334ed5,218416,train,42,False,False,False
Bungee,display,Google Fonts official repository,OFL,data/v2/raw/fonts/display/Bungee__Bungee-Regular.ttf,True,passed,,True,bungee,ofl,e1118da94a8cb00cf6d06cdac9ef13eb1e5c6ab7,https://raw.githubusercontent.com/google/fonts/e1118da94a8cb00cf6d06cdac9ef13eb1e5c6ab7/ofl/bungee/METADATA.pb,https://raw.githubusercontent.com/google/fonts/e1118da94a8cb00cf6d06cdac9ef13eb1e5c6ab7/ofl/bungee/Bungee-Regular.ttf,https://raw.githubusercontent.com/google/fonts/e1118da94a8cb00cf6d06cdac9ef13eb1e5c6ab7/ofl/bungee/OFL.txt,data/v2/raw/fonts/display/Bungee__OFL.txt,"latin,latin-ext,menu,vietnamese",c4f5361ce120af3e6b9156d0bf379fa19cda2ea0cd18ac01fd99596c6bf66e3f,118996,train,42,True,False,False
Unlock,display,Google Fonts official repository,OFL,data/v2/raw/fonts/display/Unlock__Unlock-Regular.ttf,True,passed,,True,unlock,ofl,e1118da94a8cb00cf6d06cdac9ef13eb1e5c6ab7,https://raw.githubusercontent.com/google/fonts/e1118da94a8cb00cf6d06cdac9ef13eb1e5c6ab7/ofl/unlock/METADATA.pb,https://raw.githubusercontent.com/google/fonts/e1118da94a8cb00cf6d06cdac9ef13eb1e5c6ab7/ofl/unlock/Unlock-Regular.ttf,https://raw.githubusercontent.com/google/fonts/e1118da94a8cb00cf6d06cdac9ef13eb1e5c6ab7/ofl/unlock/OFL.txt,data/v2/raw/fonts/display/Unlock__OFL.txt,"latin,latin-ext,menu",916edbbc325dd8abc630d688c88b4501df9494183295662f017ebe2ace843519,57640,train,42,False,False,False
Rubik 80s Fade,display,Google Fonts official repository,OFL,data/v2/raw/fonts/display/Rubik_80s_Fade__Rubik80sFade-Regular.ttf,True,passed,,True,rubik80sfade,ofl,e1118da94a8cb00cf6d06cdac9ef13eb1e5c6ab7,https://raw.githubusercontent.com/google/fonts/e1118da94a8cb00cf6d06cdac9ef13eb1e5c6ab7/ofl/rubik80sfade/METADATA.pb,https://raw.githubusercontent.com/google/fonts/e1118da94a8cb00cf6d06cdac9ef13eb1e5c6ab7/ofl/rubik80sfade/Rubik80sFade-Regular.ttf,https://raw.githubusercontent.com/google/fonts/e1118da94a8cb00cf6d06cdac9ef13eb1e5c6ab7/ofl/rubik80sfade/OFL.txt,data/v2/raw/fonts/display/Rubik_80s_Fade__OFL.txt,"cyrillic,cyrillic-ext,hebrew,latin,latin-ext,menu",da14679ae16caaf4ad32aece9a7357dcdea02c5d7c9b1d296faba86e19862d3f,3448044,train,42,False,False,False
Life Savers,display,Google Fonts official repository,OFL,data/v2/raw/fonts/display/Life_Savers__LifeSavers-Regular.ttf,True,passed,,True,lifesavers,ofl,e1118da94a8cb00cf6d06cdac9ef13eb1e5c6ab7,https://raw.githubusercontent.com/google/fonts/e1118da94a8cb00cf6d06cdac9ef13eb1e5c6ab7/ofl/lifesavers/METADATA.pb,https://raw.githubusercontent.com/google/fonts/e1118da94a8cb00cf6d06cdac9ef13eb1e5c6ab7/ofl/lifesavers/LifeSavers-Regular.ttf,https://raw.githubusercontent.com/google/fonts/e1118da94a8cb00cf6d06cdac9ef13eb1e5c6ab7/ofl/lifesavers/OFL.txt,data/v2/raw/fonts/display/Life_Savers__OFL.txt,"latin,latin-ext,menu",9cfbf78067b2f17079be543d38bc614ddad23cc6e9c61f119b2ad96289236056,217792,train,42,False,False,False
UnifrakturCook,display,Google Fonts official repository,OFL,data/v2/raw/fonts/display/UnifrakturCook__UnifrakturCook-Bold.ttf,True,passed,,True,unifrakturcook,ofl,e1118da94a8cb00cf6d06cdac9ef13eb1e5c6ab7,https://raw.githubusercontent.com/google/fonts/e1118da94a8cb00cf6d06cdac9ef13eb1e5c6ab7/ofl/unifrakturcook/METADATA.pb,https://raw.githubusercontent.com/google/fonts/e1118da94a8cb00cf6d06cdac9ef13eb1e5c6ab7/ofl/unifrakturcook/UnifrakturCook-Bold.ttf,https://raw.githubusercontent.com/google/fonts/e1118da94a8cb00cf6d06cdac9ef13eb1e5c6ab7/ofl/unifrakturcook/OFL.txt,data/v2/raw/fonts/display/UnifrakturCook__OFL.txt,"latin,menu",ea002fa9c65f1a612af100e00d87ab65f16381f450020ec3d021f3dbf79a6dcd,42688,train,42,False,False,False
Dokdo,display,Google Fonts official repository,OFL,data/v2/raw/fonts/display/Dokdo__Dokdo-Regular.ttf,True,passed,,True,dokdo,ofl,e1118da94a8cb00cf6d06cdac9ef13eb1e5c6ab7,https://raw.githubusercontent.com/google/fonts/e1118da94a8cb00cf6d06cdac9ef13eb1e5c6ab7/ofl/dokdo/METADATA.pb,https://raw.githubusercontent.com/google/fonts/e1118da94a8cb00cf6d06cdac9ef13eb1e5c6ab7/ofl/dokdo/Dokdo-Regular.ttf,https://raw.githubusercontent.com/google/fonts/e1118da94a8cb00cf6d06cdac9ef13eb1e5c6ab7/ofl/dokdo/OFL.txt,data/v2/raw/fonts/display/Dokdo__OFL.txt,"korean,latin,menu",5b3a3d8d28af31fa9adec3fc5da81a88b52e1ff39ed3930c1db787aa4e79c36d,2150860,train,42,False,False,False
Koulen,display,Google Fonts official repository,OFL,data/v2/raw/fonts/display/Koulen__Koulen-Regular.ttf,True,passed,,True,koulen,ofl,e1118da94a8cb00cf6d06cdac9ef13eb1e5c6ab7,https://raw.githubusercontent.com/google/fonts/e1118da94a8cb00cf6d06cdac9ef13eb1e5c6ab7/ofl/koulen/METADATA.pb,https://raw.githubusercontent.com/google/fonts/e1118da94a8cb00cf6d06cdac9ef13eb1e5c6ab7/ofl/koulen/Koulen-Regular.ttf,https://raw.githubusercontent.com/google/fonts/e1118da94a8cb00cf6d06cdac9ef13eb1e5c6ab7/ofl/koulen/OFL.txt,data/v2/raw/fonts/display/Koulen__OFL.txt,"khmer,latin,menu",4e19b0b83c537547b0f1ff1fb39dafb55cefbf6e957ef4bc900dccb9e4220117,56324,train,42,False,False,False
Stardos Stencil,display,Google Fonts official repository,OFL,data/v2/raw/fonts/display/Stardos_Stencil__StardosStencil-Regular.ttf,True,passed,,True,stardosstencil,ofl,e1118da94a8cb00cf6d06cdac9ef13eb1e5c6ab7,https://raw.githubusercontent.com/google/fonts/e1118da94a8cb00cf6d06cdac9ef13eb1e5c6ab7/ofl/stardosstencil/METADATA.pb,https://raw.githubusercontent.com/google/fonts/e1118da94a8cb00cf6d06cdac9ef13eb1e5c6ab7/ofl/stardosstencil/StardosStencil-Regular.ttf,https://raw.githubusercontent.com/google/fonts/e1118da94a8cb00cf6d06cdac9ef13eb1e5c6ab7/ofl/stardosstencil/OFL.txt,data/v2/raw/fonts/display/Stardos_Stencil__OFL.txt,"latin,menu",208b13d15387c282a1c0c439a8e4c38809243d15c361b31da440b25a7e4f39ae,42624,train,42,False,False,False
Kablammo,display,Google Fonts official repository,OFL,data/v2/raw/fonts/display/Kablammo__Kablammo[MORF].ttf,True,passed,,True,kablammo,ofl,e1118da94a8cb00cf6d06cdac9ef13eb1e5c6ab7,https://raw.githubusercontent.com/google/fonts/e1118da94a8cb00cf6d06cdac9ef13eb1e5c6ab7/ofl/kablammo/METADATA.pb,https://raw.githubusercontent.com/google/fonts/e1118da94a8cb00cf6d06cdac9ef13eb1e5c6ab7/ofl/kablammo/Kablammo%5BMORF%5D.ttf,https://raw.githubusercontent.com/google/fonts/e1118da94a8cb00cf6d06cdac9ef13eb1e5c6ab7/ofl/kablammo/OFL.txt,data/v2/raw/fonts/display/Kablammo__OFL.txt,"cyrillic,cyrillic-ext,emoji,latin,latin-ext,menu,vietnamese",900c8c183efc8d913da30dceb9e4e9886888bbd48847455343f12ce85a334925,2209224,train,42,False,False,False
Gorditas,display,Google Fonts official repository,OFL,data/v2/raw/fonts/display/Gorditas__Gorditas-Regular.ttf,True,passed,,True,gorditas,ofl,e1118da94a8cb00cf6d06cdac9ef13eb1e5c6ab7,https://raw.githubusercontent.com/google/fonts/e1118da94a8cb00cf6d06cdac9ef13eb1e5c6ab7/ofl/gorditas/METADATA.pb,https://raw.githubusercontent.com/google/fonts/e1118da94a8cb00cf6d06cdac9ef13eb1e5c6ab7/ofl/gorditas/Gorditas-Regular.ttf,https://raw.githubusercontent.com/google/fonts/e1118da94a8cb00cf6d06cdac9ef13eb1e5c6ab7/ofl/gorditas/OFL.txt,data/v2/raw/fonts/display/Gorditas__OFL.txt,"latin,menu",95543aaa4c3e1dc22b220b29bcbd8618ff744d904ed4c23179ab5a911d554ee0,110336,train,42,False,False,False
Bokor,display,Google Fonts official repository,OFL,data/v2/raw/fonts/display/Bokor__Bokor-Regular.ttf,True,passed,,True,bokor,ofl,e1118da94a8cb00cf6d06cdac9ef13eb1e5c6ab7,https://raw.githubusercontent.com/google/fonts/e1118da94a8cb00cf6d06cdac9ef13eb1e5c6ab7/ofl/bokor/METADATA.pb,https://raw.githubusercontent.com/google/fonts/e1118da94a8cb00cf6d06cdac9ef13eb1e5c6ab7/ofl/bokor/Bokor-Regular.ttf,https://raw.githubusercontent.com/google/fonts/e1118da94a8cb00cf6d06cdac9ef13eb1e5c6ab7/ofl/bokor/OFL.txt,data/v2/raw/fonts/display/Bokor__OFL.txt,"khmer,latin,menu",640d475abdd109bfd80d2eef892fe1c63d3ec0faddcd15f819c5f1729712c370,124128,train,42,False,False,False
Bitcount Ink,display,Google Fonts official repository,OFL,"data/v2/raw/fonts/display/Bitcount_Ink__BitcountInk[CRSV,ELSH,ELXP,SZP1,SZP2,XPN1,XPN2,YPN1,YPN2,slnt,wght].ttf",True,passed,,True,bitcountink,ofl,e1118da94a8cb00cf6d06cdac9ef13eb1e5c6ab7,https://raw.githubusercontent.com/google/fonts/e1118da94a8cb00cf6d06cdac9ef13eb1e5c6ab7/ofl/bitcountink/METADATA.pb,https://raw.githubusercontent.com/google/fonts/e1118da94a8cb00cf6d06cdac9ef13eb1e5c6ab7/ofl/bitcountink/BitcountInk%5BCRSV%2CELSH%2CELXP%2CSZP1%2CSZP2%2CXPN1%2CXPN2%2CYPN1%2CYPN2%2Cslnt%2Cwght%5D.ttf,https://raw.githubusercontent.com/google/fonts/e1118da94a8cb00cf6d06cdac9ef13eb1e5c6ab7/ofl/bitcountink/OFL.txt,data/v2/raw/fonts/display/Bitcount_Ink__OFL.txt,"latin,latin-ext,menu",403901a91328663ea245241729e7752b28265b01772d356e2b3159bf3a628fe6,314728,train,42,False,False,False
Baloo Bhaina 2,display,Google Fonts official repository,OFL,data/v2/raw/fonts/display/Baloo_Bhaina_2__BalooBhaina2[wght].ttf,True,passed,,True,baloobhaina2,ofl,e1118da94a8cb00cf6d06cdac9ef13eb1e5c6ab7,https://raw.githubusercontent.com/google/fonts/e1118da94a8cb00cf6d06cdac9ef13eb1e5c6ab7/ofl/baloobhaina2/METADATA.pb,https://raw.githubusercontent.com/google/fonts/e1118da94a8cb00cf6d06cdac9ef13eb1e5c6ab7/ofl/baloobhaina2/BalooBhaina2%5Bwght%5D.ttf,https://raw.githubusercontent.com/google/fonts/e1118da94a8cb00cf6d06cdac9ef13eb1e5c6ab7/ofl/baloobhaina2/OFL.txt,data/v2/raw/fonts/display/Baloo_Bhaina_2__OFL.txt,"latin,latin-ext,menu,oriya,vietnamese",d22904b7337723201c910edf70be2de6136ec65be366f2b0e6489860f1343f04,473060,train,42,False,False,False
Syne Tactile,display,Google Fonts official repository,OFL,data/v2/raw/fonts/display/Syne_Tactile__SyneTactile-Regular.ttf,True,passed,,True,synetactile,ofl,e1118da94a8cb00cf6d06cdac9ef13eb1e5c6ab7,https://raw.githubusercontent.com/google/fonts/e1118da94a8cb00cf6d06cdac9ef13eb1e5c6ab7/ofl/synetactile/METADATA.pb,https://raw.githubusercontent.com/google/fonts/e1118da94a8cb00cf6d06cdac9ef13eb1e5c6ab7/ofl/synetactile/SyneTactile-Regular.ttf,https://raw.githubusercontent.com/google/fonts/e1118da94a8cb00cf6d06cdac9ef13eb1e5c6ab7/ofl/synetactile/OFL.txt,data/v2/raw/fonts/display/Syne_Tactile__OFL.txt,"latin,latin-ext,menu",d47ec3693a8f7a7fdf72cdee0e45c8fa0e08bc0b41ba41b8cf31509065ff0620,129820,train,42,False,False,False
Black Ops One,display,Google Fonts official repository,OFL,data/v2/raw/fonts/display/Black_Ops_One__BlackOpsOne-Regular.ttf,True,passed,,True,blackopsone,ofl,e1118da94a8cb00cf6d06cdac9ef13eb1e5c6ab7,https://raw.githubusercontent.com/google/fonts/e1118da94a8cb00cf6d06cdac9ef13eb1e5c6ab7/ofl/blackopsone/METADATA.pb,https://raw.githubusercontent.com/google/fonts/e1118da94a8cb00cf6d06cdac9ef13eb1e5c6ab7/ofl/blackopsone/BlackOpsOne-Regular.ttf,https://raw.githubusercontent.com/google/fonts/e1118da94a8cb00cf6d06cdac9ef13eb1e5c6ab7/ofl/blackopsone/OFL.txt,data/v2/raw/fonts/display/Black_Ops_One__OFL.txt,"cyrillic-ext,latin,latin-ext,menu,vietnamese",282a825b5f294377387e3969f765408157dbea8da0f5d0aae68c6bc704b145b3,166532,train,42,True,False,False
Big Shoulders Display SC,display,Google Fonts official repository,OFL,data/v2/raw/fonts/display/Big_Shoulders_Display_SC__BigShouldersDisplaySC[wght].ttf,True,passed,,True,bigshouldersdisplaysc,ofl,e1118da94a8cb00cf6d06cdac9ef13eb1e5c6ab7,https://raw.githubusercontent.com/google/fonts/e1118da94a8cb00cf6d06cdac9ef13eb1e5c6ab7/ofl/bigshouldersdisplaysc/METADATA.pb,https://raw.githubusercontent.com/google/fonts/e1118da94a8cb00cf6d06cdac9ef13eb1e5c6ab7/ofl/bigshouldersdisplaysc/BigShouldersDisplaySC%5Bwght%5D.ttf,https://raw.githubusercontent.com/google/fonts/e1118da94a8cb00cf6d06cdac9ef13eb1e5c6ab7/ofl/bigshouldersdisplaysc/OFL.txt,data/v2/raw/fonts/display/Big_Shoulders_Display_SC__OFL.txt,"latin,latin-ext,menu,vietnamese",919c655b8fcfffcb633f75a8c018d386d16f7d08365c86ed7560709dff3bfbd8,200020,train,42,False,False,False
Simonetta,display,Google Fonts official repository,OFL,data/v2/raw/fonts/display/Simonetta__Simonetta-Regular.ttf,True,passed,,True,simonetta,ofl,e1118da94a8cb00cf6d06cdac9ef13eb1e5c6ab7,https://raw.githubusercontent.com/google/fonts/e1118da94a8cb00cf6d06cdac9ef13eb1e5c6ab7/ofl/simonetta/METADATA.pb,https://raw.githubusercontent.com/google/fonts/e1118da94a8cb00cf6d06cdac9ef13eb1e5c6ab7/ofl/simonetta/Simonetta-Regular.ttf,https://raw.githubusercontent.com/google/fonts/e1118da94a8cb00cf6d06cdac9ef13eb1e5c6ab7/ofl/simonetta/OFL.txt,data/v2/raw/fonts/display/Simonetta__OFL.txt,"latin,latin-ext,menu",96d14d9f8c8af857dc64beaf4cee297f22d7992a463cfff3e30928b5d5572ef6,115060,train,42,False,False,False
Blaka Hollow,display,Google Fonts official repository,OFL,data/v2/raw/fonts/display/Blaka_Hollow__BlakaHollow-Regular.ttf,True,passed,,True,blakahollow,ofl,e1118da94a8cb00cf6d06cdac9ef13eb1e5c6ab7,https://raw.githubusercontent.com/google/fonts/e1118da94a8cb00cf6d06cdac9ef13eb1e5c6ab7/ofl/blakahollow/METADATA.pb,https://raw.githubusercontent.com/google/fonts/e1118da94a8cb00cf6d06cdac9ef13eb1e5c6ab7/ofl/blakahollow/BlakaHollow-Regular.ttf,https://raw.githubusercontent.com/google/fonts/e1118da94a8cb00cf6d06cdac9ef13eb1e5c6ab7/ofl/blakahollow/OFL.txt,data/v2/raw/fonts/display/Blaka_Hollow__OFL.txt,"arabic,latin,latin-ext,menu",59cb30824e6023d454b4b44038cf44cdc9a4ad67f9795171c646c98ceb2bd542,73852,validation,42,False,False,False
Bahianita,display,Google Fonts official repository,OFL,data/v2/raw/fonts/display/Bahianita__Bahianita-Regular.ttf,True,passed,,True,bahianita,ofl,e1118da94a8cb00cf6d06cdac9ef13eb1e5c6ab7,https://raw.githubusercontent.com/google/fonts/e1118da94a8cb00cf6d06cdac9ef13eb1e5c6ab7/ofl/bahianita/METADATA.pb,https://raw.githubusercontent.com/google/fonts/e1118da94a8cb00cf6d06cdac9ef13eb1e5c6ab7/ofl/bahianita/Bahianita-Regular.ttf,https://raw.githubusercontent.com/google/fonts/e1118da94a8cb00cf6d06cdac9ef13eb1e5c6ab7/ofl/bahianita/OFL.txt,data/v2/raw/fonts/display/Bahianita__OFL.txt,"latin,latin-ext,menu,vietnamese",325f21fc723c962e58f895961c77ed151520baaa56e366c4dcaf7c8fcb75130a,142668,validation,42,False,False,False
Oxanium,display,Google Fonts official repository,OFL,data/v2/raw/fonts/display/Oxanium__Oxanium[wght].ttf,True,passed,,True,oxanium,ofl,e1118da94a8cb00cf6d06cdac9ef13eb1e5c6ab7,https://raw.githubusercontent.com/google/fonts/e1118da94a8cb00cf6d06cdac9ef13eb1e5c6ab7/ofl/oxanium/METADATA.pb,https://raw.githubusercontent.com/google/fonts/e1118da94a8cb00cf6d06cdac9ef13eb1e5c6ab7/ofl/oxanium/Oxanium%5Bwght%5D.ttf,https://raw.githubusercontent.com/google/fonts/e1118da94a8cb00cf6d06cdac9ef13eb1e5c6ab7/ofl/oxanium/OFL.txt,data/v2/raw/fonts/display/Oxanium__OFL.txt,"latin,latin-ext,menu",2ce01d946e1e1ffc8d7eecfffbda8623bedd63eaf811a20488c4b69af45babb0,43536,validation,42,False,False,False
Bowlby One SC,display,Google Fonts official repository,OFL,data/v2/raw/fonts/display/Bowlby_One_SC__BowlbyOneSC-Regular.ttf,True,passed,,True,bowlbyonesc,ofl,e1118da94a8cb00cf6d06cdac9ef13eb1e5c6ab7,https://raw.githubusercontent.com/google/fonts/e1118da94a8cb00cf6d06cdac9ef13eb1e5c6ab7/ofl/bowlbyonesc/METADATA.pb,https://raw.githubusercontent.com/google/fonts/e1118da94a8cb00cf6d06cdac9ef13eb1e5c6ab7/ofl/bowlbyonesc/BowlbyOneSC-Regular.ttf,https://raw.githubusercontent.com/google/fonts/e1118da94a8cb00cf6d06cdac9ef13eb1e5c6ab7/ofl/bowlbyonesc/OFL.txt,data/v2/raw/fonts/display/Bowlby_One_SC__OFL.txt,"latin,latin-ext,menu",dc9f2325fb6bab327c26619a752b274b8f0f4022756d896450911e885609f071,55200,validation,42,True,False,False
Metal,display,Google Fonts official repository,OFL,data/v2/raw/fonts/display/Metal__Metal-Regular.ttf,True,passed,,True,metal,ofl,e1118da94a8cb00cf6d06cdac9ef13eb1e5c6ab7,https://raw.githubusercontent.com/google/fonts/e1118da94a8cb00cf6d06cdac9ef13eb1e5c6ab7/ofl/metal/METADATA.pb,https://raw.githubusercontent.com/google/fonts/e1118da94a8cb00cf6d06cdac9ef13eb1e5c6ab7/ofl/metal/Metal-Regular.ttf,https://raw.githubusercontent.com/google/fonts/e1118da94a8cb00cf6d06cdac9ef13eb1e5c6ab7/ofl/metal/OFL.txt,data/v2/raw/fonts/display/Metal__OFL.txt,"khmer,latin,menu",3718096fff5cf6a76005fdcb786c7f321f496fe6d56fbcb7f664c12c433d8413,142428,validation,42,False,False,False
Vina Sans,display,Google Fonts official repository,OFL,data/v2/raw/fonts/display/Vina_Sans__VinaSans-Regular.ttf,True,passed,,True,vinasans,ofl,e1118da94a8cb00cf6d06cdac9ef13eb1e5c6ab7,https://raw.githubusercontent.com/google/fonts/e1118da94a8cb00cf6d06cdac9ef13eb1e5c6ab7/ofl/vinasans/METADATA.pb,https://raw.githubusercontent.com/google/fonts/e1118da94a8cb00cf6d06cdac9ef13eb1e5c6ab7/ofl/vinasans/VinaSans-Regular.ttf,https://raw.githubusercontent.com/google/fonts/e1118da94a8cb00cf6d06cdac9ef13eb1e5c6ab7/ofl/vinasans/OFL.txt,data/v2/raw/fonts/display/Vina_Sans__OFL.txt,"latin,latin-ext,menu,vietnamese",aaab4634a39d8a9f51d97844822ae4cba4a64e0d24b26e88f7b5d401e954fe13,93328,validation,42,False,False,False
Aboreto,display,Google Fonts official repository,OFL,data/v2/raw/fonts/display/Aboreto__Aboreto-Regular.ttf,True,passed,,True,aboreto,ofl,e1118da94a8cb00cf6d06cdac9ef13eb1e5c6ab7,https://raw.githubusercontent.com/google/fonts/e1118da94a8cb00cf6d06cdac9ef13eb1e5c6ab7/ofl/aboreto/METADATA.pb,https://raw.githubusercontent.com/google/fonts/e1118da94a8cb00cf6d06cdac9ef13eb1e5c6ab7/ofl/aboreto/Aboreto-Regular.ttf,https://raw.githubusercontent.com/google/fonts/e1118da94a8cb00cf6d06cdac9ef13eb1e5c6ab7/ofl/aboreto/OFL.txt,data/v2/raw/fonts/display/Aboreto__OFL.txt,"latin,latin-ext,menu",fc702d535857fa2bda802647b9d55f82a07502d4acdfd95b47279b3bf479eaa1,48356,test,42,False,False,True
Bungee Tint,display,Google Fonts official repository,OFL,data/v2/raw/fonts/display/Bungee_Tint__BungeeTint-Regular.ttf,True,passed,,True,bungeetint,ofl,e1118da94a8cb00cf6d06cdac9ef13eb1e5c6ab7,https://raw.githubusercontent.com/google/fonts/e1118da94a8cb00cf6d06cdac9ef13eb1e5c6ab7/ofl/bungeetint/METADATA.pb,https://raw.githubusercontent.com/google/fonts/e1118da94a8cb00cf6d06cdac9ef13eb1e5c6ab7/ofl/bungeetint/BungeeTint-Regular.ttf,https://raw.githubusercontent.com/google/fonts/e1118da94a8cb00cf6d06cdac9ef13eb1e5c6ab7/ofl/bungeetint/OFL.txt,data/v2/raw/fonts/display/Bungee_Tint__OFL.txt,"latin,latin-ext,menu,vietnamese",ebe2699c1507981225cfa75c601a2f66aea813e919b34ada735c676fb4b32726,221864,test,42,False,False,True
Fruktur,display,Google Fonts official repository,OFL,data/v2/raw/fonts/display/Fruktur__Fruktur-Regular.ttf,True,passed,,True,fruktur,ofl,e1118da94a8cb00cf6d06cdac9ef13eb1e5c6ab7,https://raw.githubusercontent.com/google/fonts/e1118da94a8cb00cf6d06cdac9ef13eb1e5c6ab7/ofl/fruktur/METADATA.pb,https://raw.githubusercontent.com/google/fonts/e1118da94a8cb00cf6d06cdac9ef13eb1e5c6ab7/ofl/fruktur/Fruktur-Regular.ttf,https://raw.githubusercontent.com/google/fonts/e1118da94a8cb00cf6d06cdac9ef13eb1e5c6ab7/ofl/fruktur/OFL.txt,data/v2/raw/fonts/display/Fruktur__OFL.txt,"cyrillic-ext,latin,latin-ext,menu,vietnamese",dcba901b5fe11c0b6c3e8d5eb1003339b2dd020e2fc3949014ed0d8ff87715e7,211180,test,42,False,False,True
Lobster Two,display,Google Fonts official repository,OFL,data/v2/raw/fonts/display/Lobster_Two__LobsterTwo-Regular.ttf,True,passed,,True,lobstertwo,ofl,e1118da94a8cb00cf6d06cdac9ef13eb1e5c6ab7,https://raw.githubusercontent.com/google/fonts/e1118da94a8cb00cf6d06cdac9ef13eb1e5c6ab7/ofl/lobstertwo/METADATA.pb,https://raw.githubusercontent.com/google/fonts/e1118da94a8cb00cf6d06cdac9ef13eb1e5c6ab7/ofl/lobstertwo/LobsterTwo-Regular.ttf,https://raw.githubusercontent.com/google/fonts/e1118da94a8cb00cf6d06cdac9ef13eb1e5c6ab7/ofl/lobstertwo/OFL.txt,data/v2/raw/fonts/display/Lobster_Two__OFL.txt,"latin,menu",be3d8ce18188bc559de37e4355f5f902b4960a7b65a99efb78c03bb65bb782e6,254332,test,42,False,False,True
Odibee Sans,display,Google Fonts official repository,OFL,data/v2/raw/fonts/display/Odibee_Sans__OdibeeSans-Regular.ttf,True,passed,,True,odibeesans,ofl,e1118da94a8cb00cf6d06cdac9ef13eb1e5c6ab7,https://raw.githubusercontent.com/google/fonts/e1118da94a8cb00cf6d06cdac9ef13eb1e5c6ab7/ofl/odibeesans/METADATA.pb,https://raw.githubusercontent.com/google/fonts/e1118da94a8cb00cf6d06cdac9ef13eb1e5c6ab7/ofl/odibeesans/OdibeeSans-Regular.ttf,https://raw.githubusercontent.com/google/fonts/e1118da94a8cb00cf6d06cdac9ef13eb1e5c6ab7/ofl/odibeesans/OFL.txt,data/v2/raw/fonts/display/Odibee_Sans__OFL.txt,"latin,menu",4e4006c713f5509f772f64e16c8a0821ad26411a69f688c71b127568355520e8,46220,test,42,False,False,True
Titan One,display,Google Fonts official repository,OFL,data/v2/raw/fonts/display/Titan_One__TitanOne-Regular.ttf,True,passed,,True,titanone,ofl,e1118da94a8cb00cf6d06cdac9ef13eb1e5c6ab7,https://raw.githubusercontent.com/google/fonts/e1118da94a8cb00cf6d06cdac9ef13eb1e5c6ab7/ofl/titanone/METADATA.pb,https://raw.githubusercontent.com/google/fonts/e1118da94a8cb00cf6d06cdac9ef13eb1e5c6ab7/ofl/titanone/TitanOne-Regular.ttf,https://raw.githubusercontent.com/google/fonts/e1118da94a8cb00cf6d06cdac9ef13eb1e5c6ab7/ofl/titanone/OFL.txt,data/v2/raw/fonts/display/Titan_One__OFL.txt,"latin,latin-ext,menu",563ff6de179bbd44bcd7d2a6c448d6dc3bf935834237cf1250e506e65cd86ff1,55712,test,42,False,False,True
Ingrid Darling,handwriting,Google Fonts official repository,OFL,data/v2/raw/fonts/handwriting/Ingrid_Darling__IngridDarling-Regular.ttf,True,passed,,True,ingriddarling,ofl,e1118da94a8cb00cf6d06cdac9ef13eb1e5c6ab7,https://raw.githubusercontent.com/google/fonts/e1118da94a8cb00cf6d06cdac9ef13eb1e5c6ab7/ofl/ingriddarling/METADATA.pb,https://raw.githubusercontent.com/google/fonts/e1118da94a8cb00cf6d06cdac9ef13eb1e5c6ab7/ofl/ingriddarling/IngridDarling-Regular.ttf,https://raw.githubusercontent.com/google/fonts/e1118da94a8cb00cf6d06cdac9ef13eb1e5c6ab7/ofl/ingriddarling/OFL.txt,data/v2/raw/fonts/handwriting/Ingrid_Darling__OFL.txt,"latin,latin-ext,menu,vietnamese",f08b43438d6dc7742a9c0434e7199e01272a2c1b2b135c9a886f6517c9e5ae4f,159820,train,42,False,False,False
Rock Salt,handwriting,Google Fonts official repository,APACHE2,data/v2/raw/fonts/handwriting/Rock_Salt__RockSalt-Regular.ttf,True,passed,,True,rocksalt,apache,e1118da94a8cb00cf6d06cdac9ef13eb1e5c6ab7,https://raw.githubusercontent.com/google/fonts/e1118da94a8cb00cf6d06cdac9ef13eb1e5c6ab7/apache/rocksalt/METADATA.pb,https://raw.githubusercontent.com/google/fonts/e1118da94a8cb00cf6d06cdac9ef13eb1e5c6ab7/apache/rocksalt/RockSalt-Regular.ttf,https://raw.githubusercontent.com/google/fonts/e1118da94a8cb00cf6d06cdac9ef13eb1e5c6ab7/apache/rocksalt/LICENSE.txt,data/v2/raw/fonts/handwriting/Rock_Salt__LICENSE.txt,"latin,menu",c5421d1ced1949488f29d11b75b7ef967abe2d870f816246bf18fdc0f3e29c96,124372,train,42,False,False,False
Fondamento,handwriting,Google Fonts official repository,OFL,data/v2/raw/fonts/handwriting/Fondamento__Fondamento-Regular.ttf,True,passed,,True,fondamento,ofl,e1118da94a8cb00cf6d06cdac9ef13eb1e5c6ab7,https://raw.githubusercontent.com/google/fonts/e1118da94a8cb00cf6d06cdac9ef13eb1e5c6ab7/ofl/fondamento/METADATA.pb,https://raw.githubusercontent.com/google/fonts/e1118da94a8cb00cf6d06cdac9ef13eb1e5c6ab7/ofl/fondamento/Fondamento-Regular.ttf,https://raw.githubusercontent.com/google/fonts/e1118da94a8cb00cf6d06cdac9ef13eb1e5c6ab7/ofl/fondamento/OFL.txt,data/v2/raw/fonts/handwriting/Fondamento__OFL.txt,"latin,latin-ext,menu",ee03a7ccb3b7cdf3cd095d0cc34f9e70c16b1779cbc7c466bf9077323a6ea764,87160,train,42,False,False,False
Beth Ellen,handwriting,Google Fonts official repository,OFL,data/v2/raw/fonts/handwriting/Beth_Ellen__BethEllen-Regular.ttf,True,passed,,True,bethellen,ofl,e1118da94a8cb00cf6d06cdac9ef13eb1e5c6ab7,https://raw.githubusercontent.com/google/fonts/e1118da94a8cb00cf6d06cdac9ef13eb1e5c6ab7/ofl/bethellen/METADATA.pb,https://raw.githubusercontent.com/google/fonts/e1118da94a8cb00cf6d06cdac9ef13eb1e5c6ab7/ofl/bethellen/BethEllen-Regular.ttf,https://raw.githubusercontent.com/google/fonts/e1118da94a8cb00cf6d06cdac9ef13eb1e5c6ab7/ofl/bethellen/OFL.txt,data/v2/raw/fonts/handwriting/Beth_Ellen__OFL.txt,"latin,menu",ca49471aec90a19df63f583f5a60d514f012559a8a2d17f62f8a389fe90726d7,116988,train,42,False,False,False
Splash,handwriting,Google Fonts official repository,OFL,data/v2/raw/fonts/handwriting/Splash__Splash-Regular.ttf,True,passed,,True,splash,ofl,e1118da94a8cb00cf6d06cdac9ef13eb1e5c6ab7,https://raw.githubusercontent.com/google/fonts/e1118da94a8cb00cf6d06cdac9ef13eb1e5c6ab7/ofl/splash/METADATA.pb,https://raw.githubusercontent.com/google/fonts/e1118da94a8cb00cf6d06cdac9ef13eb1e5c6ab7/ofl/splash/Splash-Regular.ttf,https://raw.githubusercontent.com/google/fonts/e1118da94a8cb00cf6d06cdac9ef13eb1e5c6ab7/ofl/splash/OFL.txt,data/v2/raw/fonts/handwriting/Splash__OFL.txt,"latin,latin-ext,menu,vietnamese",42c2ddc11917333bcd24a3eb0bc7df5205278226e2f6521459384479f1b6675c,1473200,train,42,False,False,False
Explora,handwriting,Google Fonts official repository,OFL,data/v2/raw/fonts/handwriting/Explora__Explora-Regular.ttf,True,passed,,True,explora,ofl,e1118da94a8cb00cf6d06cdac9ef13eb1e5c6ab7,https://raw.githubusercontent.com/google/fonts/e1118da94a8cb00cf6d06cdac9ef13eb1e5c6ab7/ofl/explora/METADATA.pb,https://raw.githubusercontent.com/google/fonts/e1118da94a8cb00cf6d06cdac9ef13eb1e5c6ab7/ofl/explora/Explora-Regular.ttf,https://raw.githubusercontent.com/google/fonts/e1118da94a8cb00cf6d06cdac9ef13eb1e5c6ab7/ofl/explora/OFL.txt,data/v2/raw/fonts/handwriting/Explora__OFL.txt,"cherokee,latin,latin-ext,menu,vietnamese",a29a1b2f59eaceab955f6667e125dfcd41406a41ebc2cce3d837c45d0405b129,164680,train,42,False,False,False
Fleur De Leah,handwriting,Google Fonts official repository,OFL,data/v2/raw/fonts/handwriting/Fleur_De_Leah__FleurDeLeah-Regular.ttf,True,passed,,True,fleurdeleah,ofl,e1118da94a8cb00cf6d06cdac9ef13eb1e5c6ab7,https://raw.githubusercontent.com/google/fonts/e1118da94a8cb00cf6d06cdac9ef13eb1e5c6ab7/ofl/fleurdeleah/METADATA.pb,https://raw.githubusercontent.com/google/fonts/e1118da94a8cb00cf6d06cdac9ef13eb1e5c6ab7/ofl/fleurdeleah/FleurDeLeah-Regular.ttf,https://raw.githubusercontent.com/google/fonts/e1118da94a8cb00cf6d06cdac9ef13eb1e5c6ab7/ofl/fleurdeleah/OFL.txt,data/v2/raw/fonts/handwriting/Fleur_De_Leah__OFL.txt,"latin,latin-ext,menu,vietnamese",11f6c19bd52835c66cf6cf78f060a467a92a85f1d667447ea8feefdd9bccba7d,231608,train,42,False,False,False
Slackside One,handwriting,Google Fonts official repository,OFL,data/v2/raw/fonts/handwriting/Slackside_One__SlacksideOne-Regular.ttf,True,passed,,True,slacksideone,ofl,e1118da94a8cb00cf6d06cdac9ef13eb1e5c6ab7,https://raw.githubusercontent.com/google/fonts/e1118da94a8cb00cf6d06cdac9ef13eb1e5c6ab7/ofl/slacksideone/METADATA.pb,https://raw.githubusercontent.com/google/fonts/e1118da94a8cb00cf6d06cdac9ef13eb1e5c6ab7/ofl/slacksideone/SlacksideOne-Regular.ttf,https://raw.githubusercontent.com/google/fonts/e1118da94a8cb00cf6d06cdac9ef13eb1e5c6ab7/ofl/slacksideone/OFL.txt,data/v2/raw/fonts/handwriting/Slackside_One__OFL.txt,"japanese,latin,latin-ext,menu",c32d67d921cfde2f89d2fe12b6e78a58618a41774a7cb1b0e321d5d1ae9a324a,171736,train,42,False,False,False
Meddon,handwriting,Google Fonts official repository,OFL,data/v2/raw/fonts/handwriting/Meddon__Meddon.ttf,True,passed,,True,meddon,ofl,e1118da94a8cb00cf6d06cdac9ef13eb1e5c6ab7,https://raw.githubusercontent.com/google/fonts/e1118da94a8cb00cf6d06cdac9ef13eb1e5c6ab7/ofl/meddon/METADATA.pb,https://raw.githubusercontent.com/google/fonts/e1118da94a8cb00cf6d06cdac9ef13eb1e5c6ab7/ofl/meddon/Meddon.ttf,https://raw.githubusercontent.com/google/fonts/e1118da94a8cb00cf6d06cdac9ef13eb1e5c6ab7/ofl/meddon/OFL.txt,data/v2/raw/fonts/handwriting/Meddon__OFL.txt,"latin,menu",c983e998ff7e01242544659c971bf4055bfb43a9fc5a0dd83ca7dafd105f94da,128264,train,42,False,False,False
Cause,handwriting,Google Fonts official repository,OFL,data/v2/raw/fonts/handwriting/Cause__Cause[wght].ttf,True,passed,,True,cause,ofl,e1118da94a8cb00cf6d06cdac9ef13eb1e5c6ab7,https://raw.githubusercontent.com/google/fonts/e1118da94a8cb00cf6d06cdac9ef13eb1e5c6ab7/ofl/cause/METADATA.pb,https://raw.githubusercontent.com/google/fonts/e1118da94a8cb00cf6d06cdac9ef13eb1e5c6ab7/ofl/cause/Cause%5Bwght%5D.ttf,https://raw.githubusercontent.com/google/fonts/e1118da94a8cb00cf6d06cdac9ef13eb1e5c6ab7/ofl/cause/OFL.txt,data/v2/raw/fonts/handwriting/Cause__OFL.txt,"latin,latin-ext,menu",3f6b01fa9cfe6d84948ae903f954effa5cdf37a3ec0e3a67e15276d9ccbf95f2,110700,train,42,False,False,False
Redressed,handwriting,Google Fonts official repository,APACHE2,data/v2/raw/fonts/handwriting/Redressed__Redressed-Regular.ttf,True,passed,,True,redressed,apache,e1118da94a8cb00cf6d06cdac9ef13eb1e5c6ab7,https://raw.githubusercontent.com/google/fonts/e1118da94a8cb00cf6d06cdac9ef13eb1e5c6ab7/apache/redressed/METADATA.pb,https://raw.githubusercontent.com/google/fonts/e1118da94a8cb00cf6d06cdac9ef13eb1e5c6ab7/apache/redressed/Redressed-Regular.ttf,https://raw.githubusercontent.com/google/fonts/e1118da94a8cb00cf6d06cdac9ef13eb1e5c6ab7/apache/redressed/LICENSE.txt,data/v2/raw/fonts/handwriting/Redressed__LICENSE.txt,"latin,menu",e7063f1abd35c048ad22c5e52232d9503f3106376f3de7f38125c3a543ba6598,79220,train,42,False,False,False
Butterfly Kids,handwriting,Google Fonts official repository,OFL,data/v2/raw/fonts/handwriting/Butterfly_Kids__ButterflyKids-Regular.ttf,True,passed,,True,butterflykids,ofl,e1118da94a8cb00cf6d06cdac9ef13eb1e5c6ab7,https://raw.githubusercontent.com/google/fonts/e1118da94a8cb00cf6d06cdac9ef13eb1e5c6ab7/ofl/butterflykids/METADATA.pb,https://raw.githubusercontent.com/google/fonts/e1118da94a8cb00cf6d06cdac9ef13eb1e5c6ab7/ofl/butterflykids/ButterflyKids-Regular.ttf,https://raw.githubusercontent.com/google/fonts/e1118da94a8cb00cf6d06cdac9ef13eb1e5c6ab7/ofl/butterflykids/OFL.txt,data/v2/raw/fonts/handwriting/Butterfly_Kids__OFL.txt,"latin,latin-ext,menu",4a131f49c3d90e816e6447d244090eb2c36cdbf26be53254271ccdf2d8d111b9,202848,train,42,False,False,False
Tangerine,handwriting,Google Fonts official repository,OFL,data/v2/raw/fonts/handwriting/Tangerine__Tangerine-Regular.ttf,True,passed,,True,tangerine,ofl,e1118da94a8cb00cf6d06cdac9ef13eb1e5c6ab7,https://raw.githubusercontent.com/google/fonts/e1118da94a8cb00cf6d06cdac9ef13eb1e5c6ab7/ofl/tangerine/METADATA.pb,https://raw.githubusercontent.com/google/fonts/e1118da94a8cb00cf6d06cdac9ef13eb1e5c6ab7/ofl/tangerine/Tangerine-Regular.ttf,https://raw.githubusercontent.com/google/fonts/e1118da94a8cb00cf6d06cdac9ef13eb1e5c6ab7/ofl/tangerine/OFL.txt,data/v2/raw/fonts/handwriting/Tangerine__OFL.txt,"latin,menu",3f5db6010de48f7173939f16621c0e0e794b589eec04e3b04e0a81be848dfab9,60648,train,42,False,False,False
Edu AU VIC WA NT Dots,handwriting,Google Fonts official repository,OFL,data/v2/raw/fonts/handwriting/Edu_AU_VIC_WA_NT_Dots__EduAUVICWANTDots[wght].ttf,True,passed,,True,eduauvicwantdots,ofl,e1118da94a8cb00cf6d06cdac9ef13eb1e5c6ab7,https://raw.githubusercontent.com/google/fonts/e1118da94a8cb00cf6d06cdac9ef13eb1e5c6ab7/ofl/eduauvicwantdots/METADATA.pb,https://raw.githubusercontent.com/google/fonts/e1118da94a8cb00cf6d06cdac9ef13eb1e5c6ab7/ofl/eduauvicwantdots/EduAUVICWANTDots%5Bwght%5D.ttf,https://raw.githubusercontent.com/google/fonts/e1118da94a8cb00cf6d06cdac9ef13eb1e5c6ab7/ofl/eduauvicwantdots/OFL.txt,data/v2/raw/fonts/handwriting/Edu_AU_VIC_WA_NT_Dots__OFL.txt,"latin,latin-ext,menu",4be8bf2aa8f4635ceb0d978a2588706e4d12e5c695fa0b8fe1df49b7274317af,137528,train,42,False,False,False
Dawning of a New Day,handwriting,Google Fonts official repository,OFL,data/v2/raw/fonts/handwriting/Dawning_of_a_New_Day__DawningofaNewDay.ttf,True,passed,,True,dawningofanewday,ofl,e1118da94a8cb00cf6d06cdac9ef13eb1e5c6ab7,https://raw.githubusercontent.com/google/fonts/e1118da94a8cb00cf6d06cdac9ef13eb1e5c6ab7/ofl/dawningofanewday/METADATA.pb,https://raw.githubusercontent.com/google/fonts/e1118da94a8cb00cf6d06cdac9ef13eb1e5c6ab7/ofl/dawningofanewday/DawningofaNewDay.ttf,https://raw.githubusercontent.com/google/fonts/e1118da94a8cb00cf6d06cdac9ef13eb1e5c6ab7/ofl/dawningofanewday/OFL.txt,data/v2/raw/fonts/handwriting/Dawning_of_a_New_Day__OFL.txt,"latin,menu",2b2afa623dbb1926e3b026603287b4d15ee05778106e26a7b33ef94d4be29dcb,65344,train,42,False,False,False
Betania Patmos GDL,handwriting,Google Fonts official repository,OFL,data/v2/raw/fonts/handwriting/Betania_Patmos_GDL__BetaniaPatmosGDL-Regular.ttf,True,passed,,True,betaniapatmosgdl,ofl,e1118da94a8cb00cf6d06cdac9ef13eb1e5c6ab7,https://raw.githubusercontent.com/google/fonts/e1118da94a8cb00cf6d06cdac9ef13eb1e5c6ab7/ofl/betaniapatmosgdl/METADATA.pb,https://raw.githubusercontent.com/google/fonts/e1118da94a8cb00cf6d06cdac9ef13eb1e5c6ab7/ofl/betaniapatmosgdl/BetaniaPatmosGDL-Regular.ttf,https://raw.githubusercontent.com/google/fonts/e1118da94a8cb00cf6d06cdac9ef13eb1e5c6ab7/ofl/betaniapatmosgdl/OFL.txt,data/v2/raw/fonts/handwriting/Betania_Patmos_GDL__OFL.txt,"latin,latin-ext,menu",761c3d83f07517e3e6da5a25fa7b87fca3b52eb944c57c63a9a67fee74c20106,304756,train,42,False,False,False
Solitreo,handwriting,Google Fonts official repository,OFL,data/v2/raw/fonts/handwriting/Solitreo__Solitreo-Regular.ttf,True,passed,,True,solitreo,ofl,e1118da94a8cb00cf6d06cdac9ef13eb1e5c6ab7,https://raw.githubusercontent.com/google/fonts/e1118da94a8cb00cf6d06cdac9ef13eb1e5c6ab7/ofl/solitreo/METADATA.pb,https://raw.githubusercontent.com/google/fonts/e1118da94a8cb00cf6d06cdac9ef13eb1e5c6ab7/ofl/solitreo/Solitreo-Regular.ttf,https://raw.githubusercontent.com/google/fonts/e1118da94a8cb00cf6d06cdac9ef13eb1e5c6ab7/ofl/solitreo/OFL.txt,data/v2/raw/fonts/handwriting/Solitreo__OFL.txt,"hebrew,latin,latin-ext,menu",0b6df66f2145e8fd013d7324b6a55c6bc0c83c4786a6c7dce7505fdbeb65295b,96968,train,42,False,False,False
Cookie,handwriting,Google Fonts official repository,OFL,data/v2/raw/fonts/handwriting/Cookie__Cookie-Regular.ttf,True,passed,,True,cookie,ofl,e1118da94a8cb00cf6d06cdac9ef13eb1e5c6ab7,https://raw.githubusercontent.com/google/fonts/e1118da94a8cb00cf6d06cdac9ef13eb1e5c6ab7/ofl/cookie/METADATA.pb,https://raw.githubusercontent.com/google/fonts/e1118da94a8cb00cf6d06cdac9ef13eb1e5c6ab7/ofl/cookie/Cookie-Regular.ttf,https://raw.githubusercontent.com/google/fonts/e1118da94a8cb00cf6d06cdac9ef13eb1e5c6ab7/ofl/cookie/OFL.txt,data/v2/raw/fonts/handwriting/Cookie__OFL.txt,"latin,latin-ext,menu",9daf3cc9e5efe1b65094cdf1f14729ef6f07a70c27ee0679bf7f544a828b080e,43800,train,42,True,False,False
Sue Ellen Francisco,handwriting,Google Fonts official repository,OFL,data/v2/raw/fonts/handwriting/Sue_Ellen_Francisco__SueEllenFrancisco-Regular.ttf,True,passed,,True,sueellenfrancisco,ofl,e1118da94a8cb00cf6d06cdac9ef13eb1e5c6ab7,https://raw.githubusercontent.com/google/fonts/e1118da94a8cb00cf6d06cdac9ef13eb1e5c6ab7/ofl/sueellenfrancisco/METADATA.pb,https://raw.githubusercontent.com/google/fonts/e1118da94a8cb00cf6d06cdac9ef13eb1e5c6ab7/ofl/sueellenfrancisco/SueEllenFrancisco-Regular.ttf,https://raw.githubusercontent.com/google/fonts/e1118da94a8cb00cf6d06cdac9ef13eb1e5c6ab7/ofl/sueellenfrancisco/OFL.txt,data/v2/raw/fonts/handwriting/Sue_Ellen_Francisco__OFL.txt,"latin,menu",d6d72e046e8e92f659eacfb7457cf7e1f2142c112c3d8c43c0b5a3904a5c8621,60728,train,42,False,False,False
Yuji Hentaigana Akebono,handwriting,Google Fonts official repository,OFL,data/v2/raw/fonts/handwriting/Yuji_Hentaigana_Akebono__YujiHentaiganaAkebono-Regular.ttf,True,passed,,True,yujihentaiganaakebono,ofl,e1118da94a8cb00cf6d06cdac9ef13eb1e5c6ab7,https://raw.githubusercontent.com/google/fonts/e1118da94a8cb00cf6d06cdac9ef13eb1e5c6ab7/ofl/yujihentaiganaakebono/METADATA.pb,https://raw.githubusercontent.com/google/fonts/e1118da94a8cb00cf6d06cdac9ef13eb1e5c6ab7/ofl/yujihentaiganaakebono/YujiHentaiganaAkebono-Regular.ttf,https://raw.githubusercontent.com/google/fonts/e1118da94a8cb00cf6d06cdac9ef13eb1e5c6ab7/ofl/yujihentaiganaakebono/OFL.txt,data/v2/raw/fonts/handwriting/Yuji_Hentaigana_Akebono__OFL.txt,"japanese,latin,latin-ext,menu",8e387eeb5c24cd2945d8804caab8f97985b694cec8d2b228da63cceb16c7a8f3,99100,train,42,False,False,False
WindSong,handwriting,Google Fonts official repository,OFL,data/v2/raw/fonts/handwriting/WindSong__WindSong-Regular.ttf,True,passed,,True,windsong,ofl,e1118da94a8cb00cf6d06cdac9ef13eb1e5c6ab7,https://raw.githubusercontent.com/google/fonts/e1118da94a8cb00cf6d06cdac9ef13eb1e5c6ab7/ofl/windsong/METADATA.pb,https://raw.githubusercontent.com/google/fonts/e1118da94a8cb00cf6d06cdac9ef13eb1e5c6ab7/ofl/windsong/WindSong-Regular.ttf,https://raw.githubusercontent.com/google/fonts/e1118da94a8cb00cf6d06cdac9ef13eb1e5c6ab7/ofl/windsong/OFL.txt,data/v2/raw/fonts/handwriting/WindSong__OFL.txt,"latin,latin-ext,menu,vietnamese",44bea4f8cdb818e9df6eef5334c63915acb7f1877b239debb373277d16b0aac2,267192,train,42,False,False,False
Estonia,handwriting,Google Fonts official repository,OFL,data/v2/raw/fonts/handwriting/Estonia__Estonia-Regular.ttf,True,passed,,True,estonia,ofl,e1118da94a8cb00cf6d06cdac9ef13eb1e5c6ab7,https://raw.githubusercontent.com/google/fonts/e1118da94a8cb00cf6d06cdac9ef13eb1e5c6ab7/ofl/estonia/METADATA.pb,https://raw.githubusercontent.com/google/fonts/e1118da94a8cb00cf6d06cdac9ef13eb1e5c6ab7/ofl/estonia/Estonia-Regular.ttf,https://raw.githubusercontent.com/google/fonts/e1118da94a8cb00cf6d06cdac9ef13eb1e5c6ab7/ofl/estonia/OFL.txt,data/v2/raw/fonts/handwriting/Estonia__OFL.txt,"latin,latin-ext,menu,vietnamese",03087597ea24879c19d51ca4622f8c4e9cd867d081e7ad0ad3e7dccfdb1933b2,1470272,train,42,False,False,False
Bonbon,handwriting,Google Fonts official repository,OFL,data/v2/raw/fonts/handwriting/Bonbon__Bonbon-Regular.ttf,True,passed,,True,bonbon,ofl,e1118da94a8cb00cf6d06cdac9ef13eb1e5c6ab7,https://raw.githubusercontent.com/google/fonts/e1118da94a8cb00cf6d06cdac9ef13eb1e5c6ab7/ofl/bonbon/METADATA.pb,https://raw.githubusercontent.com/google/fonts/e1118da94a8cb00cf6d06cdac9ef13eb1e5c6ab7/ofl/bonbon/Bonbon-Regular.ttf,https://raw.githubusercontent.com/google/fonts/e1118da94a8cb00cf6d06cdac9ef13eb1e5c6ab7/ofl/bonbon/OFL.txt,data/v2/raw/fonts/handwriting/Bonbon__OFL.txt,"latin,menu",718753f714468e878b2af1c82ec65b68c60ce81732308957c3e90d59bce7ce98,81772,train,42,False,False,False
Kalam,handwriting,Google Fonts official repository,OFL,data/v2/raw/fonts/handwriting/Kalam__Kalam-Regular.ttf,True,passed,,True,kalam,ofl,e1118da94a8cb00cf6d06cdac9ef13eb1e5c6ab7,https://raw.githubusercontent.com/google/fonts/e1118da94a8cb00cf6d06cdac9ef13eb1e5c6ab7/ofl/kalam/METADATA.pb,https://raw.githubusercontent.com/google/fonts/e1118da94a8cb00cf6d06cdac9ef13eb1e5c6ab7/ofl/kalam/Kalam-Regular.ttf,https://raw.githubusercontent.com/google/fonts/e1118da94a8cb00cf6d06cdac9ef13eb1e5c6ab7/ofl/kalam/OFL.txt,data/v2/raw/fonts/handwriting/Kalam__OFL.txt,"devanagari,latin,latin-ext,menu",57cecb63d4608019371954274ae1d8c397764debd5b19d4a33c1efa4dc923c0b,427360,train,42,True,False,False
Lumanosimo,handwriting,Google Fonts official repository,OFL,data/v2/raw/fonts/handwriting/Lumanosimo__Lumanosimo-Regular.ttf,True,passed,,True,lumanosimo,ofl,e1118da94a8cb00cf6d06cdac9ef13eb1e5c6ab7,https://raw.githubusercontent.com/google/fonts/e1118da94a8cb00cf6d06cdac9ef13eb1e5c6ab7/ofl/lumanosimo/METADATA.pb,https://raw.githubusercontent.com/google/fonts/e1118da94a8cb00cf6d06cdac9ef13eb1e5c6ab7/ofl/lumanosimo/Lumanosimo-Regular.ttf,https://raw.githubusercontent.com/google/fonts/e1118da94a8cb00cf6d06cdac9ef13eb1e5c6ab7/ofl/lumanosimo/OFL.txt,data/v2/raw/fonts/handwriting/Lumanosimo__OFL.txt,"latin,latin-ext,menu",768d2bbe3b9dcfe5cdd89a01cf4f90b9729b58ae565233a2fab0f7f48b42f662,38736,train,42,False,False,False
Bilbo,handwriting,Google Fonts official repository,OFL,data/v2/raw/fonts/handwriting/Bilbo__Bilbo-Regular.ttf,True,passed,,True,bilbo,ofl,e1118da94a8cb00cf6d06cdac9ef13eb1e5c6ab7,https://raw.githubusercontent.com/google/fonts/e1118da94a8cb00cf6d06cdac9ef13eb1e5c6ab7/ofl/bilbo/METADATA.pb,https://raw.githubusercontent.com/google/fonts/e1118da94a8cb00cf6d06cdac9ef13eb1e5c6ab7/ofl/bilbo/Bilbo-Regular.ttf,https://raw.githubusercontent.com/google/fonts/e1118da94a8cb00cf6d06cdac9ef13eb1e5c6ab7/ofl/bilbo/OFL.txt,data/v2/raw/fonts/handwriting/Bilbo__OFL.txt,"latin,latin-ext,menu,vietnamese",f479505c839db0c7a8be7108d046acca3d409a034b777514241cc6a2f9d818fc,100216,train,42,False,False,False
Aguafina Script,handwriting,Google Fonts official repository,OFL,data/v2/raw/fonts/handwriting/Aguafina_Script__AguafinaScript-Regular.ttf,True,passed,,True,aguafinascript,ofl,e1118da94a8cb00cf6d06cdac9ef13eb1e5c6ab7,https://raw.githubusercontent.com/google/fonts/e1118da94a8cb00cf6d06cdac9ef13eb1e5c6ab7/ofl/aguafinascript/METADATA.pb,https://raw.githubusercontent.com/google/fonts/e1118da94a8cb00cf6d06cdac9ef13eb1e5c6ab7/ofl/aguafinascript/AguafinaScript-Regular.ttf,https://raw.githubusercontent.com/google/fonts/e1118da94a8cb00cf6d06cdac9ef13eb1e5c6ab7/ofl/aguafinascript/OFL.txt,data/v2/raw/fonts/handwriting/Aguafina_Script__OFL.txt,"latin,latin-ext,menu",55f65d84d86936d7aaadffa4c17873923fba26c078d42aa4e6e2f1be8bfb5f6e,47252,train,42,False,False,False
Tapestry,handwriting,Google Fonts official repository,OFL,data/v2/raw/fonts/handwriting/Tapestry__Tapestry-Regular.ttf,True,passed,,True,tapestry,ofl,e1118da94a8cb00cf6d06cdac9ef13eb1e5c6ab7,https://raw.githubusercontent.com/google/fonts/e1118da94a8cb00cf6d06cdac9ef13eb1e5c6ab7/ofl/tapestry/METADATA.pb,https://raw.githubusercontent.com/google/fonts/e1118da94a8cb00cf6d06cdac9ef13eb1e5c6ab7/ofl/tapestry/Tapestry-Regular.ttf,https://raw.githubusercontent.com/google/fonts/e1118da94a8cb00cf6d06cdac9ef13eb1e5c6ab7/ofl/tapestry/OFL.txt,data/v2/raw/fonts/handwriting/Tapestry__OFL.txt,"latin,latin-ext,menu,vietnamese",1434a2e7ba36fb5266a8ef7889eb4e873b64b58007e89c00caf5802cabdfff6f,137716,train,42,False,False,False
Princess Sofia,handwriting,Google Fonts official repository,OFL,data/v2/raw/fonts/handwriting/Princess_Sofia__PrincessSofia-Regular.ttf,True,passed,,True,princesssofia,ofl,e1118da94a8cb00cf6d06cdac9ef13eb1e5c6ab7,https://raw.githubusercontent.com/google/fonts/e1118da94a8cb00cf6d06cdac9ef13eb1e5c6ab7/ofl/princesssofia/METADATA.pb,https://raw.githubusercontent.com/google/fonts/e1118da94a8cb00cf6d06cdac9ef13eb1e5c6ab7/ofl/princesssofia/PrincessSofia-Regular.ttf,https://raw.githubusercontent.com/google/fonts/e1118da94a8cb00cf6d06cdac9ef13eb1e5c6ab7/ofl/princesssofia/OFL.txt,data/v2/raw/fonts/handwriting/Princess_Sofia__OFL.txt,"latin,latin-ext,menu",2b5df30a7b866cd764cc4ff586dc8c28e16967099d50ab582f003ffbc7228ee5,272628,validation,42,False,False,False
Mr Bedfort,handwriting,Google Fonts official repository,OFL,data/v2/raw/fonts/handwriting/Mr_Bedfort__MrBedfort-Regular.ttf,True,passed,,True,mrbedfort,ofl,e1118da94a8cb00cf6d06cdac9ef13eb1e5c6ab7,https://raw.githubusercontent.com/google/fonts/e1118da94a8cb00cf6d06cdac9ef13eb1e5c6ab7/ofl/mrbedfort/METADATA.pb,https://raw.githubusercontent.com/google/fonts/e1118da94a8cb00cf6d06cdac9ef13eb1e5c6ab7/ofl/mrbedfort/MrBedfort-Regular.ttf,https://raw.githubusercontent.com/google/fonts/e1118da94a8cb00cf6d06cdac9ef13eb1e5c6ab7/ofl/mrbedfort/OFL.txt,data/v2/raw/fonts/handwriting/Mr_Bedfort__OFL.txt,"latin,latin-ext,menu",1551321151a818cfc5f9f16302e76b8ca86f16bef8fe7478ffeac69211bbdcc9,37252,validation,42,False,False,False
Kings,handwriting,Google Fonts official repository,OFL,data/v2/raw/fonts/handwriting/Kings__Kings-Regular.ttf,True,passed,,True,kings,ofl,e1118da94a8cb00cf6d06cdac9ef13eb1e5c6ab7,https://raw.githubusercontent.com/google/fonts/e1118da94a8cb00cf6d06cdac9ef13eb1e5c6ab7/ofl/kings/METADATA.pb,https://raw.githubusercontent.com/google/fonts/e1118da94a8cb00cf6d06cdac9ef13eb1e5c6ab7/ofl/kings/Kings-Regular.ttf,https://raw.githubusercontent.com/google/fonts/e1118da94a8cb00cf6d06cdac9ef13eb1e5c6ab7/ofl/kings/OFL.txt,data/v2/raw/fonts/handwriting/Kings__OFL.txt,"latin,latin-ext,menu,vietnamese",80dda73b13254d50173af1dbad3f7321b99ca61d791ebb8cd5fb8be0846c39bb,270704,validation,42,False,False,False
Fuggles,handwriting,Google Fonts official repository,OFL,data/v2/raw/fonts/handwriting/Fuggles__Fuggles-Regular.ttf,True,passed,,True,fuggles,ofl,e1118da94a8cb00cf6d06cdac9ef13eb1e5c6ab7,https://raw.githubusercontent.com/google/fonts/e1118da94a8cb00cf6d06cdac9ef13eb1e5c6ab7/ofl/fuggles/METADATA.pb,https://raw.githubusercontent.com/google/fonts/e1118da94a8cb00cf6d06cdac9ef13eb1e5c6ab7/ofl/fuggles/Fuggles-Regular.ttf,https://raw.githubusercontent.com/google/fonts/e1118da94a8cb00cf6d06cdac9ef13eb1e5c6ab7/ofl/fuggles/OFL.txt,data/v2/raw/fonts/handwriting/Fuggles__OFL.txt,"latin,latin-ext,menu,vietnamese",2e738fa143601d4415c858d8c844f12333b49c47ba5c12c787a0f6fa150e152a,734252,validation,42,False,False,False
Damion,handwriting,Google Fonts official repository,OFL,data/v2/raw/fonts/handwriting/Damion__Damion-Regular.ttf,True,passed,,True,damion,ofl,e1118da94a8cb00cf6d06cdac9ef13eb1e5c6ab7,https://raw.githubusercontent.com/google/fonts/e1118da94a8cb00cf6d06cdac9ef13eb1e5c6ab7/ofl/damion/METADATA.pb,https://raw.githubusercontent.com/google/fonts/e1118da94a8cb00cf6d06cdac9ef13eb1e5c6ab7/ofl/damion/Damion-Regular.ttf,https://raw.githubusercontent.com/google/fonts/e1118da94a8cb00cf6d06cdac9ef13eb1e5c6ab7/ofl/damion/OFL.txt,data/v2/raw/fonts/handwriting/Damion__OFL.txt,"latin,latin-ext,menu",a51fd6c3c517feb9924b98139c2e902a7317caee52c22a2ec9682973969562bf,75756,validation,42,False,False,False
Delius,handwriting,Google Fonts official repository,OFL,data/v2/raw/fonts/handwriting/Delius__Delius-Regular.ttf,True,passed,,True,delius,ofl,e1118da94a8cb00cf6d06cdac9ef13eb1e5c6ab7,https://raw.githubusercontent.com/google/fonts/e1118da94a8cb00cf6d06cdac9ef13eb1e5c6ab7/ofl/delius/METADATA.pb,https://raw.githubusercontent.com/google/fonts/e1118da94a8cb00cf6d06cdac9ef13eb1e5c6ab7/ofl/delius/Delius-Regular.ttf,https://raw.githubusercontent.com/google/fonts/e1118da94a8cb00cf6d06cdac9ef13eb1e5c6ab7/ofl/delius/OFL.txt,data/v2/raw/fonts/handwriting/Delius__OFL.txt,"latin,menu",c0fd66626926b637d64eb13de013b3318dbd72cdf92c33e41a29a03828bab6f6,77488,validation,42,False,False,False
Iansui,handwriting,Google Fonts official repository,OFL,data/v2/raw/fonts/handwriting/Iansui__Iansui-Regular.ttf,True,passed,,True,iansui,ofl,e1118da94a8cb00cf6d06cdac9ef13eb1e5c6ab7,https://raw.githubusercontent.com/google/fonts/e1118da94a8cb00cf6d06cdac9ef13eb1e5c6ab7/ofl/iansui/METADATA.pb,https://raw.githubusercontent.com/google/fonts/e1118da94a8cb00cf6d06cdac9ef13eb1e5c6ab7/ofl/iansui/Iansui-Regular.ttf,https://raw.githubusercontent.com/google/fonts/e1118da94a8cb00cf6d06cdac9ef13eb1e5c6ab7/ofl/iansui/OFL.txt,data/v2/raw/fonts/handwriting/Iansui__OFL.txt,"chinese-traditional,latin,latin-ext,menu,symbols2",6e6340d80d618a42b48ade9370c34fa37a8210750c6fbc8efe65f23716538a2b,9420560,test,42,False,False,True
Julee,handwriting,Google Fonts official repository,OFL,data/v2/raw/fonts/handwriting/Julee__Julee-Regular.ttf,True,passed,,True,julee,ofl,e1118da94a8cb00cf6d06cdac9ef13eb1e5c6ab7,https://raw.githubusercontent.com/google/fonts/e1118da94a8cb00cf6d06cdac9ef13eb1e5c6ab7/ofl/julee/METADATA.pb,https://raw.githubusercontent.com/google/fonts/e1118da94a8cb00cf6d06cdac9ef13eb1e5c6ab7/ofl/julee/Julee-Regular.ttf,https://raw.githubusercontent.com/google/fonts/e1118da94a8cb00cf6d06cdac9ef13eb1e5c6ab7/ofl/julee/OFL.txt,data/v2/raw/fonts/handwriting/Julee__OFL.txt,"latin,latin-ext,menu",1a895f51fbe0e37f059b1c07030068a2ccbadef8f81970cd346b967bb0b57eb1,66776,test,42,False,False,True
My Soul,handwriting,Google Fonts official repository,OFL,data/v2/raw/fonts/handwriting/My_Soul__MySoul-Regular.ttf,True,passed,,True,mysoul,ofl,e1118da94a8cb00cf6d06cdac9ef13eb1e5c6ab7,https://raw.githubusercontent.com/google/fonts/e1118da94a8cb00cf6d06cdac9ef13eb1e5c6ab7/ofl/mysoul/METADATA.pb,https://raw.githubusercontent.com/google/fonts/e1118da94a8cb00cf6d06cdac9ef13eb1e5c6ab7/ofl/mysoul/MySoul-Regular.ttf,https://raw.githubusercontent.com/google/fonts/e1118da94a8cb00cf6d06cdac9ef13eb1e5c6ab7/ofl/mysoul/OFL.txt,data/v2/raw/fonts/handwriting/My_Soul__OFL.txt,"latin,latin-ext,menu,vietnamese",28bcb050c1220145fd6aff6f6f13b1b8f4a9608388c0c34e4ff94452e5e6444f,145468,test,42,False,False,True
Permanent Marker,handwriting,Google Fonts official repository,APACHE2,data/v2/raw/fonts/handwriting/Permanent_Marker__PermanentMarker-Regular.ttf,True,passed,,True,permanentmarker,apache,e1118da94a8cb00cf6d06cdac9ef13eb1e5c6ab7,https://raw.githubusercontent.com/google/fonts/e1118da94a8cb00cf6d06cdac9ef13eb1e5c6ab7/apache/permanentmarker/METADATA.pb,https://raw.githubusercontent.com/google/fonts/e1118da94a8cb00cf6d06cdac9ef13eb1e5c6ab7/apache/permanentmarker/PermanentMarker-Regular.ttf,https://raw.githubusercontent.com/google/fonts/e1118da94a8cb00cf6d06cdac9ef13eb1e5c6ab7/apache/permanentmarker/LICENSE.txt,data/v2/raw/fonts/handwriting/Permanent_Marker__LICENSE.txt,"latin,menu",28f82c8a7943cb8e9d599f8554da1d4fc75dbcf69b9885ad6c0611d20c6946c5,74632,test,42,False,False,True
Puppies Play,handwriting,Google Fonts official repository,OFL,data/v2/raw/fonts/handwriting/Puppies_Play__PuppiesPlay-Regular.ttf,True,passed,,True,puppiesplay,ofl,e1118da94a8cb00cf6d06cdac9ef13eb1e5c6ab7,https://raw.githubusercontent.com/google/fonts/e1118da94a8cb00cf6d06cdac9ef13eb1e5c6ab7/ofl/puppiesplay/METADATA.pb,https://raw.githubusercontent.com/google/fonts/e1118da94a8cb00cf6d06cdac9ef13eb1e5c6ab7/ofl/puppiesplay/PuppiesPlay-Regular.ttf,https://raw.githubusercontent.com/google/fonts/e1118da94a8cb00cf6d06cdac9ef13eb1e5c6ab7/ofl/puppiesplay/OFL.txt,data/v2/raw/fonts/handwriting/Puppies_Play__OFL.txt,"latin,latin-ext,menu,vietnamese",104fd20ddc4f78f256dd5e3a77d2cfdb0ef5b26e467404377f7bd0afabbb24c0,167944,test,42,False,False,True
Swanky and Moo Moo,handwriting,Google Fonts official repository,OFL,data/v2/raw/fonts/handwriting/Swanky_and_Moo_Moo__SwankyandMooMoo.ttf,True,passed,,True,swankyandmoomoo,ofl,e1118da94a8cb00cf6d06cdac9ef13eb1e5c6ab7,https://raw.githubusercontent.com/google/fonts/e1118da94a8cb00cf6d06cdac9ef13eb1e5c6ab7/ofl/swankyandmoomoo/METADATA.pb,https://raw.githubusercontent.com/google/fonts/e1118da94a8cb00cf6d06cdac9ef13eb1e5c6ab7/ofl/swankyandmoomoo/SwankyandMooMoo.ttf,https://raw.githubusercontent.com/google/fonts/e1118da94a8cb00cf6d06cdac9ef13eb1e5c6ab7/ofl/swankyandmoomoo/OFL.txt,data/v2/raw/fonts/handwriting/Swanky_and_Moo_Moo__OFL.txt,"latin,menu",a745effa8961790717966f7c69d96756a7abe2d334a08be333a656b7c54b627f,58892,test,42,False,False,True
Sono,monospace,Google Fonts official repository,OFL,"data/v2/raw/fonts/monospace/Sono__Sono[MONO,wght].ttf",True,passed,,True,sono,ofl,e1118da94a8cb00cf6d06cdac9ef13eb1e5c6ab7,https://raw.githubusercontent.com/google/fonts/e1118da94a8cb00cf6d06cdac9ef13eb1e5c6ab7/ofl/sono/METADATA.pb,https://raw.githubusercontent.com/google/fonts/e1118da94a8cb00cf6d06cdac9ef13eb1e5c6ab7/ofl/sono/Sono%5BMONO%2Cwght%5D.ttf,https://raw.githubusercontent.com/google/fonts/e1118da94a8cb00cf6d06cdac9ef13eb1e5c6ab7/ofl/sono/OFL.txt,data/v2/raw/fonts/monospace/Sono__OFL.txt,"latin,latin-ext,menu,vietnamese",247ca641ca7066e3addc8081d89613c06a79e4276cd4f2164d07a6493530010f,154620,train,42,False,False,False
Source Code Pro,monospace,Google Fonts official repository,OFL,data/v2/raw/fonts/monospace/Source_Code_Pro__SourceCodePro[wght].ttf,True,passed,,True,sourcecodepro,ofl,e1118da94a8cb00cf6d06cdac9ef13eb1e5c6ab7,https://raw.githubusercontent.com/google/fonts/e1118da94a8cb00cf6d06cdac9ef13eb1e5c6ab7/ofl/sourcecodepro/METADATA.pb,https://raw.githubusercontent.com/google/fonts/e1118da94a8cb00cf6d06cdac9ef13eb1e5c6ab7/ofl/sourcecodepro/SourceCodePro%5Bwght%5D.ttf,https://raw.githubusercontent.com/google/fonts/e1118da94a8cb00cf6d06cdac9ef13eb1e5c6ab7/ofl/sourcecodepro/OFL.txt,data/v2/raw/fonts/monospace/Source_Code_Pro__OFL.txt,"cyrillic,cyrillic-ext,greek,greek-ext,latin,latin-ext,menu,vietnamese",b400fc584e10aff25d0e775ce181b4fc1c5ea1b5dc37b81aeb2084375b945790,212340,train,42,True,False,False
Nova Mono,monospace,Google Fonts official repository,OFL,data/v2/raw/fonts/monospace/Nova_Mono__NovaMono.ttf,True,passed,,True,novamono,ofl,e1118da94a8cb00cf6d06cdac9ef13eb1e5c6ab7,https://raw.githubusercontent.com/google/fonts/e1118da94a8cb00cf6d06cdac9ef13eb1e5c6ab7/ofl/novamono/METADATA.pb,https://raw.githubusercontent.com/google/fonts/e1118da94a8cb00cf6d06cdac9ef13eb1e5c6ab7/ofl/novamono/NovaMono.ttf,https://raw.githubusercontent.com/google/fonts/e1118da94a8cb00cf6d06cdac9ef13eb1e5c6ab7/ofl/novamono/OFL.txt,data/v2/raw/fonts/monospace/Nova_Mono__OFL.txt,"greek,latin,latin-ext,menu",648eadb6648c0801b186d3dcef60ee6aa84a791b1e09c726935c0712508b4807,302380,train,42,False,False,False
Share Tech Mono,monospace,Google Fonts official repository,OFL,data/v2/raw/fonts/monospace/Share_Tech_Mono__ShareTechMono-Regular.ttf,True,passed,,True,sharetechmono,ofl,e1118da94a8cb00cf6d06cdac9ef13eb1e5c6ab7,https://raw.githubusercontent.com/google/fonts/e1118da94a8cb00cf6d06cdac9ef13eb1e5c6ab7/ofl/sharetechmono/METADATA.pb,https://raw.githubusercontent.com/google/fonts/e1118da94a8cb00cf6d06cdac9ef13eb1e5c6ab7/ofl/sharetechmono/ShareTechMono-Regular.ttf,https://raw.githubusercontent.com/google/fonts/e1118da94a8cb00cf6d06cdac9ef13eb1e5c6ab7/ofl/sharetechmono/OFL.txt,data/v2/raw/fonts/monospace/Share_Tech_Mono__OFL.txt,"latin,menu",9ceab1f87414829af259c0f537573ae03ef7dd3147c0b27a36a1a0beb6732677,43272,train,42,True,False,False
JetBrains Mono,monospace,Google Fonts official repository,OFL,data/v2/raw/fonts/monospace/JetBrains_Mono__JetBrainsMono[wght].ttf,True,passed,,True,jetbrainsmono,ofl,e1118da94a8cb00cf6d06cdac9ef13eb1e5c6ab7,https://raw.githubusercontent.com/google/fonts/e1118da94a8cb00cf6d06cdac9ef13eb1e5c6ab7/ofl/jetbrainsmono/METADATA.pb,https://raw.githubusercontent.com/google/fonts/e1118da94a8cb00cf6d06cdac9ef13eb1e5c6ab7/ofl/jetbrainsmono/JetBrainsMono%5Bwght%5D.ttf,https://raw.githubusercontent.com/google/fonts/e1118da94a8cb00cf6d06cdac9ef13eb1e5c6ab7/ofl/jetbrainsmono/OFL.txt,data/v2/raw/fonts/monospace/JetBrains_Mono__OFL.txt,"cyrillic,cyrillic-ext,greek,latin,latin-ext,menu,vietnamese",48715a42ec242c21e9f02692891e147d022299a52e48d5e413e1a942193ffeda,187208,train,42,True,False,False
Overpass Mono,monospace,Google Fonts official repository,OFL,data/v2/raw/fonts/monospace/Overpass_Mono__OverpassMono[wght].ttf,True,passed,,True,overpassmono,ofl,e1118da94a8cb00cf6d06cdac9ef13eb1e5c6ab7,https://raw.githubusercontent.com/google/fonts/e1118da94a8cb00cf6d06cdac9ef13eb1e5c6ab7/ofl/overpassmono/METADATA.pb,https://raw.githubusercontent.com/google/fonts/e1118da94a8cb00cf6d06cdac9ef13eb1e5c6ab7/ofl/overpassmono/OverpassMono%5Bwght%5D.ttf,https://raw.githubusercontent.com/google/fonts/e1118da94a8cb00cf6d06cdac9ef13eb1e5c6ab7/ofl/overpassmono/OFL.txt,data/v2/raw/fonts/monospace/Overpass_Mono__OFL.txt,"cyrillic,cyrillic-ext,latin,latin-ext,menu,vietnamese",49f230e10251608f0ae1a2ce46be768d7b9ddcbe5cdca2e9f6b762fcbce1ae4f,258800,train,42,True,False,False
Ubuntu Mono,monospace,Google Fonts official repository,UFL,data/v2/raw/fonts/monospace/Ubuntu_Mono__UbuntuMono-Regular.ttf,True,passed,,True,ubuntumono,ufl,e1118da94a8cb00cf6d06cdac9ef13eb1e5c6ab7,https://raw.githubusercontent.com/google/fonts/e1118da94a8cb00cf6d06cdac9ef13eb1e5c6ab7/ufl/ubuntumono/METADATA.pb,https://raw.githubusercontent.com/google/fonts/e1118da94a8cb00cf6d06cdac9ef13eb1e5c6ab7/ufl/ubuntumono/UbuntuMono-Regular.ttf,https://raw.githubusercontent.com/google/fonts/e1118da94a8cb00cf6d06cdac9ef13eb1e5c6ab7/ufl/ubuntumono/LICENCE.txt,data/v2/raw/fonts/monospace/Ubuntu_Mono__LICENCE.txt,"cyrillic,cyrillic-ext,greek,greek-ext,latin,latin-ext,menu",b35dd9d2131d5d83a9b87fe9ad22c6288fa3d17688d43302c14da29812417d63,205748,train,42,True,False,False
Anonymous Pro,monospace,Google Fonts official repository,OFL,data/v2/raw/fonts/monospace/Anonymous_Pro__AnonymousPro-Regular.ttf,True,passed,,True,anonymouspro,ofl,e1118da94a8cb00cf6d06cdac9ef13eb1e5c6ab7,https://raw.githubusercontent.com/google/fonts/e1118da94a8cb00cf6d06cdac9ef13eb1e5c6ab7/ofl/anonymouspro/METADATA.pb,https://raw.githubusercontent.com/google/fonts/e1118da94a8cb00cf6d06cdac9ef13eb1e5c6ab7/ofl/anonymouspro/AnonymousPro-Regular.ttf,https://raw.githubusercontent.com/google/fonts/e1118da94a8cb00cf6d06cdac9ef13eb1e5c6ab7/ofl/anonymouspro/OFL.txt,data/v2/raw/fonts/monospace/Anonymous_Pro__OFL.txt,"cyrillic,greek,latin,latin-ext,menu",46d8b9a5f4b38fc9d30f3cdd676d4c6f78a9bef949bb1a8304216cc731eb87f8,158100,train,42,True,False,False
B612 Mono,monospace,Google Fonts official repository,OFL,data/v2/raw/fonts/monospace/B612_Mono__B612Mono-Regular.ttf,True,passed,,True,b612mono,ofl,e1118da94a8cb00cf6d06cdac9ef13eb1e5c6ab7,https://raw.githubusercontent.com/google/fonts/e1118da94a8cb00cf6d06cdac9ef13eb1e5c6ab7/ofl/b612mono/METADATA.pb,https://raw.githubusercontent.com/google/fonts/e1118da94a8cb00cf6d06cdac9ef13eb1e5c6ab7/ofl/b612mono/B612Mono-Regular.ttf,https://raw.githubusercontent.com/google/fonts/e1118da94a8cb00cf6d06cdac9ef13eb1e5c6ab7/ofl/b612mono/OFL.txt,data/v2/raw/fonts/monospace/B612_Mono__OFL.txt,"latin,menu",b98cb96cc8a6206dae08c063d60902df7e6d40f86139ebdb97256704253c9c69,140292,train,42,False,False,False
Azeret Mono,monospace,Google Fonts official repository,OFL,data/v2/raw/fonts/monospace/Azeret_Mono__AzeretMono[wght].ttf,True,passed,,True,azeretmono,ofl,e1118da94a8cb00cf6d06cdac9ef13eb1e5c6ab7,https://raw.githubusercontent.com/google/fonts/e1118da94a8cb00cf6d06cdac9ef13eb1e5c6ab7/ofl/azeretmono/METADATA.pb,https://raw.githubusercontent.com/google/fonts/e1118da94a8cb00cf6d06cdac9ef13eb1e5c6ab7/ofl/azeretmono/AzeretMono%5Bwght%5D.ttf,https://raw.githubusercontent.com/google/fonts/e1118da94a8cb00cf6d06cdac9ef13eb1e5c6ab7/ofl/azeretmono/OFL.txt,data/v2/raw/fonts/monospace/Azeret_Mono__OFL.txt,"latin,latin-ext,menu",f13962c26c1baa864aff7768364001f9bca6e506f41b9a3037c0d6a31e2ca736,106092,train,42,True,False,False
Cousine,monospace,Google Fonts official repository,OFL,data/v2/raw/fonts/monospace/Cousine__Cousine-Regular.ttf,True,passed,,True,cousine,ofl,e1118da94a8cb00cf6d06cdac9ef13eb1e5c6ab7,https://raw.githubusercontent.com/google/fonts/e1118da94a8cb00cf6d06cdac9ef13eb1e5c6ab7/ofl/cousine/METADATA.pb,https://raw.githubusercontent.com/google/fonts/e1118da94a8cb00cf6d06cdac9ef13eb1e5c6ab7/ofl/cousine/Cousine-Regular.ttf,https://raw.githubusercontent.com/google/fonts/e1118da94a8cb00cf6d06cdac9ef13eb1e5c6ab7/ofl/cousine/OFL.txt,data/v2/raw/fonts/monospace/Cousine__OFL.txt,"cyrillic,cyrillic-ext,greek,greek-ext,hebrew,latin,latin-ext,menu,vietnamese",1da22250675fc4c42fcf3a9736c44bc0570516105331443b663fd5cfbd1412fe,296856,train,42,True,False,False
Xanh Mono,monospace,Google Fonts official repository,OFL,data/v2/raw/fonts/monospace/Xanh_Mono__XanhMono-Regular.ttf,True,passed,,True,xanhmono,ofl,e1118da94a8cb00cf6d06cdac9ef13eb1e5c6ab7,https://raw.githubusercontent.com/google/fonts/e1118da94a8cb00cf6d06cdac9ef13eb1e5c6ab7/ofl/xanhmono/METADATA.pb,https://raw.githubusercontent.com/google/fonts/e1118da94a8cb00cf6d06cdac9ef13eb1e5c6ab7/ofl/xanhmono/XanhMono-Regular.ttf,https://raw.githubusercontent.com/google/fonts/e1118da94a8cb00cf6d06cdac9ef13eb1e5c6ab7/ofl/xanhmono/OFL.txt,data/v2/raw/fonts/monospace/Xanh_Mono__OFL.txt,"latin,latin-ext,menu,vietnamese",33e64b43fdcb40bd0141853601c7aaffd5be15ebd3cf56340d2473ff8be8e69c,59924,train,42,False,False,False
VT323,monospace,Google Fonts official repository,OFL,data/v2/raw/fonts/monospace/VT323__VT323-Regular.ttf,True,passed,,True,vt323,ofl,e1118da94a8cb00cf6d06cdac9ef13eb1e5c6ab7,https://raw.githubusercontent.com/google/fonts/e1118da94a8cb00cf6d06cdac9ef13eb1e5c6ab7/ofl/vt323/METADATA.pb,https://raw.githubusercontent.com/google/fonts/e1118da94a8cb00cf6d06cdac9ef13eb1e5c6ab7/ofl/vt323/VT323-Regular.ttf,https://raw.githubusercontent.com/google/fonts/e1118da94a8cb00cf6d06cdac9ef13eb1e5c6ab7/ofl/vt323/OFL.txt,data/v2/raw/fonts/monospace/VT323__OFL.txt,"latin,latin-ext,menu,vietnamese",cf4de751ada78ceac033dbe16a687742939995b77bc2a052ae17a4957958594d,153116,train,42,False,False,False
PT Mono,monospace,Google Fonts official repository,OFL,data/v2/raw/fonts/monospace/PT_Mono__PTM55FT.ttf,True,passed,,True,ptmono,ofl,e1118da94a8cb00cf6d06cdac9ef13eb1e5c6ab7,https://raw.githubusercontent.com/google/fonts/e1118da94a8cb00cf6d06cdac9ef13eb1e5c6ab7/ofl/ptmono/METADATA.pb,https://raw.githubusercontent.com/google/fonts/e1118da94a8cb00cf6d06cdac9ef13eb1e5c6ab7/ofl/ptmono/PTM55FT.ttf,https://raw.githubusercontent.com/google/fonts/e1118da94a8cb00cf6d06cdac9ef13eb1e5c6ab7/ofl/ptmono/OFL.txt,data/v2/raw/fonts/monospace/PT_Mono__OFL.txt,"cyrillic,cyrillic-ext,latin,latin-ext,menu",cbe732b3b8fd211fd986ebdfc9b870ddeca4faab0bb5425fc509b37f9b4ac804,185912,train,42,True,False,False
Libertinus Mono,monospace,Google Fonts official repository,OFL,data/v2/raw/fonts/monospace/Libertinus_Mono__LibertinusMono-Regular.ttf,True,passed,,True,libertinusmono,ofl,e1118da94a8cb00cf6d06cdac9ef13eb1e5c6ab7,https://raw.githubusercontent.com/google/fonts/e1118da94a8cb00cf6d06cdac9ef13eb1e5c6ab7/ofl/libertinusmono/METADATA.pb,https://raw.githubusercontent.com/google/fonts/e1118da94a8cb00cf6d06cdac9ef13eb1e5c6ab7/ofl/libertinusmono/LibertinusMono-Regular.ttf,https://raw.githubusercontent.com/google/fonts/e1118da94a8cb00cf6d06cdac9ef13eb1e5c6ab7/ofl/libertinusmono/OFL.txt,data/v2/raw/fonts/monospace/Libertinus_Mono__OFL.txt,"latin,latin-ext,menu",98e3326985108f7d427d1f447d4fa00c93f6787bc53b5c15150c115c5b9d9b9a,153480,train,42,False,False,False
Major Mono Display,monospace,Google Fonts official repository,OFL,data/v2/raw/fonts/monospace/Major_Mono_Display__MajorMonoDisplay-Regular.ttf,True,passed,,True,majormonodisplay,ofl,e1118da94a8cb00cf6d06cdac9ef13eb1e5c6ab7,https://raw.githubusercontent.com/google/fonts/e1118da94a8cb00cf6d06cdac9ef13eb1e5c6ab7/ofl/majormonodisplay/METADATA.pb,https://raw.githubusercontent.com/google/fonts/e1118da94a8cb00cf6d06cdac9ef13eb1e5c6ab7/ofl/majormonodisplay/MajorMonoDisplay-Regular.ttf,https://raw.githubusercontent.com/google/fonts/e1118da94a8cb00cf6d06cdac9ef13eb1e5c6ab7/ofl/majormonodisplay/OFL.txt,data/v2/raw/fonts/monospace/Major_Mono_Display__OFL.txt,"latin,latin-ext,menu,vietnamese",3f2ee71c2b8464f065bf960a148be81d68fcc13385df87737928f948208dffc6,126788,train,42,False,False,False
Sixtyfour Convergence,monospace,Google Fonts official repository,OFL,"data/v2/raw/fonts/monospace/Sixtyfour_Convergence__SixtyfourConvergence[BLED,SCAN,XELA,YELA].ttf",True,passed,,True,sixtyfourconvergence,ofl,e1118da94a8cb00cf6d06cdac9ef13eb1e5c6ab7,https://raw.githubusercontent.com/google/fonts/e1118da94a8cb00cf6d06cdac9ef13eb1e5c6ab7/ofl/sixtyfourconvergence/METADATA.pb,https://raw.githubusercontent.com/google/fonts/e1118da94a8cb00cf6d06cdac9ef13eb1e5c6ab7/ofl/sixtyfourconvergence/SixtyfourConvergence%5BBLED%2CSCAN%2CXELA%2CYELA%5D.ttf,https://raw.githubusercontent.com/google/fonts/e1118da94a8cb00cf6d06cdac9ef13eb1e5c6ab7/ofl/sixtyfourconvergence/OFL.txt,data/v2/raw/fonts/monospace/Sixtyfour_Convergence__OFL.txt,"latin,latin-ext,math,menu,symbols",aa8c653e04d6211debe5f5d1b7e851a64345a61b2a3c0a5a295cddb0f1e71688,122260,train,42,False,False,False
LXGW WenKai Mono TC,monospace,Google Fonts official repository,OFL,data/v2/raw/fonts/monospace/LXGW_WenKai_Mono_TC__LXGWWenKaiMonoTC-Regular.ttf,True,passed,,True,lxgwwenkaimonotc,ofl,e1118da94a8cb00cf6d06cdac9ef13eb1e5c6ab7,https://raw.githubusercontent.com/google/fonts/e1118da94a8cb00cf6d06cdac9ef13eb1e5c6ab7/ofl/lxgwwenkaimonotc/METADATA.pb,https://raw.githubusercontent.com/google/fonts/e1118da94a8cb00cf6d06cdac9ef13eb1e5c6ab7/ofl/lxgwwenkaimonotc/LXGWWenKaiMonoTC-Regular.ttf,https://raw.githubusercontent.com/google/fonts/e1118da94a8cb00cf6d06cdac9ef13eb1e5c6ab7/ofl/lxgwwenkaimonotc/OFL.txt,data/v2/raw/fonts/monospace/LXGW_WenKai_Mono_TC__OFL.txt,"chinese-traditional,cyrillic,cyrillic-ext,greek,greek-ext,latin,latin-ext,lisu,menu,vietnamese",ea6707f71c862f4f255cbe510148b676ca8f5360872633de88694f8004f3f8b3,13122932,train,42,False,False,False
Intel One Mono,monospace,Google Fonts official repository,OFL,data/v2/raw/fonts/monospace/Intel_One_Mono__IntelOneMono-Regular.ttf,True,passed,,True,intelonemono,ofl,e1118da94a8cb00cf6d06cdac9ef13eb1e5c6ab7,https://raw.githubusercontent.com/google/fonts/e1118da94a8cb00cf6d06cdac9ef13eb1e5c6ab7/ofl/intelonemono/METADATA.pb,https://raw.githubusercontent.com/google/fonts/e1118da94a8cb00cf6d06cdac9ef13eb1e5c6ab7/ofl/intelonemono/IntelOneMono-Regular.ttf,https://raw.githubusercontent.com/google/fonts/e1118da94a8cb00cf6d06cdac9ef13eb1e5c6ab7/ofl/intelonemono/OFL.txt,data/v2/raw/fonts/monospace/Intel_One_Mono__OFL.txt,"latin,latin-ext,menu,symbols2,vietnamese",f92cb99ca8d984cfa570c17cf056dc7dbe3e7e2235d1a44c3b57205d4059aefa,125144,train,42,False,False,False
Iosevka Charon Mono,monospace,Google Fonts official repository,OFL,data/v2/raw/fonts/monospace/Iosevka_Charon_Mono__IosevkaCharonMono-Regular.ttf,True,passed,,True,iosevkacharonmono,ofl,e1118da94a8cb00cf6d06cdac9ef13eb1e5c6ab7,https://raw.githubusercontent.com/google/fonts/e1118da94a8cb00cf6d06cdac9ef13eb1e5c6ab7/ofl/iosevkacharonmono/METADATA.pb,https://raw.githubusercontent.com/google/fonts/e1118da94a8cb00cf6d06cdac9ef13eb1e5c6ab7/ofl/iosevkacharonmono/IosevkaCharonMono-Regular.ttf,https://raw.githubusercontent.com/google/fonts/e1118da94a8cb00cf6d06cdac9ef13eb1e5c6ab7/ofl/iosevkacharonmono/OFL.txt,data/v2/raw/fonts/monospace/Iosevka_Charon_Mono__OFL.txt,"armenian,braille,cyrillic,cyrillic-ext,greek,greek-ext,latin,latin-ext,math,menu,symbols,symbols2,vietnamese",ae87c9bc7baae0a18e78cbe498d967865c251cae20fffa0c34e5937ce118f845,1461020,train,42,False,False,False
Geist Mono,monospace,Google Fonts official repository,OFL,data/v2/raw/fonts/monospace/Geist_Mono__GeistMono[wght].ttf,True,passed,,True,geistmono,ofl,e1118da94a8cb00cf6d06cdac9ef13eb1e5c6ab7,https://raw.githubusercontent.com/google/fonts/e1118da94a8cb00cf6d06cdac9ef13eb1e5c6ab7/ofl/geistmono/METADATA.pb,https://raw.githubusercontent.com/google/fonts/e1118da94a8cb00cf6d06cdac9ef13eb1e5c6ab7/ofl/geistmono/GeistMono%5Bwght%5D.ttf,https://raw.githubusercontent.com/google/fonts/e1118da94a8cb00cf6d06cdac9ef13eb1e5c6ab7/ofl/geistmono/OFL.txt,data/v2/raw/fonts/monospace/Geist_Mono__OFL.txt,"cyrillic,cyrillic-ext,latin,latin-ext,menu,symbols2,vietnamese",d00e590b8eb3a59acc329b2d044fd143ae935090b7da33199ebee27cc7de8196,171948,train,42,False,False,False
IBM Plex Mono,monospace,Google Fonts official repository,OFL,data/v2/raw/fonts/monospace/IBM_Plex_Mono__IBMPlexMono-Regular.ttf,True,passed,,True,ibmplexmono,ofl,e1118da94a8cb00cf6d06cdac9ef13eb1e5c6ab7,https://raw.githubusercontent.com/google/fonts/e1118da94a8cb00cf6d06cdac9ef13eb1e5c6ab7/ofl/ibmplexmono/METADATA.pb,https://raw.githubusercontent.com/google/fonts/e1118da94a8cb00cf6d06cdac9ef13eb1e5c6ab7/ofl/ibmplexmono/IBMPlexMono-Regular.ttf,https://raw.githubusercontent.com/google/fonts/e1118da94a8cb00cf6d06cdac9ef13eb1e5c6ab7/ofl/ibmplexmono/OFL.txt,data/v2/raw/fonts/monospace/IBM_Plex_Mono__OFL.txt,"cyrillic,cyrillic-ext,latin,latin-ext,menu,vietnamese",6a3412f058c7d8dfd9170c41e85ade48e5156ecb89356110ca57a0a27734af46,135580,train,42,True,False,False
Lilex,monospace,Google Fonts official repository,OFL,data/v2/raw/fonts/monospace/Lilex__Lilex[wght].ttf,True,passed,,True,lilex,ofl,e1118da94a8cb00cf6d06cdac9ef13eb1e5c6ab7,https://raw.githubusercontent.com/google/fonts/e1118da94a8cb00cf6d06cdac9ef13eb1e5c6ab7/ofl/lilex/METADATA.pb,https://raw.githubusercontent.com/google/fonts/e1118da94a8cb00cf6d06cdac9ef13eb1e5c6ab7/ofl/lilex/Lilex%5Bwght%5D.ttf,https://raw.githubusercontent.com/google/fonts/e1118da94a8cb00cf6d06cdac9ef13eb1e5c6ab7/ofl/lilex/OFL.txt,data/v2/raw/fonts/monospace/Lilex__OFL.txt,"cyrillic,cyrillic-ext,greek,latin,latin-ext,menu,symbols2,vietnamese",ac99facd1db106a77d662a8285d97f1f241fb1f5316a41f8ceee8279b4750d82,229100,train,42,False,False,False
Ubuntu Sans Mono,monospace,Google Fonts official repository,UFL,data/v2/raw/fonts/monospace/Ubuntu_Sans_Mono__UbuntuSansMono[wght].ttf,True,passed,,True,ubuntusansmono,ufl,e1118da94a8cb00cf6d06cdac9ef13eb1e5c6ab7,https://raw.githubusercontent.com/google/fonts/e1118da94a8cb00cf6d06cdac9ef13eb1e5c6ab7/ufl/ubuntusansmono/METADATA.pb,https://raw.githubusercontent.com/google/fonts/e1118da94a8cb00cf6d06cdac9ef13eb1e5c6ab7/ufl/ubuntusansmono/UbuntuSansMono%5Bwght%5D.ttf,https://raw.githubusercontent.com/google/fonts/e1118da94a8cb00cf6d06cdac9ef13eb1e5c6ab7/ufl/ubuntusansmono/LICENCE.txt,data/v2/raw/fonts/monospace/Ubuntu_Sans_Mono__LICENCE.txt,"cyrillic,cyrillic-ext,greek,greek-ext,latin,latin-ext",0954a9a2b1be5062592aad7ff42c8ad094de641abeb2043d9b21d137844a0dba,178092,train,42,False,False,False
M PLUS 1 Code,monospace,Google Fonts official repository,OFL,data/v2/raw/fonts/monospace/M_PLUS_1_Code__MPLUS1Code[wght].ttf,True,passed,,True,mplus1code,ofl,e1118da94a8cb00cf6d06cdac9ef13eb1e5c6ab7,https://raw.githubusercontent.com/google/fonts/e1118da94a8cb00cf6d06cdac9ef13eb1e5c6ab7/ofl/mplus1code/METADATA.pb,https://raw.githubusercontent.com/google/fonts/e1118da94a8cb00cf6d06cdac9ef13eb1e5c6ab7/ofl/mplus1code/MPLUS1Code%5Bwght%5D.ttf,https://raw.githubusercontent.com/google/fonts/e1118da94a8cb00cf6d06cdac9ef13eb1e5c6ab7/ofl/mplus1code/OFL.txt,data/v2/raw/fonts/monospace/M_PLUS_1_Code__OFL.txt,"japanese,latin,latin-ext,menu,vietnamese",ff68678c5bd7e9d9d6ab6d57e4355aabe30f6b8f8bff9bd59baf6a7807dcfd36,3933000,train,42,False,False,False
Cutive Mono,monospace,Google Fonts official repository,OFL,data/v2/raw/fonts/monospace/Cutive_Mono__CutiveMono-Regular.ttf,True,passed,,True,cutivemono,ofl,e1118da94a8cb00cf6d06cdac9ef13eb1e5c6ab7,https://raw.githubusercontent.com/google/fonts/e1118da94a8cb00cf6d06cdac9ef13eb1e5c6ab7/ofl/cutivemono/METADATA.pb,https://raw.githubusercontent.com/google/fonts/e1118da94a8cb00cf6d06cdac9ef13eb1e5c6ab7/ofl/cutivemono/CutiveMono-Regular.ttf,https://raw.githubusercontent.com/google/fonts/e1118da94a8cb00cf6d06cdac9ef13eb1e5c6ab7/ofl/cutivemono/OFL.txt,data/v2/raw/fonts/monospace/Cutive_Mono__OFL.txt,"latin,latin-ext,menu",96a36a00079058684982f61ee334323f8b501d7b68dcecd6049a4f9177e3a62c,80004,train,42,True,False,False
Oxygen Mono,monospace,Google Fonts official repository,OFL,data/v2/raw/fonts/monospace/Oxygen_Mono__OxygenMono-Regular.ttf,True,passed,,True,oxygenmono,ofl,e1118da94a8cb00cf6d06cdac9ef13eb1e5c6ab7,https://raw.githubusercontent.com/google/fonts/e1118da94a8cb00cf6d06cdac9ef13eb1e5c6ab7/ofl/oxygenmono/METADATA.pb,https://raw.githubusercontent.com/google/fonts/e1118da94a8cb00cf6d06cdac9ef13eb1e5c6ab7/ofl/oxygenmono/OxygenMono-Regular.ttf,https://raw.githubusercontent.com/google/fonts/e1118da94a8cb00cf6d06cdac9ef13eb1e5c6ab7/ofl/oxygenmono/OFL.txt,data/v2/raw/fonts/monospace/Oxygen_Mono__OFL.txt,"latin,latin-ext,menu",dcc671da93f7fc31f2e7a4a7c058c815c1eaec6a3d27792e18edff4d3bf539f0,68940,train,42,True,False,False
Courier Prime,monospace,Google Fonts official repository,OFL,data/v2/raw/fonts/monospace/Courier_Prime__CourierPrime-Regular.ttf,True,passed,,True,courierprime,ofl,e1118da94a8cb00cf6d06cdac9ef13eb1e5c6ab7,https://raw.githubusercontent.com/google/fonts/e1118da94a8cb00cf6d06cdac9ef13eb1e5c6ab7/ofl/courierprime/METADATA.pb,https://raw.githubusercontent.com/google/fonts/e1118da94a8cb00cf6d06cdac9ef13eb1e5c6ab7/ofl/courierprime/CourierPrime-Regular.ttf,https://raw.githubusercontent.com/google/fonts/e1118da94a8cb00cf6d06cdac9ef13eb1e5c6ab7/ofl/courierprime/OFL.txt,data/v2/raw/fonts/monospace/Courier_Prime__OFL.txt,"latin,latin-ext,menu",72f793376f8e2841656bf21d77a5de010f2929bd6956a22ee848ad0c7eb978af,71188,train,42,False,False,False
Google Sans Code,monospace,Google Fonts official repository,OFL,data/v2/raw/fonts/monospace/Google_Sans_Code__GoogleSansCode[wght].ttf,True,passed,,True,googlesanscode,ofl,e1118da94a8cb00cf6d06cdac9ef13eb1e5c6ab7,https://raw.githubusercontent.com/google/fonts/e1118da94a8cb00cf6d06cdac9ef13eb1e5c6ab7/ofl/googlesanscode/METADATA.pb,https://raw.githubusercontent.com/google/fonts/e1118da94a8cb00cf6d06cdac9ef13eb1e5c6ab7/ofl/googlesanscode/GoogleSansCode%5Bwght%5D.ttf,https://raw.githubusercontent.com/google/fonts/e1118da94a8cb00cf6d06cdac9ef13eb1e5c6ab7/ofl/googlesanscode/OFL.txt,data/v2/raw/fonts/monospace/Google_Sans_Code__OFL.txt,"adlam,canadian-aboriginal,cherokee,latin,latin-ext,math,menu,old-permic,symbols,symbols2,syriac,vietnamese",c9649573afcd966f61096b1e9c3c3115e7b54315ca2adf9839c6f8b17d5f8e1f,126224,validation,42,False,False,False
DM Mono,monospace,Google Fonts official repository,OFL,data/v2/raw/fonts/monospace/DM_Mono__DMMono-Regular.ttf,True,passed,,True,dmmono,ofl,e1118da94a8cb00cf6d06cdac9ef13eb1e5c6ab7,https://raw.githubusercontent.com/google/fonts/e1118da94a8cb00cf6d06cdac9ef13eb1e5c6ab7/ofl/dmmono/METADATA.pb,https://raw.githubusercontent.com/google/fonts/e1118da94a8cb00cf6d06cdac9ef13eb1e5c6ab7/ofl/dmmono/DMMono-Regular.ttf,https://raw.githubusercontent.com/google/fonts/e1118da94a8cb00cf6d06cdac9ef13eb1e5c6ab7/ofl/dmmono/OFL.txt,data/v2/raw/fonts/monospace/DM_Mono__OFL.txt,"latin,latin-ext,menu",55b4c98f123daebb3ed27947ba47b2af00554fc6284d639a540bcef5e6258ad2,49744,validation,42,True,False,False
Workbench,monospace,Google Fonts official repository,OFL,"data/v2/raw/fonts/monospace/Workbench__Workbench[BLED,SCAN].ttf",True,passed,,True,workbench,ofl,e1118da94a8cb00cf6d06cdac9ef13eb1e5c6ab7,https://raw.githubusercontent.com/google/fonts/e1118da94a8cb00cf6d06cdac9ef13eb1e5c6ab7/ofl/workbench/METADATA.pb,https://raw.githubusercontent.com/google/fonts/e1118da94a8cb00cf6d06cdac9ef13eb1e5c6ab7/ofl/workbench/Workbench%5BBLED%2CSCAN%5D.ttf,https://raw.githubusercontent.com/google/fonts/e1118da94a8cb00cf6d06cdac9ef13eb1e5c6ab7/ofl/workbench/OFL.txt,data/v2/raw/fonts/monospace/Workbench__OFL.txt,"latin,math,menu,symbols",027940fb7aea63f260fb367957e419c08f904f357b384c819f99eb06e7af17d6,32472,validation,42,False,False,False
Datatype,monospace,Google Fonts official repository,OFL,"data/v2/raw/fonts/monospace/Datatype__Datatype[wdth,wght].ttf",True,passed,,True,datatype,ofl,e1118da94a8cb00cf6d06cdac9ef13eb1e5c6ab7,https://raw.githubusercontent.com/google/fonts/e1118da94a8cb00cf6d06cdac9ef13eb1e5c6ab7/ofl/datatype/METADATA.pb,https://raw.githubusercontent.com/google/fonts/e1118da94a8cb00cf6d06cdac9ef13eb1e5c6ab7/ofl/datatype/Datatype%5Bwdth%2Cwght%5D.ttf,https://raw.githubusercontent.com/google/fonts/e1118da94a8cb00cf6d06cdac9ef13eb1e5c6ab7/ofl/datatype/OFL.txt,data/v2/raw/fonts/monospace/Datatype__OFL.txt,"latin,latin-ext,menu",ecc12db4d3d268be54f3de142064784633bf489081e70d0f29dde948a0bfc791,4201224,validation,42,False,False,False
Hibur Mono,monospace,Google Fonts official repository,OFL,data/v2/raw/fonts/monospace/Hibur_Mono__HiburMono-Regular.ttf,True,passed,,True,hiburmono,ofl,e1118da94a8cb00cf6d06cdac9ef13eb1e5c6ab7,https://raw.githubusercontent.com/google/fonts/e1118da94a8cb00cf6d06cdac9ef13eb1e5c6ab7/ofl/hiburmono/METADATA.pb,https://raw.githubusercontent.com/google/fonts/e1118da94a8cb00cf6d06cdac9ef13eb1e5c6ab7/ofl/hiburmono/HiburMono-Regular.ttf,https://raw.githubusercontent.com/google/fonts/e1118da94a8cb00cf6d06cdac9ef13eb1e5c6ab7/ofl/hiburmono/OFL.txt,data/v2/raw/fonts/monospace/Hibur_Mono__OFL.txt,"ethiopic,latin,latin-ext,menu",b53037ea7a7610a99fda2b1eaf29cabcf19225f4c9b97f635d2ae6ff00bcd8bb,210352,validation,42,False,False,False
Digital Numbers,monospace,Google Fonts official repository,OFL,data/v2/raw/fonts/monospace/Digital_Numbers__DigitalNumbers-Regular.ttf,True,passed,,True,digitalnumbers,ofl,e1118da94a8cb00cf6d06cdac9ef13eb1e5c6ab7,https://raw.githubusercontent.com/google/fonts/e1118da94a8cb00cf6d06cdac9ef13eb1e5c6ab7/ofl/digitalnumbers/METADATA.pb,https://raw.githubusercontent.com/google/fonts/e1118da94a8cb00cf6d06cdac9ef13eb1e5c6ab7/ofl/digitalnumbers/DigitalNumbers-Regular.ttf,https://raw.githubusercontent.com/google/fonts/e1118da94a8cb00cf6d06cdac9ef13eb1e5c6ab7/ofl/digitalnumbers/OFL.txt,data/v2/raw/fonts/monospace/Digital_Numbers__OFL.txt,"latin,menu",de9e0cfb83bc10ac6fad876f35d8f381a3ff07f5ca9925919e9d32f980bc9d49,20984,validation,42,False,False,False
Iosevka Charon,monospace,Google Fonts official repository,OFL,data/v2/raw/fonts/monospace/Iosevka_Charon__IosevkaCharon-Regular.ttf,True,passed,,True,iosevkacharon,ofl,e1118da94a8cb00cf6d06cdac9ef13eb1e5c6ab7,https://raw.githubusercontent.com/google/fonts/e1118da94a8cb00cf6d06cdac9ef13eb1e5c6ab7/ofl/iosevkacharon/METADATA.pb,https://raw.githubusercontent.com/google/fonts/e1118da94a8cb00cf6d06cdac9ef13eb1e5c6ab7/ofl/iosevkacharon/IosevkaCharon-Regular.ttf,https://raw.githubusercontent.com/google/fonts/e1118da94a8cb00cf6d06cdac9ef13eb1e5c6ab7/ofl/iosevkacharon/OFL.txt,data/v2/raw/fonts/monospace/Iosevka_Charon__OFL.txt,"armenian,braille,cyrillic,cyrillic-ext,greek,greek-ext,latin,latin-ext,math,menu,symbols,symbols2,vietnamese",a5a85271575eefce115a0c029c787bc8914d0c771bd1fdfc3776b7280a57d047,1379508,test,42,False,False,True
Lekton,monospace,Google Fonts official repository,OFL,data/v2/raw/fonts/monospace/Lekton__Lekton-Regular.ttf,True,passed,,True,lekton,ofl,e1118da94a8cb00cf6d06cdac9ef13eb1e5c6ab7,https://raw.githubusercontent.com/google/fonts/e1118da94a8cb00cf6d06cdac9ef13eb1e5c6ab7/ofl/lekton/METADATA.pb,https://raw.githubusercontent.com/google/fonts/e1118da94a8cb00cf6d06cdac9ef13eb1e5c6ab7/ofl/lekton/Lekton-Regular.ttf,https://raw.githubusercontent.com/google/fonts/e1118da94a8cb00cf6d06cdac9ef13eb1e5c6ab7/ofl/lekton/OFL.txt,data/v2/raw/fonts/monospace/Lekton__OFL.txt,"latin,latin-ext,menu",ccbb465d255a4bd0242af595d5f5410e635bd0dbf2f4b612b390e508a93d7a3a,114320,test,42,False,False,True
Monofett,monospace,Google Fonts official repository,OFL,data/v2/raw/fonts/monospace/Monofett__Monofett-Regular.ttf,True,passed,,True,monofett,ofl,e1118da94a8cb00cf6d06cdac9ef13eb1e5c6ab7,https://raw.githubusercontent.com/google/fonts/e1118da94a8cb00cf6d06cdac9ef13eb1e5c6ab7/ofl/monofett/METADATA.pb,https://raw.githubusercontent.com/google/fonts/e1118da94a8cb00cf6d06cdac9ef13eb1e5c6ab7/ofl/monofett/Monofett-Regular.ttf,https://raw.githubusercontent.com/google/fonts/e1118da94a8cb00cf6d06cdac9ef13eb1e5c6ab7/ofl/monofett/OFL.txt,data/v2/raw/fonts/monospace/Monofett__OFL.txt,"latin,latin-ext,menu",1483f18841a24238172d6f3462a3ea790b7a3e6ca8bb55d404dede93669238d5,72328,test,42,False,False,True
Reddit Mono,monospace,Google Fonts official repository,OFL,data/v2/raw/fonts/monospace/Reddit_Mono__RedditMono[wght].ttf,True,passed,,True,redditmono,ofl,e1118da94a8cb00cf6d06cdac9ef13eb1e5c6ab7,https://raw.githubusercontent.com/google/fonts/e1118da94a8cb00cf6d06cdac9ef13eb1e5c6ab7/ofl/redditmono/METADATA.pb,https://raw.githubusercontent.com/google/fonts/e1118da94a8cb00cf6d06cdac9ef13eb1e5c6ab7/ofl/redditmono/RedditMono%5Bwght%5D.ttf,https://raw.githubusercontent.com/google/fonts/e1118da94a8cb00cf6d06cdac9ef13eb1e5c6ab7/ofl/redditmono/OFL.txt,data/v2/raw/fonts/monospace/Reddit_Mono__OFL.txt,"latin,latin-ext,menu,vietnamese",5b092e066eb178a4450a5cb53469015468ec33e19716a4cbf9257eaf1e5a10c2,203908,test,42,False,False,True
Sixtyfour,monospace,Google Fonts official repository,OFL,"data/v2/raw/fonts/monospace/Sixtyfour__Sixtyfour[BLED,SCAN].ttf",True,passed,,True,sixtyfour,ofl,e1118da94a8cb00cf6d06cdac9ef13eb1e5c6ab7,https://raw.githubusercontent.com/google/fonts/e1118da94a8cb00cf6d06cdac9ef13eb1e5c6ab7/ofl/sixtyfour/METADATA.pb,https://raw.githubusercontent.com/google/fonts/e1118da94a8cb00cf6d06cdac9ef13eb1e5c6ab7/ofl/sixtyfour/Sixtyfour%5BBLED%2CSCAN%5D.ttf,https://raw.githubusercontent.com/google/fonts/e1118da94a8cb00cf6d06cdac9ef13eb1e5c6ab7/ofl/sixtyfour/OFL.txt,data/v2/raw/fonts/monospace/Sixtyfour__OFL.txt,"latin,latin-ext,math,menu,symbols",3d5a3bb3257a491124347bac83ca7f0c8c77a9961270f353b498f3153e751c68,71536,test,42,False,False,True
Syne Mono,monospace,Google Fonts official repository,OFL,data/v2/raw/fonts/monospace/Syne_Mono__SyneMono-Regular.ttf,True,passed,,True,synemono,ofl,e1118da94a8cb00cf6d06cdac9ef13eb1e5c6ab7,https://raw.githubusercontent.com/google/fonts/e1118da94a8cb00cf6d06cdac9ef13eb1e5c6ab7/ofl/synemono/METADATA.pb,https://raw.githubusercontent.com/google/fonts/e1118da94a8cb00cf6d06cdac9ef13eb1e5c6ab7/ofl/synemono/SyneMono-Regular.ttf,https://raw.githubusercontent.com/google/fonts/e1118da94a8cb00cf6d06cdac9ef13eb1e5c6ab7/ofl/synemono/OFL.txt,data/v2/raw/fonts/monospace/Syne_Mono__OFL.txt,"latin,latin-ext,menu",b142b088680791725849cc74c54d7937c981de2378583bde72f826bd3eb267dc,72240,test,42,False,False,True
