family,category,source,license,path,latin_support,validation_status,failure_reason,usable,slug,repository_folder,source_commit,metadata_url,font_url,license_url,license_path,subsets,font_sha256,font_size_bytes
Karma,serif,Google Fonts official repository,OFL,data/v2/raw/fonts/serif/Karma__Karma-Regular.ttf,True,passed,,True,karma,ofl,e1118da94a8cb00cf6d06cdac9ef13eb1e5c6ab7,https://raw.githubusercontent.com/google/fonts/e1118da94a8cb00cf6d06cdac9ef13eb1e5c6ab7/ofl/karma/METADATA.pb,https://raw.githubusercontent.com/google/fonts/e1118da94a8cb00cf6d06cdac9ef13eb1e5c6ab7/ofl/karma/Karma-Regular.ttf,https://raw.githubusercontent.com/google/fonts/e1118da94a8cb00cf6d06cdac9ef13eb1e5c6ab7/ofl/karma/OFL.txt,data/v2/raw/fonts/serif/Karma__OFL.txt,"devanagari,latin,latin-ext,menu",cc3457d2867b67ee956d95206dbc831e57b26975219d3d4e68d60f51f67b4b55,339812
Fanwood Text,serif,Google Fonts official repository,OFL,data/v2/raw/fonts/serif/Fanwood_Text__FanwoodText-Regular.ttf,True,passed,,True,fanwoodtext,ofl,e1118da94a8cb00cf6d06cdac9ef13eb1e5c6ab7,https://raw.githubusercontent.com/google/fonts/e1118da94a8cb00cf6d06cdac9ef13eb1e5c6ab7/ofl/fanwoodtext/METADATA.pb,https://raw.githubusercontent.com/google/fonts/e1118da94a8cb00cf6d06cdac9ef13eb1e5c6ab7/ofl/fanwoodtext/FanwoodText-Regular.ttf,https://raw.githubusercontent.com/google/fonts/e1118da94a8cb00cf6d06cdac9ef13eb1e5c6ab7/ofl/fanwoodtext/OFL.txt,data/v2/raw/fonts/serif/Fanwood_Text__OFL.txt,"latin,menu",98aa9cbf5c5ece368501d188b1565ae3e7f6c9970ee3823769b8e67219dc33c2,119216
Gentium Book Plus,serif,Google Fonts official repository,OFL,data/v2/raw/fonts/serif/Gentium_Book_Plus__GentiumBookPlus-Regular.ttf,True,passed,,True,gentiumbookplus,ofl,e1118da94a8cb00cf6d06cdac9ef13eb1e5c6ab7,https://raw.githubusercontent.com/google/fonts/e1118da94a8cb00cf6d06cdac9ef13eb1e5c6ab7/ofl/gentiumbookplus/METADATA.pb,https://raw.githubusercontent.com/google/fonts/e1118da94a8cb00cf6d06cdac9ef13eb1e5c6ab7/ofl/gentiumbookplus/GentiumBookPlus-Regular.ttf,https://raw.githubusercontent.com/google/fonts/e1118da94a8cb00cf6d06cdac9ef13eb1e5c6ab7/ofl/gentiumbookplus/OFL.txt,data/v2/raw/fonts/serif/Gentium_Book_Plus__OFL.txt,"cyrillic,cyrillic-ext,greek,greek-ext,latin,latin-ext,menu,vietnamese",fe7b64eeacc430fcf46836a6f0dfe00d2c5a15483ed36692a2a185cb23ec2a5c,818952
Bona Nova,serif,Google Fonts official repository,OFL,data/v2/raw/fonts/serif/Bona_Nova__BonaNova-Regular.ttf,True,passed,,True,bonanova,ofl,e1118da94a8cb00cf6d06cdac9ef13eb1e5c6ab7,https://raw.githubusercontent.com/google/fonts/e1118da94a8cb00cf6d06cdac9ef13eb1e5c6ab7/ofl/bonanova/METADATA.pb,https://raw.githubusercontent.com/google/fonts/e1118da94a8cb00cf6d06cdac9ef13eb1e5c6ab7/ofl/bonanova/BonaNova-Regular.ttf,https://raw.githubusercontent.com/google/fonts/e1118da94a8cb00cf6d06cdac9ef13eb1e5c6ab7/ofl/bonanova/OFL.txt,data/v2/raw/fonts/serif/Bona_Nova__OFL.txt,"cyrillic,cyrillic-ext,greek,hebrew,latin,latin-ext,menu,vietnamese",d72f7715b6b66096e0cc2971e4954f8be33bdced1f143f9c5739a03cdb60bede,401524
Epunda Slab,serif,Google Fonts official repository,OFL,data/v2/raw/fonts/serif/Epunda_Slab__EpundaSlab[wght].ttf,True,passed,,True,epundaslab,ofl,e1118da94a8cb00cf6d06cdac9ef13eb1e5c6ab7,https://raw.githubusercontent.com/google/fonts/e1118da94a8cb00cf6d06cdac9ef13eb1e5c6ab7/ofl/epundaslab/METADATA.pb,https://raw.githubusercontent.com/google/fonts/e1118da94a8cb00cf6d06cdac9ef13eb1e5c6ab7/ofl/epundaslab/EpundaSlab%5Bwght%5D.ttf,https://raw.githubusercontent.com/google/fonts/e1118da94a8cb00cf6d06cdac9ef13eb1e5c6ab7/ofl/epundaslab/OFL.txt,data/v2/raw/fonts/serif/Epunda_Slab__OFL.txt,"latin,latin-ext,menu",a0e338c2514c6f6511466131b1dfb2cc20d03dfd408bbcd759fbca8ad3b1210c,90220
Fenix,serif,Google Fonts official repository,OFL,data/v2/raw/fonts/serif/Fenix__Fenix-Regular.ttf,True,passed,,True,fenix,ofl,e1118da94a8cb00cf6d06cdac9ef13eb1e5c6ab7,https://raw.githubusercontent.com/google/fonts/e1118da94a8cb00cf6d06cdac9ef13eb1e5c6ab7/ofl/fenix/METADATA.pb,https://raw.githubusercontent.com/google/fonts/e1118da94a8cb00cf6d06cdac9ef13eb1e5c6ab7/ofl/fenix/Fenix-Regular.ttf,https://raw.githubusercontent.com/google/fonts/e1118da94a8cb00cf6d06cdac9ef13eb1e5c6ab7/ofl/fenix/OFL.txt,data/v2/raw/fonts/serif/Fenix__OFL.txt,"latin,latin-ext,menu",5104f5f344f64b5532850b131d7b9e033c112fcfa97dfef00a64c0a40bdae911,45144
BioRhyme Expanded,serif,Google Fonts official repository,OFL,data/v2/raw/fonts/serif/BioRhyme_Expanded__BioRhymeExpanded-Regular.ttf,True,passed,,True,biorhymeexpanded,ofl,e1118da94a8cb00cf6d06cdac9ef13eb1e5c6ab7,https://raw.githubusercontent.com/google/fonts/e1118da94a8cb00cf6d06cdac9ef13eb1e5c6ab7/ofl/biorhymeexpanded/METADATA.pb,https://raw.githubusercontent.com/google/fonts/e1118da94a8cb00cf6d06cdac9ef13eb1e5c6ab7/ofl/biorhymeexpanded/BioRhymeExpanded-Regular.ttf,https://raw.githubusercontent.com/google/fonts/e1118da94a8cb00cf6d06cdac9ef13eb1e5c6ab7/ofl/biorhymeexpanded/OFL.txt,data/v2/raw/fonts/serif/BioRhyme_Expanded__OFL.txt,"latin,latin-ext,menu",e75a7c996c8884d3d26c0823e7cfbf3cf404d27a36ddff715f6dfd95389affa7,100672
Sahitya,serif,Google Fonts official repository,OFL,data/v2/raw/fonts/serif/Sahitya__Sahitya-Regular.ttf,True,passed,,True,sahitya,ofl,e1118da94a8cb00cf6d06cdac9ef13eb1e5c6ab7,https://raw.githubusercontent.com/google/fonts/e1118da94a8cb00cf6d06cdac9ef13eb1e5c6ab7/ofl/sahitya/METADATA.pb,https://raw.githubusercontent.com/google/fonts/e1118da94a8cb00cf6d06cdac9ef13eb1e5c6ab7/ofl/sahitya/Sahitya-Regular.ttf,https://raw.githubusercontent.com/google/fonts/e1118da94a8cb00cf6d06cdac9ef13eb1e5c6ab7/ofl/sahitya/OFL.txt,data/v2/raw/fonts/serif/Sahitya__OFL.txt,"devanagari,latin,menu",f43e57c9eb3c936e195009a5755906d34cdffb7e5ac4d0a51d260150f118ee62,261652
Noto Serif Hentaigana,serif,Google Fonts official repository,OFL,data/v2/raw/fonts/serif/Noto_Serif_Hentaigana__NotoSerifHentaigana[wght].ttf,True,passed,,True,notoserifhentaigana,ofl,e1118da94a8cb00cf6d06cdac9ef13eb1e5c6ab7,https://raw.githubusercontent.com/google/fonts/e1118da94a8cb00cf6d06cdac9ef13eb1e5c6ab7/ofl/notoserifhentaigana/METADATA.pb,https://raw.githubusercontent.com/google/fonts/e1118da94a8cb00cf6d06cdac9ef13eb1e5c6ab7/ofl/notoserifhentaigana/NotoSerifHentaigana%5Bwght%5D.ttf,https://raw.githubusercontent.com/google/fonts/e1118da94a8cb00cf6d06cdac9ef13eb1e5c6ab7/ofl/notoserifhentaigana/OFL.txt,data/v2/raw/fonts/serif/Noto_Serif_Hentaigana__OFL.txt,"kana-extended,latin,latin-ext,menu",94d31f3669977a8464d7f4c6597a2c0bacab636e70548e1a3184ffc7e0a5abf1,454624
Peddana,serif,Google Fonts official repository,OFL,data/v2/raw/fonts/serif/Peddana__Peddana-Regular.ttf,True,passed,,True,peddana,ofl,e1118da94a8cb00cf6d06cdac9ef13eb1e5c6ab7,https://raw.githubusercontent.com/google/fonts/e1118da94a8cb00cf6d06cdac9ef13eb1e5c6ab7/ofl/peddana/METADATA.pb,https://raw.githubusercontent.com/google/fonts/e1118da94a8cb00cf6d06cdac9ef13eb1e5c6ab7/ofl/peddana/Peddana-Regular.ttf,https://raw.githubusercontent.com/google/fonts/e1118da94a8cb00cf6d06cdac9ef13eb1e5c6ab7/ofl/peddana/OFL.txt,data/v2/raw/fonts/serif/Peddana__OFL.txt,"latin,menu,telugu",1aca2e50d3a8dd43250bf942049ae18b8fda542f0469434eb35c8a53b1157836,714796
Piazzolla,serif,Google Fonts official repository,OFL,"data/v2/raw/fonts/serif/Piazzolla__Piazzolla[opsz,wght].ttf",True,passed,,True,piazzolla,ofl,e1118da94a8cb00cf6d06cdac9ef13eb1e5c6ab7,https://raw.githubusercontent.com/google/fonts/e1118da94a8cb00cf6d06cdac9ef13eb1e5c6ab7/ofl/piazzolla/METADATA.pb,https://raw.githubusercontent.com/google/fonts/e1118da94a8cb00cf6d06cdac9ef13eb1e5c6ab7/ofl/piazzolla/Piazzolla%5Bopsz%2Cwght%5D.ttf,https://raw.githubusercontent.com/google/fonts/e1118da94a8cb00cf6d06cdac9ef13eb1e5c6ab7/ofl/piazzolla/OFL.txt,data/v2/raw/fonts/serif/Piazzolla__OFL.txt,"cyrillic,cyrillic-ext,greek,greek-ext,latin,latin-ext,menu,vietnamese",b6b6451daba93a4b71f88ca8e37a66c3fd2b4e57ec54a407cddf6ae65b62c7b7,624956
Caudex,serif,Google Fonts official repository,OFL,data/v2/raw/fonts/serif/Caudex__Caudex-Regular.ttf,True,passed,,True,caudex,ofl,e1118da94a8cb00cf6d06cdac9ef13eb1e5c6ab7,https://raw.githubusercontent.com/google/fonts/e1118da94a8cb00cf6d06cdac9ef13eb1e5c6ab7/ofl/caudex/METADATA.pb,https://raw.githubusercontent.com/google/fonts/e1118da94a8cb00cf6d06cdac9ef13eb1e5c6ab7/ofl/caudex/Caudex-Regular.ttf,https://raw.githubusercontent.com/google/fonts/e1118da94a8cb00cf6d06cdac9ef13eb1e5c6ab7/ofl/caudex/OFL.txt,data/v2/raw/fonts/serif/Caudex__OFL.txt,"greek,greek-ext,latin,latin-ext,menu,runic,vietnamese",dbb493e1adc50aaec52071535e6fccf4176793c79545f54d95a812cbfb85169b,466324
Yuji Syuku,serif,Google Fonts official repository,OFL,data/v2/raw/fonts/serif/Yuji_Syuku__YujiSyuku-Regular.ttf,True,passed,,True,yujisyuku,ofl,e1118da94a8cb00cf6d06cdac9ef13eb1e5c6ab7,https://raw.githubusercontent.com/google/fonts/e1118da94a8cb00cf6d06cdac9ef13eb1e5c6ab7/ofl/yujisyuku/METADATA.pb,https://raw.githubusercontent.com/google/fonts/e1118da94a8cb00cf6d06cdac9ef13eb1e5c6ab7/ofl/yujisyuku/YujiSyuku-Regular.ttf,https://raw.githubusercontent.com/google/fonts/e1118da94a8cb00cf6d06cdac9ef13eb1e5c6ab7/ofl/yujisyuku/OFL.txt,data/v2/raw/fonts/serif/Yuji_Syuku__OFL.txt,"cyrillic,japanese,latin,latin-ext,menu",82728ebafc8c97391e2dab633414a806f344b8e4e2227d307179f07b548fca61,8430348
Yrsa,serif,Google Fonts official repository,OFL,data/v2/raw/fonts/serif/Yrsa__Yrsa[wght].ttf,True,passed,,True,yrsa,ofl,e1118da94a8cb00cf6d06cdac9ef13eb1e5c6ab7,https://raw.githubusercontent.com/google/fonts/e1118da94a8cb00cf6d06cdac9ef13eb1e5c6ab7/ofl/yrsa/METADATA.pb,https://raw.githubusercontent.com/google/fonts/e1118da94a8cb00cf6d06cdac9ef13eb1e5c6ab7/ofl/yrsa/Yrsa%5Bwght%5D.ttf,https://raw.githubusercontent.com/google/fonts/e1118da94a8cb00cf6d06cdac9ef13eb1e5c6ab7/ofl/yrsa/OFL.txt,data/v2/raw/fonts/serif/Yrsa__OFL.txt,"latin,latin-ext,menu,vietnamese",d853a1fb40e077537a7fd5c447638aa001621fe572d32dd5f633e8e5f58e4e19,225532
Newsreader,serif,Google Fonts official repository,OFL,"data/v2/raw/fonts/serif/Newsreader__Newsreader[opsz,wght].ttf",True,passed,,True,newsreader,ofl,e1118da94a8cb00cf6d06cdac9ef13eb1e5c6ab7,https://raw.githubusercontent.com/google/fonts/e1118da94a8cb00cf6d06cdac9ef13eb1e5c6ab7/ofl/newsreader/METADATA.pb,https://raw.githubusercontent.com/google/fonts/e1118da94a8cb00cf6d06cdac9ef13eb1e5c6ab7/ofl/newsreader/Newsreader%5Bopsz%2Cwght%5D.ttf,https://raw.githubusercontent.com/google/fonts/e1118da94a8cb00cf6d06cdac9ef13eb1e5c6ab7/ofl/newsreader/OFL.txt,data/v2/raw/fonts/serif/Newsreader__OFL.txt,"latin,latin-ext,menu,vietnamese",8a08d13f8a6c0d51be379a60af84f945f65369a67e509ee3c3bdcc421254d7c1,451664
Unna,serif,Google Fonts official repository,OFL,data/v2/raw/fonts/serif/Unna__Unna-Regular.ttf,True,passed,,True,unna,ofl,e1118da94a8cb00cf6d06cdac9ef13eb1e5c6ab7,https://raw.githubusercontent.com/google/fonts/e1118da94a8cb00cf6d06cdac9ef13eb1e5c6ab7/ofl/unna/METADATA.pb,https://raw.githubusercontent.com/google/fonts/e1118da94a8cb00cf6d06cdac9ef13eb1e5c6ab7/ofl/unna/Unna-Regular.ttf,https://raw.githubusercontent.com/google/fonts/e1118da94a8cb00cf6d06cdac9ef13eb1e5c6ab7/ofl/unna/OFL.txt,data/v2/raw/fonts/serif/Unna__OFL.txt,"latin,latin-ext,menu",94269efa448520c135ae1f994e0a711b214f5df4ce6b37f2d3ef10a7ccdb1700,71164
Cormorant SC,serif,Google Fonts official repository,OFL,data/v2/raw/fonts/serif/Cormorant_SC__CormorantSC-Regular.ttf,True,passed,,True,cormorantsc,ofl,e1118da94a8cb00cf6d06cdac9ef13eb1e5c6ab7,https://raw.githubusercontent.com/google/fonts/e1118da94a8cb00cf6d06cdac9ef13eb1e5c6ab7/ofl/cormorantsc/METADATA.pb,https://raw.githubusercontent.com/google/fonts/e1118da94a8cb00cf6d06cdac9ef13eb1e5c6ab7/ofl/cormorantsc/CormorantSC-Regular.ttf,https://raw.githubusercontent.com/google/fonts/e1118da94a8cb00cf6d06cdac9ef13eb1e5c6ab7/ofl/cormorantsc/OFL.txt,data/v2/raw/fonts/serif/Cormorant_SC__OFL.txt,"cyrillic,cyrillic-ext,latin,latin-ext,menu,vietnamese",a51985a075f3884d8dc9b2d20367c51b6b05e53fdb912959acb785084579aeaa,763624
Quattrocento,serif,Google Fonts official repository,OFL,data/v2/raw/fonts/serif/Quattrocento__Quattrocento-Regular.ttf,True,passed,,True,quattrocento,ofl,e1118da94a8cb00cf6d06cdac9ef13eb1e5c6ab7,https://raw.githubusercontent.com/google/fonts/e1118da94a8cb00cf6d06cdac9ef13eb1e5c6ab7/ofl/quattrocento/METADATA.pb,https://raw.githubusercontent.com/google/fonts/e1118da94a8cb00cf6d06cdac9ef13eb1e5c6ab7/ofl/quattrocento/Quattrocento-Regular.ttf,https://raw.githubusercontent.com/google/fonts/e1118da94a8cb00cf6d06cdac9ef13eb1e5c6ab7/ofl/quattrocento/OFL.txt,data/v2/raw/fonts/serif/Quattrocento__OFL.txt,"latin,latin-ext,menu",57dc8daff9121be82e54cf1221658b7ba4f1801212817aead2d184a5660fbcb9,158200
Noto Serif JP,serif,Google Fonts official repository,OFL,data/v2/raw/fonts/serif/Noto_Serif_JP__NotoSerifJP[wght].ttf,True,passed,,True,notoserifjp,ofl,e1118da94a8cb00cf6d06cdac9ef13eb1e5c6ab7,https://raw.githubusercontent.com/google/fonts/e1118da94a8cb00cf6d06cdac9ef13eb1e5c6ab7/ofl/notoserifjp/METADATA.pb,https://raw.githubusercontent.com/google/fonts/e1118da94a8cb00cf6d06cdac9ef13eb1e5c6ab7/ofl/notoserifjp/NotoSerifJP%5Bwght%5D.ttf,https://raw.githubusercontent.com/google/fonts/e1118da94a8cb00cf6d06cdac9ef13eb1e5c6ab7/ofl/notoserifjp/OFL.txt,data/v2/raw/fonts/serif/Noto_Serif_JP__OFL.txt,"cyrillic,japanese,latin,latin-ext,menu,vietnamese",2fd527ba12b6a44ec30d796d633360da0aeba6c5d4af1304ce12bb4dc15a7dfc,13574352
Libre Caslon Text,serif,Google Fonts official repository,OFL,data/v2/raw/fonts/serif/Libre_Caslon_Text__LibreCaslonText[wght].ttf,True,passed,,True,librecaslontext,ofl,e1118da94a8cb00cf6d06cdac9ef13eb1e5c6ab7,https://raw.githubusercontent.com/google/fonts/e1118da94a8cb00cf6d06cdac9ef13eb1e5c6ab7/ofl/librecaslontext/METADATA.pb,https://raw.githubusercontent.com/google/fonts/e1118da94a8cb00cf6d06cdac9ef13eb1e5c6ab7/ofl/librecaslontext/LibreCaslonText%5Bwght%5D.ttf,https://raw.githubusercontent.com/google/fonts/e1118da94a8cb00cf6d06cdac9ef13eb1e5c6ab7/ofl/librecaslontext/OFL.txt,data/v2/raw/fonts/serif/Libre_Caslon_Text__OFL.txt,"latin,latin-ext,menu",c11809dbfd5445886293d89b32bfc2584075c80e77750cf1c284113e36b8b3f4,126876
Merriweather,serif,Google Fonts official repository,OFL,"data/v2/raw/fonts/serif/Merriweather__Merriweather[opsz,wdth,wght].ttf",True,passed,,True,merriweather,ofl,e1118da94a8cb00cf6d06cdac9ef13eb1e5c6ab7,https://raw.githubusercontent.com/google/fonts/e1118da94a8cb00cf6d06cdac9ef13eb1e5c6ab7/ofl/merriweather/METADATA.pb,https://raw.githubusercontent.com/google/fonts/e1118da94a8cb00cf6d06cdac9ef13eb1e5c6ab7/ofl/merriweather/Merriweather%5Bopsz%2Cwdth%2Cwght%5D.ttf,https://raw.githubusercontent.com/google/fonts/e1118da94a8cb00cf6d06cdac9ef13eb1e5c6ab7/ofl/merriweather/OFL.txt,data/v2/raw/fonts/serif/Merriweather__OFL.txt,"cyrillic,cyrillic-ext,latin,latin-ext,menu,vietnamese",d0ed0e359e396af7ad05e73dffd11a3a4c326ea0d0283c56bd9361cb2cc86a96,4628080
Noto Serif Ahom,serif,Google Fonts official repository,OFL,data/v2/raw/fonts/serif/Noto_Serif_Ahom__NotoSerifAhom-Regular.ttf,True,passed,,True,notoserifahom,ofl,e1118da94a8cb00cf6d06cdac9ef13eb1e5c6ab7,https://raw.githubusercontent.com/google/fonts/e1118da94a8cb00cf6d06cdac9ef13eb1e5c6ab7/ofl/notoserifahom/METADATA.pb,https://raw.githubusercontent.com/google/fonts/e1118da94a8cb00cf6d06cdac9ef13eb1e5c6ab7/ofl/notoserifahom/NotoSerifAhom-Regular.ttf,https://raw.githubusercontent.com/google/fonts/e1118da94a8cb00cf6d06cdac9ef13eb1e5c6ab7/ofl/notoserifahom/OFL.txt,data/v2/raw/fonts/serif/Noto_Serif_Ahom__OFL.txt,"ahom,latin,latin-ext,menu",2db70c33f5ef1796753743a87817278094fb031ba05d6b51d359c8cb5929631b,86092
Noto Serif Grantha,serif,Google Fonts official repository,OFL,data/v2/raw/fonts/serif/Noto_Serif_Grantha__NotoSerifGrantha-Regular.ttf,True,passed,,True,notoserifgrantha,ofl,e1118da94a8cb00cf6d06cdac9ef13eb1e5c6ab7,https://raw.githubusercontent.com/google/fonts/e1118da94a8cb00cf6d06cdac9ef13eb1e5c6ab7/ofl/notoserifgrantha/METADATA.pb,https://raw.githubusercontent.com/google/fonts/e1118da94a8cb00cf6d06cdac9ef13eb1e5c6ab7/ofl/notoserifgrantha/NotoSerifGrantha-Regular.ttf,https://raw.githubusercontent.com/google/fonts/e1118da94a8cb00cf6d06cdac9ef13eb1e5c6ab7/ofl/notoserifgrantha/OFL.txt,data/v2/raw/fonts/serif/Noto_Serif_Grantha__OFL.txt,"grantha,latin,latin-ext,menu",f47a1d121f525a1bedffdc836ddbc824c005bbaf25076650df93c5292122f94a,416716
Rokkitt,serif,Google Fonts official repository,OFL,data/v2/raw/fonts/serif/Rokkitt__Rokkitt[wght].ttf,True,passed,,True,rokkitt,ofl,e1118da94a8cb00cf6d06cdac9ef13eb1e5c6ab7,https://raw.githubusercontent.com/google/fonts/e1118da94a8cb00cf6d06cdac9ef13eb1e5c6ab7/ofl/rokkitt/METADATA.pb,https://raw.githubusercontent.com/google/fonts/e1118da94a8cb00cf6d06cdac9ef13eb1e5c6ab7/ofl/rokkitt/Rokkitt%5Bwght%5D.ttf,https://raw.githubusercontent.com/google/fonts/e1118da94a8cb00cf6d06cdac9ef13eb1e5c6ab7/ofl/rokkitt/OFL.txt,data/v2/raw/fonts/serif/Rokkitt__OFL.txt,"latin,latin-ext,menu,vietnamese",737b2881d2e98f85424b473ab049da3216289a1f84266becb972c87664de2b40,133344
Donegal One,serif,Google Fonts official repository,OFL,data/v2/raw/fonts/serif/Donegal_One__DonegalOne-Regular.ttf,True,passed,,True,donegalone,ofl,e1118da94a8cb00cf6d06cdac9ef13eb1e5c6ab7,https://raw.githubusercontent.com/google/fonts/e1118da94a8cb00cf6d06cdac9ef13eb1e5c6ab7/ofl/donegalone/METADATA.pb,https://raw.githubusercontent.com/google/fonts/e1118da94a8cb00cf6d06cdac9ef13eb1e5c6ab7/ofl/donegalone/DonegalOne-Regular.ttf,https://raw.githubusercontent.com/google/fonts/e1118da94a8cb00cf6d06cdac9ef13eb1e5c6ab7/ofl/donegalone/OFL.txt,data/v2/raw/fonts/serif/Donegal_One__OFL.txt,"latin,latin-ext,menu",1f9b07bbaf3813103281848f782fae74499f5dfc3b3b9f4e90ebea4aa42fbc75,56944
IM Fell Great Primer,serif,Google Fonts official repository,OFL,data/v2/raw/fonts/serif/IM_Fell_Great_Primer__IMFeGPrm28P.ttf,True,passed,,True,imfellgreatprimer,ofl,e1118da94a8cb00cf6d06cdac9ef13eb1e5c6ab7,https://raw.githubusercontent.com/google/fonts/e1118da94a8cb00cf6d06cdac9ef13eb1e5c6ab7/ofl/imfellgreatprimer/METADATA.pb,https://raw.githubusercontent.com/google/fonts/e1118da94a8cb00cf6d06cdac9ef13eb1e5c6ab7/ofl/imfellgreatprimer/IMFeGPrm28P.ttf,https://raw.githubusercontent.com/google/fonts/e1118da94a8cb00cf6d06cdac9ef13eb1e5c6ab7/ofl/imfellgreatprimer/OFL.txt,data/v2/raw/fonts/serif/IM_Fell_Great_Primer__OFL.txt,"latin,menu",5c6de386acb87550ded558f701d288ec1ce7ffa9ec4b160ae06ee3728a1784b2,216552
Noto Rashi Hebrew,serif,Google Fonts official repository,OFL,data/v2/raw/fonts/serif/Noto_Rashi_Hebrew__NotoRashiHebrew[wght].ttf,True,passed,,True,notorashihebrew,ofl,e1118da94a8cb00cf6d06cdac9ef13eb1e5c6ab7,https://raw.githubusercontent.com/google/fonts/e1118da94a8cb00cf6d06cdac9ef13eb1e5c6ab7/ofl/notorashihebrew/METADATA.pb,https://raw.githubusercontent.com/google/fonts/e1118da94a8cb00cf6d06cdac9ef13eb1e5c6ab7/ofl/notorashihebrew/NotoRashiHebrew%5Bwght%5D.ttf,https://raw.githubusercontent.com/google/fonts/e1118da94a8cb00cf6d06cdac9ef13eb1e5c6ab7/ofl/notorashihebrew/OFL.txt,data/v2/raw/fonts/serif/Noto_Rashi_Hebrew__OFL.txt,"greek-ext,hebrew,latin,latin-ext,menu",4da0058f46aa66f9a334967a640a1e56abb642eba3c1c3fc5080f6282c9eb126,109056
Nanum Myeongjo,serif,Google Fonts official repository,OFL,data/v2/raw/fonts/serif/Nanum_Myeongjo__NanumMyeongjo-Regular.ttf,True,passed,,True,nanummyeongjo,ofl,e1118da94a8cb00cf6d06cdac9ef13eb1e5c6ab7,https://raw.githubusercontent.com/google/fonts/e1118da94a8cb00cf6d06cdac9ef13eb1e5c6ab7/ofl/nanummyeongjo/METADATA.pb,https://raw.githubusercontent.com/google/fonts/e1118da94a8cb00cf6d06cdac9ef13eb1e5c6ab7/ofl/nanummyeongjo/NanumMyeongjo-Regular.ttf,https://raw.githubusercontent.com/google/fonts/e1118da94a8cb00cf6d06cdac9ef13eb1e5c6ab7/ofl/nanummyeongjo/OFL.txt,data/v2/raw/fonts/serif/Nanum_Myeongjo__OFL.txt,"korean,latin,menu",7ed9e8653a8ed04285d51dc343ffea6eb3d9c73afc27383ea8929ee4ffd03205,3058408
STIX Two Text,serif,Google Fonts official repository,OFL,data/v2/raw/fonts/serif/STIX_Two_Text__STIXTwoText[wght].ttf,True,passed,,True,stixtwotext,ofl,e1118da94a8cb00cf6d06cdac9ef13eb1e5c6ab7,https://raw.githubusercontent.com/google/fonts/e1118da94a8cb00cf6d06cdac9ef13eb1e5c6ab7/ofl/stixtwotext/METADATA.pb,https://raw.githubusercontent.com/google/fonts/e1118da94a8cb00cf6d06cdac9ef13eb1e5c6ab7/ofl/stixtwotext/STIXTwoText%5Bwght%5D.ttf,https://raw.githubusercontent.com/google/fonts/e1118da94a8cb00cf6d06cdac9ef13eb1e5c6ab7/ofl/stixtwotext/OFL.txt,data/v2/raw/fonts/serif/STIX_Two_Text__OFL.txt,"cyrillic,cyrillic-ext,greek,latin,latin-ext,menu,vietnamese",7962b8b7811e6a896c9a91a0bccbb5241047770eb24d4997c5cb5fe21d5c0df2,418956
Mirza,serif,Google Fonts official repository,OFL,data/v2/raw/fonts/serif/Mirza__Mirza-Regular.ttf,True,passed,,True,mirza,ofl,e1118da94a8cb00cf6d06cdac9ef13eb1e5c6ab7,https://raw.githubusercontent.com/google/fonts/e1118da94a8cb00cf6d06cdac9ef13eb1e5c6ab7/ofl/mirza/METADATA.pb,https://raw.githubusercontent.com/google/fonts/e1118da94a8cb00cf6d06cdac9ef13eb1e5c6ab7/ofl/mirza/Mirza-Regular.ttf,https://raw.githubusercontent.com/google/fonts/e1118da94a8cb00cf6d06cdac9ef13eb1e5c6ab7/ofl/mirza/OFL.txt,data/v2/raw/fonts/serif/Mirza__OFL.txt,"arabic,latin,latin-ext,menu",5b1ac6cb285ca3492e313a53d5252b9784bf7607f2835a2d44cb3cbad0168539,177820
Domine,serif,Google Fonts official repository,OFL,data/v2/raw/fonts/serif/Domine__Domine[wght].ttf,True,passed,,True,domine,ofl,e1118da94a8cb00cf6d06cdac9ef13eb1e5c6ab7,https://raw.githubusercontent.com/google/fonts/e1118da94a8cb00cf6d06cdac9ef13eb1e5c6ab7/ofl/domine/METADATA.pb,https://raw.githubusercontent.com/google/fonts/e1118da94a8cb00cf6d06cdac9ef13eb1e5c6ab7/ofl/domine/Domine%5Bwght%5D.ttf,https://raw.githubusercontent.com/google/fonts/e1118da94a8cb00cf6d06cdac9ef13eb1e5c6ab7/ofl/domine/OFL.txt,data/v2/raw/fonts/serif/Domine__OFL.txt,"latin,latin-ext,menu",c63552cb60c658e90c1da3e83f9e7cf203562c39cdbf5a78ba9df62d8e7a1ed7,101904
Sorts Mill Goudy,serif,Google Fonts official repository,OFL,data/v2/raw/fonts/serif/Sorts_Mill_Goudy__SortsMillGoudy-Regular.ttf,True,passed,,True,sortsmillgoudy,ofl,e1118da94a8cb00cf6d06cdac9ef13eb1e5c6ab7,https://raw.githubusercontent.com/google/fonts/e1118da94a8cb00cf6d06cdac9ef13eb1e5c6ab7/ofl/sortsmillgoudy/METADATA.pb,https://raw.githubusercontent.com/google/fonts/e1118da94a8cb00cf6d06cdac9ef13eb1e5c6ab7/ofl/sortsmillgoudy/SortsMillGoudy-Regular.ttf,https://raw.githubusercontent.com/google/fonts/e1118da94a8cb00cf6d06cdac9ef13eb1e5c6ab7/ofl/sortsmillgoudy/OFL.txt,data/v2/raw/fonts/serif/Sorts_Mill_Goudy__OFL.txt,"latin,latin-ext,menu",3a1fdc0d151b29c562ad3f3b7d7cabf007783ba4dc69444d3a98666bb614352d,121372
Fjord One,serif,Google Fonts official repository,OFL,data/v2/raw/fonts/serif/Fjord_One__FjordOne-Regular.ttf,True,passed,,True,fjordone,ofl,e1118da94a8cb00cf6d06cdac9ef13eb1e5c6ab7,https://raw.githubusercontent.com/google/fonts/e1118da94a8cb00cf6d06cdac9ef13eb1e5c6ab7/ofl/fjordone/METADATA.pb,https://raw.githubusercontent.com/google/fonts/e1118da94a8cb00cf6d06cdac9ef13eb1e5c6ab7/ofl/fjordone/FjordOne-Regular.ttf,https://raw.githubusercontent.com/google/fonts/e1118da94a8cb00cf6d06cdac9ef13eb1e5c6ab7/ofl/fjordone/OFL.txt,data/v2/raw/fonts/serif/Fjord_One__OFL.txt,"latin,menu",e589e22412b5382c1a4ec482af28c515d9c794ce8bde9a4c2db8ef2a6a063d86,54156
Lisu Bosa,serif,Google Fonts official repository,OFL,data/v2/raw/fonts/serif/Lisu_Bosa__LisuBosa-Regular.ttf,True,passed,,True,lisubosa,ofl,e1118da94a8cb00cf6d06cdac9ef13eb1e5c6ab7,https://raw.githubusercontent.com/google/fonts/e1118da94a8cb00cf6d06cdac9ef13eb1e5c6ab7/ofl/lisubosa/METADATA.pb,https://raw.githubusercontent.com/google/fonts/e1118da94a8cb00cf6d06cdac9ef13eb1e5c6ab7/ofl/lisubosa/LisuBosa-Regular.ttf,https://raw.githubusercontent.com/google/fonts/e1118da94a8cb00cf6d06cdac9ef13eb1e5c6ab7/ofl/lisubosa/OFL.txt,data/v2/raw/fonts/serif/Lisu_Bosa__OFL.txt,"latin,latin-ext,lisu,menu",d1516e8eacbc05b95b032bff3a5c4ed0cb726ceb3db14a19085bc0c4cc2c64a4,49372
Aref Ruqaa Ink,serif,Google Fonts official repository,OFL,data/v2/raw/fonts/serif/Aref_Ruqaa_Ink__ArefRuqaaInk-Regular.ttf,True,passed,,True,arefruqaaink,ofl,e1118da94a8cb00cf6d06cdac9ef13eb1e5c6ab7,https://raw.githubusercontent.com/google/fonts/e1118da94a8cb00cf6d06cdac9ef13eb1e5c6ab7/ofl/arefruqaaink/METADATA.pb,https://raw.githubusercontent.com/google/fonts/e1118da94a8cb00cf6d06cdac9ef13eb1e5c6ab7/ofl/arefruqaaink/ArefRuqaaInk-Regular.ttf,https://raw.githubusercontent.com/google/fonts/e1118da94a8cb00cf6d06cdac9ef13eb1e5c6ab7/ofl/arefruqaaink/OFL.txt,data/v2/raw/fonts/serif/Aref_Ruqaa_Ink__OFL.txt,"arabic,latin,latin-ext,menu",0415c2410b1e453f5d0ea0db114fb95d01f65ba2e9e2dc4ae67c5fb73c33e863,568056
Oranienbaum,serif,Google Fonts official repository,OFL,data/v2/raw/fonts/serif/Oranienbaum__Oranienbaum-Regular.ttf,True,passed,,True,oranienbaum,ofl,e1118da94a8cb00cf6d06cdac9ef13eb1e5c6ab7,https://raw.githubusercontent.com/google/fonts/e1118da94a8cb00cf6d06cdac9ef13eb1e5c6ab7/ofl/oranienbaum/METADATA.pb,https://raw.githubusercontent.com/google/fonts/e1118da94a8cb00cf6d06cdac9ef13eb1e5c6ab7/ofl/oranienbaum/Oranienbaum-Regular.ttf,https://raw.githubusercontent.com/google/fonts/e1118da94a8cb00cf6d06cdac9ef13eb1e5c6ab7/ofl/oranienbaum/OFL.txt,data/v2/raw/fonts/serif/Oranienbaum__OFL.txt,"cyrillic,cyrillic-ext,latin,latin-ext,menu",d0c2527f106ddaf53bebce08e903b585d1fd1d830eddd23ed723c313b4fe2c6c,141220
Noto Serif Hebrew,serif,Google Fonts official repository,OFL,"data/v2/raw/fonts/serif/Noto_Serif_Hebrew__NotoSerifHebrew[wdth,wght].ttf",True,passed,,True,notoserifhebrew,ofl,e1118da94a8cb00cf6d06cdac9ef13eb1e5c6ab7,https://raw.githubusercontent.com/google/fonts/e1118da94a8cb00cf6d06cdac9ef13eb1e5c6ab7/ofl/notoserifhebrew/METADATA.pb,https://raw.githubusercontent.com/google/fonts/e1118da94a8cb00cf6d06cdac9ef13eb1e5c6ab7/ofl/notoserifhebrew/NotoSerifHebrew%5Bwdth%2Cwght%5D.ttf,https://raw.githubusercontent.com/google/fonts/e1118da94a8cb00cf6d06cdac9ef13eb1e5c6ab7/ofl/notoserifhebrew/OFL.txt,data/v2/raw/fonts/serif/Noto_Serif_Hebrew__OFL.txt,"hebrew,latin,latin-ext,menu",93caef921360788dc3b0e32136bb26f16bc57717ec482d48fc7fd43820617165,183600
Noto Serif Balinese,serif,Google Fonts official repository,OFL,data/v2/raw/fonts/serif/Noto_Serif_Balinese__NotoSerifBalinese-Regular.ttf,True,passed,,True,notoserifbalinese,ofl,e1118da94a8cb00cf6d06cdac9ef13eb1e5c6ab7,https://raw.githubusercontent.com/google/fonts/e1118da94a8cb00cf6d06cdac9ef13eb1e5c6ab7/ofl/notoserifbalinese/METADATA.pb,https://raw.githubusercontent.com/google/fonts/e1118da94a8cb00cf6d06cdac9ef13eb1e5c6ab7/ofl/notoserifbalinese/NotoSerifBalinese-Regular.ttf,https://raw.githubusercontent.com/google/fonts/e1118da94a8cb00cf6d06cdac9ef13eb1e5c6ab7/ofl/notoserifbalinese/OFL.txt,data/v2/raw/fonts/serif/Noto_Serif_Balinese__OFL.txt,"balinese,latin,latin-ext,menu",781c98b8d5ff17e9647442f2d2e931c2033df17b3ce63cb376fc9b6c8ede05d4,123500
Kiwi Maru,serif,Google Fonts official repository,OFL,data/v2/raw/fonts/serif/Kiwi_Maru__KiwiMaru-Regular.ttf,True,passed,,True,kiwimaru,ofl,e1118da94a8cb00cf6d06cdac9ef13eb1e5c6ab7,https://raw.githubusercontent.com/google/fonts/e1118da94a8cb00cf6d06cdac9ef13eb1e5c6ab7/ofl/kiwimaru/METADATA.pb,https://raw.githubusercontent.com/google/fonts/e1118da94a8cb00cf6d06cdac9ef13eb1e5c6ab7/ofl/kiwimaru/KiwiMaru-Regular.ttf,https://raw.githubusercontent.com/google/fonts/e1118da94a8cb00cf6d06cdac9ef13eb1e5c6ab7/ofl/kiwimaru/OFL.txt,data/v2/raw/fonts/serif/Kiwi_Maru__OFL.txt,"cyrillic,japanese,latin,latin-ext,menu",b0c3103b2639f690c1fcb44e060058383174bfd2eb72e6635bc9869b374dee87,5065572
EB Garamond,serif,Google Fonts official repository,OFL,data/v2/raw/fonts/serif/EB_Garamond__EBGaramond[wght].ttf,True,passed,,True,ebgaramond,ofl,e1118da94a8cb00cf6d06cdac9ef13eb1e5c6ab7,https://raw.githubusercontent.com/google/fonts/e1118da94a8cb00cf6d06cdac9ef13eb1e5c6ab7/ofl/ebgaramond/METADATA.pb,https://raw.githubusercontent.com/google/fonts/e1118da94a8cb00cf6d06cdac9ef13eb1e5c6ab7/ofl/ebgaramond/EBGaramond%5Bwght%5D.ttf,https://raw.githubusercontent.com/google/fonts/e1118da94a8cb00cf6d06cdac9ef13eb1e5c6ab7/ofl/ebgaramond/OFL.txt,data/v2/raw/fonts/serif/EB_Garamond__OFL.txt,"cyrillic,cyrillic-ext,greek,greek-ext,latin,latin-ext,menu,vietnamese",ef9512f92f6d579e5dc75af59a5a4b1b8b47d2eda89e00b954d44520e5369027,851176
Noto Serif Khmer,serif,Google Fonts official repository,OFL,"data/v2/raw/fonts/serif/Noto_Serif_Khmer__NotoSerifKhmer[wdth,wght].ttf",True,passed,,True,notoserifkhmer,ofl,e1118da94a8cb00cf6d06cdac9ef13eb1e5c6ab7,https://raw.githubusercontent.com/google/fonts/e1118da94a8cb00cf6d06cdac9ef13eb1e5c6ab7/ofl/notoserifkhmer/METADATA.pb,https://raw.githubusercontent.com/google/fonts/e1118da94a8cb00cf6d06cdac9ef13eb1e5c6ab7/ofl/notoserifkhmer/NotoSerifKhmer%5Bwdth%2Cwght%5D.ttf,https://raw.githubusercontent.com/google/fonts/e1118da94a8cb00cf6d06cdac9ef13eb1e5c6ab7/ofl/notoserifkhmer/OFL.txt,data/v2/raw/fonts/serif/Noto_Serif_Khmer__OFL.txt,"khmer,latin,latin-ext,menu",50ad032042491e98b440e41490d26b716d8d43886eebfafa9735f6284c1980e2,498288
Aref Ruqaa,serif,Google Fonts official repository,OFL,data/v2/raw/fonts/serif/Aref_Ruqaa__ArefRuqaa-Regular.ttf,True,passed,,True,arefruqaa,ofl,e1118da94a8cb00cf6d06cdac9ef13eb1e5c6ab7,https://raw.githubusercontent.com/google/fonts/e1118da94a8cb00cf6d06cdac9ef13eb1e5c6ab7/ofl/arefruqaa/METADATA.pb,https://raw.githubusercontent.com/google/fonts/e1118da94a8cb00cf6d06cdac9ef13eb1e5c6ab7/ofl/arefruqaa/ArefRuqaa-Regular.ttf,https://raw.githubusercontent.com/google/fonts/e1118da94a8cb00cf6d06cdac9ef13eb1e5c6ab7/ofl/arefruqaa/OFL.txt,data/v2/raw/fonts/serif/Aref_Ruqaa__OFL.txt,"arabic,latin,latin-ext,menu",ceb786d83ba92f35e96efcd8623c2858d288e0c543c8761ba35b1020989464f9,110696
Sanchez,serif,Google Fonts official repository,OFL,data/v2/raw/fonts/serif/Sanchez__Sanchez-Regular.ttf,True,passed,,True,sanchez,ofl,e1118da94a8cb00cf6d06cdac9ef13eb1e5c6ab7,https://raw.githubusercontent.com/google/fonts/e1118da94a8cb00cf6d06cdac9ef13eb1e5c6ab7/ofl/sanchez/METADATA.pb,https://raw.githubusercontent.com/google/fonts/e1118da94a8cb00cf6d06cdac9ef13eb1e5c6ab7/ofl/sanchez/Sanchez-Regular.ttf,https://raw.githubusercontent.com/google/fonts/e1118da94a8cb00cf6d06cdac9ef13eb1e5c6ab7/ofl/sanchez/OFL.txt,data/v2/raw/fonts/serif/Sanchez__OFL.txt,"latin,latin-ext,menu",759e73bad0b78e84555215fd9a68637cf445d41d29e0e9834f5ee9dc43fa7684,72552
Poly,serif,Google Fonts official repository,OFL,data/v2/raw/fonts/serif/Poly__Poly-Regular.ttf,True,passed,,True,poly,ofl,e1118da94a8cb00cf6d06cdac9ef13eb1e5c6ab7,https://raw.githubusercontent.com/google/fonts/e1118da94a8cb00cf6d06cdac9ef13eb1e5c6ab7/ofl/poly/METADATA.pb,https://raw.githubusercontent.com/google/fonts/e1118da94a8cb00cf6d06cdac9ef13eb1e5c6ab7/ofl/poly/Poly-Regular.ttf,https://raw.githubusercontent.com/google/fonts/e1118da94a8cb00cf6d06cdac9ef13eb1e5c6ab7/ofl/poly/OFL.txt,data/v2/raw/fonts/serif/Poly__OFL.txt,"latin,latin-ext,menu",1e1a8d7991d5f4f22268c967fe6e7f4de2e006c7a70c2d9d3fbd43b5563e9181,76800
Belgrano,serif,Google Fonts official repository,OFL,data/v2/raw/fonts/serif/Belgrano__Belgrano-Regular.ttf,True,passed,,True,belgrano,ofl,e1118da94a8cb00cf6d06cdac9ef13eb1e5c6ab7,https://raw.githubusercontent.com/google/fonts/e1118da94a8cb00cf6d06cdac9ef13eb1e5c6ab7/ofl/belgrano/METADATA.pb,https://raw.githubusercontent.com/google/fonts/e1118da94a8cb00cf6d06cdac9ef13eb1e5c6ab7/ofl/belgrano/Belgrano-Regular.ttf,https://raw.githubusercontent.com/google/fonts/e1118da94a8cb00cf6d06cdac9ef13eb1e5c6ab7/ofl/belgrano/OFL.txt,data/v2/raw/fonts/serif/Belgrano__OFL.txt,"latin,menu",5bf095dfbc56718bea7d74c0b30c36413714aaf8833d2cb012b604b64fd383d9,29048
Wellfleet,serif,Google Fonts official repository,OFL,data/v2/raw/fonts/serif/Wellfleet__Wellfleet-Regular.ttf,True,passed,,True,wellfleet,ofl,e1118da94a8cb00cf6d06cdac9ef13eb1e5c6ab7,https://raw.githubusercontent.com/google/fonts/e1118da94a8cb00cf6d06cdac9ef13eb1e5c6ab7/ofl/wellfleet/METADATA.pb,https://raw.githubusercontent.com/google/fonts/e1118da94a8cb00cf6d06cdac9ef13eb1e5c6ab7/ofl/wellfleet/Wellfleet-Regular.ttf,https://raw.githubusercontent.com/google/fonts/e1118da94a8cb00cf6d06cdac9ef13eb1e5c6ab7/ofl/wellfleet/OFL.txt,data/v2/raw/fonts/serif/Wellfleet__OFL.txt,"latin,latin-ext,menu",347f3918762c7b61c3b98d57071b03295485bc97b6bfb6c7627bcf365cc3c9e7,82016
Della Respira,serif,Google Fonts official repository,OFL,data/v2/raw/fonts/serif/Della_Respira__DellaRespira-Regular.ttf,True,passed,,True,dellarespira,ofl,e1118da94a8cb00cf6d06cdac9ef13eb1e5c6ab7,https://raw.githubusercontent.com/google/fonts/e1118da94a8cb00cf6d06cdac9ef13eb1e5c6ab7/ofl/dellarespira/METADATA.pb,https://raw.githubusercontent.com/google/fonts/e1118da94a8cb00cf6d06cdac9ef13eb1e5c6ab7/ofl/dellarespira/DellaRespira-Regular.ttf,https://raw.githubusercontent.com/google/fonts/e1118da94a8cb00cf6d06cdac9ef13eb1e5c6ab7/ofl/dellarespira/OFL.txt,data/v2/raw/fonts/serif/Della_Respira__OFL.txt,"latin,menu",81518be5b7baf69db5b8e4cff1a447ac2f6bf7a6029ca4963a67e1fb1b0b9218,51208
Sedan SC,serif,Google Fonts official repository,OFL,data/v2/raw/fonts/serif/Sedan_SC__SedanSC-Regular.ttf,True,passed,,True,sedansc,ofl,e1118da94a8cb00cf6d06cdac9ef13eb1e5c6ab7,https://raw.githubusercontent.com/google/fonts/e1118da94a8cb00cf6d06cdac9ef13eb1e5c6ab7/ofl/sedansc/METADATA.pb,https://raw.githubusercontent.com/google/fonts/e1118da94a8cb00cf6d06cdac9ef13eb1e5c6ab7/ofl/sedansc/SedanSC-Regular.ttf,https://raw.githubusercontent.com/google/fonts/e1118da94a8cb00cf6d06cdac9ef13eb1e5c6ab7/ofl/sedansc/OFL.txt,data/v2/raw/fonts/serif/Sedan_SC__OFL.txt,"latin,latin-ext,menu",b015b262e6138cd0e8279ba75695f07748af01f8a9eed5d4d536e283baa57314,116128
Judson,serif,Google Fonts official repository,OFL,data/v2/raw/fonts/serif/Judson__Judson-Regular.ttf,True,passed,,True,judson,ofl,e1118da94a8cb00cf6d06cdac9ef13eb1e5c6ab7,https://raw.githubusercontent.com/google/fonts/e1118da94a8cb00cf6d06cdac9ef13eb1e5c6ab7/ofl/judson/METADATA.pb,https://raw.githubusercontent.com/google/fonts/e1118da94a8cb00cf6d06cdac9ef13eb1e5c6ab7/ofl/judson/Judson-Regular.ttf,https://raw.githubusercontent.com/google/fonts/e1118da94a8cb00cf6d06cdac9ef13eb1e5c6ab7/ofl/judson/OFL.txt,data/v2/raw/fonts/serif/Judson__OFL.txt,"latin,latin-ext,menu,vietnamese",73790bf79197e5bbf24178df3841ff27fb2fca05dd1f17fc1046e4bbe16caf95,220844
Hanuman,serif,Google Fonts official repository,OFL,data/v2/raw/fonts/serif/Hanuman__Hanuman[wght].ttf,True,passed,,True,hanuman,ofl,e1118da94a8cb00cf6d06cdac9ef13eb1e5c6ab7,https://raw.githubusercontent.com/google/fonts/e1118da94a8cb00cf6d06cdac9ef13eb1e5c6ab7/ofl/hanuman/METADATA.pb,https://raw.githubusercontent.com/google/fonts/e1118da94a8cb00cf6d06cdac9ef13eb1e5c6ab7/ofl/hanuman/Hanuman%5Bwght%5D.ttf,https://raw.githubusercontent.com/google/fonts/e1118da94a8cb00cf6d06cdac9ef13eb1e5c6ab7/ofl/hanuman/OFL.txt,data/v2/raw/fonts/serif/Hanuman__OFL.txt,"khmer,latin,menu",0cb2c9dd733d7357d5b673f55d756ff9ef50dd68af9dc217c0d5a71719665536,126392
Almendra,serif,Google Fonts official repository,OFL,data/v2/raw/fonts/serif/Almendra__Almendra-Regular.ttf,True,passed,,True,almendra,ofl,e1118da94a8cb00cf6d06cdac9ef13eb1e5c6ab7,https://raw.githubusercontent.com/google/fonts/e1118da94a8cb00cf6d06cdac9ef13eb1e5c6ab7/ofl/almendra/METADATA.pb,https://raw.githubusercontent.com/google/fonts/e1118da94a8cb00cf6d06cdac9ef13eb1e5c6ab7/ofl/almendra/Almendra-Regular.ttf,https://raw.githubusercontent.com/google/fonts/e1118da94a8cb00cf6d06cdac9ef13eb1e5c6ab7/ofl/almendra/OFL.txt,data/v2/raw/fonts/serif/Almendra__OFL.txt,"latin,latin-ext,menu",b127a6121209353b53da9ce73bf9d350f74190d8384c28ede179e4fb9440f946,68684
Cormorant Garamond,serif,Google Fonts official repository,OFL,data/v2/raw/fonts/serif/Cormorant_Garamond__CormorantGaramond[wght].ttf,True,passed,,True,cormorantgaramond,ofl,e1118da94a8cb00cf6d06cdac9ef13eb1e5c6ab7,https://raw.githubusercontent.com/google/fonts/e1118da94a8cb00cf6d06cdac9ef13eb1e5c6ab7/ofl/cormorantgaramond/METADATA.pb,https://raw.githubusercontent.com/google/fonts/e1118da94a8cb00cf6d06cdac9ef13eb1e5c6ab7/ofl/cormorantgaramond/CormorantGaramond%5Bwght%5D.ttf,https://raw.githubusercontent.com/google/fonts/e1118da94a8cb00cf6d06cdac9ef13eb1e5c6ab7/ofl/cormorantgaramond/OFL.txt,data/v2/raw/fonts/serif/Cormorant_Garamond__OFL.txt,"cyrillic,cyrillic-ext,latin,latin-ext,menu,vietnamese",b20b7d9626dd956b2c5e558692ad328b1f19e3275e2782db4fa07670d83f35e0,1195560
Kurale,serif,Google Fonts official repository,OFL,data/v2/raw/fonts/serif/Kurale__Kurale-Regular.ttf,True,passed,,True,kurale,ofl,e1118da94a8cb00cf6d06cdac9ef13eb1e5c6ab7,https://raw.githubusercontent.com/google/fonts/e1118da94a8cb00cf6d06cdac9ef13eb1e5c6ab7/ofl/kurale/METADATA.pb,https://raw.githubusercontent.com/google/fonts/e1118da94a8cb00cf6d06cdac9ef13eb1e5c6ab7/ofl/kurale/Kurale-Regular.ttf,https://raw.githubusercontent.com/google/fonts/e1118da94a8cb00cf6d06cdac9ef13eb1e5c6ab7/ofl/kurale/OFL.txt,data/v2/raw/fonts/serif/Kurale__OFL.txt,"cyrillic,cyrillic-ext,devanagari,latin,latin-ext,menu",6055aaca6870ca64210dd81fa47f8bb71595a9c8fbe570351ed45a15f1a0820d,265304
Headland One,serif,Google Fonts official repository,OFL,data/v2/raw/fonts/serif/Headland_One__HeadlandOne-Regular.ttf,True,passed,,True,headlandone,ofl,e1118da94a8cb00cf6d06cdac9ef13eb1e5c6ab7,https://raw.githubusercontent.com/google/fonts/e1118da94a8cb00cf6d06cdac9ef13eb1e5c6ab7/ofl/headlandone/METADATA.pb,https://raw.githubusercontent.com/google/fonts/e1118da94a8cb00cf6d06cdac9ef13eb1e5c6ab7/ofl/headlandone/HeadlandOne-Regular.ttf,https://raw.githubusercontent.com/google/fonts/e1118da94a8cb00cf6d06cdac9ef13eb1e5c6ab7/ofl/headlandone/OFL.txt,data/v2/raw/fonts/serif/Headland_One__OFL.txt,"latin,latin-ext,menu",b09ae2dd08b296e1e0d9af93f5c34899d6a04d6c57aff766409f8a96d085f3a4,149692
Trykker,serif,Google Fonts official repository,OFL,data/v2/raw/fonts/serif/Trykker__Trykker-Regular.ttf,True,passed,,True,trykker,ofl,e1118da94a8cb00cf6d06cdac9ef13eb1e5c6ab7,https://raw.githubusercontent.com/google/fonts/e1118da94a8cb00cf6d06cdac9ef13eb1e5c6ab7/ofl/trykker/METADATA.pb,https://raw.githubusercontent.com/google/fonts/e1118da94a8cb00cf6d06cdac9ef13eb1e5c6ab7/ofl/trykker/Trykker-Regular.ttf,https://raw.githubusercontent.com/google/fonts/e1118da94a8cb00cf6d06cdac9ef13eb1e5c6ab7/ofl/trykker/OFL.txt,data/v2/raw/fonts/serif/Trykker__OFL.txt,"latin,latin-ext,menu",bb5601709cfa4c0b28725afd45025afc79310738886d89ced9caa36164bd217a,38140
Sura,serif,Google Fonts official repository,OFL,data/v2/raw/fonts/serif/Sura__Sura-Regular.ttf,True,passed,,True,sura,ofl,e1118da94a8cb00cf6d06cdac9ef13eb1e5c6ab7,https://raw.githubusercontent.com/google/fonts/e1118da94a8cb00cf6d06cdac9ef13eb1e5c6ab7/ofl/sura/METADATA.pb,https://raw.githubusercontent.com/google/fonts/e1118da94a8cb00cf6d06cdac9ef13eb1e5c6ab7/ofl/sura/Sura-Regular.ttf,https://raw.githubusercontent.com/google/fonts/e1118da94a8cb00cf6d06cdac9ef13eb1e5c6ab7/ofl/sura/OFL.txt,data/v2/raw/fonts/serif/Sura__OFL.txt,"devanagari,latin,latin-ext,menu",df35bdf883ef6cda173f3e75e88970a257ae69eaa94b93655451f33b9f960234,140444
Junge,serif,Google Fonts official repository,OFL,data/v2/raw/fonts/serif/Junge__Junge-Regular.ttf,True,passed,,True,junge,ofl,e1118da94a8cb00cf6d06cdac9ef13eb1e5c6ab7,https://raw.githubusercontent.com/google/fonts/e1118da94a8cb00cf6d06cdac9ef13eb1e5c6ab7/ofl/junge/METADATA.pb,https://raw.githubusercontent.com/google/fonts/e1118da94a8cb00cf6d06cdac9ef13eb1e5c6ab7/ofl/junge/Junge-Regular.ttf,https://raw.githubusercontent.com/google/fonts/e1118da94a8cb00cf6d06cdac9ef13eb1e5c6ab7/ofl/junge/OFL.txt,data/v2/raw/fonts/serif/Junge__OFL.txt,"latin,menu",4671c65a0e6c02c866362938e968e083d171744e4c90fa2cfa8b809cc9f7207e,71400
Libre Baskerville,serif,Google Fonts official repository,OFL,data/v2/raw/fonts/serif/Libre_Baskerville__LibreBaskerville[wght].ttf,True,passed,,True,librebaskerville,ofl,e1118da94a8cb00cf6d06cdac9ef13eb1e5c6ab7,https://raw.githubusercontent.com/google/fonts/e1118da94a8cb00cf6d06cdac9ef13eb1e5c6ab7/ofl/librebaskerville/METADATA.pb,https://raw.githubusercontent.com/google/fonts/e1118da94a8cb00cf6d06cdac9ef13eb1e5c6ab7/ofl/librebaskerville/LibreBaskerville%5Bwght%5D.ttf,https://raw.githubusercontent.com/google/fonts/e1118da94a8cb00cf6d06cdac9ef13eb1e5c6ab7/ofl/librebaskerville/OFL.txt,data/v2/raw/fonts/serif/Libre_Baskerville__OFL.txt,"latin,latin-ext,menu",05a95421961341c5b2556285e8415df9db27dab4f4abe22b446b3c6a8b916c5d,171900
Crimson Text,serif,Google Fonts official repository,OFL,data/v2/raw/fonts/serif/Crimson_Text__CrimsonText-Regular.ttf,True,passed,,True,crimsontext,ofl,e1118da94a8cb00cf6d06cdac9ef13eb1e5c6ab7,https://raw.githubusercontent.com/google/fonts/e1118da94a8cb00cf6d06cdac9ef13eb1e5c6ab7/ofl/crimsontext/METADATA.pb,https://raw.githubusercontent.com/google/fonts/e1118da94a8cb00cf6d06cdac9ef13eb1e5c6ab7/ofl/crimsontext/CrimsonText-Regular.ttf,https://raw.githubusercontent.com/google/fonts/e1118da94a8cb00cf6d06cdac9ef13eb1e5c6ab7/ofl/crimsontext/OFL.txt,data/v2/raw/fonts/serif/Crimson_Text__OFL.txt,"latin,latin-ext,menu,vietnamese",48e6c5d5ad1d01599d374ecb817e15890d1feb3b8a3a88e527d44c90389e1f06,107200
Tiro Devanagari Marathi,serif,Google Fonts official repository,OFL,data/v2/raw/fonts/serif/Tiro_Devanagari_Marathi__TiroDevanagariMarathi-Regular.ttf,True,passed,,True,tirodevanagarimarathi,ofl,e1118da94a8cb00cf6d06cdac9ef13eb1e5c6ab7,https://raw.githubusercontent.com/google/fonts/e1118da94a8cb00cf6d06cdac9ef13eb1e5c6ab7/ofl/tirodevanagarimarathi/METADATA.pb,https://raw.githubusercontent.com/google/fonts/e1118da94a8cb00cf6d06cdac9ef13eb1e5c6ab7/ofl/tirodevanagarimarathi/TiroDevanagariMarathi-Regular.ttf,https://raw.githubusercontent.com/google/fonts/e1118da94a8cb00cf6d06cdac9ef13eb1e5c6ab7/ofl/tirodevanagarimarathi/OFL.txt,data/v2/raw/fonts/serif/Tiro_Devanagari_Marathi__OFL.txt,"devanagari,latin,latin-ext,menu",8e1d4edf924c0685f1383d0d37aa7c4662103d2e485e53b535b4528af5acd966,439712
Baskervville,serif,Google Fonts official repository,OFL,data/v2/raw/fonts/serif/Baskervville__Baskervville[wght].ttf,True,passed,,True,baskervville,ofl,e1118da94a8cb00cf6d06cdac9ef13eb1e5c6ab7,https://raw.githubusercontent.com/google/fonts/e1118da94a8cb00cf6d06cdac9ef13eb1e5c6ab7/ofl/baskervville/METADATA.pb,https://raw.githubusercontent.com/google/fonts/e1118da94a8cb00cf6d06cdac9ef13eb1e5c6ab7/ofl/baskervville/Baskervville%5Bwght%5D.ttf,https://raw.githubusercontent.com/google/fonts/e1118da94a8cb00cf6d06cdac9ef13eb1e5c6ab7/ofl/baskervville/OFL.txt,data/v2/raw/fonts/serif/Baskervville__OFL.txt,"latin,latin-ext,menu",a08bcf988383b344aacfd34365a8cd408a4a9665caaf19dc0d716a93833a0fa7,140076
Suwannaphum,serif,Google Fonts official repository,OFL,data/v2/raw/fonts/serif/Suwannaphum__Suwannaphum-Regular.ttf,True,passed,,True,suwannaphum,ofl,e1118da94a8cb00cf6d06cdac9ef13eb1e5c6ab7,https://raw.githubusercontent.com/google/fonts/e1118da94a8cb00cf6d06cdac9ef13eb1e5c6ab7/ofl/suwannaphum/METADATA.pb,https://raw.githubusercontent.com/google/fonts/e1118da94a8cb00cf6d06cdac9ef13eb1e5c6ab7/ofl/suwannaphum/Suwannaphum-Regular.ttf,https://raw.githubusercontent.com/google/fonts/e1118da94a8cb00cf6d06cdac9ef13eb1e5c6ab7/ofl/suwannaphum/OFL.txt,data/v2/raw/fonts/serif/Suwannaphum__OFL.txt,"khmer,latin,menu",f10e67bb256c78c126ac9def562a933ac44a51e5fa0cebea2a6234faa55de4a5,97756
Castoro Titling,serif,Google Fonts official repository,OFL,data/v2/raw/fonts/serif/Castoro_Titling__CastoroTitling-Regular.ttf,True,passed,,True,castorotitling,ofl,e1118da94a8cb00cf6d06cdac9ef13eb1e5c6ab7,https://raw.githubusercontent.com/google/fonts/e1118da94a8cb00cf6d06cdac9ef13eb1e5c6ab7/ofl/castorotitling/METADATA.pb,https://raw.githubusercontent.com/google/fonts/e1118da94a8cb00cf6d06cdac9ef13eb1e5c6ab7/ofl/castorotitling/CastoroTitling-Regular.ttf,https://raw.githubusercontent.com/google/fonts/e1118da94a8cb00cf6d06cdac9ef13eb1e5c6ab7/ofl/castorotitling/OFL.txt,data/v2/raw/fonts/serif/Castoro_Titling__OFL.txt,"latin,latin-ext,menu",64360ca1f8d8da1a983cbda6bac74c1bd47aeda41e116d9377e0ec629b029f44,56184
Coustard,serif,Google Fonts official repository,OFL,data/v2/raw/fonts/serif/Coustard__Coustard-Regular.ttf,True,passed,,True,coustard,ofl,e1118da94a8cb00cf6d06cdac9ef13eb1e5c6ab7,https://raw.githubusercontent.com/google/fonts/e1118da94a8cb00cf6d06cdac9ef13eb1e5c6ab7/ofl/coustard/METADATA.pb,https://raw.githubusercontent.com/google/fonts/e1118da94a8cb00cf6d06cdac9ef13eb1e5c6ab7/ofl/coustard/Coustard-Regular.ttf,https://raw.githubusercontent.com/google/fonts/e1118da94a8cb00cf6d06cdac9ef13eb1e5c6ab7/ofl/coustard/OFL.txt,data/v2/raw/fonts/serif/Coustard__OFL.txt,"latin,latin-ext,menu",71f251444fc70fc98adb011cdf8d8c64ecc7ae5d57fc04f59d8ebb1cfc16460c,75432
Kaisei Decol,serif,Google Fonts official repository,OFL,data/v2/raw/fonts/serif/Kaisei_Decol__KaiseiDecol-Regular.ttf,True,passed,,True,kaiseidecol,ofl,e1118da94a8cb00cf6d06cdac9ef13eb1e5c6ab7,https://raw.githubusercontent.com/google/fonts/e1118da94a8cb00cf6d06cdac9ef13eb1e5c6ab7/ofl/kaiseidecol/METADATA.pb,https://raw.githubusercontent.com/google/fonts/e1118da94a8cb00cf6d06cdac9ef13eb1e5c6ab7/ofl/kaiseidecol/KaiseiDecol-Regular.ttf,https://raw.githubusercontent.com/google/fonts/e1118da94a8cb00cf6d06cdac9ef13eb1e5c6ab7/ofl/kaiseidecol/OFL.txt,data/v2/raw/fonts/serif/Kaisei_Decol__OFL.txt,"cyrillic,japanese,latin,latin-ext,menu",fb9202b97944fa00b5f145ad4701def5c306bcd0d26407917baef9e01b042056,4503152
BatangChe,serif,Google Fonts official repository,OFL,data/v2/raw/fonts/serif/BatangChe__BatangChe-Regular.ttf,True,passed,,True,batangche,ofl,e1118da94a8cb00cf6d06cdac9ef13eb1e5c6ab7,https://raw.githubusercontent.com/google/fonts/e1118da94a8cb00cf6d06cdac9ef13eb1e5c6ab7/ofl/batangche/METADATA.pb,https://raw.githubusercontent.com/google/fonts/e1118da94a8cb00cf6d06cdac9ef13eb1e5c6ab7/ofl/batangche/BatangChe-Regular.ttf,https://raw.githubusercontent.com/google/fonts/e1118da94a8cb00cf6d06cdac9ef13eb1e5c6ab7/ofl/batangche/OFL.txt,data/v2/raw/fonts/serif/BatangChe__OFL.txt,"cyrillic,greek,korean,latin,latin-ext,menu",34aff823e0d9b86e7b7cb6913612e06638812a1d9af061272510b4cbf9d4c6ba,6823284
Gentium Plus,serif,Google Fonts official repository,OFL,data/v2/raw/fonts/serif/Gentium_Plus__GentiumPlus-Regular.ttf,True,passed,,True,gentiumplus,ofl,e1118da94a8cb00cf6d06cdac9ef13eb1e5c6ab7,https://raw.githubusercontent.com/google/fonts/e1118da94a8cb00cf6d06cdac9ef13eb1e5c6ab7/ofl/gentiumplus/METADATA.pb,https://raw.githubusercontent.com/google/fonts/e1118da94a8cb00cf6d06cdac9ef13eb1e5c6ab7/ofl/gentiumplus/GentiumPlus-Regular.ttf,https://raw.githubusercontent.com/google/fonts/e1118da94a8cb00cf6d06cdac9ef13eb1e5c6ab7/ofl/gentiumplus/OFL.txt,data/v2/raw/fonts/serif/Gentium_Plus__OFL.txt,"cyrillic,cyrillic-ext,greek,greek-ext,latin,latin-ext,menu,vietnamese",845e06bb4673a908a5f3b3b4ac9f38841750a07faa9aa45bfcb5796893346f0b,822956
Antic Didone,serif,Google Fonts official repository,OFL,data/v2/raw/fonts/serif/Antic_Didone__AnticDidone-Regular.ttf,True,passed,,True,anticdidone,ofl,e1118da94a8cb00cf6d06cdac9ef13eb1e5c6ab7,https://raw.githubusercontent.com/google/fonts/e1118da94a8cb00cf6d06cdac9ef13eb1e5c6ab7/ofl/anticdidone/METADATA.pb,https://raw.githubusercontent.com/google/fonts/e1118da94a8cb00cf6d06cdac9ef13eb1e5c6ab7/ofl/anticdidone/AnticDidone-Regular.ttf,https://raw.githubusercontent.com/google/fonts/e1118da94a8cb00cf6d06cdac9ef13eb1e5c6ab7/ofl/anticdidone/OFL.txt,data/v2/raw/fonts/serif/Antic_Didone__OFL.txt,"latin,menu",63a560792f0cb5342c0da7759c9df2e1ce0324a8af46ae976d9458fbcccbb440,39668
Tiro Devanagari Hindi,serif,Google Fonts official repository,OFL,data/v2/raw/fonts/serif/Tiro_Devanagari_Hindi__TiroDevanagariHindi-Regular.ttf,True,passed,,True,tirodevanagarihindi,ofl,e1118da94a8cb00cf6d06cdac9ef13eb1e5c6ab7,https://raw.githubusercontent.com/google/fonts/e1118da94a8cb00cf6d06cdac9ef13eb1e5c6ab7/ofl/tirodevanagarihindi/METADATA.pb,https://raw.githubusercontent.com/google/fonts/e1118da94a8cb00cf6d06cdac9ef13eb1e5c6ab7/ofl/tirodevanagarihindi/TiroDevanagariHindi-Regular.ttf,https://raw.githubusercontent.com/google/fonts/e1118da94a8cb00cf6d06cdac9ef13eb1e5c6ab7/ofl/tirodevanagarihindi/OFL.txt,data/v2/raw/fonts/serif/Tiro_Devanagari_Hindi__OFL.txt,"devanagari,latin,latin-ext,menu",d2abcb4d352f0bfab91632df5d9c8173882073c182e662fa731a5a738e6681d7,423224
Noto Serif KR,serif,Google Fonts official repository,OFL,data/v2/raw/fonts/serif/Noto_Serif_KR__NotoSerifKR[wght].ttf,True,passed,,True,notoserifkr,ofl,e1118da94a8cb00cf6d06cdac9ef13eb1e5c6ab7,https://raw.githubusercontent.com/google/fonts/e1118da94a8cb00cf6d06cdac9ef13eb1e5c6ab7/ofl/notoserifkr/METADATA.pb,https://raw.githubusercontent.com/google/fonts/e1118da94a8cb00cf6d06cdac9ef13eb1e5c6ab7/ofl/notoserifkr/NotoSerifKR%5Bwght%5D.ttf,https://raw.githubusercontent.com/google/fonts/e1118da94a8cb00cf6d06cdac9ef13eb1e5c6ab7/ofl/notoserifkr/OFL.txt,data/v2/raw/fonts/serif/Noto_Serif_KR__OFL.txt,"cyrillic,korean,latin,latin-ext,menu,vietnamese",11f8d5de6f1b79195efba3828aaa2ec95c1178f5ae976fb23c8d53250a9938f3,23795420
Julius Sans One,sans_serif,Google Fonts official repository,OFL,data/v2/raw/fonts/sans_serif/Julius_Sans_One__JuliusSansOne-Regular.ttf,True,passed,,True,juliussansone,ofl,e1118da94a8cb00cf6d06cdac9ef13eb1e5c6ab7,https://raw.githubusercontent.com/google/fonts/e1118da94a8cb00cf6d06cdac9ef13eb1e5c6ab7/ofl/juliussansone/METADATA.pb,https://raw.githubusercontent.com/google/fonts/e1118da94a8cb00cf6d06cdac9ef13eb1e5c6ab7/ofl/juliussansone/JuliusSansOne-Regular.ttf,https://raw.githubusercontent.com/google/fonts/e1118da94a8cb00cf6d06cdac9ef13eb1e5c6ab7/ofl/juliussansone/OFL.txt,data/v2/raw/fonts/sans_serif/Julius_Sans_One__OFL.txt,"latin,latin-ext,menu",b540bcad9283f58955a8db82d8103b1fd356378f55ec764cdb20d9f5ae749f23,42288
Moulpali,sans_serif,Google Fonts official repository,OFL,data/v2/raw/fonts/sans_serif/Moulpali__Moulpali-Regular.ttf,True,passed,,True,moulpali,ofl,e1118da94a8cb00cf6d06cdac9ef13eb1e5c6ab7,https://raw.githubusercontent.com/google/fonts/e1118da94a8cb00cf6d06cdac9ef13eb1e5c6ab7/ofl/moulpali/METADATA.pb,https://raw.githubusercontent.com/google/fonts/e1118da94a8cb00cf6d06cdac9ef13eb1e5c6ab7/ofl/moulpali/Moulpali-Regular.ttf,https://raw.githubusercontent.com/google/fonts/e1118da94a8cb00cf6d06cdac9ef13eb1e5c6ab7/ofl/moulpali/OFL.txt,data/v2/raw/fonts/sans_serif/Moulpali__OFL.txt,"khmer,latin,menu",555fa15b85a70b3b18c182ccd26a24f2e1babaf64fb53ba31bbf91327a7b31b4,100364
Wendy One,sans_serif,Google Fonts official repository,OFL,data/v2/raw/fonts/sans_serif/Wendy_One__WendyOne-Regular.ttf,True,passed,,True,wendyone,ofl,e1118da94a8cb00cf6d06cdac9ef13eb1e5c6ab7,https://raw.githubusercontent.com/google/fonts/e1118da94a8cb00cf6d06cdac9ef13eb1e5c6ab7/ofl/wendyone/METADATA.pb,https://raw.githubusercontent.com/google/fonts/e1118da94a8cb00cf6d06cdac9ef13eb1e5c6ab7/ofl/wendyone/WendyOne-Regular.ttf,https://raw.githubusercontent.com/google/fonts/e1118da94a8cb00cf6d06cdac9ef13eb1e5c6ab7/ofl/wendyone/OFL.txt,data/v2/raw/fonts/sans_serif/Wendy_One__OFL.txt,"latin,latin-ext,menu",2e2da0e8bb0a593656d38fc8e265c5b09b2c45b294bd23f39f135c2e36c89daf,22772
Fredoka,sans_serif,Google Fonts official repository,OFL,"data/v2/raw/fonts/sans_serif/Fredoka__Fredoka[wdth,wght].ttf",True,passed,,True,fredoka,ofl,e1118da94a8cb00cf6d06cdac9ef13eb1e5c6ab7,https://raw.githubusercontent.com/google/fonts/e1118da94a8cb00cf6d06cdac9ef13eb1e5c6ab7/ofl/fredoka/METADATA.pb,https://raw.githubusercontent.com/google/fonts/e1118da94a8cb00cf6d06cdac9ef13eb1e5c6ab7/ofl/fredoka/Fredoka%5Bwdth%2Cwght%5D.ttf,https://raw.githubusercontent.com/google/fonts/e1118da94a8cb00cf6d06cdac9ef13eb1e5c6ab7/ofl/fredoka/OFL.txt,data/v2/raw/fonts/sans_serif/Fredoka__OFL.txt,"hebrew,latin,latin-ext,menu",2ba02e68b152868aef9ba28e24b3648c7d457fe6f25c761f2c2c53fb61a73fc8,159184
Finlandica,sans_serif,Google Fonts official repository,OFL,data/v2/raw/fonts/sans_serif/Finlandica__Finlandica[wght].ttf,True,passed,,True,finlandica,ofl,e1118da94a8cb00cf6d06cdac9ef13eb1e5c6ab7,https://raw.githubusercontent.com/google/fonts/e1118da94a8cb00cf6d06cdac9ef13eb1e5c6ab7/ofl/finlandica/METADATA.pb,https://raw.githubusercontent.com/google/fonts/e1118da94a8cb00cf6d06cdac9ef13eb1e5c6ab7/ofl/finlandica/Finlandica%5Bwght%5D.ttf,https://raw.githubusercontent.com/google/fonts/e1118da94a8cb00cf6d06cdac9ef13eb1e5c6ab7/ofl/finlandica/OFL.txt,data/v2/raw/fonts/sans_serif/Finlandica__OFL.txt,"cyrillic,cyrillic-ext,latin,latin-ext,menu",8192c7f916ad929890b799bd4fe0974200be62e024c267c7b234632caca6658e,143908
Gotu,sans_serif,Google Fonts official repository,OFL,data/v2/raw/fonts/sans_serif/Gotu__Gotu-Regular.ttf,True,passed,,True,gotu,ofl,e1118da94a8cb00cf6d06cdac9ef13eb1e5c6ab7,https://raw.githubusercontent.com/google/fonts/e1118da94a8cb00cf6d06cdac9ef13eb1e5c6ab7/ofl/gotu/METADATA.pb,https://raw.githubusercontent.com/google/fonts/e1118da94a8cb00cf6d06cdac9ef13eb1e5c6ab7/ofl/gotu/Gotu-Regular.ttf,https://raw.githubusercontent.com/google/fonts/e1118da94a8cb00cf6d06cdac9ef13eb1e5c6ab7/ofl/gotu/OFL.txt,data/v2/raw/fonts/sans_serif/Gotu__OFL.txt,"devanagari,latin,latin-ext,menu,vietnamese",766fbfb19d8a0c38814b23c42515ed9dea538fce18d741221eca321d0604a3f5,697792
Hubot Sans,sans_serif,Google Fonts official repository,OFL,"data/v2/raw/fonts/sans_serif/Hubot_Sans__HubotSans[wdth,wght].ttf",True,passed,,True,hubotsans,ofl,e1118da94a8cb00cf6d06cdac9ef13eb1e5c6ab7,https://raw.githubusercontent.com/google/fonts/e1118da94a8cb00cf6d06cdac9ef13eb1e5c6ab7/ofl/hubotsans/METADATA.pb,https://raw.githubusercontent.com/google/fonts/e1118da94a8cb00cf6d06cdac9ef13eb1e5c6ab7/ofl/hubotsans/HubotSans%5Bwdth%2Cwght%5D.ttf,https://raw.githubusercontent.com/google/fonts/e1118da94a8cb00cf6d06cdac9ef13eb1e5c6ab7/ofl/hubotsans/OFL.txt,data/v2/raw/fonts/sans_serif/Hubot_Sans__OFL.txt,"latin,latin-ext,menu,vietnamese",229c7682f64b499668d2f47ac803bbde0b5a63225326c8659ea436748ab29965,369548
Khula,sans_serif,Google Fonts official repository,OFL,data/v2/raw/fonts/sans_serif/Khula__Khula-Regular.ttf,True,passed,,True,khula,ofl,e1118da94a8cb00cf6d06cdac9ef13eb1e5c6ab7,https://raw.githubusercontent.com/google/fonts/e1118da94a8cb00cf6d06cdac9ef13eb1e5c6ab7/ofl/khula/METADATA.pb,https://raw.githubusercontent.com/google/fonts/e1118da94a8cb00cf6d06cdac9ef13eb1e5c6ab7/ofl/khula/Khula-Regular.ttf,https://raw.githubusercontent.com/google/fonts/e1118da94a8cb00cf6d06cdac9ef13eb1e5c6ab7/ofl/khula/OFL.txt,data/v2/raw/fonts/sans_serif/Khula__OFL.txt,"devanagari,latin,latin-ext,menu",825477d3c995997ebd41245fc4177bf1681bfd6546674e0d67a29a094c78644f,158356
Belleza,sans_serif,Google Fonts official repository,OFL,data/v2/raw/fonts/sans_serif/Belleza__Belleza-Regular.ttf,True,passed,,True,belleza,ofl,e1118da94a8cb00cf6d06cdac9ef13eb1e5c6ab7,https://raw.githubusercontent.com/google/fonts/e1118da94a8cb00cf6d06cdac9ef13eb1e5c6ab7/ofl/belleza/METADATA.pb,https://raw.githubusercontent.com/google/fonts/e1118da94a8cb00cf6d06cdac9ef13eb1e5c6ab7/ofl/belleza/Belleza-Regular.ttf,https://raw.githubusercontent.com/google/fonts/e1118da94a8cb00cf6d06cdac9ef13eb1e5c6ab7/ofl/belleza/OFL.txt,data/v2/raw/fonts/sans_serif/Belleza__OFL.txt,"latin,latin-ext,menu",a88eb0fdf4e78687a40d3478e1c90d4d3079e8c0d7d3a2452488a3ba805bff1d,55696
Cagliostro,sans_serif,Google Fonts official repository,OFL,data/v2/raw/fonts/sans_serif/Cagliostro__Cagliostro-Regular.ttf,True,passed,,True,cagliostro,ofl,e1118da94a8cb00cf6d06cdac9ef13eb1e5c6ab7,https://raw.githubusercontent.com/google/fonts/e1118da94a8cb00cf6d06cdac9ef13eb1e5c6ab7/ofl/cagliostro/METADATA.pb,https://raw.githubusercontent.com/google/fonts/e1118da94a8cb00cf6d06cdac9ef13eb1e5c6ab7/ofl/cagliostro/Cagliostro-Regular.ttf,https://raw.githubusercontent.com/google/fonts/e1118da94a8cb00cf6d06cdac9ef13eb1e5c6ab7/ofl/cagliostro/OFL.txt,data/v2/raw/fonts/sans_serif/Cagliostro__OFL.txt,"latin,latin-ext,menu",0d205e9a9b34691dca50064ea681404157f1747e39b592fce978b2a32bd5fb61,37820
Ek Mukta,sans_serif,Google Fonts official repository,OFL,data/v2/raw/fonts/sans_serif/Ek_Mukta__EkMukta-Regular.ttf,True,passed,,True,ekmukta,ofl,e1118da94a8cb00cf6d06cdac9ef13eb1e5c6ab7,https://raw.githubusercontent.com/google/fonts/e1118da94a8cb00cf6d06cdac9ef13eb1e5c6ab7/ofl/ekmukta/METADATA.pb,https://raw.githubusercontent.com/google/fonts/e1118da94a8cb00cf6d06cdac9ef13eb1e5c6ab7/ofl/ekmukta/EkMukta-Regular.ttf,https://raw.githubusercontent.com/google/fonts/e1118da94a8cb00cf6d06cdac9ef13eb1e5c6ab7/ofl/ekmukta/OFL.txt,data/v2/raw/fonts/sans_serif/Ek_Mukta__OFL.txt,"devanagari,latin,latin-ext,menu",d14f40a588b232cac9fb3063c707df93fc10e8d265694fc99fcfafcc8ab7b3b4,432280
Atkinson Hyperlegible Next,sans_serif,Google Fonts official repository,OFL,data/v2/raw/fonts/sans_serif/Atkinson_Hyperlegible_Next__AtkinsonHyperlegibleNext[wght].ttf,True,passed,,True,atkinsonhyperlegiblenext,ofl,e1118da94a8cb00cf6d06cdac9ef13eb1e5c6ab7,https://raw.githubusercontent.com/google/fonts/e1118da94a8cb00cf6d06cdac9ef13eb1e5c6ab7/ofl/atkinsonhyperlegiblenext/METADATA.pb,https://raw.githubusercontent.com/google/fonts/e1118da94a8cb00cf6d06cdac9ef13eb1e5c6ab7/ofl/atkinsonhyperlegiblenext/AtkinsonHyperlegibleNext%5Bwght%5D.ttf,https://raw.githubusercontent.com/google/fonts/e1118da94a8cb00cf6d06cdac9ef13eb1e5c6ab7/ofl/atkinsonhyperlegiblenext/OFL.txt,data/v2/raw/fonts/sans_serif/Atkinson_Hyperlegible_Next__OFL.txt,"latin,latin-ext,menu",5a455d1cfa099b601ab70751bb9673e8fe1854dc4500c80e1a220d0d75e31745,114552
Geom,sans_serif,Google Fonts official repository,OFL,data/v2/raw/fonts/sans_serif/Geom__Geom[wght].ttf,True,passed,,True,geom,ofl,e1118da94a8cb00cf6d06cdac9ef13eb1e5c6ab7,https://raw.githubusercontent.com/google/fonts/e1118da94a8cb00cf6d06cdac9ef13eb1e5c6ab7/ofl/geom/METADATA.pb,https://raw.githubusercontent.com/google/fonts/e1118da94a8cb00cf6d06cdac9ef13eb1e5c6ab7/ofl/geom/Geom%5Bwght%5D.ttf,https://raw.githubusercontent.com/google/fonts/e1118da94a8cb00cf6d06cdac9ef13eb1e5c6ab7/ofl/geom/OFL.txt,data/v2/raw/fonts/sans_serif/Geom__OFL.txt,"greek,latin,latin-ext,menu",4509ad62e97c2e07c7fbc51180caba092b66fb2967e4de7dcba149ab3beb3b15,105408
Noto Sans Mono,sans_serif,Google Fonts official repository,OFL,"data/v2/raw/fonts/sans_serif/Noto_Sans_Mono__NotoSansMono[wdth,wght].ttf",True,passed,,True,notosansmono,ofl,e1118da94a8cb00cf6d06cdac9ef13eb1e5c6ab7,https://raw.githubusercontent.com/google/fonts/e1118da94a8cb00cf6d06cdac9ef13eb1e5c6ab7/ofl/notosansmono/METADATA.pb,https://raw.githubusercontent.com/google/fonts/e1118da94a8cb00cf6d06cdac9ef13eb1e5c6ab7/ofl/notosansmono/NotoSansMono%5Bwdth%2Cwght%5D.ttf,https://raw.githubusercontent.com/google/fonts/e1118da94a8cb00cf6d06cdac9ef13eb1e5c6ab7/ofl/notosansmono/OFL.txt,data/v2/raw/fonts/sans_serif/Noto_Sans_Mono__OFL.txt,"cyrillic,cyrillic-ext,greek,greek-ext,latin,latin-ext,menu,vietnamese",2cb2adb378a8f574213e23df697050b83c54c27df465a2015552740b2769a081,1708408
Noto Sans Tamil,sans_serif,Google Fonts official repository,OFL,"data/v2/raw/fonts/sans_serif/Noto_Sans_Tamil__NotoSansTamil[wdth,wght].ttf",True,passed,,True,notosanstamil,ofl,e1118da94a8cb00cf6d06cdac9ef13eb1e5c6ab7,https://raw.githubusercontent.com/google/fonts/e1118da94a8cb00cf6d06cdac9ef13eb1e5c6ab7/ofl/notosanstamil/METADATA.pb,https://raw.githubusercontent.com/google/fonts/e1118da94a8cb00cf6d06cdac9ef13eb1e5c6ab7/ofl/notosanstamil/NotoSansTamil%5Bwdth%2Cwght%5D.ttf,https://raw.githubusercontent.com/google/fonts/e1118da94a8cb00cf6d06cdac9ef13eb1e5c6ab7/ofl/notosanstamil/OFL.txt,data/v2/raw/fonts/sans_serif/Noto_Sans_Tamil__OFL.txt,"latin,latin-ext,menu,tamil",aa3a9b321f4b0bb2c40203ffbde9af89713227866e0e13f76e5b9eeea727cf88,340668
Zen Kaku Gothic New,sans_serif,Google Fonts official repository,OFL,data/v2/raw/fonts/sans_serif/Zen_Kaku_Gothic_New__ZenKakuGothicNew-Regular.ttf,True,passed,,True,zenkakugothicnew,ofl,e1118da94a8cb00cf6d06cdac9ef13eb1e5c6ab7,https://raw.githubusercontent.com/google/fonts/e1118da94a8cb00cf6d06cdac9ef13eb1e5c6ab7/ofl/zenkakugothicnew/METADATA.pb,https://raw.githubusercontent.com/google/fonts/e1118da94a8cb00cf6d06cdac9ef13eb1e5c6ab7/ofl/zenkakugothicnew/ZenKakuGothicNew-Regular.ttf,https://raw.githubusercontent.com/google/fonts/e1118da94a8cb00cf6d06cdac9ef13eb1e5c6ab7/ofl/zenkakugothicnew/OFL.txt,data/v2/raw/fonts/sans_serif/Zen_Kaku_Gothic_New__OFL.txt,"cyrillic,japanese,latin,latin-ext,menu",b840cd07a67d89cacca44249ae49aa99ee7640eb5ce623be8d8983d6aabac801,2360248
Noto Sans Bassa Vah,sans_serif,Google Fonts official repository,OFL,data/v2/raw/fonts/sans_serif/Noto_Sans_Bassa_Vah__NotoSansBassaVah[wght].ttf,True,passed,,True,notosansbassavah,ofl,e1118da94a8cb00cf6d06cdac9ef13eb1e5c6ab7,https://raw.githubusercontent.com/google/fonts/e1118da94a8cb00cf6d06cdac9ef13eb1e5c6ab7/ofl/notosansbassavah/METADATA.pb,https://raw.githubusercontent.com/google/fonts/e1118da94a8cb00cf6d06cdac9ef13eb1e5c6ab7/ofl/notosansbassavah/NotoSansBassaVah%5Bwght%5D.ttf,https://raw.githubusercontent.com/google/fonts/e1118da94a8cb00cf6d06cdac9ef13eb1e5c6ab7/ofl/notosansbassavah/OFL.txt,data/v2/raw/fonts/sans_serif/Noto_Sans_Bassa_Vah__OFL.txt,"bassa-vah,latin,latin-ext,menu",b6c065b905d4ca228580027164f2102fae76215724c43a36e8ebf3c7ee81b8fb,61308
Telex,sans_serif,Google Fonts official repository,OFL,data/v2/raw/fonts/sans_serif/Telex__Telex-Regular.ttf,True,passed,,True,telex,ofl,e1118da94a8cb00cf6d06cdac9ef13eb1e5c6ab7,https://raw.githubusercontent.com/google/fonts/e1118da94a8cb00cf6d06cdac9ef13eb1e5c6ab7/ofl/telex/METADATA.pb,https://raw.githubusercontent.com/google/fonts/e1118da94a8cb00cf6d06cdac9ef13eb1e5c6ab7/ofl/telex/Telex-Regular.ttf,https://raw.githubusercontent.com/google/fonts/e1118da94a8cb00cf6d06cdac9ef13eb1e5c6ab7/ofl/telex/OFL.txt,data/v2/raw/fonts/sans_serif/Telex__OFL.txt,"latin,latin-ext,menu",eeaa2d17d105b6b46e5368ecd990f5b19c50131ff922dbf79bfb9bb45c249871,38940
Noto Sans Kannada,sans_serif,Google Fonts official repository,OFL,"data/v2/raw/fonts/sans_serif/Noto_Sans_Kannada__NotoSansKannada[wdth,wght].ttf",True,passed,,True,notosanskannada,ofl,e1118da94a8cb00cf6d06cdac9ef13eb1e5c6ab7,https://raw.githubusercontent.com/google/fonts/e1118da94a8cb00cf6d06cdac9ef13eb1e5c6ab7/ofl/notosanskannada/METADATA.pb,https://raw.githubusercontent.com/google/fonts/e1118da94a8cb00cf6d06cdac9ef13eb1e5c6ab7/ofl/notosanskannada/NotoSansKannada%5Bwdth%2Cwght%5D.ttf,https://raw.githubusercontent.com/google/fonts/e1118da94a8cb00cf6d06cdac9ef13eb1e5c6ab7/ofl/notosanskannada/OFL.txt,data/v2/raw/fonts/sans_serif/Noto_Sans_Kannada__OFL.txt,"kannada,latin,latin-ext,menu",cca4f3b3a8cb12fb261f1b43baf5d2f7f59d90fe123d41f0065ed3a183997ec9,641372
Alumni Sans SC,sans_serif,Google Fonts official repository,OFL,data/v2/raw/fonts/sans_serif/Alumni_Sans_SC__AlumniSansSC[wght].ttf,True,passed,,True,alumnisanssc,ofl,e1118da94a8cb00cf6d06cdac9ef13eb1e5c6ab7,https://raw.githubusercontent.com/google/fonts/e1118da94a8cb00cf6d06cdac9ef13eb1e5c6ab7/ofl/alumnisanssc/METADATA.pb,https://raw.githubusercontent.com/google/fonts/e1118da94a8cb00cf6d06cdac9ef13eb1e5c6ab7/ofl/alumnisanssc/AlumniSansSC%5Bwght%5D.ttf,https://raw.githubusercontent.com/google/fonts/e1118da94a8cb00cf6d06cdac9ef13eb1e5c6ab7/ofl/alumnisanssc/OFL.txt,data/v2/raw/fonts/sans_serif/Alumni_Sans_SC__OFL.txt,"cyrillic,cyrillic-ext,latin,latin-ext,menu,vietnamese",41a67970fd2a6f6a806578451d7e9902b45008043de2d60bf47e005ec0dab922,125764
Noto Sans Tangsa,sans_serif,Google Fonts official repository,OFL,data/v2/raw/fonts/sans_serif/Noto_Sans_Tangsa__NotoSansTangsa[wght].ttf,True,passed,,True,notosanstangsa,ofl,e1118da94a8cb00cf6d06cdac9ef13eb1e5c6ab7,https://raw.githubusercontent.com/google/fonts/e1118da94a8cb00cf6d06cdac9ef13eb1e5c6ab7/ofl/notosanstangsa/METADATA.pb,https://raw.githubusercontent.com/google/fonts/e1118da94a8cb00cf6d06cdac9ef13eb1e5c6ab7/ofl/notosanstangsa/NotoSansTangsa%5Bwght%5D.ttf,https://raw.githubusercontent.com/google/fonts/e1118da94a8cb00cf6d06cdac9ef13eb1e5c6ab7/ofl/notosanstangsa/OFL.txt,data/v2/raw/fonts/sans_serif/Noto_Sans_Tangsa__OFL.txt,"latin,latin-ext,menu,tangsa",2ed50f0ba084742ce2dfe4909bc529131272d9468b1aa341d5866fbc1a1be48f,87584
Mitr,sans_serif,Google Fonts official repository,OFL,data/v2/raw/fonts/sans_serif/Mitr__Mitr-Regular.ttf,True,passed,,True,mitr,ofl,e1118da94a8cb00cf6d06cdac9ef13eb1e5c6ab7,https://raw.githubusercontent.com/google/fonts/e1118da94a8cb00cf6d06cdac9ef13eb1e5c6ab7/ofl/mitr/METADATA.pb,https://raw.githubusercontent.com/google/fonts/e1118da94a8cb00cf6d06cdac9ef13eb1e5c6ab7/ofl/mitr/Mitr-Regular.ttf,https://raw.githubusercontent.com/google/fonts/e1118da94a8cb00cf6d06cdac9ef13eb1e5c6ab7/ofl/mitr/OFL.txt,data/v2/raw/fonts/sans_serif/Mitr__OFL.txt,"latin,latin-ext,menu,thai,vietnamese",3763923ca8d860f9c06f483f663cd3d8d94e9ed8c2f35a7ce35bb6b13e1219fd,222416
Cascadia Code,sans_serif,Google Fonts official repository,OFL,data/v2/raw/fonts/sans_serif/Cascadia_Code__CascadiaCode[wght].ttf,True,passed,,True,cascadiacode,ofl,e1118da94a8cb00cf6d06cdac9ef13eb1e5c6ab7,https://raw.githubusercontent.com/google/fonts/e1118da94a8cb00cf6d06cdac9ef13eb1e5c6ab7/ofl/cascadiacode/METADATA.pb,https://raw.githubusercontent.com/google/fonts/e1118da94a8cb00cf6d06cdac9ef13eb1e5c6ab7/ofl/cascadiacode/CascadiaCode%5Bwght%5D.ttf,https://raw.githubusercontent.com/google/fonts/e1118da94a8cb00cf6d06cdac9ef13eb1e5c6ab7/ofl/cascadiacode/OFL.txt,data/v2/raw/fonts/sans_serif/Cascadia_Code__OFL.txt,"arabic,braille,cyrillic,cyrillic-ext,greek,hebrew,latin,latin-ext,menu,symbols2,vietnamese",30f2e14a5c389b346b1fce110c4ddcf0dc5ce8265faf5eca2ab7323f49dba590,727940
Hermeneus One,sans_serif,Google Fonts official repository,OFL,data/v2/raw/fonts/sans_serif/Hermeneus_One__HermeneusOne-Regular.ttf,True,passed,,True,hermeneusone,ofl,e1118da94a8cb00cf6d06cdac9ef13eb1e5c6ab7,https://raw.githubusercontent.com/google/fonts/e1118da94a8cb00cf6d06cdac9ef13eb1e5c6ab7/ofl/hermeneusone/METADATA.pb,https://raw.githubusercontent.com/google/fonts/e1118da94a8cb00cf6d06cdac9ef13eb1e5c6ab7/ofl/hermeneusone/HermeneusOne-Regular.ttf,https://raw.githubusercontent.com/google/fonts/e1118da94a8cb00cf6d06cdac9ef13eb1e5c6ab7/ofl/hermeneusone/OFL.txt,data/v2/raw/fonts/sans_serif/Hermeneus_One__OFL.txt,"latin,latin-ext,menu",53ff8b668ff603beb3a15b298c35d80932f57a47c889e6e96bb93d434da25808,132940
42dot Sans,sans_serif,Google Fonts official repository,OFL,data/v2/raw/fonts/sans_serif/42dot_Sans__42dotSans[wght].ttf,True,passed,,True,42dotsans,ofl,e1118da94a8cb00cf6d06cdac9ef13eb1e5c6ab7,https://raw.githubusercontent.com/google/fonts/e1118da94a8cb00cf6d06cdac9ef13eb1e5c6ab7/ofl/42dotsans/METADATA.pb,https://raw.githubusercontent.com/google/fonts/e1118da94a8cb00cf6d06cdac9ef13eb1e5c6ab7/ofl/42dotsans/42dotSans%5Bwght%5D.ttf,https://raw.githubusercontent.com/google/fonts/e1118da94a8cb00cf6d06cdac9ef13eb1e5c6ab7/ofl/42dotsans/OFL.txt,data/v2/raw/fonts/sans_serif/42dot_Sans__OFL.txt,"korean,latin,menu",cf9ec2f79b6d13384eef338477a223800a547fbb21665eb0ea1330a513805b6a,5772308
Elms Sans,sans_serif,Google Fonts official repository,OFL,data/v2/raw/fonts/sans_serif/Elms_Sans__ElmsSans[wght].ttf,True,passed,,True,elmssans,ofl,e1118da94a8cb00cf6d06cdac9ef13eb1e5c6ab7,https://raw.githubusercontent.com/google/fonts/e1118da94a8cb00cf6d06cdac9ef13eb1e5c6ab7/ofl/elmssans/METADATA.pb,https://raw.githubusercontent.com/google/fonts/e1118da94a8cb00cf6d06cdac9ef13eb1e5c6ab7/ofl/elmssans/ElmsSans%5Bwght%5D.ttf,https://raw.githubusercontent.com/google/fonts/e1118da94a8cb00cf6d06cdac9ef13eb1e5c6ab7/ofl/elmssans/OFL.txt,data/v2/raw/fonts/sans_serif/Elms_Sans__OFL.txt,"latin,latin-ext,menu,vietnamese",5a5c6aca186c65ad8323212c4e336507e68f4ee09d75ae0366607b5eb1a4498f,188332
Noto Sans Cherokee,sans_serif,Google Fonts official repository,OFL,data/v2/raw/fonts/sans_serif/Noto_Sans_Cherokee__NotoSansCherokee[wght].ttf,True,passed,,True,notosanscherokee,ofl,e1118da94a8cb00cf6d06cdac9ef13eb1e5c6ab7,https://raw.githubusercontent.com/google/fonts/e1118da94a8cb00cf6d06cdac9ef13eb1e5c6ab7/ofl/notosanscherokee/METADATA.pb,https://raw.githubusercontent.com/google/fonts/e1118da94a8cb00cf6d06cdac9ef13eb1e5c6ab7/ofl/notosanscherokee/NotoSansCherokee%5Bwght%5D.ttf,https://raw.githubusercontent.com/google/fonts/e1118da94a8cb00cf6d06cdac9ef13eb1e5c6ab7/ofl/notosanscherokee/OFL.txt,data/v2/raw/fonts/sans_serif/Noto_Sans_Cherokee__OFL.txt,"cherokee,latin,latin-ext,menu",865d9e644f5011f2020a10325b7242f85c9c8ef0edece00e5ed743e5dfb275fd,224360
Martel Sans,sans_serif,Google Fonts official repository,OFL,data/v2/raw/fonts/sans_serif/Martel_Sans__MartelSans-Regular.ttf,True,passed,,True,martelsans,ofl,e1118da94a8cb00cf6d06cdac9ef13eb1e5c6ab7,https://raw.githubusercontent.com/google/fonts/e1118da94a8cb00cf6d06cdac9ef13eb1e5c6ab7/ofl/martelsans/METADATA.pb,https://raw.githubusercontent.com/google/fonts/e1118da94a8cb00cf6d06cdac9ef13eb1e5c6ab7/ofl/martelsans/MartelSans-Regular.ttf,https://raw.githubusercontent.com/google/fonts/e1118da94a8cb00cf6d06cdac9ef13eb1e5c6ab7/ofl/martelsans/OFL.txt,data/v2/raw/fonts/sans_serif/Martel_Sans__OFL.txt,"devanagari,latin,latin-ext,menu",5c365880e5c79763c745ca132049518e69873cf3da6f7ee91711dc522b021100,153396
Noto Sans JP,sans_serif,Google Fonts official repository,OFL,data/v2/raw/fonts/sans_serif/Noto_Sans_JP__NotoSansJP[wght].ttf,True,passed,,True,notosansjp,ofl,e1118da94a8cb00cf6d06cdac9ef13eb1e5c6ab7,https://raw.githubusercontent.com/google/fonts/e1118da94a8cb00cf6d06cdac9ef13eb1e5c6ab7/ofl/notosansjp/METADATA.pb,https://raw.githubusercontent.com/google/fonts/e1118da94a8cb00cf6d06cdac9ef13eb1e5c6ab7/ofl/notosansjp/NotoSansJP%5Bwght%5D.ttf,https://raw.githubusercontent.com/google/fonts/e1118da94a8cb00cf6d06cdac9ef13eb1e5c6ab7/ofl/notosansjp/OFL.txt,data/v2/raw/fonts/sans_serif/Noto_Sans_JP__OFL.txt,"cyrillic,japanese,latin,latin-ext,menu,vietnamese",c2f3b4d463500a2ddcd3849cded1fceeb9fd6d1c32e6cbecd568453ba50fc68f,9589900
Kufam,sans_serif,Google Fonts official repository,OFL,data/v2/raw/fonts/sans_serif/Kufam__Kufam[wght].ttf,True,passed,,True,kufam,ofl,e1118da94a8cb00cf6d06cdac9ef13eb1e5c6ab7,https://raw.githubusercontent.com/google/fonts/e1118da94a8cb00cf6d06cdac9ef13eb1e5c6ab7/ofl/kufam/METADATA.pb,https://raw.githubusercontent.com/google/fonts/e1118da94a8cb00cf6d06cdac9ef13eb1e5c6ab7/ofl/kufam/Kufam%5Bwght%5D.ttf,https://raw.githubusercontent.com/google/fonts/e1118da94a8cb00cf6d06cdac9ef13eb1e5c6ab7/ofl/kufam/OFL.txt,data/v2/raw/fonts/sans_serif/Kufam__OFL.txt,"arabic,latin,latin-ext,menu,vietnamese",f17a89b518c833de289598d0662bb9a07d09cc7d75b7079a15f1305f624bbcda,428544
LXGW Marker Gothic,sans_serif,Google Fonts official repository,OFL,data/v2/raw/fonts/sans_serif/LXGW_Marker_Gothic__LXGWMarkerGothic-Regular.ttf,True,passed,,True,lxgwmarkergothic,ofl,e1118da94a8cb00cf6d06cdac9ef13eb1e5c6ab7,https://raw.githubusercontent.com/google/fonts/e1118da94a8cb00cf6d06cdac9ef13eb1e5c6ab7/ofl/lxgwmarkergothic/METADATA.pb,https://raw.githubusercontent.com/google/fonts/e1118da94a8cb00cf6d06cdac9ef13eb1e5c6ab7/ofl/lxgwmarkergothic/LXGWMarkerGothic-Regular.ttf,https://raw.githubusercontent.com/google/fonts/e1118da94a8cb00cf6d06cdac9ef13eb1e5c6ab7/ofl/lxgwmarkergothic/OFL.txt,data/v2/raw/fonts/sans_serif/LXGW_Marker_Gothic__OFL.txt,"chinese-traditional,cyrillic,cyrillic-ext,greek,latin,latin-ext,menu,symbols2,vietnamese",e6a55cfd5f18dc393f92670a164397a69242cb4eabe1d3feb5dc22fc4947a8ba,3187360
Zalando Sans,sans_serif,Google Fonts official repository,OFL,"data/v2/raw/fonts/sans_serif/Zalando_Sans__ZalandoSans[wdth,wght].ttf",True,passed,,True,zalandosans,ofl,e1118da94a8cb00cf6d06cdac9ef13eb1e5c6ab7,https://raw.githubusercontent.com/google/fonts/e1118da94a8cb00cf6d06cdac9ef13eb1e5c6ab7/ofl/zalandosans/METADATA.pb,https://raw.githubusercontent.com/google/fonts/e1118da94a8cb00cf6d06cdac9ef13eb1e5c6ab7/ofl/zalandosans/ZalandoSans%5Bwdth%2Cwght%5D.ttf,https://raw.githubusercontent.com/google/fonts/e1118da94a8cb00cf6d06cdac9ef13eb1e5c6ab7/ofl/zalandosans/OFL.txt,data/v2/raw/fonts/sans_serif/Zalando_Sans__OFL.txt,"latin,latin-ext,menu,vietnamese",9ef9c85d9b108f588858e045aee46ebbc8e324002d1891c2f662d40a2704dcd8,281728
Yaldevi Colombo,sans_serif,Google Fonts official repository,OFL,data/v2/raw/fonts/sans_serif/Yaldevi_Colombo__YaldeviColombo-Regular.ttf,True,passed,,True,yaldevicolombo,ofl,e1118da94a8cb00cf6d06cdac9ef13eb1e5c6ab7,https://raw.githubusercontent.com/google/fonts/e1118da94a8cb00cf6d06cdac9ef13eb1e5c6ab7/ofl/yaldevicolombo/METADATA.pb,https://raw.githubusercontent.com/google/fonts/e1118da94a8cb00cf6d06cdac9ef13eb1e5c6ab7/ofl/yaldevicolombo/YaldeviColombo-Regular.ttf,https://raw.githubusercontent.com/google/fonts/e1118da94a8cb00cf6d06cdac9ef13eb1e5c6ab7/ofl/yaldevicolombo/OFL.txt,data/v2/raw/fonts/sans_serif/Yaldevi_Colombo__OFL.txt,"latin,latin-ext,menu,sinhala",5577ba8af289a7c6bf2fa9d6afa653435a382c4cb41323adb7fa530db5440214,418848
Anybody,sans_serif,Google Fonts official repository,OFL,"data/v2/raw/fonts/sans_serif/Anybody__Anybody[wdth,wght].ttf",True,passed,,True,anybody,ofl,e1118da94a8cb00cf6d06cdac9ef13eb1e5c6ab7,https://raw.githubusercontent.com/google/fonts/e1118da94a8cb00cf6d06cdac9ef13eb1e5c6ab7/ofl/anybody/METADATA.pb,https://raw.githubusercontent.com/google/fonts/e1118da94a8cb00cf6d06cdac9ef13eb1e5c6ab7/ofl/anybody/Anybody%5Bwdth%2Cwght%5D.ttf,https://raw.githubusercontent.com/google/fonts/e1118da94a8cb00cf6d06cdac9ef13eb1e5c6ab7/ofl/anybody/OFL.txt,data/v2/raw/fonts/sans_serif/Anybody__OFL.txt,"latin,latin-ext,menu,vietnamese",b184bd7e6ca8348bbaecec98951565729d7e89b7872d4898a1f9981342b5b64c,201352
Fira Sans Condensed,sans_serif,Google Fonts official repository,OFL,data/v2/raw/fonts/sans_serif/Fira_Sans_Condensed__FiraSansCondensed-Regular.ttf,True,passed,,True,firasanscondensed,ofl,e1118da94a8cb00cf6d06cdac9ef13eb1e5c6ab7,https://raw.githubusercontent.com/google/fonts/e1118da94a8cb00cf6d06cdac9ef13eb1e5c6ab7/ofl/firasanscondensed/METADATA.pb,https://raw.githubusercontent.com/google/fonts/e1118da94a8cb00cf6d06cdac9ef13eb1e5c6ab7/ofl/firasanscondensed/FiraSansCondensed-Regular.ttf,https://raw.githubusercontent.com/google/fonts/e1118da94a8cb00cf6d06cdac9ef13eb1e5c6ab7/ofl/firasanscondensed/OFL.txt,data/v2/raw/fonts/sans_serif/Fira_Sans_Condensed__OFL.txt,"cyrillic,cyrillic-ext,greek,greek-ext,latin,latin-ext,menu,vietnamese",c67609f14fc9d328442bfffcc31988b0f76e5575cf460fcc1f3dd8e4912fe257,459804
Ojuju,sans_serif,Google Fonts official repository,OFL,data/v2/raw/fonts/sans_serif/Ojuju__Ojuju[wght].ttf,True,passed,,True,ojuju,ofl,e1118da94a8cb00cf6d06cdac9ef13eb1e5c6ab7,https://raw.githubusercontent.com/google/fonts/e1118da94a8cb00cf6d06cdac9ef13eb1e5c6ab7/ofl/ojuju/METADATA.pb,https://raw.githubusercontent.com/google/fonts/e1118da94a8cb00cf6d06cdac9ef13eb1e5c6ab7/ofl/ojuju/Ojuju%5Bwght%5D.ttf,https://raw.githubusercontent.com/google/fonts/e1118da94a8cb00cf6d06cdac9ef13eb1e5c6ab7/ofl/ojuju/OFL.txt,data/v2/raw/fonts/sans_serif/Ojuju__OFL.txt,"latin,latin-ext,math,menu,symbols,vietnamese",6a4eae3adcf726e5a3961fa6843d5cb4fae3b08726c58fc143e9c2ca5c3d5b52,221368
BBH Bartle,sans_serif,Google Fonts official repository,OFL,data/v2/raw/fonts/sans_serif/BBH_Bartle__BBHBartle-Regular.ttf,True,passed,,True,bbhbartle,ofl,e1118da94a8cb00cf6d06cdac9ef13eb1e5c6ab7,https://raw.githubusercontent.com/google/fonts/e1118da94a8cb00cf6d06cdac9ef13eb1e5c6ab7/ofl/bbhbartle/METADATA.pb,https://raw.githubusercontent.com/google/fonts/e1118da94a8cb00cf6d06cdac9ef13eb1e5c6ab7/ofl/bbhbartle/BBHBartle-Regular.ttf,https://raw.githubusercontent.com/google/fonts/e1118da94a8cb00cf6d06cdac9ef13eb1e5c6ab7/ofl/bbhbartle/OFL.txt,data/v2/raw/fonts/sans_serif/BBH_Bartle__OFL.txt,"latin,menu",f0de1a96b31ed2ce012172dd28d4a5a7c3d4c7fdee84f32f311608ec4eca3431,17880
Noto Sans Tai Tham,sans_serif,Google Fonts official repository,OFL,data/v2/raw/fonts/sans_serif/Noto_Sans_Tai_Tham__NotoSansTaiTham[wght].ttf,True,passed,,True,notosanstaitham,ofl,e1118da94a8cb00cf6d06cdac9ef13eb1e5c6ab7,https://raw.githubusercontent.com/google/fonts/e1118da94a8cb00cf6d06cdac9ef13eb1e5c6ab7/ofl/notosanstaitham/METADATA.pb,https://raw.githubusercontent.com/google/fonts/e1118da94a8cb00cf6d06cdac9ef13eb1e5c6ab7/ofl/notosanstaitham/NotoSansTaiTham%5Bwght%5D.ttf,https://raw.githubusercontent.com/google/fonts/e1118da94a8cb00cf6d06cdac9ef13eb1e5c6ab7/ofl/notosanstaitham/OFL.txt,data/v2/raw/fonts/sans_serif/Noto_Sans_Tai_Tham__OFL.txt,"latin,latin-ext,menu,tai-tham",a053b99fc5ed0a3e5fb14eecbbf137245cb0b8c34c2cb4ffd0872db3097bcd0a,172864
Ubuntu Sans,sans_serif,Google Fonts official repository,UFL,"data/v2/raw/fonts/sans_serif/Ubuntu_Sans__UbuntuSans[wdth,wght].ttf",True,passed,,True,ubuntusans,ufl,e1118da94a8cb00cf6d06cdac9ef13eb1e5c6ab7,https://raw.githubusercontent.com/google/fonts/e1118da94a8cb00cf6d06cdac9ef13eb1e5c6ab7/ufl/ubuntusans/METADATA.pb,https://raw.githubusercontent.com/google/fonts/e1118da94a8cb00cf6d06cdac9ef13eb1e5c6ab7/ufl/ubuntusans/UbuntuSans%5Bwdth%2Cwght%5D.ttf,https://raw.githubusercontent.com/google/fonts/e1118da94a8cb00cf6d06cdac9ef13eb1e5c6ab7/ufl/ubuntusans/LICENCE.txt,data/v2/raw/fonts/sans_serif/Ubuntu_Sans__LICENCE.txt,"cyrillic,cyrillic-ext,greek,greek-ext,latin,latin-ext,menu",37e90bba45a2a1172d9f6078e45daebaa1b4e537943205cc1309f142a254fe40,1080900
Italiana,sans_serif,Google Fonts official repository,OFL,data/v2/raw/fonts/sans_serif/Italiana__Italiana-Regular.ttf,True,passed,,True,italiana,ofl,e1118da94a8cb00cf6d06cdac9ef13eb1e5c6ab7,https://raw.githubusercontent.com/google/fonts/e1118da94a8cb00cf6d06cdac9ef13eb1e5c6ab7/ofl/italiana/METADATA.pb,https://raw.githubusercontent.com/google/fonts/e1118da94a8cb00cf6d06cdac9ef13eb1e5c6ab7/ofl/italiana/Italiana-Regular.ttf,https://raw.githubusercontent.com/google/fonts/e1118da94a8cb00cf6d06cdac9ef13eb1e5c6ab7/ofl/italiana/OFL.txt,data/v2/raw/fonts/sans_serif/Italiana__OFL.txt,"latin,menu",0ad271d9cd42a57cd5c5fa483ae2406a8138b95acb2a43eb73a8d37b7291fee9,31828
Noto Sans Nabataean,sans_serif,Google Fonts official repository,OFL,data/v2/raw/fonts/sans_serif/Noto_Sans_Nabataean__NotoSansNabataean-Regular.ttf,True,passed,,True,notosansnabataean,ofl,e1118da94a8cb00cf6d06cdac9ef13eb1e5c6ab7,https://raw.githubusercontent.com/google/fonts/e1118da94a8cb00cf6d06cdac9ef13eb1e5c6ab7/ofl/notosansnabataean/METADATA.pb,https://raw.githubusercontent.com/google/fonts/e1118da94a8cb00cf6d06cdac9ef13eb1e5c6ab7/ofl/notosansnabataean/NotoSansNabataean-Regular.ttf,https://raw.githubusercontent.com/google/fonts/e1118da94a8cb00cf6d06cdac9ef13eb1e5c6ab7/ofl/notosansnabataean/OFL.txt,data/v2/raw/fonts/sans_serif/Noto_Sans_Nabataean__OFL.txt,"latin,latin-ext,menu,nabataean",b21dc4564143ce3647bfb5c410b8b2f0affb257756693b9578a1328fdf9d82e8,55600
Denk One,sans_serif,Google Fonts official repository,OFL,data/v2/raw/fonts/sans_serif/Denk_One__DenkOne-Regular.ttf,True,passed,,True,denkone,ofl,e1118da94a8cb00cf6d06cdac9ef13eb1e5c6ab7,https://raw.githubusercontent.com/google/fonts/e1118da94a8cb00cf6d06cdac9ef13eb1e5c6ab7/ofl/denkone/METADATA.pb,https://raw.githubusercontent.com/google/fonts/e1118da94a8cb00cf6d06cdac9ef13eb1e5c6ab7/ofl/denkone/DenkOne-Regular.ttf,https://raw.githubusercontent.com/google/fonts/e1118da94a8cb00cf6d06cdac9ef13eb1e5c6ab7/ofl/denkone/OFL.txt,data/v2/raw/fonts/sans_serif/Denk_One__OFL.txt,"cyrillic-ext,latin,latin-ext,menu,vietnamese",088761eca739820556435bd4eafb8637808a55e121bed582d493969525c97211,304360
Meera Inimai,sans_serif,Google Fonts official repository,OFL,data/v2/raw/fonts/sans_serif/Meera_Inimai__MeeraInimai-Regular.ttf,True,passed,,True,meerainimai,ofl,e1118da94a8cb00cf6d06cdac9ef13eb1e5c6ab7,https://raw.githubusercontent.com/google/fonts/e1118da94a8cb00cf6d06cdac9ef13eb1e5c6ab7/ofl/meerainimai/METADATA.pb,https://raw.githubusercontent.com/google/fonts/e1118da94a8cb00cf6d06cdac9ef13eb1e5c6ab7/ofl/meerainimai/MeeraInimai-Regular.ttf,https://raw.githubusercontent.com/google/fonts/e1118da94a8cb00cf6d06cdac9ef13eb1e5c6ab7/ofl/meerainimai/OFL.txt,data/v2/raw/fonts/sans_serif/Meera_Inimai__OFL.txt,"latin,menu,tamil",3dffa9501ac790b5e1c3ebecdba4f2c90a617a7d3131fad129893929bc56708e,72260
Teachers,sans_serif,Google Fonts official repository,OFL,data/v2/raw/fonts/sans_serif/Teachers__Teachers[wght].ttf,True,passed,,True,teachers,ofl,e1118da94a8cb00cf6d06cdac9ef13eb1e5c6ab7,https://raw.githubusercontent.com/google/fonts/e1118da94a8cb00cf6d06cdac9ef13eb1e5c6ab7/ofl/teachers/METADATA.pb,https://raw.githubusercontent.com/google/fonts/e1118da94a8cb00cf6d06cdac9ef13eb1e5c6ab7/ofl/teachers/Teachers%5Bwght%5D.ttf,https://raw.githubusercontent.com/google/fonts/e1118da94a8cb00cf6d06cdac9ef13eb1e5c6ab7/ofl/teachers/OFL.txt,data/v2/raw/fonts/sans_serif/Teachers__OFL.txt,"greek-ext,latin,latin-ext,menu",b59c8c0c5b1990935916d3fc414f87d0116f1bc0be355382968454e5d4b8e015,67184
Noto Sans Limbu,sans_serif,Google Fonts official repository,OFL,data/v2/raw/fonts/sans_serif/Noto_Sans_Limbu__NotoSansLimbu-Regular.ttf,True,passed,,True,notosanslimbu,ofl,e1118da94a8cb00cf6d06cdac9ef13eb1e5c6ab7,https://raw.githubusercontent.com/google/fonts/e1118da94a8cb00cf6d06cdac9ef13eb1e5c6ab7/ofl/notosanslimbu/METADATA.pb,https://raw.githubusercontent.com/google/fonts/e1118da94a8cb00cf6d06cdac9ef13eb1e5c6ab7/ofl/notosanslimbu/NotoSansLimbu-Regular.ttf,https://raw.githubusercontent.com/google/fonts/e1118da94a8cb00cf6d06cdac9ef13eb1e5c6ab7/ofl/notosanslimbu/OFL.txt,data/v2/raw/fonts/sans_serif/Noto_Sans_Limbu__OFL.txt,"latin,latin-ext,limbu,menu",5a8b4fd72c5a64051332f66fcf46fda1a32a37d130631362378c6b465d852dd5,59192
Georama,sans_serif,Google Fonts official repository,OFL,"data/v2/raw/fonts/sans_serif/Georama__Georama[wdth,wght].ttf",True,passed,,True,georama,ofl,e1118da94a8cb00cf6d06cdac9ef13eb1e5c6ab7,https://raw.githubusercontent.com/google/fonts/e1118da94a8cb00cf6d06cdac9ef13eb1e5c6ab7/ofl/georama/METADATA.pb,https://raw.githubusercontent.com/google/fonts/e1118da94a8cb00cf6d06cdac9ef13eb1e5c6ab7/ofl/georama/Georama%5Bwdth%2Cwght%5D.ttf,https://raw.githubusercontent.com/google/fonts/e1118da94a8cb00cf6d06cdac9ef13eb1e5c6ab7/ofl/georama/OFL.txt,data/v2/raw/fonts/sans_serif/Georama__OFL.txt,"latin,latin-ext,menu,vietnamese",0a62419702ab557e0610a5a073a56f246d13a7db094ef97945a0aa56faf14ab1,443524
Questrial,sans_serif,Google Fonts official repository,OFL,data/v2/raw/fonts/sans_serif/Questrial__Questrial-Regular.ttf,True,passed,,True,questrial,ofl,e1118da94a8cb00cf6d06cdac9ef13eb1e5c6ab7,https://raw.githubusercontent.com/google/fonts/e1118da94a8cb00cf6d06cdac9ef13eb1e5c6ab7/ofl/questrial/METADATA.pb,https://raw.githubusercontent.com/google/fonts/e1118da94a8cb00cf6d06cdac9ef13eb1e5c6ab7/ofl/questrial/Questrial-Regular.ttf,https://raw.githubusercontent.com/google/fonts/e1118da94a8cb00cf6d06cdac9ef13eb1e5c6ab7/ofl/questrial/OFL.txt,data/v2/raw/fonts/sans_serif/Questrial__OFL.txt,"latin,latin-ext,menu,vietnamese",0ee7f2debabb13773fd38468b31820e11fca202a8f98c4d80b6ffcb796899b6f,184176
Scoutie Sans,sans_serif,Google Fonts official repository,OFL,data/v2/raw/fonts/sans_serif/Scoutie_Sans__ScoutieSans[wght].ttf,True,passed,,True,scoutiesans,ofl,e1118da94a8cb00cf6d06cdac9ef13eb1e5c6ab7,https://raw.githubusercontent.com/google/fonts/e1118da94a8cb00cf6d06cdac9ef13eb1e5c6ab7/ofl/scoutiesans/METADATA.pb,https://raw.githubusercontent.com/google/fonts/e1118da94a8cb00cf6d06cdac9ef13eb1e5c6ab7/ofl/scoutiesans/ScoutieSans%5Bwght%5D.ttf,https://raw.githubusercontent.com/google/fonts/e1118da94a8cb00cf6d06cdac9ef13eb1e5c6ab7/ofl/scoutiesans/OFL.txt,data/v2/raw/fonts/sans_serif/Scoutie_Sans__OFL.txt,"latin,latin-ext,menu,vietnamese",277f54254cad18ee85682f23d269f4eb72dbfe53380e53c1a673c954427d9106,133488
Anta,sans_serif,Google Fonts official repository,OFL,data/v2/raw/fonts/sans_serif/Anta__Anta-Regular.ttf,True,passed,,True,anta,ofl,e1118da94a8cb00cf6d06cdac9ef13eb1e5c6ab7,https://raw.githubusercontent.com/google/fonts/e1118da94a8cb00cf6d06cdac9ef13eb1e5c6ab7/ofl/anta/METADATA.pb,https://raw.githubusercontent.com/google/fonts/e1118da94a8cb00cf6d06cdac9ef13eb1e5c6ab7/ofl/anta/Anta-Regular.ttf,https://raw.githubusercontent.com/google/fonts/e1118da94a8cb00cf6d06cdac9ef13eb1e5c6ab7/ofl/anta/OFL.txt,data/v2/raw/fonts/sans_serif/Anta__OFL.txt,"latin,latin-ext,math,menu,symbols",9f3b9723a50c1244d49906b1892b3aad43876ab9a2de80288db47821b0c7b298,74304
Dosis,sans_serif,Google Fonts official repository,OFL,data/v2/raw/fonts/sans_serif/Dosis__Dosis[wght].ttf,True,passed,,True,dosis,ofl,e1118da94a8cb00cf6d06cdac9ef13eb1e5c6ab7,https://raw.githubusercontent.com/google/fonts/e1118da94a8cb00cf6d06cdac9ef13eb1e5c6ab7/ofl/dosis/METADATA.pb,https://raw.githubusercontent.com/google/fonts/e1118da94a8cb00cf6d06cdac9ef13eb1e5c6ab7/ofl/dosis/Dosis%5Bwght%5D.ttf,https://raw.githubusercontent.com/google/fonts/e1118da94a8cb00cf6d06cdac9ef13eb1e5c6ab7/ofl/dosis/OFL.txt,data/v2/raw/fonts/sans_serif/Dosis__OFL.txt,"latin,latin-ext,menu,vietnamese",b2238eef0b3464904fed097ef274c704bc63d21407369b7d7a5be7b0821a0e82,117280
Noto Sans Tirhuta,sans_serif,Google Fonts official repository,OFL,data/v2/raw/fonts/sans_serif/Noto_Sans_Tirhuta__NotoSansTirhuta-Regular.ttf,True,passed,,True,notosanstirhuta,ofl,e1118da94a8cb00cf6d06cdac9ef13eb1e5c6ab7,https://raw.githubusercontent.com/google/fonts/e1118da94a8cb00cf6d06cdac9ef13eb1e5c6ab7/ofl/notosanstirhuta/METADATA.pb,https://raw.githubusercontent.com/google/fonts/e1118da94a8cb00cf6d06cdac9ef13eb1e5c6ab7/ofl/notosanstirhuta/NotoSansTirhuta-Regular.ttf,https://raw.githubusercontent.com/google/fonts/e1118da94a8cb00cf6d06cdac9ef13eb1e5c6ab7/ofl/notosanstirhuta/OFL.txt,data/v2/raw/fonts/sans_serif/Noto_Sans_Tirhuta__OFL.txt,"latin,latin-ext,menu,tirhuta",ad7123ee63118b83ed2f723591e5e861baad8dd157508b8339362850c6036efe,137848
Radio Canada Big,sans_serif,Google Fonts official repository,OFL,data/v2/raw/fonts/sans_serif/Radio_Canada_Big__RadioCanadaBig[wght].ttf,True,passed,,True,radiocanadabig,ofl,e1118da94a8cb00cf6d06cdac9ef13eb1e5c6ab7,https://raw.githubusercontent.com/google/fonts/e1118da94a8cb00cf6d06cdac9ef13eb1e5c6ab7/ofl/radiocanadabig/METADATA.pb,https://raw.githubusercontent.com/google/fonts/e1118da94a8cb00cf6d06cdac9ef13eb1e5c6ab7/ofl/radiocanadabig/RadioCanadaBig%5Bwght%5D.ttf,https://raw.githubusercontent.com/google/fonts/e1118da94a8cb00cf6d06cdac9ef13eb1e5c6ab7/ofl/radiocanadabig/OFL.txt,data/v2/raw/fonts/sans_serif/Radio_Canada_Big__OFL.txt,"latin,latin-ext,menu",9d7fc9bd74b5d27e48bba194ed2993f054ebc9672463dc5f14bf1907932341d8,73276
Sankofa Display,sans_serif,Google Fonts official repository,OFL,data/v2/raw/fonts/sans_serif/Sankofa_Display__SankofaDisplay-Regular.ttf,True,passed,,True,sankofadisplay,ofl,e1118da94a8cb00cf6d06cdac9ef13eb1e5c6ab7,https://raw.githubusercontent.com/google/fonts/e1118da94a8cb00cf6d06cdac9ef13eb1e5c6ab7/ofl/sankofadisplay/METADATA.pb,https://raw.githubusercontent.com/google/fonts/e1118da94a8cb00cf6d06cdac9ef13eb1e5c6ab7/ofl/sankofadisplay/SankofaDisplay-Regular.ttf,https://raw.githubusercontent.com/google/fonts/e1118da94a8cb00cf6d06cdac9ef13eb1e5c6ab7/ofl/sankofadisplay/OFL.txt,data/v2/raw/fonts/sans_serif/Sankofa_Display__OFL.txt,"latin,latin-ext,menu,vietnamese",747b51b50660960d481505bf10354d68df79e6aea97fcac3faa8252dfb757429,301656
Geologica,sans_serif,Google Fonts official repository,OFL,"data/v2/raw/fonts/sans_serif/Geologica__Geologica[CRSV,SHRP,slnt,wght].ttf",True,passed,,True,geologica,ofl,e1118da94a8cb00cf6d06cdac9ef13eb1e5c6ab7,https://raw.githubusercontent.com/google/fonts/e1118da94a8cb00cf6d06cdac9ef13eb1e5c6ab7/ofl/geologica/METADATA.pb,https://raw.githubusercontent.com/google/fonts/e1118da94a8cb00cf6d06cdac9ef13eb1e5c6ab7/ofl/geologica/Geologica%5BCRSV%2CSHRP%2Cslnt%2Cwght%5D.ttf,https://raw.githubusercontent.com/google/fonts/e1118da94a8cb00cf6d06cdac9ef13eb1e5c6ab7/ofl/geologica/OFL.txt,data/v2/raw/fonts/sans_serif/Geologica__OFL.txt,"cyrillic,cyrillic-ext,greek,latin,latin-ext,menu,vietnamese",9124d9e88ac6c11d761f35241713a51d68e2c4ebedce0edaca834717a00959ec,348640
Liter,sans_serif,Google Fonts official repository,OFL,data/v2/raw/fonts/sans_serif/Liter__Liter-Regular.ttf,True,passed,,True,liter,ofl,e1118da94a8cb00cf6d06cdac9ef13eb1e5c6ab7,https://raw.githubusercontent.com/google/fonts/e1118da94a8cb00cf6d06cdac9ef13eb1e5c6ab7/ofl/liter/METADATA.pb,https://raw.githubusercontent.com/google/fonts/e1118da94a8cb00cf6d06cdac9ef13eb1e5c6ab7/ofl/liter/Liter-Regular.ttf,https://raw.githubusercontent.com/google/fonts/e1118da94a8cb00cf6d06cdac9ef13eb1e5c6ab7/ofl/liter/OFL.txt,data/v2/raw/fonts/sans_serif/Liter__OFL.txt,"cyrillic,latin,latin-ext,menu",379fe197584f098a0318278c5e1b453a1ef8f017925041e3e51e18efb025822d,77008
ZCOOL QingKe HuangYou,sans_serif,Google Fonts official repository,OFL,data/v2/raw/fonts/sans_serif/ZCOOL_QingKe_HuangYou__ZCOOLQingKeHuangYou-Regular.ttf,True,passed,,True,zcoolqingkehuangyou,ofl,e1118da94a8cb00cf6d06cdac9ef13eb1e5c6ab7,https://raw.githubusercontent.com/google/fonts/e1118da94a8cb00cf6d06cdac9ef13eb1e5c6ab7/ofl/zcoolqingkehuangyou/METADATA.pb,https://raw.githubusercontent.com/google/fonts/e1118da94a8cb00cf6d06cdac9ef13eb1e5c6ab7/ofl/zcoolqingkehuangyou/ZCOOLQingKeHuangYou-Regular.ttf,https://raw.githubusercontent.com/google/fonts/e1118da94a8cb00cf6d06cdac9ef13eb1e5c6ab7/ofl/zcoolqingkehuangyou/OFL.txt,data/v2/raw/fonts/sans_serif/ZCOOL_QingKe_HuangYou__OFL.txt,"chinese-simplified,latin,menu",54f0c0df4308cd74cd0f2fd3494ae054dbc4a1fd6fa7d71f4807eb4cdd8b4136,8328684
Rethink Sans,sans_serif,Google Fonts official repository,OFL,data/v2/raw/fonts/sans_serif/Rethink_Sans__RethinkSans[wght].ttf,True,passed,,True,rethinksans,ofl,e1118da94a8cb00cf6d06cdac9ef13eb1e5c6ab7,https://raw.githubusercontent.com/google/fonts/e1118da94a8cb00cf6d06cdac9ef13eb1e5c6ab7/ofl/rethinksans/METADATA.pb,https://raw.githubusercontent.com/google/fonts/e1118da94a8cb00cf6d06cdac9ef13eb1e5c6ab7/ofl/rethinksans/RethinkSans%5Bwght%5D.ttf,https://raw.githubusercontent.com/google/fonts/e1118da94a8cb00cf6d06cdac9ef13eb1e5c6ab7/ofl/rethinksans/OFL.txt,data/v2/raw/fonts/sans_serif/Rethink_Sans__OFL.txt,"latin,latin-ext,menu",c700224149f9248587ccb1e1482bb01c1c779076c8c593720838877ad9643347,120588
Truculenta,sans_serif,Google Fonts official repository,OFL,"data/v2/raw/fonts/sans_serif/Truculenta__Truculenta[opsz,wdth,wght].ttf",True,passed,,True,truculenta,ofl,e1118da94a8cb00cf6d06cdac9ef13eb1e5c6ab7,https://raw.githubusercontent.com/google/fonts/e1118da94a8cb00cf6d06cdac9ef13eb1e5c6ab7/ofl/truculenta/METADATA.pb,https://raw.githubusercontent.com/google/fonts/e1118da94a8cb00cf6d06cdac9ef13eb1e5c6ab7/ofl/truculenta/Truculenta%5Bopsz%2Cwdth%2Cwght%5D.ttf,https://raw.githubusercontent.com/google/fonts/e1118da94a8cb00cf6d06cdac9ef13eb1e5c6ab7/ofl/truculenta/OFL.txt,data/v2/raw/fonts/sans_serif/Truculenta__OFL.txt,"latin,latin-ext,menu,vietnamese",08d8abe8590e3fef246801f86ef1ede30f8c7a000500857024a590529c443f3c,1052128
Orienta,sans_serif,Google Fonts official repository,OFL,data/v2/raw/fonts/sans_serif/Orienta__Orienta-Regular.ttf,True,passed,,True,orienta,ofl,e1118da94a8cb00cf6d06cdac9ef13eb1e5c6ab7,https://raw.githubusercontent.com/google/fonts/e1118da94a8cb00cf6d06cdac9ef13eb1e5c6ab7/ofl/orienta/METADATA.pb,https://raw.githubusercontent.com/google/fonts/e1118da94a8cb00cf6d06cdac9ef13eb1e5c6ab7/ofl/orienta/Orienta-Regular.ttf,https://raw.githubusercontent.com/google/fonts/e1118da94a8cb00cf6d06cdac9ef13eb1e5c6ab7/ofl/orienta/OFL.txt,data/v2/raw/fonts/sans_serif/Orienta__OFL.txt,"latin,latin-ext,menu",c7ca99f5789c097565d12313a23449eeb7b46a9d60342419ab696870793ca291,55176
Noto Sans Sharada,sans_serif,Google Fonts official repository,OFL,data/v2/raw/fonts/sans_serif/Noto_Sans_Sharada__NotoSansSharada-Regular.ttf,True,passed,,True,notosanssharada,ofl,e1118da94a8cb00cf6d06cdac9ef13eb1e5c6ab7,https://raw.githubusercontent.com/google/fonts/e1118da94a8cb00cf6d06cdac9ef13eb1e5c6ab7/ofl/notosanssharada/METADATA.pb,https://raw.githubusercontent.com/google/fonts/e1118da94a8cb00cf6d06cdac9ef13eb1e5c6ab7/ofl/notosanssharada/NotoSansSharada-Regular.ttf,https://raw.githubusercontent.com/google/fonts/e1118da94a8cb00cf6d06cdac9ef13eb1e5c6ab7/ofl/notosanssharada/OFL.txt,data/v2/raw/fonts/sans_serif/Noto_Sans_Sharada__OFL.txt,"latin,latin-ext,menu,sharada",2ccfb8e72773d318c03b8414ad82686c97ee65a9825fdb1a388e376c4df13372,122368
M PLUS Code Latin,sans_serif,Google Fonts official repository,OFL,"data/v2/raw/fonts/sans_serif/M_PLUS_Code_Latin__MPLUSCodeLatin[wdth,wght].ttf",True,passed,,True,mpluscodelatin,ofl,e1118da94a8cb00cf6d06cdac9ef13eb1e5c6ab7,https://raw.githubusercontent.com/google/fonts/e1118da94a8cb00cf6d06cdac9ef13eb1e5c6ab7/ofl/mpluscodelatin/METADATA.pb,https://raw.githubusercontent.com/google/fonts/e1118da94a8cb00cf6d06cdac9ef13eb1e5c6ab7/ofl/mpluscodelatin/MPLUSCodeLatin%5Bwdth%2Cwght%5D.ttf,https://raw.githubusercontent.com/google/fonts/e1118da94a8cb00cf6d06cdac9ef13eb1e5c6ab7/ofl/mpluscodelatin/OFL.txt,data/v2/raw/fonts/sans_serif/M_PLUS_Code_Latin__OFL.txt,"latin,latin-ext,menu,vietnamese",fd1dec1e7fd5062705e5e5838ebf3b1e11d20dd11478c31be3bb34190400eeed,133076
Noto Sans Myanmar,sans_serif,Google Fonts official repository,OFL,"data/v2/raw/fonts/sans_serif/Noto_Sans_Myanmar__NotoSansMyanmar[wdth,wght].ttf",True,passed,,True,notosansmyanmar,ofl,e1118da94a8cb00cf6d06cdac9ef13eb1e5c6ab7,https://raw.githubusercontent.com/google/fonts/e1118da94a8cb00cf6d06cdac9ef13eb1e5c6ab7/ofl/notosansmyanmar/METADATA.pb,https://raw.githubusercontent.com/google/fonts/e1118da94a8cb00cf6d06cdac9ef13eb1e5c6ab7/ofl/notosansmyanmar/NotoSansMyanmar%5Bwdth%2Cwght%5D.ttf,https://raw.githubusercontent.com/google/fonts/e1118da94a8cb00cf6d06cdac9ef13eb1e5c6ab7/ofl/notosansmyanmar/OFL.txt,data/v2/raw/fonts/sans_serif/Noto_Sans_Myanmar__OFL.txt,"latin,latin-ext,menu,myanmar",7abbbfbe2514105d7ce94937aee3feb2ba89b73a256c8b77b5866bd9b83e32ec,784832
Noto Sans Egyptian Hieroglyphs,sans_serif,Google Fonts official repository,OFL,data/v2/raw/fonts/sans_serif/Noto_Sans_Egyptian_Hieroglyphs__NotoSansEgyptianHieroglyphs-Regular.ttf,True,passed,,True,notosansegyptianhieroglyphs,ofl,e1118da94a8cb00cf6d06cdac9ef13eb1e5c6ab7,https://raw.githubusercontent.com/google/fonts/e1118da94a8cb00cf6d06cdac9ef13eb1e5c6ab7/ofl/notosansegyptianhieroglyphs/METADATA.pb,https://raw.githubusercontent.com/google/fonts/e1118da94a8cb00cf6d06cdac9ef13eb1e5c6ab7/ofl/notosansegyptianhieroglyphs/NotoSansEgyptianHieroglyphs-Regular.ttf,https://raw.githubusercontent.com/google/fonts/e1118da94a8cb00cf6d06cdac9ef13eb1e5c6ab7/ofl/notosansegyptianhieroglyphs/OFL.txt,data/v2/raw/fonts/sans_serif/Noto_Sans_Egyptian_Hieroglyphs__OFL.txt,"egyptian-hieroglyphs,latin,latin-ext,menu",b792accc6207ca9caa59fc67f53926b6985a99d255dd432d7c68b68a6dfd62f8,1004836
Merriweather Sans,sans_serif,Google Fonts official repository,OFL,data/v2/raw/fonts/sans_serif/Merriweather_Sans__MerriweatherSans[wght].ttf,True,passed,,True,merriweathersans,ofl,e1118da94a8cb00cf6d06cdac9ef13eb1e5c6ab7,https://raw.githubusercontent.com/google/fonts/e1118da94a8cb00cf6d06cdac9ef13eb1e5c6ab7/ofl/merriweathersans/METADATA.pb,https://raw.githubusercontent.com/google/fonts/e1118da94a8cb00cf6d06cdac9ef13eb1e5c6ab7/ofl/merriweathersans/MerriweatherSans%5Bwght%5D.ttf,https://raw.githubusercontent.com/google/fonts/e1118da94a8cb00cf6d06cdac9ef13eb1e5c6ab7/ofl/merriweathersans/OFL.txt,data/v2/raw/fonts/sans_serif/Merriweather_Sans__OFL.txt,"cyrillic-ext,latin,latin-ext,menu,vietnamese",bef90d227eeb5b58e27d0a421df6c5d8df2e6a6d68aa08bdc51faa54f1d997dc,266512
Kumbh Sans,sans_serif,Google Fonts official repository,OFL,"data/v2/raw/fonts/sans_serif/Kumbh_Sans__KumbhSans[YOPQ,wght].ttf",True,passed,,True,kumbhsans,ofl,e1118da94a8cb00cf6d06cdac9ef13eb1e5c6ab7,https://raw.githubusercontent.com/google/fonts/e1118da94a8cb00cf6d06cdac9ef13eb1e5c6ab7/ofl/kumbhsans/METADATA.pb,https://raw.githubusercontent.com/google/fonts/e1118da94a8cb00cf6d06cdac9ef13eb1e5c6ab7/ofl/kumbhsans/KumbhSans%5BYOPQ%2Cwght%5D.ttf,https://raw.githubusercontent.com/google/fonts/e1118da94a8cb00cf6d06cdac9ef13eb1e5c6ab7/ofl/kumbhsans/OFL.txt,data/v2/raw/fonts/sans_serif/Kumbh_Sans__OFL.txt,"latin,latin-ext,math,menu,symbols",f29b8814e682a1524c1b6cad866700c844c287c2df1f6d362dcaec4cc75dadf9,118796
Noto Sans Lao,sans_serif,Google Fonts official repository,OFL,"data/v2/raw/fonts/sans_serif/Noto_Sans_Lao__NotoSansLao[wdth,wght].ttf",True,passed,,True,notosanslao,ofl,e1118da94a8cb00cf6d06cdac9ef13eb1e5c6ab7,https://raw.githubusercontent.com/google/fonts/e1118da94a8cb00cf6d06cdac9ef13eb1e5c6ab7/ofl/notosanslao/METADATA.pb,https://raw.githubusercontent.com/google/fonts/e1118da94a8cb00cf6d06cdac9ef13eb1e5c6ab7/ofl/notosanslao/NotoSansLao%5Bwdth%2Cwght%5D.ttf,https://raw.githubusercontent.com/google/fonts/e1118da94a8cb00cf6d06cdac9ef13eb1e5c6ab7/ofl/notosanslao/OFL.txt,data/v2/raw/fonts/sans_serif/Noto_Sans_Lao__OFL.txt,"lao,latin,latin-ext,menu",9608b94603a82d09a8038946f9775242f99e3b3459b7f1e4d5b335b578cd7ab3,176620
Krub,sans_serif,Google Fonts official repository,OFL,data/v2/raw/fonts/sans_serif/Krub__Krub-Regular.ttf,True,passed,,True,krub,ofl,e1118da94a8cb00cf6d06cdac9ef13eb1e5c6ab7,https://raw.githubusercontent.com/google/fonts/e1118da94a8cb00cf6d06cdac9ef13eb1e5c6ab7/ofl/krub/METADATA.pb,https://raw.githubusercontent.com/google/fonts/e1118da94a8cb00cf6d06cdac9ef13eb1e5c6ab7/ofl/krub/Krub-Regular.ttf,https://raw.githubusercontent.com/google/fonts/e1118da94a8cb00cf6d06cdac9ef13eb1e5c6ab7/ofl/krub/OFL.txt,data/v2/raw/fonts/sans_serif/Krub__OFL.txt,"latin,latin-ext,menu,thai,vietnamese",24e5c4084ee9e878d54e70bfe5fceccf3ae46fd4aae73a794c04df4091f5e69d,89912
Figtree,sans_serif,Google Fonts official repository,OFL,data/v2/raw/fonts/sans_serif/Figtree__Figtree[wght].ttf,True,passed,,True,figtree,ofl,e1118da94a8cb00cf6d06cdac9ef13eb1e5c6ab7,https://raw.githubusercontent.com/google/fonts/e1118da94a8cb00cf6d06cdac9ef13eb1e5c6ab7/ofl/figtree/METADATA.pb,https://raw.githubusercontent.com/google/fonts/e1118da94a8cb00cf6d06cdac9ef13eb1e5c6ab7/ofl/figtree/Figtree%5Bwght%5D.ttf,https://raw.githubusercontent.com/google/fonts/e1118da94a8cb00cf6d06cdac9ef13eb1e5c6ab7/ofl/figtree/OFL.txt,data/v2/raw/fonts/sans_serif/Figtree__OFL.txt,"latin,latin-ext,menu",26ad3db9b31ff7dde67a91ff515d022d2f495cd506590699cf264f0bfe6fb714,62712
PT Sans Caption,sans_serif,Google Fonts official repository,OFL,data/v2/raw/fonts/sans_serif/PT_Sans_Caption__PT_Sans-Caption-Web-Regular.ttf,True,passed,,True,ptsanscaption,ofl,e1118da94a8cb00cf6d06cdac9ef13eb1e5c6ab7,https://raw.githubusercontent.com/google/fonts/e1118da94a8cb00cf6d06cdac9ef13eb1e5c6ab7/ofl/ptsanscaption/METADATA.pb,https://raw.githubusercontent.com/google/fonts/e1118da94a8cb00cf6d06cdac9ef13eb1e5c6ab7/ofl/ptsanscaption/PT_Sans-Caption-Web-Regular.ttf,https://raw.githubusercontent.com/google/fonts/e1118da94a8cb00cf6d06cdac9ef13eb1e5c6ab7/ofl/ptsanscaption/OFL.txt,data/v2/raw/fonts/sans_serif/PT_Sans_Caption__OFL.txt,"cyrillic,cyrillic-ext,latin,latin-ext,menu",91d763dd9e8284938be814b76919b0bd97510ec342434e7ec7a56f9fc58b36c4,387192
Noto Sans Old Turkic,sans_serif,Google Fonts official repository,OFL,data/v2/raw/fonts/sans_serif/Noto_Sans_Old_Turkic__NotoSansOldTurkic-Regular.ttf,True,passed,,True,notosansoldturkic,ofl,e1118da94a8cb00cf6d06cdac9ef13eb1e5c6ab7,https://raw.githubusercontent.com/google/fonts/e1118da94a8cb00cf6d06cdac9ef13eb1e5c6ab7/ofl/notosansoldturkic/METADATA.pb,https://raw.githubusercontent.com/google/fonts/e1118da94a8cb00cf6d06cdac9ef13eb1e5c6ab7/ofl/notosansoldturkic/NotoSansOldTurkic-Regular.ttf,https://raw.githubusercontent.com/google/fonts/e1118da94a8cb00cf6d06cdac9ef13eb1e5c6ab7/ofl/notosansoldturkic/OFL.txt,data/v2/raw/fonts/sans_serif/Noto_Sans_Old_Turkic__OFL.txt,"latin,latin-ext,menu,old-turkic",b8e3f206a9fdaea960a988bb1ed3275391eb534d127859611dca87f2204da4a7,56284
Oxanium,display,Google Fonts official repository,OFL,data/v2/raw/fonts/display/Oxanium__Oxanium[wght].ttf,True,passed,,True,oxanium,ofl,e1118da94a8cb00cf6d06cdac9ef13eb1e5c6ab7,https://raw.githubusercontent.com/google/fonts/e1118da94a8cb00cf6d06cdac9ef13eb1e5c6ab7/ofl/oxanium/METADATA.pb,https://raw.githubusercontent.com/google/fonts/e1118da94a8cb00cf6d06cdac9ef13eb1e5c6ab7/ofl/oxanium/Oxanium%5Bwght%5D.ttf,https://raw.githubusercontent.com/google/fonts/e1118da94a8cb00cf6d06cdac9ef13eb1e5c6ab7/ofl/oxanium/OFL.txt,data/v2/raw/fonts/display/Oxanium__OFL.txt,"latin,latin-ext,menu",2ce01d946e1e1ffc8d7eecfffbda8623bedd63eaf811a20488c4b69af45babb0,43536
Farsan,display,Google Fonts official repository,OFL,data/v2/raw/fonts/display/Farsan__Farsan-Regular.ttf,True,passed,,True,farsan,ofl,e1118da94a8cb00cf6d06cdac9ef13eb1e5c6ab7,https://raw.githubusercontent.com/google/fonts/e1118da94a8cb00cf6d06cdac9ef13eb1e5c6ab7/ofl/farsan/METADATA.pb,https://raw.githubusercontent.com/google/fonts/e1118da94a8cb00cf6d06cdac9ef13eb1e5c6ab7/ofl/farsan/Farsan-Regular.ttf,https://raw.githubusercontent.com/google/fonts/e1118da94a8cb00cf6d06cdac9ef13eb1e5c6ab7/ofl/farsan/OFL.txt,data/v2/raw/fonts/display/Farsan__OFL.txt,"gujarati,latin,latin-ext,menu,vietnamese",7bb968454a2dde084c9fb0f99a9921e9a8f96b0cd28dedf8f545ec23d52c3550,243932
Rubik Spray Paint,display,Google Fonts official repository,OFL,data/v2/raw/fonts/display/Rubik_Spray_Paint__RubikSprayPaint-Regular.ttf,True,passed,,True,rubikspraypaint,ofl,e1118da94a8cb00cf6d06cdac9ef13eb1e5c6ab7,https://raw.githubusercontent.com/google/fonts/e1118da94a8cb00cf6d06cdac9ef13eb1e5c6ab7/ofl/rubikspraypaint/METADATA.pb,https://raw.githubusercontent.com/google/fonts/e1118da94a8cb00cf6d06cdac9ef13eb1e5c6ab7/ofl/rubikspraypaint/RubikSprayPaint-Regular.ttf,https://raw.githubusercontent.com/google/fonts/e1118da94a8cb00cf6d06cdac9ef13eb1e5c6ab7/ofl/rubikspraypaint/OFL.txt,data/v2/raw/fonts/display/Rubik_Spray_Paint__OFL.txt,"cyrillic,cyrillic-ext,hebrew,latin,latin-ext,menu",e608af93c514f2ba78c9ecfb08e90a206a6f5fd4fc3afbd2db1e65bc65129ca1,941576
Srisakdi,display,Google Fonts official repository,OFL,data/v2/raw/fonts/display/Srisakdi__Srisakdi-Regular.ttf,True,passed,,True,srisakdi,ofl,e1118da94a8cb00cf6d06cdac9ef13eb1e5c6ab7,https://raw.githubusercontent.com/google/fonts/e1118da94a8cb00cf6d06cdac9ef13eb1e5c6ab7/ofl/srisakdi/METADATA.pb,https://raw.githubusercontent.com/google/fonts/e1118da94a8cb00cf6d06cdac9ef13eb1e5c6ab7/ofl/srisakdi/Srisakdi-Regular.ttf,https://raw.githubusercontent.com/google/fonts/e1118da94a8cb00cf6d06cdac9ef13eb1e5c6ab7/ofl/srisakdi/OFL.txt,data/v2/raw/fonts/display/Srisakdi__OFL.txt,"latin,latin-ext,menu,thai,vietnamese",073d1694bda5cf42082574a4b7d57df298d7f2cfc9ee997f8f5ab9b214cf72c9,102340
Rubik 80s Fade,display,Google Fonts official repository,OFL,data/v2/raw/fonts/display/Rubik_80s_Fade__Rubik80sFade-Regular.ttf,True,passed,,True,rubik80sfade,ofl,e1118da94a8cb00cf6d06cdac9ef13eb1e5c6ab7,https://raw.githubusercontent.com/google/fonts/e1118da94a8cb00cf6d06cdac9ef13eb1e5c6ab7/ofl/rubik80sfade/METADATA.pb,https://raw.githubusercontent.com/google/fonts/e1118da94a8cb00cf6d06cdac9ef13eb1e5c6ab7/ofl/rubik80sfade/Rubik80sFade-Regular.ttf,https://raw.githubusercontent.com/google/fonts/e1118da94a8cb00cf6d06cdac9ef13eb1e5c6ab7/ofl/rubik80sfade/OFL.txt,data/v2/raw/fonts/display/Rubik_80s_Fade__OFL.txt,"cyrillic,cyrillic-ext,hebrew,latin,latin-ext,menu",da14679ae16caaf4ad32aece9a7357dcdea02c5d7c9b1d296faba86e19862d3f,3448044
Baloo Bhaina 2,display,Google Fonts official repository,OFL,data/v2/raw/fonts/display/Baloo_Bhaina_2__BalooBhaina2[wght].ttf,True,passed,,True,baloobhaina2,ofl,e1118da94a8cb00cf6d06cdac9ef13eb1e5c6ab7,https://raw.githubusercontent.com/google/fonts/e1118da94a8cb00cf6d06cdac9ef13eb1e5c6ab7/ofl/baloobhaina2/METADATA.pb,https://raw.githubusercontent.com/google/fonts/e1118da94a8cb00cf6d06cdac9ef13eb1e5c6ab7/ofl/baloobhaina2/BalooBhaina2%5Bwght%5D.ttf,https://raw.githubusercontent.com/google/fonts/e1118da94a8cb00cf6d06cdac9ef13eb1e5c6ab7/ofl/baloobhaina2/OFL.txt,data/v2/raw/fonts/display/Baloo_Bhaina_2__OFL.txt,"latin,latin-ext,menu,oriya,vietnamese",d22904b7337723201c910edf70be2de6136ec65be366f2b0e6489860f1343f04,473060
Blaka,display,Google Fonts official repository,OFL,data/v2/raw/fonts/display/Blaka__Blaka-Regular.ttf,True,passed,,True,blaka,ofl,e1118da94a8cb00cf6d06cdac9ef13eb1e5c6ab7,https://raw.githubusercontent.com/google/fonts/e1118da94a8cb00cf6d06cdac9ef13eb1e5c6ab7/ofl/blaka/METADATA.pb,https://raw.githubusercontent.com/google/fonts/e1118da94a8cb00cf6d06cdac9ef13eb1e5c6ab7/ofl/blaka/Blaka-Regular.ttf,https://raw.githubusercontent.com/google/fonts/e1118da94a8cb00cf6d06cdac9ef13eb1e5c6ab7/ofl/blaka/OFL.txt,data/v2/raw/fonts/display/Blaka__OFL.txt,"arabic,latin,latin-ext,menu",5cd0ff67dcfbc371c6450afffe10f6e7027ffada0c31f436beb8865e57b781a3,58104
Rubik Iso,display,Google Fonts official repository,OFL,data/v2/raw/fonts/display/Rubik_Iso__RubikIso-Regular.ttf,True,passed,,True,rubikiso,ofl,e1118da94a8cb00cf6d06cdac9ef13eb1e5c6ab7,https://raw.githubusercontent.com/google/fonts/e1118da94a8cb00cf6d06cdac9ef13eb1e5c6ab7/ofl/rubikiso/METADATA.pb,https://raw.githubusercontent.com/google/fonts/e1118da94a8cb00cf6d06cdac9ef13eb1e5c6ab7/ofl/rubikiso/RubikIso-Regular.ttf,https://raw.githubusercontent.com/google/fonts/e1118da94a8cb00cf6d06cdac9ef13eb1e5c6ab7/ofl/rubikiso/OFL.txt,data/v2/raw/fonts/display/Rubik_Iso__OFL.txt,"cyrillic,cyrillic-ext,hebrew,latin,latin-ext,menu",b3d774e88798b202a354bcbe7f14180c2c76596baa0f1bb8445c53683e8a511b,132376
Bitcount Grid Single Ink,display,Google Fonts official repository,OFL,"data/v2/raw/fonts/display/Bitcount_Grid_Single_Ink__BitcountGridSingleInk[CRSV,ELSH,ELXP,SZP1,SZP2,XPN1,XPN2,YPN1,YPN2,slnt,wght].ttf",True,passed,,True,bitcountgridsingleink,ofl,e1118da94a8cb00cf6d06cdac9ef13eb1e5c6ab7,https://raw.githubusercontent.com/google/fonts/e1118da94a8cb00cf6d06cdac9ef13eb1e5c6ab7/ofl/bitcountgridsingleink/METADATA.pb,https://raw.githubusercontent.com/google/fonts/e1118da94a8cb00cf6d06cdac9ef13eb1e5c6ab7/ofl/bitcountgridsingleink/BitcountGridSingleInk%5BCRSV%2CELSH%2CELXP%2CSZP1%2CSZP2%2CXPN1%2CXPN2%2CYPN1%2CYPN2%2Cslnt%2Cwght%5D.ttf,https://raw.githubusercontent.com/google/fonts/e1118da94a8cb00cf6d06cdac9ef13eb1e5c6ab7/ofl/bitcountgridsingleink/OFL.txt,data/v2/raw/fonts/display/Bitcount_Grid_Single_Ink__OFL.txt,"latin,latin-ext,menu",278c3a8da7298e23b9e93289c6a4efa9d92797aeb7d18f445d93dc0f3c08bb82,276416
Simonetta,display,Google Fonts official repository,OFL,data/v2/raw/fonts/display/Simonetta__Simonetta-Regular.ttf,True,passed,,True,simonetta,ofl,e1118da94a8cb00cf6d06cdac9ef13eb1e5c6ab7,https://raw.githubusercontent.com/google/fonts/e1118da94a8cb00cf6d06cdac9ef13eb1e5c6ab7/ofl/simonetta/METADATA.pb,https://raw.githubusercontent.com/google/fonts/e1118da94a8cb00cf6d06cdac9ef13eb1e5c6ab7/ofl/simonetta/Simonetta-Regular.ttf,https://raw.githubusercontent.com/google/fonts/e1118da94a8cb00cf6d06cdac9ef13eb1e5c6ab7/ofl/simonetta/OFL.txt,data/v2/raw/fonts/display/Simonetta__OFL.txt,"latin,latin-ext,menu",96d14d9f8c8af857dc64beaf4cee297f22d7992a463cfff3e30928b5d5572ef6,115060
Revalia,display,Google Fonts official repository,OFL,data/v2/raw/fonts/display/Revalia__Revalia-Regular.ttf,True,passed,,True,revalia,ofl,e1118da94a8cb00cf6d06cdac9ef13eb1e5c6ab7,https://raw.githubusercontent.com/google/fonts/e1118da94a8cb00cf6d06cdac9ef13eb1e5c6ab7/ofl/revalia/METADATA.pb,https://raw.githubusercontent.com/google/fonts/e1118da94a8cb00cf6d06cdac9ef13eb1e5c6ab7/ofl/revalia/Revalia-Regular.ttf,https://raw.githubusercontent.com/google/fonts/e1118da94a8cb00cf6d06cdac9ef13eb1e5c6ab7/ofl/revalia/OFL.txt,data/v2/raw/fonts/display/Revalia__OFL.txt,"latin,latin-ext,menu",a9313fba7bbeb5f9de6572c3e15ca53f2f608babff40cfa9e9008fff0c1e3c80,61436
Gorditas,display,Google Fonts official repository,OFL,data/v2/raw/fonts/display/Gorditas__Gorditas-Regular.ttf,True,passed,,True,gorditas,ofl,e1118da94a8cb00cf6d06cdac9ef13eb1e5c6ab7,https://raw.githubusercontent.com/google/fonts/e1118da94a8cb00cf6d06cdac9ef13eb1e5c6ab7/ofl/gorditas/METADATA.pb,https://raw.githubusercontent.com/google/fonts/e1118da94a8cb00cf6d06cdac9ef13eb1e5c6ab7/ofl/gorditas/Gorditas-Regular.ttf,https://raw.githubusercontent.com/google/fonts/e1118da94a8cb00cf6d06cdac9ef13eb1e5c6ab7/ofl/gorditas/OFL.txt,data/v2/raw/fonts/display/Gorditas__OFL.txt,"latin,menu",95543aaa4c3e1dc22b220b29bcbd8618ff744d904ed4c23179ab5a911d554ee0,110336
Fugaz One,display,Google Fonts official repository,OFL,data/v2/raw/fonts/display/Fugaz_One__FugazOne-Regular.ttf,True,passed,,True,fugazone,ofl,e1118da94a8cb00cf6d06cdac9ef13eb1e5c6ab7,https://raw.githubusercontent.com/google/fonts/e1118da94a8cb00cf6d06cdac9ef13eb1e5c6ab7/ofl/fugazone/METADATA.pb,https://raw.githubusercontent.com/google/fonts/e1118da94a8cb00cf6d06cdac9ef13eb1e5c6ab7/ofl/fugazone/FugazOne-Regular.ttf,https://raw.githubusercontent.com/google/fonts/e1118da94a8cb00cf6d06cdac9ef13eb1e5c6ab7/ofl/fugazone/OFL.txt,data/v2/raw/fonts/display/Fugaz_One__OFL.txt,"latin,latin-ext,menu",14fd5becce8b0ae987e44b3f9fa9e3e6c87463e9585ac15db6c8271462068a62,27868
Blaka Hollow,display,Google Fonts official repository,OFL,data/v2/raw/fonts/display/Blaka_Hollow__BlakaHollow-Regular.ttf,True,passed,,True,blakahollow,ofl,e1118da94a8cb00cf6d06cdac9ef13eb1e5c6ab7,https://raw.githubusercontent.com/google/fonts/e1118da94a8cb00cf6d06cdac9ef13eb1e5c6ab7/ofl/blakahollow/METADATA.pb,https://raw.githubusercontent.com/google/fonts/e1118da94a8cb00cf6d06cdac9ef13eb1e5c6ab7/ofl/blakahollow/BlakaHollow-Regular.ttf,https://raw.githubusercontent.com/google/fonts/e1118da94a8cb00cf6d06cdac9ef13eb1e5c6ab7/ofl/blakahollow/OFL.txt,data/v2/raw/fonts/display/Blaka_Hollow__OFL.txt,"arabic,latin,latin-ext,menu",59cb30824e6023d454b4b44038cf44cdc9a4ad67f9795171c646c98ceb2bd542,73852
Bungee Tint,display,Google Fonts official repository,OFL,data/v2/raw/fonts/display/Bungee_Tint__BungeeTint-Regular.ttf,True,passed,,True,bungeetint,ofl,e1118da94a8cb00cf6d06cdac9ef13eb1e5c6ab7,https://raw.githubusercontent.com/google/fonts/e1118da94a8cb00cf6d06cdac9ef13eb1e5c6ab7/ofl/bungeetint/METADATA.pb,https://raw.githubusercontent.com/google/fonts/e1118da94a8cb00cf6d06cdac9ef13eb1e5c6ab7/ofl/bungeetint/BungeeTint-Regular.ttf,https://raw.githubusercontent.com/google/fonts/e1118da94a8cb00cf6d06cdac9ef13eb1e5c6ab7/ofl/bungeetint/OFL.txt,data/v2/raw/fonts/display/Bungee_Tint__OFL.txt,"latin,latin-ext,menu,vietnamese",ebe2699c1507981225cfa75c601a2f66aea813e919b34ada735c676fb4b32726,221864
Averia Sans Libre,display,Google Fonts official repository,OFL,data/v2/raw/fonts/display/Averia_Sans_Libre__AveriaSansLibre-Regular.ttf,True,passed,,True,averiasanslibre,ofl,e1118da94a8cb00cf6d06cdac9ef13eb1e5c6ab7,https://raw.githubusercontent.com/google/fonts/e1118da94a8cb00cf6d06cdac9ef13eb1e5c6ab7/ofl/averiasanslibre/METADATA.pb,https://raw.githubusercontent.com/google/fonts/e1118da94a8cb00cf6d06cdac9ef13eb1e5c6ab7/ofl/averiasanslibre/AveriaSansLibre-Regular.ttf,https://raw.githubusercontent.com/google/fonts/e1118da94a8cb00cf6d06cdac9ef13eb1e5c6ab7/ofl/averiasanslibre/OFL.txt,data/v2/raw/fonts/display/Averia_Sans_Libre__OFL.txt,"latin,menu",834a9a8ef3a37da0165274d0345836b430e54ef15e6ebf070ae7c5805034efbc,108320
Zen Tokyo Zoo,display,Google Fonts official repository,OFL,data/v2/raw/fonts/display/Zen_Tokyo_Zoo__ZenTokyoZoo-Regular.ttf,True,passed,,True,zentokyozoo,ofl,e1118da94a8cb00cf6d06cdac9ef13eb1e5c6ab7,https://raw.githubusercontent.com/google/fonts/e1118da94a8cb00cf6d06cdac9ef13eb1e5c6ab7/ofl/zentokyozoo/METADATA.pb,https://raw.githubusercontent.com/google/fonts/e1118da94a8cb00cf6d06cdac9ef13eb1e5c6ab7/ofl/zentokyozoo/ZenTokyoZoo-Regular.ttf,https://raw.githubusercontent.com/google/fonts/e1118da94a8cb00cf6d06cdac9ef13eb1e5c6ab7/ofl/zentokyozoo/OFL.txt,data/v2/raw/fonts/display/Zen_Tokyo_Zoo__OFL.txt,"latin,latin-ext,menu",9dd9dc1a5eba800aca9b0bf4671bda880b7caa6d19174c82776256f6732d604a,92176
Emilys Candy,display,Google Fonts official repository,OFL,data/v2/raw/fonts/display/Emilys_Candy__EmilysCandy-Regular.ttf,True,passed,,True,emilyscandy,ofl,e1118da94a8cb00cf6d06cdac9ef13eb1e5c6ab7,https://raw.githubusercontent.com/google/fonts/e1118da94a8cb00cf6d06cdac9ef13eb1e5c6ab7/ofl/emilyscandy/METADATA.pb,https://raw.githubusercontent.com/google/fonts/e1118da94a8cb00cf6d06cdac9ef13eb1e5c6ab7/ofl/emilyscandy/EmilysCandy-Regular.ttf,https://raw.githubusercontent.com/google/fonts/e1118da94a8cb00cf6d06cdac9ef13eb1e5c6ab7/ofl/emilyscandy/OFL.txt,data/v2/raw/fonts/display/Emilys_Candy__OFL.txt,"latin,latin-ext,menu",0cf3ca9dbe71b33596e8a1eb12b40deac2e6414fe5616dda50c554580b6e0c68,237216
Protest Guerrilla,display,Google Fonts official repository,OFL,data/v2/raw/fonts/display/Protest_Guerrilla__ProtestGuerrilla-Regular.ttf,True,passed,,True,protestguerrilla,ofl,e1118da94a8cb00cf6d06cdac9ef13eb1e5c6ab7,https://raw.githubusercontent.com/google/fonts/e1118da94a8cb00cf6d06cdac9ef13eb1e5c6ab7/ofl/protestguerrilla/METADATA.pb,https://raw.githubusercontent.com/google/fonts/e1118da94a8cb00cf6d06cdac9ef13eb1e5c6ab7/ofl/protestguerrilla/ProtestGuerrilla-Regular.ttf,https://raw.githubusercontent.com/google/fonts/e1118da94a8cb00cf6d06cdac9ef13eb1e5c6ab7/ofl/protestguerrilla/OFL.txt,data/v2/raw/fonts/display/Protest_Guerrilla__OFL.txt,"latin,latin-ext,math,menu,symbols,vietnamese",f163ab212c3310173fc3807a7ec309b188c3f9a845b543af8c80d6fceb8b1df6,85604
Elsie,display,Google Fonts official repository,OFL,data/v2/raw/fonts/display/Elsie__Elsie-Regular.ttf,True,passed,,True,elsie,ofl,e1118da94a8cb00cf6d06cdac9ef13eb1e5c6ab7,https://raw.githubusercontent.com/google/fonts/e1118da94a8cb00cf6d06cdac9ef13eb1e5c6ab7/ofl/elsie/METADATA.pb,https://raw.githubusercontent.com/google/fonts/e1118da94a8cb00cf6d06cdac9ef13eb1e5c6ab7/ofl/elsie/Elsie-Regular.ttf,https://raw.githubusercontent.com/google/fonts/e1118da94a8cb00cf6d06cdac9ef13eb1e5c6ab7/ofl/elsie/OFL.txt,data/v2/raw/fonts/display/Elsie__OFL.txt,"latin,latin-ext,menu",9b3ff5056866667fb29f60beb4522994afdd4d5f580626c6fd9e6f5bf49f1ea5,38936
Kablammo,display,Google Fonts official repository,OFL,data/v2/raw/fonts/display/Kablammo__Kablammo[MORF].ttf,True,passed,,True,kablammo,ofl,e1118da94a8cb00cf6d06cdac9ef13eb1e5c6ab7,https://raw.githubusercontent.com/google/fonts/e1118da94a8cb00cf6d06cdac9ef13eb1e5c6ab7/ofl/kablammo/METADATA.pb,https://raw.githubusercontent.com/google/fonts/e1118da94a8cb00cf6d06cdac9ef13eb1e5c6ab7/ofl/kablammo/Kablammo%5BMORF%5D.ttf,https://raw.githubusercontent.com/google/fonts/e1118da94a8cb00cf6d06cdac9ef13eb1e5c6ab7/ofl/kablammo/OFL.txt,data/v2/raw/fonts/display/Kablammo__OFL.txt,"cyrillic,cyrillic-ext,emoji,latin,latin-ext,menu,vietnamese",900c8c183efc8d913da30dceb9e4e9886888bbd48847455343f12ce85a334925,2209224
Metal,display,Google Fonts official repository,OFL,data/v2/raw/fonts/display/Metal__Metal-Regular.ttf,True,passed,,True,metal,ofl,e1118da94a8cb00cf6d06cdac9ef13eb1e5c6ab7,https://raw.githubusercontent.com/google/fonts/e1118da94a8cb00cf6d06cdac9ef13eb1e5c6ab7/ofl/metal/METADATA.pb,https://raw.githubusercontent.com/google/fonts/e1118da94a8cb00cf6d06cdac9ef13eb1e5c6ab7/ofl/metal/Metal-Regular.ttf,https://raw.githubusercontent.com/google/fonts/e1118da94a8cb00cf6d06cdac9ef13eb1e5c6ab7/ofl/metal/OFL.txt,data/v2/raw/fonts/display/Metal__OFL.txt,"khmer,latin,menu",3718096fff5cf6a76005fdcb786c7f321f496fe6d56fbcb7f664c12c433d8413,142428
Syne Tactile,display,Google Fonts official repository,OFL,data/v2/raw/fonts/display/Syne_Tactile__SyneTactile-Regular.ttf,True,passed,,True,synetactile,ofl,e1118da94a8cb00cf6d06cdac9ef13eb1e5c6ab7,https://raw.githubusercontent.com/google/fonts/e1118da94a8cb00cf6d06cdac9ef13eb1e5c6ab7/ofl/synetactile/METADATA.pb,https://raw.githubusercontent.com/google/fonts/e1118da94a8cb00cf6d06cdac9ef13eb1e5c6ab7/ofl/synetactile/SyneTactile-Regular.ttf,https://raw.githubusercontent.com/google/fonts/e1118da94a8cb00cf6d06cdac9ef13eb1e5c6ab7/ofl/synetactile/OFL.txt,data/v2/raw/fonts/display/Syne_Tactile__OFL.txt,"latin,latin-ext,menu",d47ec3693a8f7a7fdf72cdee0e45c8fa0e08bc0b41ba41b8cf31509065ff0620,129820
Chewy,display,Google Fonts official repository,APACHE2,data/v2/raw/fonts/display/Chewy__Chewy-Regular.ttf,True,passed,,True,chewy,apache,e1118da94a8cb00cf6d06cdac9ef13eb1e5c6ab7,https://raw.githubusercontent.com/google/fonts/e1118da94a8cb00cf6d06cdac9ef13eb1e5c6ab7/apache/chewy/METADATA.pb,https://raw.githubusercontent.com/google/fonts/e1118da94a8cb00cf6d06cdac9ef13eb1e5c6ab7/apache/chewy/Chewy-Regular.ttf,https://raw.githubusercontent.com/google/fonts/e1118da94a8cb00cf6d06cdac9ef13eb1e5c6ab7/apache/chewy/LICENSE.txt,data/v2/raw/fonts/display/Chewy__LICENSE.txt,"latin,menu",7cf75ea288f82fd20badea8ab4da7a656a96a7277c170811e813b3d3d6294147,41248
Trochut,display,Google Fonts official repository,OFL,data/v2/raw/fonts/display/Trochut__Trochut-Regular.ttf,True,passed,,True,trochut,ofl,e1118da94a8cb00cf6d06cdac9ef13eb1e5c6ab7,https://raw.githubusercontent.com/google/fonts/e1118da94a8cb00cf6d06cdac9ef13eb1e5c6ab7/ofl/trochut/METADATA.pb,https://raw.githubusercontent.com/google/fonts/e1118da94a8cb00cf6d06cdac9ef13eb1e5c6ab7/ofl/trochut/Trochut-Regular.ttf,https://raw.githubusercontent.com/google/fonts/e1118da94a8cb00cf6d06cdac9ef13eb1e5c6ab7/ofl/trochut/OFL.txt,data/v2/raw/fonts/display/Trochut__OFL.txt,"latin,latin-ext,menu",720759af046a690bebcc0fee08df6841d564438219ca86544c375b9252a1224e,25300
Bokor,display,Google Fonts official repository,OFL,data/v2/raw/fonts/display/Bokor__Bokor-Regular.ttf,True,passed,,True,bokor,ofl,e1118da94a8cb00cf6d06cdac9ef13eb1e5c6ab7,https://raw.githubusercontent.com/google/fonts/e1118da94a8cb00cf6d06cdac9ef13eb1e5c6ab7/ofl/bokor/METADATA.pb,https://raw.githubusercontent.com/google/fonts/e1118da94a8cb00cf6d06cdac9ef13eb1e5c6ab7/ofl/bokor/Bokor-Regular.ttf,https://raw.githubusercontent.com/google/fonts/e1118da94a8cb00cf6d06cdac9ef13eb1e5c6ab7/ofl/bokor/OFL.txt,data/v2/raw/fonts/display/Bokor__OFL.txt,"khmer,latin,menu",640d475abdd109bfd80d2eef892fe1c63d3ec0faddcd15f819c5f1729712c370,124128
Bitcount Ink,display,Google Fonts official repository,OFL,"data/v2/raw/fonts/display/Bitcount_Ink__BitcountInk[CRSV,ELSH,ELXP,SZP1,SZP2,XPN1,XPN2,YPN1,YPN2,slnt,wght].ttf",True,passed,,True,bitcountink,ofl,e1118da94a8cb00cf6d06cdac9ef13eb1e5c6ab7,https://raw.githubusercontent.com/google/fonts/e1118da94a8cb00cf6d06cdac9ef13eb1e5c6ab7/ofl/bitcountink/METADATA.pb,https://raw.githubusercontent.com/google/fonts/e1118da94a8cb00cf6d06cdac9ef13eb1e5c6ab7/ofl/bitcountink/BitcountInk%5BCRSV%2CELSH%2CELXP%2CSZP1%2CSZP2%2CXPN1%2CXPN2%2CYPN1%2CYPN2%2Cslnt%2Cwght%5D.ttf,https://raw.githubusercontent.com/google/fonts/e1118da94a8cb00cf6d06cdac9ef13eb1e5c6ab7/ofl/bitcountink/OFL.txt,data/v2/raw/fonts/display/Bitcount_Ink__OFL.txt,"latin,latin-ext,menu",403901a91328663ea245241729e7752b28265b01772d356e2b3159bf3a628fe6,314728
Black Ops One,display,Google Fonts official repository,OFL,data/v2/raw/fonts/display/Black_Ops_One__BlackOpsOne-Regular.ttf,True,passed,,True,blackopsone,ofl,e1118da94a8cb00cf6d06cdac9ef13eb1e5c6ab7,https://raw.githubusercontent.com/google/fonts/e1118da94a8cb00cf6d06cdac9ef13eb1e5c6ab7/ofl/blackopsone/METADATA.pb,https://raw.githubusercontent.com/google/fonts/e1118da94a8cb00cf6d06cdac9ef13eb1e5c6ab7/ofl/blackopsone/BlackOpsOne-Regular.ttf,https://raw.githubusercontent.com/google/fonts/e1118da94a8cb00cf6d06cdac9ef13eb1e5c6ab7/ofl/blackopsone/OFL.txt,data/v2/raw/fonts/display/Black_Ops_One__OFL.txt,"cyrillic-ext,latin,latin-ext,menu,vietnamese",282a825b5f294377387e3969f765408157dbea8da0f5d0aae68c6bc704b145b3,166532
Vina Sans,display,Google Fonts official repository,OFL,data/v2/raw/fonts/display/Vina_Sans__VinaSans-Regular.ttf,True,passed,,True,vinasans,ofl,e1118da94a8cb00cf6d06cdac9ef13eb1e5c6ab7,https://raw.githubusercontent.com/google/fonts/e1118da94a8cb00cf6d06cdac9ef13eb1e5c6ab7/ofl/vinasans/METADATA.pb,https://raw.githubusercontent.com/google/fonts/e1118da94a8cb00cf6d06cdac9ef13eb1e5c6ab7/ofl/vinasans/VinaSans-Regular.ttf,https://raw.githubusercontent.com/google/fonts/e1118da94a8cb00cf6d06cdac9ef13eb1e5c6ab7/ofl/vinasans/OFL.txt,data/v2/raw/fonts/display/Vina_Sans__OFL.txt,"latin,latin-ext,menu,vietnamese",aaab4634a39d8a9f51d97844822ae4cba4a64e0d24b26e88f7b5d401e954fe13,93328
Poiret One,display,Google Fonts official repository,OFL,data/v2/raw/fonts/display/Poiret_One__PoiretOne-Regular.ttf,True,passed,,True,poiretone,ofl,e1118da94a8cb00cf6d06cdac9ef13eb1e5c6ab7,https://raw.githubusercontent.com/google/fonts/e1118da94a8cb00cf6d06cdac9ef13eb1e5c6ab7/ofl/poiretone/METADATA.pb,https://raw.githubusercontent.com/google/fonts/e1118da94a8cb00cf6d06cdac9ef13eb1e5c6ab7/ofl/poiretone/PoiretOne-Regular.ttf,https://raw.githubusercontent.com/google/fonts/e1118da94a8cb00cf6d06cdac9ef13eb1e5c6ab7/ofl/poiretone/OFL.txt,data/v2/raw/fonts/display/Poiret_One__OFL.txt,"cyrillic,cyrillic-ext,latin,latin-ext,menu,vietnamese",457f2d03263f58e5a6dbcc1b607b10dff6581e7cf9c4ebdf330ec3e6772a3558,130176
Dokdo,display,Google Fonts official repository,OFL,data/v2/raw/fonts/display/Dokdo__Dokdo-Regular.ttf,True,passed,,True,dokdo,ofl,e1118da94a8cb00cf6d06cdac9ef13eb1e5c6ab7,https://raw.githubusercontent.com/google/fonts/e1118da94a8cb00cf6d06cdac9ef13eb1e5c6ab7/ofl/dokdo/METADATA.pb,https://raw.githubusercontent.com/google/fonts/e1118da94a8cb00cf6d06cdac9ef13eb1e5c6ab7/ofl/dokdo/Dokdo-Regular.ttf,https://raw.githubusercontent.com/google/fonts/e1118da94a8cb00cf6d06cdac9ef13eb1e5c6ab7/ofl/dokdo/OFL.txt,data/v2/raw/fonts/display/Dokdo__OFL.txt,"korean,latin,menu",5b3a3d8d28af31fa9adec3fc5da81a88b52e1ff39ed3930c1db787aa4e79c36d,2150860
Life Savers,display,Google Fonts official repository,OFL,data/v2/raw/fonts/display/Life_Savers__LifeSavers-Regular.ttf,True,passed,,True,lifesavers,ofl,e1118da94a8cb00cf6d06cdac9ef13eb1e5c6ab7,https://raw.githubusercontent.com/google/fonts/e1118da94a8cb00cf6d06cdac9ef13eb1e5c6ab7/ofl/lifesavers/METADATA.pb,https://raw.githubusercontent.com/google/fonts/e1118da94a8cb00cf6d06cdac9ef13eb1e5c6ab7/ofl/lifesavers/LifeSavers-Regular.ttf,https://raw.githubusercontent.com/google/fonts/e1118da94a8cb00cf6d06cdac9ef13eb1e5c6ab7/ofl/lifesavers/OFL.txt,data/v2/raw/fonts/display/Life_Savers__OFL.txt,"latin,latin-ext,menu",9cfbf78067b2f17079be543d38bc614ddad23cc6e9c61f119b2ad96289236056,217792
Warnes,display,Google Fonts official repository,OFL,data/v2/raw/fonts/display/Warnes__Warnes-Regular.ttf,True,passed,,True,warnes,ofl,e1118da94a8cb00cf6d06cdac9ef13eb1e5c6ab7,https://raw.githubusercontent.com/google/fonts/e1118da94a8cb00cf6d06cdac9ef13eb1e5c6ab7/ofl/warnes/METADATA.pb,https://raw.githubusercontent.com/google/fonts/e1118da94a8cb00cf6d06cdac9ef13eb1e5c6ab7/ofl/warnes/Warnes-Regular.ttf,https://raw.githubusercontent.com/google/fonts/e1118da94a8cb00cf6d06cdac9ef13eb1e5c6ab7/ofl/warnes/OFL.txt,data/v2/raw/fonts/display/Warnes__OFL.txt,"latin,latin-ext,menu",d3bd538498237de2f30420b45efe9b1a2d0671f66868ddf595284f797266ba32,70272
Fruktur,display,Google Fonts official repository,OFL,data/v2/raw/fonts/display/Fruktur__Fruktur-Regular.ttf,True,passed,,True,fruktur,ofl,e1118da94a8cb00cf6d06cdac9ef13eb1e5c6ab7,https://raw.githubusercontent.com/google/fonts/e1118da94a8cb00cf6d06cdac9ef13eb1e5c6ab7/ofl/fruktur/METADATA.pb,https://raw.githubusercontent.com/google/fonts/e1118da94a8cb00cf6d06cdac9ef13eb1e5c6ab7/ofl/fruktur/Fruktur-Regular.ttf,https://raw.githubusercontent.com/google/fonts/e1118da94a8cb00cf6d06cdac9ef13eb1e5c6ab7/ofl/fruktur/OFL.txt,data/v2/raw/fonts/display/Fruktur__OFL.txt,"cyrillic-ext,latin,latin-ext,menu,vietnamese",dcba901b5fe11c0b6c3e8d5eb1003339b2dd020e2fc3949014ed0d8ff87715e7,211180
Nova Script,display,Google Fonts official repository,OFL,data/v2/raw/fonts/display/Nova_Script__NovaScript-Regular.ttf,True,passed,,True,novascript,ofl,e1118da94a8cb00cf6d06cdac9ef13eb1e5c6ab7,https://raw.githubusercontent.com/google/fonts/e1118da94a8cb00cf6d06cdac9ef13eb1e5c6ab7/ofl/novascript/METADATA.pb,https://raw.githubusercontent.com/google/fonts/e1118da94a8cb00cf6d06cdac9ef13eb1e5c6ab7/ofl/novascript/NovaScript-Regular.ttf,https://raw.githubusercontent.com/google/fonts/e1118da94a8cb00cf6d06cdac9ef13eb1e5c6ab7/ofl/novascript/OFL.txt,data/v2/raw/fonts/display/Nova_Script__OFL.txt,"latin,menu",470a4b2ca317b49f8bfc21d2b8f70d506b2652643664e1c3898852e72122a28d,117388
Unlock,display,Google Fonts official repository,OFL,data/v2/raw/fonts/display/Unlock__Unlock-Regular.ttf,True,passed,,True,unlock,ofl,e1118da94a8cb00cf6d06cdac9ef13eb1e5c6ab7,https://raw.githubusercontent.com/google/fonts/e1118da94a8cb00cf6d06cdac9ef13eb1e5c6ab7/ofl/unlock/METADATA.pb,https://raw.githubusercontent.com/google/fonts/e1118da94a8cb00cf6d06cdac9ef13eb1e5c6ab7/ofl/unlock/Unlock-Regular.ttf,https://raw.githubusercontent.com/google/fonts/e1118da94a8cb00cf6d06cdac9ef13eb1e5c6ab7/ofl/unlock/OFL.txt,data/v2/raw/fonts/display/Unlock__OFL.txt,"latin,latin-ext,menu",916edbbc325dd8abc630d688c88b4501df9494183295662f017ebe2ace843519,57640
UnifrakturCook,display,Google Fonts official repository,OFL,data/v2/raw/fonts/display/UnifrakturCook__UnifrakturCook-Bold.ttf,True,passed,,True,unifrakturcook,ofl,e1118da94a8cb00cf6d06cdac9ef13eb1e5c6ab7,https://raw.githubusercontent.com/google/fonts/e1118da94a8cb00cf6d06cdac9ef13eb1e5c6ab7/ofl/unifrakturcook/METADATA.pb,https://raw.githubusercontent.com/google/fonts/e1118da94a8cb00cf6d06cdac9ef13eb1e5c6ab7/ofl/unifrakturcook/UnifrakturCook-Bold.ttf,https://raw.githubusercontent.com/google/fonts/e1118da94a8cb00cf6d06cdac9ef13eb1e5c6ab7/ofl/unifrakturcook/OFL.txt,data/v2/raw/fonts/display/UnifrakturCook__OFL.txt,"latin,menu",ea002fa9c65f1a612af100e00d87ab65f16381f450020ec3d021f3dbf79a6dcd,42688
Big Shoulders,display,Google Fonts official repository,OFL,"data/v2/raw/fonts/display/Big_Shoulders__BigShoulders[opsz,wght].ttf",True,passed,,True,bigshoulders,ofl,e1118da94a8cb00cf6d06cdac9ef13eb1e5c6ab7,https://raw.githubusercontent.com/google/fonts/e1118da94a8cb00cf6d06cdac9ef13eb1e5c6ab7/ofl/bigshoulders/METADATA.pb,https://raw.githubusercontent.com/google/fonts/e1118da94a8cb00cf6d06cdac9ef13eb1e5c6ab7/ofl/bigshoulders/BigShoulders%5Bopsz%2Cwght%5D.ttf,https://raw.githubusercontent.com/google/fonts/e1118da94a8cb00cf6d06cdac9ef13eb1e5c6ab7/ofl/bigshoulders/OFL.txt,data/v2/raw/fonts/display/Big_Shoulders__OFL.txt,"latin,latin-ext,menu,vietnamese",4b4b24aa6f799aa73cdcd5b6fa840cbcbbb38b81fa9fa82c25126a4530c1ba44,320800
Elsie Swash Caps,display,Google Fonts official repository,OFL,data/v2/raw/fonts/display/Elsie_Swash_Caps__ElsieSwashCaps-Regular.ttf,True,passed,,True,elsieswashcaps,ofl,e1118da94a8cb00cf6d06cdac9ef13eb1e5c6ab7,https://raw.githubusercontent.com/google/fonts/e1118da94a8cb00cf6d06cdac9ef13eb1e5c6ab7/ofl/elsieswashcaps/METADATA.pb,https://raw.githubusercontent.com/google/fonts/e1118da94a8cb00cf6d06cdac9ef13eb1e5c6ab7/ofl/elsieswashcaps/ElsieSwashCaps-Regular.ttf,https://raw.githubusercontent.com/google/fonts/e1118da94a8cb00cf6d06cdac9ef13eb1e5c6ab7/ofl/elsieswashcaps/OFL.txt,data/v2/raw/fonts/display/Elsie_Swash_Caps__OFL.txt,"latin,latin-ext,menu",6b9c2d61e6f955e4cc7bc51777a2e411c2034d921d150473098b9c7554734520,38332
Bahianita,display,Google Fonts official repository,OFL,data/v2/raw/fonts/display/Bahianita__Bahianita-Regular.ttf,True,passed,,True,bahianita,ofl,e1118da94a8cb00cf6d06cdac9ef13eb1e5c6ab7,https://raw.githubusercontent.com/google/fonts/e1118da94a8cb00cf6d06cdac9ef13eb1e5c6ab7/ofl/bahianita/METADATA.pb,https://raw.githubusercontent.com/google/fonts/e1118da94a8cb00cf6d06cdac9ef13eb1e5c6ab7/ofl/bahianita/Bahianita-Regular.ttf,https://raw.githubusercontent.com/google/fonts/e1118da94a8cb00cf6d06cdac9ef13eb1e5c6ab7/ofl/bahianita/OFL.txt,data/v2/raw/fonts/display/Bahianita__OFL.txt,"latin,latin-ext,menu,vietnamese",325f21fc723c962e58f895961c77ed151520baaa56e366c4dcaf7c8fcb75130a,142668
Big Shoulders Text,display,Google Fonts official repository,OFL,data/v2/raw/fonts/display/Big_Shoulders_Text__BigShouldersText[wght].ttf,True,passed,,True,bigshoulderstext,ofl,e1118da94a8cb00cf6d06cdac9ef13eb1e5c6ab7,https://raw.githubusercontent.com/google/fonts/e1118da94a8cb00cf6d06cdac9ef13eb1e5c6ab7/ofl/bigshoulderstext/METADATA.pb,https://raw.githubusercontent.com/google/fonts/e1118da94a8cb00cf6d06cdac9ef13eb1e5c6ab7/ofl/bigshoulderstext/BigShouldersText%5Bwght%5D.ttf,https://raw.githubusercontent.com/google/fonts/e1118da94a8cb00cf6d06cdac9ef13eb1e5c6ab7/ofl/bigshoulderstext/OFL.txt,data/v2/raw/fonts/display/Big_Shoulders_Text__OFL.txt,"latin,latin-ext,menu,vietnamese",fce6c5cf4edec9c9dfb3e7a0f60bef927c881eab72ca17d50fddf4b55f334ed5,218416
Stardos Stencil,display,Google Fonts official repository,OFL,data/v2/raw/fonts/display/Stardos_Stencil__StardosStencil-Regular.ttf,True,passed,,True,stardosstencil,ofl,e1118da94a8cb00cf6d06cdac9ef13eb1e5c6ab7,https://raw.githubusercontent.com/google/fonts/e1118da94a8cb00cf6d06cdac9ef13eb1e5c6ab7/ofl/stardosstencil/METADATA.pb,https://raw.githubusercontent.com/google/fonts/e1118da94a8cb00cf6d06cdac9ef13eb1e5c6ab7/ofl/stardosstencil/StardosStencil-Regular.ttf,https://raw.githubusercontent.com/google/fonts/e1118da94a8cb00cf6d06cdac9ef13eb1e5c6ab7/ofl/stardosstencil/OFL.txt,data/v2/raw/fonts/display/Stardos_Stencil__OFL.txt,"latin,menu",208b13d15387c282a1c0c439a8e4c38809243d15c361b31da440b25a7e4f39ae,42624
Slackey,display,Google Fonts official repository,APACHE2,data/v2/raw/fonts/display/Slackey__Slackey-Regular.ttf,True,passed,,True,slackey,apache,e1118da94a8cb00cf6d06cdac9ef13eb1e5c6ab7,https://raw.githubusercontent.com/google/fonts/e1118da94a8cb00cf6d06cdac9ef13eb1e5c6ab7/apache/slackey/METADATA.pb,https://raw.githubusercontent.com/google/fonts/e1118da94a8cb00cf6d06cdac9ef13eb1e5c6ab7/apache/slackey/Slackey-Regular.ttf,https://raw.githubusercontent.com/google/fonts/e1118da94a8cb00cf6d06cdac9ef13eb1e5c6ab7/apache/slackey/LICENSE.txt,data/v2/raw/fonts/display/Slackey__LICENSE.txt,"latin,menu",0be253cdeadcd1ea90ff5954e86641b3ccbef27152608e266af91619cd308eb2,37896
Bitcount Grid Single,display,Google Fonts official repository,OFL,"data/v2/raw/fonts/display/Bitcount_Grid_Single__BitcountGridSingle[CRSV,ELSH,ELXP,slnt,wght].ttf",True,passed,,True,bitcountgridsingle,ofl,e1118da94a8cb00cf6d06cdac9ef13eb1e5c6ab7,https://raw.githubusercontent.com/google/fonts/e1118da94a8cb00cf6d06cdac9ef13eb1e5c6ab7/ofl/bitcountgridsingle/METADATA.pb,https://raw.githubusercontent.com/google/fonts/e1118da94a8cb00cf6d06cdac9ef13eb1e5c6ab7/ofl/bitcountgridsingle/BitcountGridSingle%5BCRSV%2CELSH%2CELXP%2Cslnt%2Cwght%5D.ttf,https://raw.githubusercontent.com/google/fonts/e1118da94a8cb00cf6d06cdac9ef13eb1e5c6ab7/ofl/bitcountgridsingle/OFL.txt,data/v2/raw/fonts/display/Bitcount_Grid_Single__OFL.txt,"latin,latin-ext,menu",f28e3429f64e9f27b32c6819a7f7b0d58164cf2716fdb9c3df8a5b35187d41a4,226168
Big Shoulders Stencil Text SC,display,Google Fonts official repository,OFL,data/v2/raw/fonts/display/Big_Shoulders_Stencil_Text_SC__BigShouldersStencilTextSC[wght].ttf,True,passed,,True,bigshouldersstenciltextsc,ofl,e1118da94a8cb00cf6d06cdac9ef13eb1e5c6ab7,https://raw.githubusercontent.com/google/fonts/e1118da94a8cb00cf6d06cdac9ef13eb1e5c6ab7/ofl/bigshouldersstenciltextsc/METADATA.pb,https://raw.githubusercontent.com/google/fonts/e1118da94a8cb00cf6d06cdac9ef13eb1e5c6ab7/ofl/bigshouldersstenciltextsc/BigShouldersStencilTextSC%5Bwght%5D.ttf,https://raw.githubusercontent.com/google/fonts/e1118da94a8cb00cf6d06cdac9ef13eb1e5c6ab7/ofl/bigshouldersstenciltextsc/OFL.txt,data/v2/raw/fonts/display/Big_Shoulders_Stencil_Text_SC__OFL.txt,"latin,latin-ext,menu,vietnamese",970efc1f8eb45174ae6fa7e14aa33449af764dc8f925d296e3b9aa1878b87e74,205352
Averia Gruesa Libre,display,Google Fonts official repository,OFL,data/v2/raw/fonts/display/Averia_Gruesa_Libre__AveriaGruesaLibre-Regular.ttf,True,passed,,True,averiagruesalibre,ofl,e1118da94a8cb00cf6d06cdac9ef13eb1e5c6ab7,https://raw.githubusercontent.com/google/fonts/e1118da94a8cb00cf6d06cdac9ef13eb1e5c6ab7/ofl/averiagruesalibre/METADATA.pb,https://raw.githubusercontent.com/google/fonts/e1118da94a8cb00cf6d06cdac9ef13eb1e5c6ab7/ofl/averiagruesalibre/AveriaGruesaLibre-Regular.ttf,https://raw.githubusercontent.com/google/fonts/e1118da94a8cb00cf6d06cdac9ef13eb1e5c6ab7/ofl/averiagruesalibre/OFL.txt,data/v2/raw/fonts/display/Averia_Gruesa_Libre__OFL.txt,"latin,latin-ext,menu",df080c6c99c694b3d741835957e4ebc37d640a9c54f4079ceb8c7211e3f2e209,111584
Titan One,display,Google Fonts official repository,OFL,data/v2/raw/fonts/display/Titan_One__TitanOne-Regular.ttf,True,passed,,True,titanone,ofl,e1118da94a8cb00cf6d06cdac9ef13eb1e5c6ab7,https://raw.githubusercontent.com/google/fonts/e1118da94a8cb00cf6d06cdac9ef13eb1e5c6ab7/ofl/titanone/METADATA.pb,https://raw.githubusercontent.com/google/fonts/e1118da94a8cb00cf6d06cdac9ef13eb1e5c6ab7/ofl/titanone/TitanOne-Regular.ttf,https://raw.githubusercontent.com/google/fonts/e1118da94a8cb00cf6d06cdac9ef13eb1e5c6ab7/ofl/titanone/OFL.txt,data/v2/raw/fonts/display/Titan_One__OFL.txt,"latin,latin-ext,menu",563ff6de179bbd44bcd7d2a6c448d6dc3bf935834237cf1250e506e65cd86ff1,55712
Bungee,display,Google Fonts official repository,OFL,data/v2/raw/fonts/display/Bungee__Bungee-Regular.ttf,True,passed,,True,bungee,ofl,e1118da94a8cb00cf6d06cdac9ef13eb1e5c6ab7,https://raw.githubusercontent.com/google/fonts/e1118da94a8cb00cf6d06cdac9ef13eb1e5c6ab7/ofl/bungee/METADATA.pb,https://raw.githubusercontent.com/google/fonts/e1118da94a8cb00cf6d06cdac9ef13eb1e5c6ab7/ofl/bungee/Bungee-Regular.ttf,https://raw.githubusercontent.com/google/fonts/e1118da94a8cb00cf6d06cdac9ef13eb1e5c6ab7/ofl/bungee/OFL.txt,data/v2/raw/fonts/display/Bungee__OFL.txt,"latin,latin-ext,menu,vietnamese",c4f5361ce120af3e6b9156d0bf379fa19cda2ea0cd18ac01fd99596c6bf66e3f,118996
Nova Cut,display,Google Fonts official repository,OFL,data/v2/raw/fonts/display/Nova_Cut__NovaCut.ttf,True,passed,,True,novacut,ofl,e1118da94a8cb00cf6d06cdac9ef13eb1e5c6ab7,https://raw.githubusercontent.com/google/fonts/e1118da94a8cb00cf6d06cdac9ef13eb1e5c6ab7/ofl/novacut/METADATA.pb,https://raw.githubusercontent.com/google/fonts/e1118da94a8cb00cf6d06cdac9ef13eb1e5c6ab7/ofl/novacut/NovaCut.ttf,https://raw.githubusercontent.com/google/fonts/e1118da94a8cb00cf6d06cdac9ef13eb1e5c6ab7/ofl/novacut/OFL.txt,data/v2/raw/fonts/display/Nova_Cut__OFL.txt,"latin,latin-ext,menu",09b4238312770fb6a4405027dc33feef1bb1c9283d3c907fe7282960da4eb5f7,94488
Aboreto,display,Google Fonts official repository,OFL,data/v2/raw/fonts/display/Aboreto__Aboreto-Regular.ttf,True,passed,,True,aboreto,ofl,e1118da94a8cb00cf6d06cdac9ef13eb1e5c6ab7,https://raw.githubusercontent.com/google/fonts/e1118da94a8cb00cf6d06cdac9ef13eb1e5c6ab7/ofl/aboreto/METADATA.pb,https://raw.githubusercontent.com/google/fonts/e1118da94a8cb00cf6d06cdac9ef13eb1e5c6ab7/ofl/aboreto/Aboreto-Regular.ttf,https://raw.githubusercontent.com/google/fonts/e1118da94a8cb00cf6d06cdac9ef13eb1e5c6ab7/ofl/aboreto/OFL.txt,data/v2/raw/fonts/display/Aboreto__OFL.txt,"latin,latin-ext,menu",fc702d535857fa2bda802647b9d55f82a07502d4acdfd95b47279b3bf479eaa1,48356
Lobster Two,display,Google Fonts official repository,OFL,data/v2/raw/fonts/display/Lobster_Two__LobsterTwo-Regular.ttf,True,passed,,True,lobstertwo,ofl,e1118da94a8cb00cf6d06cdac9ef13eb1e5c6ab7,https://raw.githubusercontent.com/google/fonts/e1118da94a8cb00cf6d06cdac9ef13eb1e5c6ab7/ofl/lobstertwo/METADATA.pb,https://raw.githubusercontent.com/google/fonts/e1118da94a8cb00cf6d06cdac9ef13eb1e5c6ab7/ofl/lobstertwo/LobsterTwo-Regular.ttf,https://raw.githubusercontent.com/google/fonts/e1118da94a8cb00cf6d06cdac9ef13eb1e5c6ab7/ofl/lobstertwo/OFL.txt,data/v2/raw/fonts/display/Lobster_Two__OFL.txt,"latin,menu",be3d8ce18188bc559de37e4355f5f902b4960a7b65a99efb78c03bb65bb782e6,254332
Koulen,display,Google Fonts official repository,OFL,data/v2/raw/fonts/display/Koulen__Koulen-Regular.ttf,True,passed,,True,koulen,ofl,e1118da94a8cb00cf6d06cdac9ef13eb1e5c6ab7,https://raw.githubusercontent.com/google/fonts/e1118da94a8cb00cf6d06cdac9ef13eb1e5c6ab7/ofl/koulen/METADATA.pb,https://raw.githubusercontent.com/google/fonts/e1118da94a8cb00cf6d06cdac9ef13eb1e5c6ab7/ofl/koulen/Koulen-Regular.ttf,https://raw.githubusercontent.com/google/fonts/e1118da94a8cb00cf6d06cdac9ef13eb1e5c6ab7/ofl/koulen/OFL.txt,data/v2/raw/fonts/display/Koulen__OFL.txt,"khmer,latin,menu",4e19b0b83c537547b0f1ff1fb39dafb55cefbf6e957ef4bc900dccb9e4220117,56324
Jacquarda Bastarda 9 Charted,display,Google Fonts official repository,OFL,data/v2/raw/fonts/display/Jacquarda_Bastarda_9_Charted__JacquardaBastarda9Charted-Regular.ttf,True,passed,,True,jacquardabastarda9charted,ofl,e1118da94a8cb00cf6d06cdac9ef13eb1e5c6ab7,https://raw.githubusercontent.com/google/fonts/e1118da94a8cb00cf6d06cdac9ef13eb1e5c6ab7/ofl/jacquardabastarda9charted/METADATA.pb,https://raw.githubusercontent.com/google/fonts/e1118da94a8cb00cf6d06cdac9ef13eb1e5c6ab7/ofl/jacquardabastarda9charted/JacquardaBastarda9Charted-Regular.ttf,https://raw.githubusercontent.com/google/fonts/e1118da94a8cb00cf6d06cdac9ef13eb1e5c6ab7/ofl/jacquardabastarda9charted/OFL.txt,data/v2/raw/fonts/display/Jacquarda_Bastarda_9_Charted__OFL.txt,"latin,latin-ext,math,menu,symbols",812bb5613b16bd8cefdc43b4497400ea548c55a64f0d6e8cb1bf510a28da8581,2238348
Libre Barcode 39 Extended Text,display,Google Fonts official repository,OFL,data/v2/raw/fonts/display/Libre_Barcode_39_Extended_Text__LibreBarcode39ExtendedText-Regular.ttf,True,passed,,True,librebarcode39extendedtext,ofl,e1118da94a8cb00cf6d06cdac9ef13eb1e5c6ab7,https://raw.githubusercontent.com/google/fonts/e1118da94a8cb00cf6d06cdac9ef13eb1e5c6ab7/ofl/librebarcode39extendedtext/METADATA.pb,https://raw.githubusercontent.com/google/fonts/e1118da94a8cb00cf6d06cdac9ef13eb1e5c6ab7/ofl/librebarcode39extendedtext/LibreBarcode39ExtendedText-Regular.ttf,https://raw.githubusercontent.com/google/fonts/e1118da94a8cb00cf6d06cdac9ef13eb1e5c6ab7/ofl/librebarcode39extendedtext/OFL.txt,data/v2/raw/fonts/display/Libre_Barcode_39_Extended_Text__OFL.txt,"latin,menu",d7b50101f16c4dc3eae0bd1bab254c1fda6b69a1396db72b1767be229a0cec2b,35280
Keania One,display,Google Fonts official repository,OFL,data/v2/raw/fonts/display/Keania_One__KeaniaOne-Regular.ttf,True,passed,,True,keaniaone,ofl,e1118da94a8cb00cf6d06cdac9ef13eb1e5c6ab7,https://raw.githubusercontent.com/google/fonts/e1118da94a8cb00cf6d06cdac9ef13eb1e5c6ab7/ofl/keaniaone/METADATA.pb,https://raw.githubusercontent.com/google/fonts/e1118da94a8cb00cf6d06cdac9ef13eb1e5c6ab7/ofl/keaniaone/KeaniaOne-Regular.ttf,https://raw.githubusercontent.com/google/fonts/e1118da94a8cb00cf6d06cdac9ef13eb1e5c6ab7/ofl/keaniaone/OFL.txt,data/v2/raw/fonts/display/Keania_One__OFL.txt,"latin,latin-ext,menu",55c6be3d0cdc816c462bccbcc935ef20f560bd7aecbf1b38caed4752b52c14c0,38812
Galindo,display,Google Fonts official repository,OFL,data/v2/raw/fonts/display/Galindo__Galindo-Regular.ttf,True,passed,,True,galindo,ofl,e1118da94a8cb00cf6d06cdac9ef13eb1e5c6ab7,https://raw.githubusercontent.com/google/fonts/e1118da94a8cb00cf6d06cdac9ef13eb1e5c6ab7/ofl/galindo/METADATA.pb,https://raw.githubusercontent.com/google/fonts/e1118da94a8cb00cf6d06cdac9ef13eb1e5c6ab7/ofl/galindo/Galindo-Regular.ttf,https://raw.githubusercontent.com/google/fonts/e1118da94a8cb00cf6d06cdac9ef13eb1e5c6ab7/ofl/galindo/OFL.txt,data/v2/raw/fonts/display/Galindo__OFL.txt,"latin,latin-ext,menu",335a73def6a890d38e8793a81077a8e15987b1a4e5366847e138b5beb13bf0fe,58104
Supermercado One,display,Google Fonts official repository,OFL,data/v2/raw/fonts/display/Supermercado_One__SupermercadoOne-Regular.ttf,True,passed,,True,supermercadoone,ofl,e1118da94a8cb00cf6d06cdac9ef13eb1e5c6ab7,https://raw.githubusercontent.com/google/fonts/e1118da94a8cb00cf6d06cdac9ef13eb1e5c6ab7/ofl/supermercadoone/METADATA.pb,https://raw.githubusercontent.com/google/fonts/e1118da94a8cb00cf6d06cdac9ef13eb1e5c6ab7/ofl/supermercadoone/SupermercadoOne-Regular.ttf,https://raw.githubusercontent.com/google/fonts/e1118da94a8cb00cf6d06cdac9ef13eb1e5c6ab7/ofl/supermercadoone/OFL.txt,data/v2/raw/fonts/display/Supermercado_One__OFL.txt,"latin,menu",73e1f6c46e4f94949df8394a5dc207a5ae4c75b94d19b012c7b8eaa67dca3750,143180
Bowlby One SC,display,Google Fonts official repository,OFL,data/v2/raw/fonts/display/Bowlby_One_SC__BowlbyOneSC-Regular.ttf,True,passed,,True,bowlbyonesc,ofl,e1118da94a8cb00cf6d06cdac9ef13eb1e5c6ab7,https://raw.githubusercontent.com/google/fonts/e1118da94a8cb00cf6d06cdac9ef13eb1e5c6ab7/ofl/bowlbyonesc/METADATA.pb,https://raw.githubusercontent.com/google/fonts/e1118da94a8cb00cf6d06cdac9ef13eb1e5c6ab7/ofl/bowlbyonesc/BowlbyOneSC-Regular.ttf,https://raw.githubusercontent.com/google/fonts/e1118da94a8cb00cf6d06cdac9ef13eb1e5c6ab7/ofl/bowlbyonesc/OFL.txt,data/v2/raw/fonts/display/Bowlby_One_SC__OFL.txt,"latin,latin-ext,menu",dc9f2325fb6bab327c26619a752b274b8f0f4022756d896450911e885609f071,55200
Big Shoulders Display SC,display,Google Fonts official repository,OFL,data/v2/raw/fonts/display/Big_Shoulders_Display_SC__BigShouldersDisplaySC[wght].ttf,True,passed,,True,bigshouldersdisplaysc,ofl,e1118da94a8cb00cf6d06cdac9ef13eb1e5c6ab7,https://raw.githubusercontent.com/google/fonts/e1118da94a8cb00cf6d06cdac9ef13eb1e5c6ab7/ofl/bigshouldersdisplaysc/METADATA.pb,https://raw.githubusercontent.com/google/fonts/e1118da94a8cb00cf6d06cdac9ef13eb1e5c6ab7/ofl/bigshouldersdisplaysc/BigShouldersDisplaySC%5Bwght%5D.ttf,https://raw.githubusercontent.com/google/fonts/e1118da94a8cb00cf6d06cdac9ef13eb1e5c6ab7/ofl/bigshouldersdisplaysc/OFL.txt,data/v2/raw/fonts/display/Big_Shoulders_Display_SC__OFL.txt,"latin,latin-ext,menu,vietnamese",919c655b8fcfffcb633f75a8c018d386d16f7d08365c86ed7560709dff3bfbd8,200020
Jacquard 12,display,Google Fonts official repository,OFL,data/v2/raw/fonts/display/Jacquard_12__Jacquard12-Regular.ttf,True,passed,,True,jacquard12,ofl,e1118da94a8cb00cf6d06cdac9ef13eb1e5c6ab7,https://raw.githubusercontent.com/google/fonts/e1118da94a8cb00cf6d06cdac9ef13eb1e5c6ab7/ofl/jacquard12/METADATA.pb,https://raw.githubusercontent.com/google/fonts/e1118da94a8cb00cf6d06cdac9ef13eb1e5c6ab7/ofl/jacquard12/Jacquard12-Regular.ttf,https://raw.githubusercontent.com/google/fonts/e1118da94a8cb00cf6d06cdac9ef13eb1e5c6ab7/ofl/jacquard12/OFL.txt,data/v2/raw/fonts/display/Jacquard_12__OFL.txt,"latin,latin-ext,math,menu,symbols",b1560583565a37f3d3a25cf2572df3efd2d773ecdcbb459dcd7ea0398cb840d1,118448
Saira Stencil,display,Google Fonts official repository,OFL,"data/v2/raw/fonts/display/Saira_Stencil__SairaStencil[wdth,wght].ttf",True,passed,,True,sairastencil,ofl,e1118da94a8cb00cf6d06cdac9ef13eb1e5c6ab7,https://raw.githubusercontent.com/google/fonts/e1118da94a8cb00cf6d06cdac9ef13eb1e5c6ab7/ofl/sairastencil/METADATA.pb,https://raw.githubusercontent.com/google/fonts/e1118da94a8cb00cf6d06cdac9ef13eb1e5c6ab7/ofl/sairastencil/SairaStencil%5Bwdth%2Cwght%5D.ttf,https://raw.githubusercontent.com/google/fonts/e1118da94a8cb00cf6d06cdac9ef13eb1e5c6ab7/ofl/sairastencil/OFL.txt,data/v2/raw/fonts/display/Saira_Stencil__OFL.txt,"latin,latin-ext,menu,vietnamese",d459062d39d002f22d25348ab0c7d31db63f25a7b43714fe206a3d85bdb91fc7,491312
Nova Flat,display,Google Fonts official repository,OFL,data/v2/raw/fonts/display/Nova_Flat__NovaFlat.ttf,True,passed,,True,novaflat,ofl,e1118da94a8cb00cf6d06cdac9ef13eb1e5c6ab7,https://raw.githubusercontent.com/google/fonts/e1118da94a8cb00cf6d06cdac9ef13eb1e5c6ab7/ofl/novaflat/METADATA.pb,https://raw.githubusercontent.com/google/fonts/e1118da94a8cb00cf6d06cdac9ef13eb1e5c6ab7/ofl/novaflat/NovaFlat.ttf,https://raw.githubusercontent.com/google/fonts/e1118da94a8cb00cf6d06cdac9ef13eb1e5c6ab7/ofl/novaflat/OFL.txt,data/v2/raw/fonts/display/Nova_Flat__OFL.txt,"latin,latin-ext,menu",de302932cdca6d274f7f791b9805d6e0f84ec44ae6ed630f1b1e8c616fc04c42,93844
Baloo Tammudu 2,display,Google Fonts official repository,OFL,data/v2/raw/fonts/display/Baloo_Tammudu_2__BalooTammudu2[wght].ttf,True,passed,,True,balootammudu2,ofl,e1118da94a8cb00cf6d06cdac9ef13eb1e5c6ab7,https://raw.githubusercontent.com/google/fonts/e1118da94a8cb00cf6d06cdac9ef13eb1e5c6ab7/ofl/balootammudu2/METADATA.pb,https://raw.githubusercontent.com/google/fonts/e1118da94a8cb00cf6d06cdac9ef13eb1e5c6ab7/ofl/balootammudu2/BalooTammudu2%5Bwght%5D.ttf,https://raw.githubusercontent.com/google/fonts/e1118da94a8cb00cf6d06cdac9ef13eb1e5c6ab7/ofl/balootammudu2/OFL.txt,data/v2/raw/fonts/display/Baloo_Tammudu_2__OFL.txt,"latin,latin-ext,menu,telugu,vietnamese",4771a1c50423a07f36919fac4d882cc0ac43e451faf043c8558d7a209298d56c,669816
Poetsen One,display,Google Fonts official repository,OFL,data/v2/raw/fonts/display/Poetsen_One__PoetsenOne-Regular.ttf,True,passed,,True,poetsenone,ofl,e1118da94a8cb00cf6d06cdac9ef13eb1e5c6ab7,https://raw.githubusercontent.com/google/fonts/e1118da94a8cb00cf6d06cdac9ef13eb1e5c6ab7/ofl/poetsenone/METADATA.pb,https://raw.githubusercontent.com/google/fonts/e1118da94a8cb00cf6d06cdac9ef13eb1e5c6ab7/ofl/poetsenone/PoetsenOne-Regular.ttf,https://raw.githubusercontent.com/google/fonts/e1118da94a8cb00cf6d06cdac9ef13eb1e5c6ab7/ofl/poetsenone/OFL.txt,data/v2/raw/fonts/display/Poetsen_One__OFL.txt,"latin,latin-ext,menu",61943821534f3ba438a50e84c6efe90207abc03262fae04b52e4d1dfea3eab26,200920
Nova Slim,display,Google Fonts official repository,OFL,data/v2/raw/fonts/display/Nova_Slim__NovaSlim.ttf,True,passed,,True,novaslim,ofl,e1118da94a8cb00cf6d06cdac9ef13eb1e5c6ab7,https://raw.githubusercontent.com/google/fonts/e1118da94a8cb00cf6d06cdac9ef13eb1e5c6ab7/ofl/novaslim/METADATA.pb,https://raw.githubusercontent.com/google/fonts/e1118da94a8cb00cf6d06cdac9ef13eb1e5c6ab7/ofl/novaslim/NovaSlim.ttf,https://raw.githubusercontent.com/google/fonts/e1118da94a8cb00cf6d06cdac9ef13eb1e5c6ab7/ofl/novaslim/OFL.txt,data/v2/raw/fonts/display/Nova_Slim__OFL.txt,"latin,latin-ext,menu",78cf188017f211f64ea14fd1c946cc15dcfdec867f4759a50aff0b4350e38eed,93956
Big Shoulders Inline Display SC,display,Google Fonts official repository,OFL,data/v2/raw/fonts/display/Big_Shoulders_Inline_Display_SC__BigShouldersInlineDisplaySC[wght].ttf,True,passed,,True,bigshouldersinlinedisplaysc,ofl,e1118da94a8cb00cf6d06cdac9ef13eb1e5c6ab7,https://raw.githubusercontent.com/google/fonts/e1118da94a8cb00cf6d06cdac9ef13eb1e5c6ab7/ofl/bigshouldersinlinedisplaysc/METADATA.pb,https://raw.githubusercontent.com/google/fonts/e1118da94a8cb00cf6d06cdac9ef13eb1e5c6ab7/ofl/bigshouldersinlinedisplaysc/BigShouldersInlineDisplaySC%5Bwght%5D.ttf,https://raw.githubusercontent.com/google/fonts/e1118da94a8cb00cf6d06cdac9ef13eb1e5c6ab7/ofl/bigshouldersinlinedisplaysc/OFL.txt,data/v2/raw/fonts/display/Big_Shoulders_Inline_Display_SC__OFL.txt,"latin,latin-ext,menu,vietnamese",11c816c179b9fd9cd87b81818f75baf0bd676a498803d07a26fa028d725627af,384272
Odibee Sans,display,Google Fonts official repository,OFL,data/v2/raw/fonts/display/Odibee_Sans__OdibeeSans-Regular.ttf,True,passed,,True,odibeesans,ofl,e1118da94a8cb00cf6d06cdac9ef13eb1e5c6ab7,https://raw.githubusercontent.com/google/fonts/e1118da94a8cb00cf6d06cdac9ef13eb1e5c6ab7/ofl/odibeesans/METADATA.pb,https://raw.githubusercontent.com/google/fonts/e1118da94a8cb00cf6d06cdac9ef13eb1e5c6ab7/ofl/odibeesans/OdibeeSans-Regular.ttf,https://raw.githubusercontent.com/google/fonts/e1118da94a8cb00cf6d06cdac9ef13eb1e5c6ab7/ofl/odibeesans/OFL.txt,data/v2/raw/fonts/display/Odibee_Sans__OFL.txt,"latin,menu",4e4006c713f5509f772f64e16c8a0821ad26411a69f688c71b127568355520e8,46220
Jacques Francois Shadow,display,Google Fonts official repository,OFL,data/v2/raw/fonts/display/Jacques_Francois_Shadow__JacquesFrancoisShadow-Regular.ttf,True,passed,,True,jacquesfrancoisshadow,ofl,e1118da94a8cb00cf6d06cdac9ef13eb1e5c6ab7,https://raw.githubusercontent.com/google/fonts/e1118da94a8cb00cf6d06cdac9ef13eb1e5c6ab7/ofl/jacquesfrancoisshadow/METADATA.pb,https://raw.githubusercontent.com/google/fonts/e1118da94a8cb00cf6d06cdac9ef13eb1e5c6ab7/ofl/jacquesfrancoisshadow/JacquesFrancoisShadow-Regular.ttf,https://raw.githubusercontent.com/google/fonts/e1118da94a8cb00cf6d06cdac9ef13eb1e5c6ab7/ofl/jacquesfrancoisshadow/OFL.txt,data/v2/raw/fonts/display/Jacques_Francois_Shadow__OFL.txt,"latin,menu",3947827a196a3c12ceb471ed589168a9b57285db7258eb468a83f4c17945784c,82492
Jaini Purva,display,Google Fonts official repository,OFL,data/v2/raw/fonts/display/Jaini_Purva__JainiPurva-Regular.ttf,True,passed,,True,jainipurva,ofl,e1118da94a8cb00cf6d06cdac9ef13eb1e5c6ab7,https://raw.githubusercontent.com/google/fonts/e1118da94a8cb00cf6d06cdac9ef13eb1e5c6ab7/ofl/jainipurva/METADATA.pb,https://raw.githubusercontent.com/google/fonts/e1118da94a8cb00cf6d06cdac9ef13eb1e5c6ab7/ofl/jainipurva/JainiPurva-Regular.ttf,https://raw.githubusercontent.com/google/fonts/e1118da94a8cb00cf6d06cdac9ef13eb1e5c6ab7/ofl/jainipurva/OFL.txt,data/v2/raw/fonts/display/Jaini_Purva__OFL.txt,"devanagari,latin,latin-ext,menu",178d7f5a40594d4ef6c28b7a68d85da7eae46df2f71becedfb40251ff678c2f5,762796
Viaoda Libre,display,Google Fonts official repository,OFL,data/v2/raw/fonts/display/Viaoda_Libre__ViaodaLibre-Regular.ttf,True,passed,,True,viaodalibre,ofl,e1118da94a8cb00cf6d06cdac9ef13eb1e5c6ab7,https://raw.githubusercontent.com/google/fonts/e1118da94a8cb00cf6d06cdac9ef13eb1e5c6ab7/ofl/viaodalibre/METADATA.pb,https://raw.githubusercontent.com/google/fonts/e1118da94a8cb00cf6d06cdac9ef13eb1e5c6ab7/ofl/viaodalibre/ViaodaLibre-Regular.ttf,https://raw.githubusercontent.com/google/fonts/e1118da94a8cb00cf6d06cdac9ef13eb1e5c6ab7/ofl/viaodalibre/OFL.txt,data/v2/raw/fonts/display/Viaoda_Libre__OFL.txt,"cyrillic,cyrillic-ext,latin,latin-ext,menu,vietnamese",adb53ede25107c5ed4c45f993fd014a21ef82ac82b2327a564fe8e994e228942,196944
Bonbon,handwriting,Google Fonts official repository,OFL,data/v2/raw/fonts/handwriting/Bonbon__Bonbon-Regular.ttf,True,passed,,True,bonbon,ofl,e1118da94a8cb00cf6d06cdac9ef13eb1e5c6ab7,https://raw.githubusercontent.com/google/fonts/e1118da94a8cb00cf6d06cdac9ef13eb1e5c6ab7/ofl/bonbon/METADATA.pb,https://raw.githubusercontent.com/google/fonts/e1118da94a8cb00cf6d06cdac9ef13eb1e5c6ab7/ofl/bonbon/Bonbon-Regular.ttf,https://raw.githubusercontent.com/google/fonts/e1118da94a8cb00cf6d06cdac9ef13eb1e5c6ab7/ofl/bonbon/OFL.txt,data/v2/raw/fonts/handwriting/Bonbon__OFL.txt,"latin,menu",718753f714468e878b2af1c82ec65b68c60ce81732308957c3e90d59bce7ce98,81772
Ingrid Darling,handwriting,Google Fonts official repository,OFL,data/v2/raw/fonts/handwriting/Ingrid_Darling__IngridDarling-Regular.ttf,True,passed,,True,ingriddarling,ofl,e1118da94a8cb00cf6d06cdac9ef13eb1e5c6ab7,https://raw.githubusercontent.com/google/fonts/e1118da94a8cb00cf6d06cdac9ef13eb1e5c6ab7/ofl/ingriddarling/METADATA.pb,https://raw.githubusercontent.com/google/fonts/e1118da94a8cb00cf6d06cdac9ef13eb1e5c6ab7/ofl/ingriddarling/IngridDarling-Regular.ttf,https://raw.githubusercontent.com/google/fonts/e1118da94a8cb00cf6d06cdac9ef13eb1e5c6ab7/ofl/ingriddarling/OFL.txt,data/v2/raw/fonts/handwriting/Ingrid_Darling__OFL.txt,"latin,latin-ext,menu,vietnamese",f08b43438d6dc7742a9c0434e7199e01272a2c1b2b135c9a886f6517c9e5ae4f,159820
Edu AU VIC WA NT Dots,handwriting,Google Fonts official repository,OFL,data/v2/raw/fonts/handwriting/Edu_AU_VIC_WA_NT_Dots__EduAUVICWANTDots[wght].ttf,True,passed,,True,eduauvicwantdots,ofl,e1118da94a8cb00cf6d06cdac9ef13eb1e5c6ab7,https://raw.githubusercontent.com/google/fonts/e1118da94a8cb00cf6d06cdac9ef13eb1e5c6ab7/ofl/eduauvicwantdots/METADATA.pb,https://raw.githubusercontent.com/google/fonts/e1118da94a8cb00cf6d06cdac9ef13eb1e5c6ab7/ofl/eduauvicwantdots/EduAUVICWANTDots%5Bwght%5D.ttf,https://raw.githubusercontent.com/google/fonts/e1118da94a8cb00cf6d06cdac9ef13eb1e5c6ab7/ofl/eduauvicwantdots/OFL.txt,data/v2/raw/fonts/handwriting/Edu_AU_VIC_WA_NT_Dots__OFL.txt,"latin,latin-ext,menu",4be8bf2aa8f4635ceb0d978a2588706e4d12e5c695fa0b8fe1df49b7274317af,137528
Meie Script,handwriting,Google Fonts official repository,OFL,data/v2/raw/fonts/handwriting/Meie_Script__MeieScript-Regular.ttf,True,passed,,True,meiescript,ofl,e1118da94a8cb00cf6d06cdac9ef13eb1e5c6ab7,https://raw.githubusercontent.com/google/fonts/e1118da94a8cb00cf6d06cdac9ef13eb1e5c6ab7/ofl/meiescript/METADATA.pb,https://raw.githubusercontent.com/google/fonts/e1118da94a8cb00cf6d06cdac9ef13eb1e5c6ab7/ofl/meiescript/MeieScript-Regular.ttf,https://raw.githubusercontent.com/google/fonts/e1118da94a8cb00cf6d06cdac9ef13eb1e5c6ab7/ofl/meiescript/OFL.txt,data/v2/raw/fonts/handwriting/Meie_Script__OFL.txt,"latin,latin-ext,menu",006c66ba5d8de0b824821d9444ba97b149e26715944c1a8ab427bbb35704e6c0,128428
Beth Ellen,handwriting,Google Fonts official repository,OFL,data/v2/raw/fonts/handwriting/Beth_Ellen__BethEllen-Regular.ttf,True,passed,,True,bethellen,ofl,e1118da94a8cb00cf6d06cdac9ef13eb1e5c6ab7,https://raw.githubusercontent.com/google/fonts/e1118da94a8cb00cf6d06cdac9ef13eb1e5c6ab7/ofl/bethellen/METADATA.pb,https://raw.githubusercontent.com/google/fonts/e1118da94a8cb00cf6d06cdac9ef13eb1e5c6ab7/ofl/bethellen/BethEllen-Regular.ttf,https://raw.githubusercontent.com/google/fonts/e1118da94a8cb00cf6d06cdac9ef13eb1e5c6ab7/ofl/bethellen/OFL.txt,data/v2/raw/fonts/handwriting/Beth_Ellen__OFL.txt,"latin,menu",ca49471aec90a19df63f583f5a60d514f012559a8a2d17f62f8a389fe90726d7,116988
Solitreo,handwriting,Google Fonts official repository,OFL,data/v2/raw/fonts/handwriting/Solitreo__Solitreo-Regular.ttf,True,passed,,True,solitreo,ofl,e1118da94a8cb00cf6d06cdac9ef13eb1e5c6ab7,https://raw.githubusercontent.com/google/fonts/e1118da94a8cb00cf6d06cdac9ef13eb1e5c6ab7/ofl/solitreo/METADATA.pb,https://raw.githubusercontent.com/google/fonts/e1118da94a8cb00cf6d06cdac9ef13eb1e5c6ab7/ofl/solitreo/Solitreo-Regular.ttf,https://raw.githubusercontent.com/google/fonts/e1118da94a8cb00cf6d06cdac9ef13eb1e5c6ab7/ofl/solitreo/OFL.txt,data/v2/raw/fonts/handwriting/Solitreo__OFL.txt,"hebrew,latin,latin-ext,menu",0b6df66f2145e8fd013d7324b6a55c6bc0c83c4786a6c7dce7505fdbeb65295b,96968
Kalam,handwriting,Google Fonts official repository,OFL,data/v2/raw/fonts/handwriting/Kalam__Kalam-Regular.ttf,True,passed,,True,kalam,ofl,e1118da94a8cb00cf6d06cdac9ef13eb1e5c6ab7,https://raw.githubusercontent.com/google/fonts/e1118da94a8cb00cf6d06cdac9ef13eb1e5c6ab7/ofl/kalam/METADATA.pb,https://raw.githubusercontent.com/google/fonts/e1118da94a8cb00cf6d06cdac9ef13eb1e5c6ab7/ofl/kalam/Kalam-Regular.ttf,https://raw.githubusercontent.com/google/fonts/e1118da94a8cb00cf6d06cdac9ef13eb1e5c6ab7/ofl/kalam/OFL.txt,data/v2/raw/fonts/handwriting/Kalam__OFL.txt,"devanagari,latin,latin-ext,menu",57cecb63d4608019371954274ae1d8c397764debd5b19d4a33c1efa4dc923c0b,427360
Courgette,handwriting,Google Fonts official repository,OFL,data/v2/raw/fonts/handwriting/Courgette__Courgette-Regular.ttf,True,passed,,True,courgette,ofl,e1118da94a8cb00cf6d06cdac9ef13eb1e5c6ab7,https://raw.githubusercontent.com/google/fonts/e1118da94a8cb00cf6d06cdac9ef13eb1e5c6ab7/ofl/courgette/METADATA.pb,https://raw.githubusercontent.com/google/fonts/e1118da94a8cb00cf6d06cdac9ef13eb1e5c6ab7/ofl/courgette/Courgette-Regular.ttf,https://raw.githubusercontent.com/google/fonts/e1118da94a8cb00cf6d06cdac9ef13eb1e5c6ab7/ofl/courgette/OFL.txt,data/v2/raw/fonts/handwriting/Courgette__OFL.txt,"latin,latin-ext,menu",099739d22e66ee2b80656bba63847f9ed419ad7e3969ba2c1d3c437c0d08f3e3,122072
Swanky and Moo Moo,handwriting,Google Fonts official repository,OFL,data/v2/raw/fonts/handwriting/Swanky_and_Moo_Moo__SwankyandMooMoo.ttf,True,passed,,True,swankyandmoomoo,ofl,e1118da94a8cb00cf6d06cdac9ef13eb1e5c6ab7,https://raw.githubusercontent.com/google/fonts/e1118da94a8cb00cf6d06cdac9ef13eb1e5c6ab7/ofl/swankyandmoomoo/METADATA.pb,https://raw.githubusercontent.com/google/fonts/e1118da94a8cb00cf6d06cdac9ef13eb1e5c6ab7/ofl/swankyandmoomoo/SwankyandMooMoo.ttf,https://raw.githubusercontent.com/google/fonts/e1118da94a8cb00cf6d06cdac9ef13eb1e5c6ab7/ofl/swankyandmoomoo/OFL.txt,data/v2/raw/fonts/handwriting/Swanky_and_Moo_Moo__OFL.txt,"latin,menu",a745effa8961790717966f7c69d96756a7abe2d334a08be333a656b7c54b627f,58892
Parisienne,handwriting,Google Fonts official repository,OFL,data/v2/raw/fonts/handwriting/Parisienne__Parisienne-Regular.ttf,True,passed,,True,parisienne,ofl,e1118da94a8cb00cf6d06cdac9ef13eb1e5c6ab7,https://raw.githubusercontent.com/google/fonts/e1118da94a8cb00cf6d06cdac9ef13eb1e5c6ab7/ofl/parisienne/METADATA.pb,https://raw.githubusercontent.com/google/fonts/e1118da94a8cb00cf6d06cdac9ef13eb1e5c6ab7/ofl/parisienne/Parisienne-Regular.ttf,https://raw.githubusercontent.com/google/fonts/e1118da94a8cb00cf6d06cdac9ef13eb1e5c6ab7/ofl/parisienne/OFL.txt,data/v2/raw/fonts/handwriting/Parisienne__OFL.txt,"latin,latin-ext,menu",bc9ee17f022e20bc700797e5f557d14bfa43af0c98d9e6c9c5c1ca4ec7aacd57,61248
Estonia,handwriting,Google Fonts official repository,OFL,data/v2/raw/fonts/handwriting/Estonia__Estonia-Regular.ttf,True,passed,,True,estonia,ofl,e1118da94a8cb00cf6d06cdac9ef13eb1e5c6ab7,https://raw.githubusercontent.com/google/fonts/e1118da94a8cb00cf6d06cdac9ef13eb1e5c6ab7/ofl/estonia/METADATA.pb,https://raw.githubusercontent.com/google/fonts/e1118da94a8cb00cf6d06cdac9ef13eb1e5c6ab7/ofl/estonia/Estonia-Regular.ttf,https://raw.githubusercontent.com/google/fonts/e1118da94a8cb00cf6d06cdac9ef13eb1e5c6ab7/ofl/estonia/OFL.txt,data/v2/raw/fonts/handwriting/Estonia__OFL.txt,"latin,latin-ext,menu,vietnamese",03087597ea24879c19d51ca4622f8c4e9cd867d081e7ad0ad3e7dccfdb1933b2,1470272
Long Cang,handwriting,Google Fonts official repository,OFL,data/v2/raw/fonts/handwriting/Long_Cang__LongCang-Regular.ttf,True,passed,,True,longcang,ofl,e1118da94a8cb00cf6d06cdac9ef13eb1e5c6ab7,https://raw.githubusercontent.com/google/fonts/e1118da94a8cb00cf6d06cdac9ef13eb1e5c6ab7/ofl/longcang/METADATA.pb,https://raw.githubusercontent.com/google/fonts/e1118da94a8cb00cf6d06cdac9ef13eb1e5c6ab7/ofl/longcang/LongCang-Regular.ttf,https://raw.githubusercontent.com/google/fonts/e1118da94a8cb00cf6d06cdac9ef13eb1e5c6ab7/ofl/longcang/OFL.txt,data/v2/raw/fonts/handwriting/Long_Cang__OFL.txt,"chinese-simplified,latin,menu",e5bf2c3f24ef2327c6f136d8f73e2f9dfdf44896fdbeb35a9515f44777bb91bc,5162508
Sue Ellen Francisco,handwriting,Google Fonts official repository,OFL,data/v2/raw/fonts/handwriting/Sue_Ellen_Francisco__SueEllenFrancisco-Regular.ttf,True,passed,,True,sueellenfrancisco,ofl,e1118da94a8cb00cf6d06cdac9ef13eb1e5c6ab7,https://raw.githubusercontent.com/google/fonts/e1118da94a8cb00cf6d06cdac9ef13eb1e5c6ab7/ofl/sueellenfrancisco/METADATA.pb,https://raw.githubusercontent.com/google/fonts/e1118da94a8cb00cf6d06cdac9ef13eb1e5c6ab7/ofl/sueellenfrancisco/SueEllenFrancisco-Regular.ttf,https://raw.githubusercontent.com/google/fonts/e1118da94a8cb00cf6d06cdac9ef13eb1e5c6ab7/ofl/sueellenfrancisco/OFL.txt,data/v2/raw/fonts/handwriting/Sue_Ellen_Francisco__OFL.txt,"latin,menu",d6d72e046e8e92f659eacfb7457cf7e1f2142c112c3d8c43c0b5a3904a5c8621,60728
Mr Bedfort,handwriting,Google Fonts official repository,OFL,data/v2/raw/fonts/handwriting/Mr_Bedfort__MrBedfort-Regular.ttf,True,passed,,True,mrbedfort,ofl,e1118da94a8cb00cf6d06cdac9ef13eb1e5c6ab7,https://raw.githubusercontent.com/google/fonts/e1118da94a8cb00cf6d06cdac9ef13eb1e5c6ab7/ofl/mrbedfort/METADATA.pb,https://raw.githubusercontent.com/google/fonts/e1118da94a8cb00cf6d06cdac9ef13eb1e5c6ab7/ofl/mrbedfort/MrBedfort-Regular.ttf,https://raw.githubusercontent.com/google/fonts/e1118da94a8cb00cf6d06cdac9ef13eb1e5c6ab7/ofl/mrbedfort/OFL.txt,data/v2/raw/fonts/handwriting/Mr_Bedfort__OFL.txt,"latin,latin-ext,menu",1551321151a818cfc5f9f16302e76b8ca86f16bef8fe7478ffeac69211bbdcc9,37252
Princess Sofia,handwriting,Google Fonts official repository,OFL,data/v2/raw/fonts/handwriting/Princess_Sofia__PrincessSofia-Regular.ttf,True,passed,,True,princesssofia,ofl,e1118da94a8cb00cf6d06cdac9ef13eb1e5c6ab7,https://raw.githubusercontent.com/google/fonts/e1118da94a8cb00cf6d06cdac9ef13eb1e5c6ab7/ofl/princesssofia/METADATA.pb,https://raw.githubusercontent.com/google/fonts/e1118da94a8cb00cf6d06cdac9ef13eb1e5c6ab7/ofl/princesssofia/PrincessSofia-Regular.ttf,https://raw.githubusercontent.com/google/fonts/e1118da94a8cb00cf6d06cdac9ef13eb1e5c6ab7/ofl/princesssofia/OFL.txt,data/v2/raw/fonts/handwriting/Princess_Sofia__OFL.txt,"latin,latin-ext,menu",2b5df30a7b866cd764cc4ff586dc8c28e16967099d50ab582f003ffbc7228ee5,272628
Julee,handwriting,Google Fonts official repository,OFL,data/v2/raw/fonts/handwriting/Julee__Julee-Regular.ttf,True,passed,,True,julee,ofl,e1118da94a8cb00cf6d06cdac9ef13eb1e5c6ab7,https://raw.githubusercontent.com/google/fonts/e1118da94a8cb00cf6d06cdac9ef13eb1e5c6ab7/ofl/julee/METADATA.pb,https://raw.githubusercontent.com/google/fonts/e1118da94a8cb00cf6d06cdac9ef13eb1e5c6ab7/ofl/julee/Julee-Regular.ttf,https://raw.githubusercontent.com/google/fonts/e1118da94a8cb00cf6d06cdac9ef13eb1e5c6ab7/ofl/julee/OFL.txt,data/v2/raw/fonts/handwriting/Julee__OFL.txt,"latin,latin-ext,menu",1a895f51fbe0e37f059b1c07030068a2ccbadef8f81970cd346b967bb0b57eb1,66776
Patrick Hand,handwriting,Google Fonts official repository,OFL,data/v2/raw/fonts/handwriting/Patrick_Hand__PatrickHand-Regular.ttf,True,passed,,True,patrickhand,ofl,e1118da94a8cb00cf6d06cdac9ef13eb1e5c6ab7,https://raw.githubusercontent.com/google/fonts/e1118da94a8cb00cf6d06cdac9ef13eb1e5c6ab7/ofl/patrickhand/METADATA.pb,https://raw.githubusercontent.com/google/fonts/e1118da94a8cb00cf6d06cdac9ef13eb1e5c6ab7/ofl/patrickhand/PatrickHand-Regular.ttf,https://raw.githubusercontent.com/google/fonts/e1118da94a8cb00cf6d06cdac9ef13eb1e5c6ab7/ofl/patrickhand/OFL.txt,data/v2/raw/fonts/handwriting/Patrick_Hand__OFL.txt,"latin,latin-ext,menu,vietnamese",0f173b3e6cb6d1af25babf7f0057c5ac4ee11f9992b0469bb817e967ef4ad0fc,214772
Tapestry,handwriting,Google Fonts official repository,OFL,data/v2/raw/fonts/handwriting/Tapestry__Tapestry-Regular.ttf,True,passed,,True,tapestry,ofl,e1118da94a8cb00cf6d06cdac9ef13eb1e5c6ab7,https://raw.githubusercontent.com/google/fonts/e1118da94a8cb00cf6d06cdac9ef13eb1e5c6ab7/ofl/tapestry/METADATA.pb,https://raw.githubusercontent.com/google/fonts/e1118da94a8cb00cf6d06cdac9ef13eb1e5c6ab7/ofl/tapestry/Tapestry-Regular.ttf,https://raw.githubusercontent.com/google/fonts/e1118da94a8cb00cf6d06cdac9ef13eb1e5c6ab7/ofl/tapestry/OFL.txt,data/v2/raw/fonts/handwriting/Tapestry__OFL.txt,"latin,latin-ext,menu,vietnamese",1434a2e7ba36fb5266a8ef7889eb4e873b64b58007e89c00caf5802cabdfff6f,137716
Redressed,handwriting,Google Fonts official repository,APACHE2,data/v2/raw/fonts/handwriting/Redressed__Redressed-Regular.ttf,True,passed,,True,redressed,apache,e1118da94a8cb00cf6d06cdac9ef13eb1e5c6ab7,https://raw.githubusercontent.com/google/fonts/e1118da94a8cb00cf6d06cdac9ef13eb1e5c6ab7/apache/redressed/METADATA.pb,https://raw.githubusercontent.com/google/fonts/e1118da94a8cb00cf6d06cdac9ef13eb1e5c6ab7/apache/redressed/Redressed-Regular.ttf,https://raw.githubusercontent.com/google/fonts/e1118da94a8cb00cf6d06cdac9ef13eb1e5c6ab7/apache/redressed/LICENSE.txt,data/v2/raw/fonts/handwriting/Redressed__LICENSE.txt,"latin,menu",e7063f1abd35c048ad22c5e52232d9503f3106376f3de7f38125c3a543ba6598,79220
Ruge Boogie,handwriting,Google Fonts official repository,OFL,data/v2/raw/fonts/handwriting/Ruge_Boogie__RugeBoogie-Regular.ttf,True,passed,,True,rugeboogie,ofl,e1118da94a8cb00cf6d06cdac9ef13eb1e5c6ab7,https://raw.githubusercontent.com/google/fonts/e1118da94a8cb00cf6d06cdac9ef13eb1e5c6ab7/ofl/rugeboogie/METADATA.pb,https://raw.githubusercontent.com/google/fonts/e1118da94a8cb00cf6d06cdac9ef13eb1e5c6ab7/ofl/rugeboogie/RugeBoogie-Regular.ttf,https://raw.githubusercontent.com/google/fonts/e1118da94a8cb00cf6d06cdac9ef13eb1e5c6ab7/ofl/rugeboogie/OFL.txt,data/v2/raw/fonts/handwriting/Ruge_Boogie__OFL.txt,"latin,latin-ext,menu,vietnamese",affe25b2431ecd42cb8c6eeb2de56bb264d666e6a4b2b27b6ac3e2257436eed0,329956
Dawning of a New Day,handwriting,Google Fonts official repository,OFL,data/v2/raw/fonts/handwriting/Dawning_of_a_New_Day__DawningofaNewDay.ttf,True,passed,,True,dawningofanewday,ofl,e1118da94a8cb00cf6d06cdac9ef13eb1e5c6ab7,https://raw.githubusercontent.com/google/fonts/e1118da94a8cb00cf6d06cdac9ef13eb1e5c6ab7/ofl/dawningofanewday/METADATA.pb,https://raw.githubusercontent.com/google/fonts/e1118da94a8cb00cf6d06cdac9ef13eb1e5c6ab7/ofl/dawningofanewday/DawningofaNewDay.ttf,https://raw.githubusercontent.com/google/fonts/e1118da94a8cb00cf6d06cdac9ef13eb1e5c6ab7/ofl/dawningofanewday/OFL.txt,data/v2/raw/fonts/handwriting/Dawning_of_a_New_Day__OFL.txt,"latin,menu",2b2afa623dbb1926e3b026603287b4d15ee05778106e26a7b33ef94d4be29dcb,65344
Aguafina Script,handwriting,Google Fonts official repository,OFL,data/v2/raw/fonts/handwriting/Aguafina_Script__AguafinaScript-Regular.ttf,True,passed,,True,aguafinascript,ofl,e1118da94a8cb00cf6d06cdac9ef13eb1e5c6ab7,https://raw.githubusercontent.com/google/fonts/e1118da94a8cb00cf6d06cdac9ef13eb1e5c6ab7/ofl/aguafinascript/METADATA.pb,https://raw.githubusercontent.com/google/fonts/e1118da94a8cb00cf6d06cdac9ef13eb1e5c6ab7/ofl/aguafinascript/AguafinaScript-Regular.ttf,https://raw.githubusercontent.com/google/fonts/e1118da94a8cb00cf6d06cdac9ef13eb1e5c6ab7/ofl/aguafinascript/OFL.txt,data/v2/raw/fonts/handwriting/Aguafina_Script__OFL.txt,"latin,latin-ext,menu",55f65d84d86936d7aaadffa4c17873923fba26c078d42aa4e6e2f1be8bfb5f6e,47252
Butterfly Kids,handwriting,Google Fonts official repository,OFL,data/v2/raw/fonts/handwriting/Butterfly_Kids__ButterflyKids-Regular.ttf,True,passed,,True,butterflykids,ofl,e1118da94a8cb00cf6d06cdac9ef13eb1e5c6ab7,https://raw.githubusercontent.com/google/fonts/e1118da94a8cb00cf6d06cdac9ef13eb1e5c6ab7/ofl/butterflykids/METADATA.pb,https://raw.githubusercontent.com/google/fonts/e1118da94a8cb00cf6d06cdac9ef13eb1e5c6ab7/ofl/butterflykids/ButterflyKids-Regular.ttf,https://raw.githubusercontent.com/google/fonts/e1118da94a8cb00cf6d06cdac9ef13eb1e5c6ab7/ofl/butterflykids/OFL.txt,data/v2/raw/fonts/handwriting/Butterfly_Kids__OFL.txt,"latin,latin-ext,menu",4a131f49c3d90e816e6447d244090eb2c36cdbf26be53254271ccdf2d8d111b9,202848
Iansui,handwriting,Google Fonts official repository,OFL,data/v2/raw/fonts/handwriting/Iansui__Iansui-Regular.ttf,True,passed,,True,iansui,ofl,e1118da94a8cb00cf6d06cdac9ef13eb1e5c6ab7,https://raw.githubusercontent.com/google/fonts/e1118da94a8cb00cf6d06cdac9ef13eb1e5c6ab7/ofl/iansui/METADATA.pb,https://raw.githubusercontent.com/google/fonts/e1118da94a8cb00cf6d06cdac9ef13eb1e5c6ab7/ofl/iansui/Iansui-Regular.ttf,https://raw.githubusercontent.com/google/fonts/e1118da94a8cb00cf6d06cdac9ef13eb1e5c6ab7/ofl/iansui/OFL.txt,data/v2/raw/fonts/handwriting/Iansui__OFL.txt,"chinese-traditional,latin,latin-ext,menu,symbols2",6e6340d80d618a42b48ade9370c34fa37a8210750c6fbc8efe65f23716538a2b,9420560
Bilbo,handwriting,Google Fonts official repository,OFL,data/v2/raw/fonts/handwriting/Bilbo__Bilbo-Regular.ttf,True,passed,,True,bilbo,ofl,e1118da94a8cb00cf6d06cdac9ef13eb1e5c6ab7,https://raw.githubusercontent.com/google/fonts/e1118da94a8cb00cf6d06cdac9ef13eb1e5c6ab7/ofl/bilbo/METADATA.pb,https://raw.githubusercontent.com/google/fonts/e1118da94a8cb00cf6d06cdac9ef13eb1e5c6ab7/ofl/bilbo/Bilbo-Regular.ttf,https://raw.githubusercontent.com/google/fonts/e1118da94a8cb00cf6d06cdac9ef13eb1e5c6ab7/ofl/bilbo/OFL.txt,data/v2/raw/fonts/handwriting/Bilbo__OFL.txt,"latin,latin-ext,menu,vietnamese",f479505c839db0c7a8be7108d046acca3d409a034b777514241cc6a2f9d818fc,100216
Playpen Sans Thai,handwriting,Google Fonts official repository,OFL,data/v2/raw/fonts/handwriting/Playpen_Sans_Thai__PlaypenSansThai[wght].ttf,True,passed,,True,playpensansthai,ofl,e1118da94a8cb00cf6d06cdac9ef13eb1e5c6ab7,https://raw.githubusercontent.com/google/fonts/e1118da94a8cb00cf6d06cdac9ef13eb1e5c6ab7/ofl/playpensansthai/METADATA.pb,https://raw.githubusercontent.com/google/fonts/e1118da94a8cb00cf6d06cdac9ef13eb1e5c6ab7/ofl/playpensansthai/PlaypenSansThai%5Bwght%5D.ttf,https://raw.githubusercontent.com/google/fonts/e1118da94a8cb00cf6d06cdac9ef13eb1e5c6ab7/ofl/playpensansthai/OFL.txt,data/v2/raw/fonts/handwriting/Playpen_Sans_Thai__OFL.txt,"emoji,latin,latin-ext,math,menu,thai",14ac51adb087ad8d0395e4b6c0a976d33421ecbc5fe3e3506415505da95f47ef,754920
Tangerine,handwriting,Google Fonts official repository,OFL,data/v2/raw/fonts/handwriting/Tangerine__Tangerine-Regular.ttf,True,passed,,True,tangerine,ofl,e1118da94a8cb00cf6d06cdac9ef13eb1e5c6ab7,https://raw.githubusercontent.com/google/fonts/e1118da94a8cb00cf6d06cdac9ef13eb1e5c6ab7/ofl/tangerine/METADATA.pb,https://raw.githubusercontent.com/google/fonts/e1118da94a8cb00cf6d06cdac9ef13eb1e5c6ab7/ofl/tangerine/Tangerine-Regular.ttf,https://raw.githubusercontent.com/google/fonts/e1118da94a8cb00cf6d06cdac9ef13eb1e5c6ab7/ofl/tangerine/OFL.txt,data/v2/raw/fonts/handwriting/Tangerine__OFL.txt,"latin,menu",3f5db6010de48f7173939f16621c0e0e794b589eec04e3b04e0a81be848dfab9,60648
Permanent Marker,handwriting,Google Fonts official repository,APACHE2,data/v2/raw/fonts/handwriting/Permanent_Marker__PermanentMarker-Regular.ttf,True,passed,,True,permanentmarker,apache,e1118da94a8cb00cf6d06cdac9ef13eb1e5c6ab7,https://raw.githubusercontent.com/google/fonts/e1118da94a8cb00cf6d06cdac9ef13eb1e5c6ab7/apache/permanentmarker/METADATA.pb,https://raw.githubusercontent.com/google/fonts/e1118da94a8cb00cf6d06cdac9ef13eb1e5c6ab7/apache/permanentmarker/PermanentMarker-Regular.ttf,https://raw.githubusercontent.com/google/fonts/e1118da94a8cb00cf6d06cdac9ef13eb1e5c6ab7/apache/permanentmarker/LICENSE.txt,data/v2/raw/fonts/handwriting/Permanent_Marker__LICENSE.txt,"latin,menu",28f82c8a7943cb8e9d599f8554da1d4fc75dbcf69b9885ad6c0611d20c6946c5,74632
Montez,handwriting,Google Fonts official repository,APACHE2,data/v2/raw/fonts/handwriting/Montez__Montez-Regular.ttf,True,passed,,True,montez,apache,e1118da94a8cb00cf6d06cdac9ef13eb1e5c6ab7,https://raw.githubusercontent.com/google/fonts/e1118da94a8cb00cf6d06cdac9ef13eb1e5c6ab7/apache/montez/METADATA.pb,https://raw.githubusercontent.com/google/fonts/e1118da94a8cb00cf6d06cdac9ef13eb1e5c6ab7/apache/montez/Montez-Regular.ttf,https://raw.githubusercontent.com/google/fonts/e1118da94a8cb00cf6d06cdac9ef13eb1e5c6ab7/apache/montez/LICENSE.txt,data/v2/raw/fonts/handwriting/Montez__LICENSE.txt,"latin,menu",f58fc790f20cf612393737bb90c4ac418eea72147e988182f4eb7ee57f4639f3,77132
Edu AU VIC WA NT Guides,handwriting,Google Fonts official repository,OFL,data/v2/raw/fonts/handwriting/Edu_AU_VIC_WA_NT_Guides__EduAUVICWANTGuides[wght].ttf,True,passed,,True,eduauvicwantguides,ofl,e1118da94a8cb00cf6d06cdac9ef13eb1e5c6ab7,https://raw.githubusercontent.com/google/fonts/e1118da94a8cb00cf6d06cdac9ef13eb1e5c6ab7/ofl/eduauvicwantguides/METADATA.pb,https://raw.githubusercontent.com/google/fonts/e1118da94a8cb00cf6d06cdac9ef13eb1e5c6ab7/ofl/eduauvicwantguides/EduAUVICWANTGuides%5Bwght%5D.ttf,https://raw.githubusercontent.com/google/fonts/e1118da94a8cb00cf6d06cdac9ef13eb1e5c6ab7/ofl/eduauvicwantguides/OFL.txt,data/v2/raw/fonts/handwriting/Edu_AU_VIC_WA_NT_Guides__OFL.txt,"latin,latin-ext,menu",7c47fc85f944c729e9df8af4be787a3c222604916b8700045451a0743cd29d4a,1578084
Rock Salt,handwriting,Google Fonts official repository,APACHE2,data/v2/raw/fonts/handwriting/Rock_Salt__RockSalt-Regular.ttf,True,passed,,True,rocksalt,apache,e1118da94a8cb00cf6d06cdac9ef13eb1e5c6ab7,https://raw.githubusercontent.com/google/fonts/e1118da94a8cb00cf6d06cdac9ef13eb1e5c6ab7/apache/rocksalt/METADATA.pb,https://raw.githubusercontent.com/google/fonts/e1118da94a8cb00cf6d06cdac9ef13eb1e5c6ab7/apache/rocksalt/RockSalt-Regular.ttf,https://raw.githubusercontent.com/google/fonts/e1118da94a8cb00cf6d06cdac9ef13eb1e5c6ab7/apache/rocksalt/LICENSE.txt,data/v2/raw/fonts/handwriting/Rock_Salt__LICENSE.txt,"latin,menu",c5421d1ced1949488f29d11b75b7ef967abe2d870f816246bf18fdc0f3e29c96,124372
Kolker Brush,handwriting,Google Fonts official repository,OFL,data/v2/raw/fonts/handwriting/Kolker_Brush__KolkerBrush-Regular.ttf,True,passed,,True,kolkerbrush,ofl,e1118da94a8cb00cf6d06cdac9ef13eb1e5c6ab7,https://raw.githubusercontent.com/google/fonts/e1118da94a8cb00cf6d06cdac9ef13eb1e5c6ab7/ofl/kolkerbrush/METADATA.pb,https://raw.githubusercontent.com/google/fonts/e1118da94a8cb00cf6d06cdac9ef13eb1e5c6ab7/ofl/kolkerbrush/KolkerBrush-Regular.ttf,https://raw.githubusercontent.com/google/fonts/e1118da94a8cb00cf6d06cdac9ef13eb1e5c6ab7/ofl/kolkerbrush/OFL.txt,data/v2/raw/fonts/handwriting/Kolker_Brush__OFL.txt,"latin,latin-ext,menu,vietnamese",c0914812bc5b224cc0e8321de70021a33a1a766b9efaf525f7463200f82300f4,268272
Betania Patmos In,handwriting,Google Fonts official repository,OFL,data/v2/raw/fonts/handwriting/Betania_Patmos_In__BetaniaPatmosIn-Regular.ttf,True,passed,,True,betaniapatmosin,ofl,e1118da94a8cb00cf6d06cdac9ef13eb1e5c6ab7,https://raw.githubusercontent.com/google/fonts/e1118da94a8cb00cf6d06cdac9ef13eb1e5c6ab7/ofl/betaniapatmosin/METADATA.pb,https://raw.githubusercontent.com/google/fonts/e1118da94a8cb00cf6d06cdac9ef13eb1e5c6ab7/ofl/betaniapatmosin/BetaniaPatmosIn-Regular.ttf,https://raw.githubusercontent.com/google/fonts/e1118da94a8cb00cf6d06cdac9ef13eb1e5c6ab7/ofl/betaniapatmosin/OFL.txt,data/v2/raw/fonts/handwriting/Betania_Patmos_In__OFL.txt,"latin,latin-ext,menu",56212679126bc724725926529a147c600e6bee751cc5ccf3fee13035f2a84e41,195924
Grand Hotel,handwriting,Google Fonts official repository,OFL,data/v2/raw/fonts/handwriting/Grand_Hotel__GrandHotel-Regular.ttf,True,passed,,True,grandhotel,ofl,e1118da94a8cb00cf6d06cdac9ef13eb1e5c6ab7,https://raw.githubusercontent.com/google/fonts/e1118da94a8cb00cf6d06cdac9ef13eb1e5c6ab7/ofl/grandhotel/METADATA.pb,https://raw.githubusercontent.com/google/fonts/e1118da94a8cb00cf6d06cdac9ef13eb1e5c6ab7/ofl/grandhotel/GrandHotel-Regular.ttf,https://raw.githubusercontent.com/google/fonts/e1118da94a8cb00cf6d06cdac9ef13eb1e5c6ab7/ofl/grandhotel/OFL.txt,data/v2/raw/fonts/handwriting/Grand_Hotel__OFL.txt,"latin,latin-ext,menu",ec7ae65d49c936cb5ed32534ab74dbd40c56733de5145ac3aae9da362e02b50f,65012
Explora,handwriting,Google Fonts official repository,OFL,data/v2/raw/fonts/handwriting/Explora__Explora-Regular.ttf,True,passed,,True,explora,ofl,e1118da94a8cb00cf6d06cdac9ef13eb1e5c6ab7,https://raw.githubusercontent.com/google/fonts/e1118da94a8cb00cf6d06cdac9ef13eb1e5c6ab7/ofl/explora/METADATA.pb,https://raw.githubusercontent.com/google/fonts/e1118da94a8cb00cf6d06cdac9ef13eb1e5c6ab7/ofl/explora/Explora-Regular.ttf,https://raw.githubusercontent.com/google/fonts/e1118da94a8cb00cf6d06cdac9ef13eb1e5c6ab7/ofl/explora/OFL.txt,data/v2/raw/fonts/handwriting/Explora__OFL.txt,"cherokee,latin,latin-ext,menu,vietnamese",a29a1b2f59eaceab955f6667e125dfcd41406a41ebc2cce3d837c45d0405b129,164680
Yuji Hentaigana Akebono,handwriting,Google Fonts official repository,OFL,data/v2/raw/fonts/handwriting/Yuji_Hentaigana_Akebono__YujiHentaiganaAkebono-Regular.ttf,True,passed,,True,yujihentaiganaakebono,ofl,e1118da94a8cb00cf6d06cdac9ef13eb1e5c6ab7,https://raw.githubusercontent.com/google/fonts/e1118da94a8cb00cf6d06cdac9ef13eb1e5c6ab7/ofl/yujihentaiganaakebono/METADATA.pb,https://raw.githubusercontent.com/google/fonts/e1118da94a8cb00cf6d06cdac9ef13eb1e5c6ab7/ofl/yujihentaiganaakebono/YujiHentaiganaAkebono-Regular.ttf,https://raw.githubusercontent.com/google/fonts/e1118da94a8cb00cf6d06cdac9ef13eb1e5c6ab7/ofl/yujihentaiganaakebono/OFL.txt,data/v2/raw/fonts/handwriting/Yuji_Hentaigana_Akebono__OFL.txt,"japanese,latin,latin-ext,menu",8e387eeb5c24cd2945d8804caab8f97985b694cec8d2b228da63cceb16c7a8f3,99100
Cookie,handwriting,Google Fonts official repository,OFL,data/v2/raw/fonts/handwriting/Cookie__Cookie-Regular.ttf,True,passed,,True,cookie,ofl,e1118da94a8cb00cf6d06cdac9ef13eb1e5c6ab7,https://raw.githubusercontent.com/google/fonts/e1118da94a8cb00cf6d06cdac9ef13eb1e5c6ab7/ofl/cookie/METADATA.pb,https://raw.githubusercontent.com/google/fonts/e1118da94a8cb00cf6d06cdac9ef13eb1e5c6ab7/ofl/cookie/Cookie-Regular.ttf,https://raw.githubusercontent.com/google/fonts/e1118da94a8cb00cf6d06cdac9ef13eb1e5c6ab7/ofl/cookie/OFL.txt,data/v2/raw/fonts/handwriting/Cookie__OFL.txt,"latin,latin-ext,menu",9daf3cc9e5efe1b65094cdf1f14729ef6f07a70c27ee0679bf7f544a828b080e,43800
Caramel,handwriting,Google Fonts official repository,OFL,data/v2/raw/fonts/handwriting/Caramel__Caramel-Regular.ttf,True,passed,,True,caramel,ofl,e1118da94a8cb00cf6d06cdac9ef13eb1e5c6ab7,https://raw.githubusercontent.com/google/fonts/e1118da94a8cb00cf6d06cdac9ef13eb1e5c6ab7/ofl/caramel/METADATA.pb,https://raw.githubusercontent.com/google/fonts/e1118da94a8cb00cf6d06cdac9ef13eb1e5c6ab7/ofl/caramel/Caramel-Regular.ttf,https://raw.githubusercontent.com/google/fonts/e1118da94a8cb00cf6d06cdac9ef13eb1e5c6ab7/ofl/caramel/OFL.txt,data/v2/raw/fonts/handwriting/Caramel__OFL.txt,"latin,latin-ext,menu,vietnamese",36a460f8418d5f9710da43404776fc914fe11ff5ec649e9c8bcb670c602b92be,204044
Gamja Flower,handwriting,Google Fonts official repository,OFL,data/v2/raw/fonts/handwriting/Gamja_Flower__GamjaFlower-Regular.ttf,True,passed,,True,gamjaflower,ofl,e1118da94a8cb00cf6d06cdac9ef13eb1e5c6ab7,https://raw.githubusercontent.com/google/fonts/e1118da94a8cb00cf6d06cdac9ef13eb1e5c6ab7/ofl/gamjaflower/METADATA.pb,https://raw.githubusercontent.com/google/fonts/e1118da94a8cb00cf6d06cdac9ef13eb1e5c6ab7/ofl/gamjaflower/GamjaFlower-Regular.ttf,https://raw.githubusercontent.com/google/fonts/e1118da94a8cb00cf6d06cdac9ef13eb1e5c6ab7/ofl/gamjaflower/OFL.txt,data/v2/raw/fonts/handwriting/Gamja_Flower__OFL.txt,"korean,latin,menu",ece32819ed58536355a49a095b0cdfdd3b8ef9081c5ed9ca1cef8f5d999ae1ac,12615444
Cause,handwriting,Google Fonts official repository,OFL,data/v2/raw/fonts/handwriting/Cause__Cause[wght].ttf,True,passed,,True,cause,ofl,e1118da94a8cb00cf6d06cdac9ef13eb1e5c6ab7,https://raw.githubusercontent.com/google/fonts/e1118da94a8cb00cf6d06cdac9ef13eb1e5c6ab7/ofl/cause/METADATA.pb,https://raw.githubusercontent.com/google/fonts/e1118da94a8cb00cf6d06cdac9ef13eb1e5c6ab7/ofl/cause/Cause%5Bwght%5D.ttf,https://raw.githubusercontent.com/google/fonts/e1118da94a8cb00cf6d06cdac9ef13eb1e5c6ab7/ofl/cause/OFL.txt,data/v2/raw/fonts/handwriting/Cause__OFL.txt,"latin,latin-ext,menu",3f6b01fa9cfe6d84948ae903f954effa5cdf37a3ec0e3a67e15276d9ccbf95f2,110700
Mynerve,handwriting,Google Fonts official repository,OFL,data/v2/raw/fonts/handwriting/Mynerve__Mynerve-Regular.ttf,True,passed,,True,mynerve,ofl,e1118da94a8cb00cf6d06cdac9ef13eb1e5c6ab7,https://raw.githubusercontent.com/google/fonts/e1118da94a8cb00cf6d06cdac9ef13eb1e5c6ab7/ofl/mynerve/METADATA.pb,https://raw.githubusercontent.com/google/fonts/e1118da94a8cb00cf6d06cdac9ef13eb1e5c6ab7/ofl/mynerve/Mynerve-Regular.ttf,https://raw.githubusercontent.com/google/fonts/e1118da94a8cb00cf6d06cdac9ef13eb1e5c6ab7/ofl/mynerve/OFL.txt,data/v2/raw/fonts/handwriting/Mynerve__OFL.txt,"greek,latin,latin-ext,menu,vietnamese",1844706b0020e74f1cc38810266f8c45741bd0d9b7beeb05a584caee11dbc63e,279224
Delius,handwriting,Google Fonts official repository,OFL,data/v2/raw/fonts/handwriting/Delius__Delius-Regular.ttf,True,passed,,True,delius,ofl,e1118da94a8cb00cf6d06cdac9ef13eb1e5c6ab7,https://raw.githubusercontent.com/google/fonts/e1118da94a8cb00cf6d06cdac9ef13eb1e5c6ab7/ofl/delius/METADATA.pb,https://raw.githubusercontent.com/google/fonts/e1118da94a8cb00cf6d06cdac9ef13eb1e5c6ab7/ofl/delius/Delius-Regular.ttf,https://raw.githubusercontent.com/google/fonts/e1118da94a8cb00cf6d06cdac9ef13eb1e5c6ab7/ofl/delius/OFL.txt,data/v2/raw/fonts/handwriting/Delius__OFL.txt,"latin,menu",c0fd66626926b637d64eb13de013b3318dbd72cdf92c33e41a29a03828bab6f6,77488
Fuggles,handwriting,Google Fonts official repository,OFL,data/v2/raw/fonts/handwriting/Fuggles__Fuggles-Regular.ttf,True,passed,,True,fuggles,ofl,e1118da94a8cb00cf6d06cdac9ef13eb1e5c6ab7,https://raw.githubusercontent.com/google/fonts/e1118da94a8cb00cf6d06cdac9ef13eb1e5c6ab7/ofl/fuggles/METADATA.pb,https://raw.githubusercontent.com/google/fonts/e1118da94a8cb00cf6d06cdac9ef13eb1e5c6ab7/ofl/fuggles/Fuggles-Regular.ttf,https://raw.githubusercontent.com/google/fonts/e1118da94a8cb00cf6d06cdac9ef13eb1e5c6ab7/ofl/fuggles/OFL.txt,data/v2/raw/fonts/handwriting/Fuggles__OFL.txt,"latin,latin-ext,menu,vietnamese",2e738fa143601d4415c858d8c844f12333b49c47ba5c12c787a0f6fa150e152a,734252
Fondamento,handwriting,Google Fonts official repository,OFL,data/v2/raw/fonts/handwriting/Fondamento__Fondamento-Regular.ttf,True,passed,,True,fondamento,ofl,e1118da94a8cb00cf6d06cdac9ef13eb1e5c6ab7,https://raw.githubusercontent.com/google/fonts/e1118da94a8cb00cf6d06cdac9ef13eb1e5c6ab7/ofl/fondamento/METADATA.pb,https://raw.githubusercontent.com/google/fonts/e1118da94a8cb00cf6d06cdac9ef13eb1e5c6ab7/ofl/fondamento/Fondamento-Regular.ttf,https://raw.githubusercontent.com/google/fonts/e1118da94a8cb00cf6d06cdac9ef13eb1e5c6ab7/ofl/fondamento/OFL.txt,data/v2/raw/fonts/handwriting/Fondamento__OFL.txt,"latin,latin-ext,menu",ee03a7ccb3b7cdf3cd095d0cc34f9e70c16b1779cbc7c466bf9077323a6ea764,87160
Satisfy,handwriting,Google Fonts official repository,APACHE2,data/v2/raw/fonts/handwriting/Satisfy__Satisfy-Regular.ttf,True,passed,,True,satisfy,apache,e1118da94a8cb00cf6d06cdac9ef13eb1e5c6ab7,https://raw.githubusercontent.com/google/fonts/e1118da94a8cb00cf6d06cdac9ef13eb1e5c6ab7/apache/satisfy/METADATA.pb,https://raw.githubusercontent.com/google/fonts/e1118da94a8cb00cf6d06cdac9ef13eb1e5c6ab7/apache/satisfy/Satisfy-Regular.ttf,https://raw.githubusercontent.com/google/fonts/e1118da94a8cb00cf6d06cdac9ef13eb1e5c6ab7/apache/satisfy/LICENSE.txt,data/v2/raw/fonts/handwriting/Satisfy__LICENSE.txt,"latin,menu",55bb141a0a23a32278d5fa7fd2e853824faa173b94774660ebeddb106be07c80,47928
Betania Patmos In GDL,handwriting,Google Fonts official repository,OFL,data/v2/raw/fonts/handwriting/Betania_Patmos_In_GDL__BetaniaPatmosInGDL-Regular.ttf,True,passed,,True,betaniapatmosingdl,ofl,e1118da94a8cb00cf6d06cdac9ef13eb1e5c6ab7,https://raw.githubusercontent.com/google/fonts/e1118da94a8cb00cf6d06cdac9ef13eb1e5c6ab7/ofl/betaniapatmosingdl/METADATA.pb,https://raw.githubusercontent.com/google/fonts/e1118da94a8cb00cf6d06cdac9ef13eb1e5c6ab7/ofl/betaniapatmosingdl/BetaniaPatmosInGDL-Regular.ttf,https://raw.githubusercontent.com/google/fonts/e1118da94a8cb00cf6d06cdac9ef13eb1e5c6ab7/ofl/betaniapatmosingdl/OFL.txt,data/v2/raw/fonts/handwriting/Betania_Patmos_In_GDL__OFL.txt,"latin,latin-ext,menu",732fa9eb8b97b927ac605e083285ab280f5679d40638b6b312bfa3c8131f6e6b,305300
Slackside One,handwriting,Google Fonts official repository,OFL,data/v2/raw/fonts/handwriting/Slackside_One__SlacksideOne-Regular.ttf,True,passed,,True,slacksideone,ofl,e1118da94a8cb00cf6d06cdac9ef13eb1e5c6ab7,https://raw.githubusercontent.com/google/fonts/e1118da94a8cb00cf6d06cdac9ef13eb1e5c6ab7/ofl/slacksideone/METADATA.pb,https://raw.githubusercontent.com/google/fonts/e1118da94a8cb00cf6d06cdac9ef13eb1e5c6ab7/ofl/slacksideone/SlacksideOne-Regular.ttf,https://raw.githubusercontent.com/google/fonts/e1118da94a8cb00cf6d06cdac9ef13eb1e5c6ab7/ofl/slacksideone/OFL.txt,data/v2/raw/fonts/handwriting/Slackside_One__OFL.txt,"japanese,latin,latin-ext,menu",c32d67d921cfde2f89d2fe12b6e78a58618a41774a7cb1b0e321d5d1ae9a324a,171736
Lumanosimo,handwriting,Google Fonts official repository,OFL,data/v2/raw/fonts/handwriting/Lumanosimo__Lumanosimo-Regular.ttf,True,passed,,True,lumanosimo,ofl,e1118da94a8cb00cf6d06cdac9ef13eb1e5c6ab7,https://raw.githubusercontent.com/google/fonts/e1118da94a8cb00cf6d06cdac9ef13eb1e5c6ab7/ofl/lumanosimo/METADATA.pb,https://raw.githubusercontent.com/google/fonts/e1118da94a8cb00cf6d06cdac9ef13eb1e5c6ab7/ofl/lumanosimo/Lumanosimo-Regular.ttf,https://raw.githubusercontent.com/google/fonts/e1118da94a8cb00cf6d06cdac9ef13eb1e5c6ab7/ofl/lumanosimo/OFL.txt,data/v2/raw/fonts/handwriting/Lumanosimo__OFL.txt,"latin,latin-ext,menu",768d2bbe3b9dcfe5cdd89a01cf4f90b9729b58ae565233a2fab0f7f48b42f662,38736
Nanum Pen Script,handwriting,Google Fonts official repository,OFL,data/v2/raw/fonts/handwriting/Nanum_Pen_Script__NanumPenScript-Regular.ttf,True,passed,,True,nanumpenscript,ofl,e1118da94a8cb00cf6d06cdac9ef13eb1e5c6ab7,https://raw.githubusercontent.com/google/fonts/e1118da94a8cb00cf6d06cdac9ef13eb1e5c6ab7/ofl/nanumpenscript/METADATA.pb,https://raw.githubusercontent.com/google/fonts/e1118da94a8cb00cf6d06cdac9ef13eb1e5c6ab7/ofl/nanumpenscript/NanumPenScript-Regular.ttf,https://raw.githubusercontent.com/google/fonts/e1118da94a8cb00cf6d06cdac9ef13eb1e5c6ab7/ofl/nanumpenscript/OFL.txt,data/v2/raw/fonts/handwriting/Nanum_Pen_Script__OFL.txt,"korean,latin,menu",6f0d1ab29c7894010dc88831fb7a0a51edb79136e450344183de5b1a8b52bd43,3201664
Kings,handwriting,Google Fonts official repository,OFL,data/v2/raw/fonts/handwriting/Kings__Kings-Regular.ttf,True,passed,,True,kings,ofl,e1118da94a8cb00cf6d06cdac9ef13eb1e5c6ab7,https://raw.githubusercontent.com/google/fonts/e1118da94a8cb00cf6d06cdac9ef13eb1e5c6ab7/ofl/kings/METADATA.pb,https://raw.githubusercontent.com/google/fonts/e1118da94a8cb00cf6d06cdac9ef13eb1e5c6ab7/ofl/kings/Kings-Regular.ttf,https://raw.githubusercontent.com/google/fonts/e1118da94a8cb00cf6d06cdac9ef13eb1e5c6ab7/ofl/kings/OFL.txt,data/v2/raw/fonts/handwriting/Kings__OFL.txt,"latin,latin-ext,menu,vietnamese",80dda73b13254d50173af1dbad3f7321b99ca61d791ebb8cd5fb8be0846c39bb,270704
Puppies Play,handwriting,Google Fonts official repository,OFL,data/v2/raw/fonts/handwriting/Puppies_Play__PuppiesPlay-Regular.ttf,True,passed,,True,puppiesplay,ofl,e1118da94a8cb00cf6d06cdac9ef13eb1e5c6ab7,https://raw.githubusercontent.com/google/fonts/e1118da94a8cb00cf6d06cdac9ef13eb1e5c6ab7/ofl/puppiesplay/METADATA.pb,https://raw.githubusercontent.com/google/fonts/e1118da94a8cb00cf6d06cdac9ef13eb1e5c6ab7/ofl/puppiesplay/PuppiesPlay-Regular.ttf,https://raw.githubusercontent.com/google/fonts/e1118da94a8cb00cf6d06cdac9ef13eb1e5c6ab7/ofl/puppiesplay/OFL.txt,data/v2/raw/fonts/handwriting/Puppies_Play__OFL.txt,"latin,latin-ext,menu,vietnamese",104fd20ddc4f78f256dd5e3a77d2cfdb0ef5b26e467404377f7bd0afabbb24c0,167944
Fleur De Leah,handwriting,Google Fonts official repository,OFL,data/v2/raw/fonts/handwriting/Fleur_De_Leah__FleurDeLeah-Regular.ttf,True,passed,,True,fleurdeleah,ofl,e1118da94a8cb00cf6d06cdac9ef13eb1e5c6ab7,https://raw.githubusercontent.com/google/fonts/e1118da94a8cb00cf6d06cdac9ef13eb1e5c6ab7/ofl/fleurdeleah/METADATA.pb,https://raw.githubusercontent.com/google/fonts/e1118da94a8cb00cf6d06cdac9ef13eb1e5c6ab7/ofl/fleurdeleah/FleurDeLeah-Regular.ttf,https://raw.githubusercontent.com/google/fonts/e1118da94a8cb00cf6d06cdac9ef13eb1e5c6ab7/ofl/fleurdeleah/OFL.txt,data/v2/raw/fonts/handwriting/Fleur_De_Leah__OFL.txt,"latin,latin-ext,menu,vietnamese",11f6c19bd52835c66cf6cf78f060a467a92a85f1d667447ea8feefdd9bccba7d,231608
Klee One,handwriting,Google Fonts official repository,OFL,data/v2/raw/fonts/handwriting/Klee_One__KleeOne-Regular.ttf,True,passed,,True,kleeone,ofl,e1118da94a8cb00cf6d06cdac9ef13eb1e5c6ab7,https://raw.githubusercontent.com/google/fonts/e1118da94a8cb00cf6d06cdac9ef13eb1e5c6ab7/ofl/kleeone/METADATA.pb,https://raw.githubusercontent.com/google/fonts/e1118da94a8cb00cf6d06cdac9ef13eb1e5c6ab7/ofl/kleeone/KleeOne-Regular.ttf,https://raw.githubusercontent.com/google/fonts/e1118da94a8cb00cf6d06cdac9ef13eb1e5c6ab7/ofl/kleeone/OFL.txt,data/v2/raw/fonts/handwriting/Klee_One__OFL.txt,"cyrillic,greek-ext,japanese,latin,latin-ext,menu",bf4063f030cc2ae6adf0a11424a1888e5c0eb4438f1f6d02f52294af868e9b3a,8724204
Coming Soon,handwriting,Google Fonts official repository,APACHE2,data/v2/raw/fonts/handwriting/Coming_Soon__ComingSoon-Regular.ttf,True,passed,,True,comingsoon,apache,e1118da94a8cb00cf6d06cdac9ef13eb1e5c6ab7,https://raw.githubusercontent.com/google/fonts/e1118da94a8cb00cf6d06cdac9ef13eb1e5c6ab7/apache/comingsoon/METADATA.pb,https://raw.githubusercontent.com/google/fonts/e1118da94a8cb00cf6d06cdac9ef13eb1e5c6ab7/apache/comingsoon/ComingSoon-Regular.ttf,https://raw.githubusercontent.com/google/fonts/e1118da94a8cb00cf6d06cdac9ef13eb1e5c6ab7/apache/comingsoon/LICENSE.txt,data/v2/raw/fonts/handwriting/Coming_Soon__LICENSE.txt,"latin,menu",cf81388f587ff6122de1a705d1070b8f00abccdba66108509908b5d10715068c,53256
Corinthia,handwriting,Google Fonts official repository,OFL,data/v2/raw/fonts/handwriting/Corinthia__Corinthia-Regular.ttf,True,passed,,True,corinthia,ofl,e1118da94a8cb00cf6d06cdac9ef13eb1e5c6ab7,https://raw.githubusercontent.com/google/fonts/e1118da94a8cb00cf6d06cdac9ef13eb1e5c6ab7/ofl/corinthia/METADATA.pb,https://raw.githubusercontent.com/google/fonts/e1118da94a8cb00cf6d06cdac9ef13eb1e5c6ab7/ofl/corinthia/Corinthia-Regular.ttf,https://raw.githubusercontent.com/google/fonts/e1118da94a8cb00cf6d06cdac9ef13eb1e5c6ab7/ofl/corinthia/OFL.txt,data/v2/raw/fonts/handwriting/Corinthia__OFL.txt,"latin,latin-ext,menu,vietnamese",ee2adb172a41a52c5f6b7de6de5953bf8e9e6bdfa5bc641fdddbdf4c737fc98e,222456
Licorice,handwriting,Google Fonts official repository,OFL,data/v2/raw/fonts/handwriting/Licorice__Licorice-Regular.ttf,True,passed,,True,licorice,ofl,e1118da94a8cb00cf6d06cdac9ef13eb1e5c6ab7,https://raw.githubusercontent.com/google/fonts/e1118da94a8cb00cf6d06cdac9ef13eb1e5c6ab7/ofl/licorice/METADATA.pb,https://raw.githubusercontent.com/google/fonts/e1118da94a8cb00cf6d06cdac9ef13eb1e5c6ab7/ofl/licorice/Licorice-Regular.ttf,https://raw.githubusercontent.com/google/fonts/e1118da94a8cb00cf6d06cdac9ef13eb1e5c6ab7/ofl/licorice/OFL.txt,data/v2/raw/fonts/handwriting/Licorice__OFL.txt,"latin,latin-ext,menu,vietnamese",c72d8cb2f56e6995b3682d8620e2d602bacf78b67121cdfbface9acc422750d8,154512
Caveat,handwriting,Google Fonts official repository,OFL,data/v2/raw/fonts/handwriting/Caveat__Caveat[wght].ttf,True,passed,,True,caveat,ofl,e1118da94a8cb00cf6d06cdac9ef13eb1e5c6ab7,https://raw.githubusercontent.com/google/fonts/e1118da94a8cb00cf6d06cdac9ef13eb1e5c6ab7/ofl/caveat/METADATA.pb,https://raw.githubusercontent.com/google/fonts/e1118da94a8cb00cf6d06cdac9ef13eb1e5c6ab7/ofl/caveat/Caveat%5Bwght%5D.ttf,https://raw.githubusercontent.com/google/fonts/e1118da94a8cb00cf6d06cdac9ef13eb1e5c6ab7/ofl/caveat/OFL.txt,data/v2/raw/fonts/handwriting/Caveat__OFL.txt,"cyrillic,cyrillic-ext,latin,latin-ext,menu",0bdb6b660482d31531b3945849fba5916b3ef8695da7024a9e6b9ee3c4157988,403648
Damion,handwriting,Google Fonts official repository,OFL,data/v2/raw/fonts/handwriting/Damion__Damion-Regular.ttf,True,passed,,True,damion,ofl,e1118da94a8cb00cf6d06cdac9ef13eb1e5c6ab7,https://raw.githubusercontent.com/google/fonts/e1118da94a8cb00cf6d06cdac9ef13eb1e5c6ab7/ofl/damion/METADATA.pb,https://raw.githubusercontent.com/google/fonts/e1118da94a8cb00cf6d06cdac9ef13eb1e5c6ab7/ofl/damion/Damion-Regular.ttf,https://raw.githubusercontent.com/google/fonts/e1118da94a8cb00cf6d06cdac9ef13eb1e5c6ab7/ofl/damion/OFL.txt,data/v2/raw/fonts/handwriting/Damion__OFL.txt,"latin,latin-ext,menu",a51fd6c3c517feb9924b98139c2e902a7317caee52c22a2ec9682973969562bf,75756
My Soul,handwriting,Google Fonts official repository,OFL,data/v2/raw/fonts/handwriting/My_Soul__MySoul-Regular.ttf,True,passed,,True,mysoul,ofl,e1118da94a8cb00cf6d06cdac9ef13eb1e5c6ab7,https://raw.githubusercontent.com/google/fonts/e1118da94a8cb00cf6d06cdac9ef13eb1e5c6ab7/ofl/mysoul/METADATA.pb,https://raw.githubusercontent.com/google/fonts/e1118da94a8cb00cf6d06cdac9ef13eb1e5c6ab7/ofl/mysoul/MySoul-Regular.ttf,https://raw.githubusercontent.com/google/fonts/e1118da94a8cb00cf6d06cdac9ef13eb1e5c6ab7/ofl/mysoul/OFL.txt,data/v2/raw/fonts/handwriting/My_Soul__OFL.txt,"latin,latin-ext,menu,vietnamese",28bcb050c1220145fd6aff6f6f13b1b8f4a9608388c0c34e4ff94452e5e6444f,145468
Homemade Apple,handwriting,Google Fonts official repository,APACHE2,data/v2/raw/fonts/handwriting/Homemade_Apple__HomemadeApple-Regular.ttf,True,passed,,True,homemadeapple,apache,e1118da94a8cb00cf6d06cdac9ef13eb1e5c6ab7,https://raw.githubusercontent.com/google/fonts/e1118da94a8cb00cf6d06cdac9ef13eb1e5c6ab7/apache/homemadeapple/METADATA.pb,https://raw.githubusercontent.com/google/fonts/e1118da94a8cb00cf6d06cdac9ef13eb1e5c6ab7/apache/homemadeapple/HomemadeApple-Regular.ttf,https://raw.githubusercontent.com/google/fonts/e1118da94a8cb00cf6d06cdac9ef13eb1e5c6ab7/apache/homemadeapple/LICENSE.txt,data/v2/raw/fonts/handwriting/Homemade_Apple__LICENSE.txt,"latin,menu",dd1baaca3cde1b1f8415aed3b0aea6808655c9d9ca5a99c7282d9accc16c1a58,110004
Rancho,handwriting,Google Fonts official repository,APACHE2,data/v2/raw/fonts/handwriting/Rancho__Rancho-Regular.ttf,True,passed,,True,rancho,apache,e1118da94a8cb00cf6d06cdac9ef13eb1e5c6ab7,https://raw.githubusercontent.com/google/fonts/e1118da94a8cb00cf6d06cdac9ef13eb1e5c6ab7/apache/rancho/METADATA.pb,https://raw.githubusercontent.com/google/fonts/e1118da94a8cb00cf6d06cdac9ef13eb1e5c6ab7/apache/rancho/Rancho-Regular.ttf,https://raw.githubusercontent.com/google/fonts/e1118da94a8cb00cf6d06cdac9ef13eb1e5c6ab7/apache/rancho/LICENSE.txt,data/v2/raw/fonts/handwriting/Rancho__LICENSE.txt,"latin,menu",1add7ee1a98ace8d687935b2a1735e1c53efc8a2108b73c8828db2df8a231306,44832
Over the Rainbow,handwriting,Google Fonts official repository,OFL,data/v2/raw/fonts/handwriting/Over_the_Rainbow__OvertheRainbow.ttf,True,passed,,True,overtherainbow,ofl,e1118da94a8cb00cf6d06cdac9ef13eb1e5c6ab7,https://raw.githubusercontent.com/google/fonts/e1118da94a8cb00cf6d06cdac9ef13eb1e5c6ab7/ofl/overtherainbow/METADATA.pb,https://raw.githubusercontent.com/google/fonts/e1118da94a8cb00cf6d06cdac9ef13eb1e5c6ab7/ofl/overtherainbow/OvertheRainbow.ttf,https://raw.githubusercontent.com/google/fonts/e1118da94a8cb00cf6d06cdac9ef13eb1e5c6ab7/ofl/overtherainbow/OFL.txt,data/v2/raw/fonts/handwriting/Over_the_Rainbow__OFL.txt,"latin,menu",62a232ccaa3f1a0b575947a88d1355c5e4c55f5e0ce65307ab91ea958915c3d3,47508
Splash,handwriting,Google Fonts official repository,OFL,data/v2/raw/fonts/handwriting/Splash__Splash-Regular.ttf,True,passed,,True,splash,ofl,e1118da94a8cb00cf6d06cdac9ef13eb1e5c6ab7,https://raw.githubusercontent.com/google/fonts/e1118da94a8cb00cf6d06cdac9ef13eb1e5c6ab7/ofl/splash/METADATA.pb,https://raw.githubusercontent.com/google/fonts/e1118da94a8cb00cf6d06cdac9ef13eb1e5c6ab7/ofl/splash/Splash-Regular.ttf,https://raw.githubusercontent.com/google/fonts/e1118da94a8cb00cf6d06cdac9ef13eb1e5c6ab7/ofl/splash/OFL.txt,data/v2/raw/fonts/handwriting/Splash__OFL.txt,"latin,latin-ext,menu,vietnamese",42c2ddc11917333bcd24a3eb0bc7df5205278226e2f6521459384479f1b6675c,1473200
Qwigley,handwriting,Google Fonts official repository,OFL,data/v2/raw/fonts/handwriting/Qwigley__Qwigley-Regular.ttf,True,passed,,True,qwigley,ofl,e1118da94a8cb00cf6d06cdac9ef13eb1e5c6ab7,https://raw.githubusercontent.com/google/fonts/e1118da94a8cb00cf6d06cdac9ef13eb1e5c6ab7/ofl/qwigley/METADATA.pb,https://raw.githubusercontent.com/google/fonts/e1118da94a8cb00cf6d06cdac9ef13eb1e5c6ab7/ofl/qwigley/Qwigley-Regular.ttf,https://raw.githubusercontent.com/google/fonts/e1118da94a8cb00cf6d06cdac9ef13eb1e5c6ab7/ofl/qwigley/OFL.txt,data/v2/raw/fonts/handwriting/Qwigley__OFL.txt,"latin,latin-ext,menu,vietnamese",6a018d872fa8ad613a71a48383b3f0f987a0e7cd305678ca3a7c87648e6cdbb2,87336
WindSong,handwriting,Google Fonts official repository,OFL,data/v2/raw/fonts/handwriting/WindSong__WindSong-Regular.ttf,True,passed,,True,windsong,ofl,e1118da94a8cb00cf6d06cdac9ef13eb1e5c6ab7,https://raw.githubusercontent.com/google/fonts/e1118da94a8cb00cf6d06cdac9ef13eb1e5c6ab7/ofl/windsong/METADATA.pb,https://raw.githubusercontent.com/google/fonts/e1118da94a8cb00cf6d06cdac9ef13eb1e5c6ab7/ofl/windsong/WindSong-Regular.ttf,https://raw.githubusercontent.com/google/fonts/e1118da94a8cb00cf6d06cdac9ef13eb1e5c6ab7/ofl/windsong/OFL.txt,data/v2/raw/fonts/handwriting/WindSong__OFL.txt,"latin,latin-ext,menu,vietnamese",44bea4f8cdb818e9df6eef5334c63915acb7f1877b239debb373277d16b0aac2,267192
Petit Formal Script,handwriting,Google Fonts official repository,OFL,data/v2/raw/fonts/handwriting/Petit_Formal_Script__PetitFormalScript-Regular.ttf,True,passed,,True,petitformalscript,ofl,e1118da94a8cb00cf6d06cdac9ef13eb1e5c6ab7,https://raw.githubusercontent.com/google/fonts/e1118da94a8cb00cf6d06cdac9ef13eb1e5c6ab7/ofl/petitformalscript/METADATA.pb,https://raw.githubusercontent.com/google/fonts/e1118da94a8cb00cf6d06cdac9ef13eb1e5c6ab7/ofl/petitformalscript/PetitFormalScript-Regular.ttf,https://raw.githubusercontent.com/google/fonts/e1118da94a8cb00cf6d06cdac9ef13eb1e5c6ab7/ofl/petitformalscript/OFL.txt,data/v2/raw/fonts/handwriting/Petit_Formal_Script__OFL.txt,"latin,latin-ext,menu",9b80a05170bac7f372b7e00bc762fe14bafd4abdeb013747b189f66525cffe89,175068
Miss Fajardose,handwriting,Google Fonts official repository,OFL,data/v2/raw/fonts/handwriting/Miss_Fajardose__MissFajardose-Regular.ttf,True,passed,,True,missfajardose,ofl,e1118da94a8cb00cf6d06cdac9ef13eb1e5c6ab7,https://raw.githubusercontent.com/google/fonts/e1118da94a8cb00cf6d06cdac9ef13eb1e5c6ab7/ofl/missfajardose/METADATA.pb,https://raw.githubusercontent.com/google/fonts/e1118da94a8cb00cf6d06cdac9ef13eb1e5c6ab7/ofl/missfajardose/MissFajardose-Regular.ttf,https://raw.githubusercontent.com/google/fonts/e1118da94a8cb00cf6d06cdac9ef13eb1e5c6ab7/ofl/missfajardose/OFL.txt,data/v2/raw/fonts/handwriting/Miss_Fajardose__OFL.txt,"latin,latin-ext,menu",f76e0f245e781a75ea9fa528706b417173f7741439369c07d1501276170ab709,58872
Meddon,handwriting,Google Fonts official repository,OFL,data/v2/raw/fonts/handwriting/Meddon__Meddon.ttf,True,passed,,True,meddon,ofl,e1118da94a8cb00cf6d06cdac9ef13eb1e5c6ab7,https://raw.githubusercontent.com/google/fonts/e1118da94a8cb00cf6d06cdac9ef13eb1e5c6ab7/ofl/meddon/METADATA.pb,https://raw.githubusercontent.com/google/fonts/e1118da94a8cb00cf6d06cdac9ef13eb1e5c6ab7/ofl/meddon/Meddon.ttf,https://raw.githubusercontent.com/google/fonts/e1118da94a8cb00cf6d06cdac9ef13eb1e5c6ab7/ofl/meddon/OFL.txt,data/v2/raw/fonts/handwriting/Meddon__OFL.txt,"latin,menu",c983e998ff7e01242544659c971bf4055bfb43a9fc5a0dd83ca7dafd105f94da,128264
Itim,handwriting,Google Fonts official repository,OFL,data/v2/raw/fonts/handwriting/Itim__Itim-Regular.ttf,True,passed,,True,itim,ofl,e1118da94a8cb00cf6d06cdac9ef13eb1e5c6ab7,https://raw.githubusercontent.com/google/fonts/e1118da94a8cb00cf6d06cdac9ef13eb1e5c6ab7/ofl/itim/METADATA.pb,https://raw.githubusercontent.com/google/fonts/e1118da94a8cb00cf6d06cdac9ef13eb1e5c6ab7/ofl/itim/Itim-Regular.ttf,https://raw.githubusercontent.com/google/fonts/e1118da94a8cb00cf6d06cdac9ef13eb1e5c6ab7/ofl/itim/OFL.txt,data/v2/raw/fonts/handwriting/Itim__OFL.txt,"latin,latin-ext,menu,thai,vietnamese",9164d7eb92ca717b53b07193e3445c96782222d24215151b8d2851b576b17645,371384
Betania Patmos GDL,handwriting,Google Fonts official repository,OFL,data/v2/raw/fonts/handwriting/Betania_Patmos_GDL__BetaniaPatmosGDL-Regular.ttf,True,passed,,True,betaniapatmosgdl,ofl,e1118da94a8cb00cf6d06cdac9ef13eb1e5c6ab7,https://raw.githubusercontent.com/google/fonts/e1118da94a8cb00cf6d06cdac9ef13eb1e5c6ab7/ofl/betaniapatmosgdl/METADATA.pb,https://raw.githubusercontent.com/google/fonts/e1118da94a8cb00cf6d06cdac9ef13eb1e5c6ab7/ofl/betaniapatmosgdl/BetaniaPatmosGDL-Regular.ttf,https://raw.githubusercontent.com/google/fonts/e1118da94a8cb00cf6d06cdac9ef13eb1e5c6ab7/ofl/betaniapatmosgdl/OFL.txt,data/v2/raw/fonts/handwriting/Betania_Patmos_GDL__OFL.txt,"latin,latin-ext,menu",761c3d83f07517e3e6da5a25fa7b87fca3b52eb944c57c63a9a67fee74c20106,304756
Source Code Pro,monospace,Google Fonts official repository,OFL,data/v2/raw/fonts/monospace/Source_Code_Pro__SourceCodePro[wght].ttf,True,passed,,True,sourcecodepro,ofl,e1118da94a8cb00cf6d06cdac9ef13eb1e5c6ab7,https://raw.githubusercontent.com/google/fonts/e1118da94a8cb00cf6d06cdac9ef13eb1e5c6ab7/ofl/sourcecodepro/METADATA.pb,https://raw.githubusercontent.com/google/fonts/e1118da94a8cb00cf6d06cdac9ef13eb1e5c6ab7/ofl/sourcecodepro/SourceCodePro%5Bwght%5D.ttf,https://raw.githubusercontent.com/google/fonts/e1118da94a8cb00cf6d06cdac9ef13eb1e5c6ab7/ofl/sourcecodepro/OFL.txt,data/v2/raw/fonts/monospace/Source_Code_Pro__OFL.txt,"cyrillic,cyrillic-ext,greek,greek-ext,latin,latin-ext,menu,vietnamese",b400fc584e10aff25d0e775ce181b4fc1c5ea1b5dc37b81aeb2084375b945790,212340
Ubuntu Sans Mono,monospace,Google Fonts official repository,UFL,data/v2/raw/fonts/monospace/Ubuntu_Sans_Mono__UbuntuSansMono[wght].ttf,True,passed,,True,ubuntusansmono,ufl,e1118da94a8cb00cf6d06cdac9ef13eb1e5c6ab7,https://raw.githubusercontent.com/google/fonts/e1118da94a8cb00cf6d06cdac9ef13eb1e5c6ab7/ufl/ubuntusansmono/METADATA.pb,https://raw.githubusercontent.com/google/fonts/e1118da94a8cb00cf6d06cdac9ef13eb1e5c6ab7/ufl/ubuntusansmono/UbuntuSansMono%5Bwght%5D.ttf,https://raw.githubusercontent.com/google/fonts/e1118da94a8cb00cf6d06cdac9ef13eb1e5c6ab7/ufl/ubuntusansmono/LICENCE.txt,data/v2/raw/fonts/monospace/Ubuntu_Sans_Mono__LICENCE.txt,"cyrillic,cyrillic-ext,greek,greek-ext,latin,latin-ext",0954a9a2b1be5062592aad7ff42c8ad094de641abeb2043d9b21d137844a0dba,178092
VT323,monospace,Google Fonts official repository,OFL,data/v2/raw/fonts/monospace/VT323__VT323-Regular.ttf,True,passed,,True,vt323,ofl,e1118da94a8cb00cf6d06cdac9ef13eb1e5c6ab7,https://raw.githubusercontent.com/google/fonts/e1118da94a8cb00cf6d06cdac9ef13eb1e5c6ab7/ofl/vt323/METADATA.pb,https://raw.githubusercontent.com/google/fonts/e1118da94a8cb00cf6d06cdac9ef13eb1e5c6ab7/ofl/vt323/VT323-Regular.ttf,https://raw.githubusercontent.com/google/fonts/e1118da94a8cb00cf6d06cdac9ef13eb1e5c6ab7/ofl/vt323/OFL.txt,data/v2/raw/fonts/monospace/VT323__OFL.txt,"latin,latin-ext,menu,vietnamese",cf4de751ada78ceac033dbe16a687742939995b77bc2a052ae17a4957958594d,153116
Syne Mono,monospace,Google Fonts official repository,OFL,data/v2/raw/fonts/monospace/Syne_Mono__SyneMono-Regular.ttf,True,passed,,True,synemono,ofl,e1118da94a8cb00cf6d06cdac9ef13eb1e5c6ab7,https://raw.githubusercontent.com/google/fonts/e1118da94a8cb00cf6d06cdac9ef13eb1e5c6ab7/ofl/synemono/METADATA.pb,https://raw.githubusercontent.com/google/fonts/e1118da94a8cb00cf6d06cdac9ef13eb1e5c6ab7/ofl/synemono/SyneMono-Regular.ttf,https://raw.githubusercontent.com/google/fonts/e1118da94a8cb00cf6d06cdac9ef13eb1e5c6ab7/ofl/synemono/OFL.txt,data/v2/raw/fonts/monospace/Syne_Mono__OFL.txt,"latin,latin-ext,menu",b142b088680791725849cc74c54d7937c981de2378583bde72f826bd3eb267dc,72240
Hibur Mono,monospace,Google Fonts official repository,OFL,data/v2/raw/fonts/monospace/Hibur_Mono__HiburMono-Regular.ttf,True,passed,,True,hiburmono,ofl,e1118da94a8cb00cf6d06cdac9ef13eb1e5c6ab7,https://raw.githubusercontent.com/google/fonts/e1118da94a8cb00cf6d06cdac9ef13eb1e5c6ab7/ofl/hiburmono/METADATA.pb,https://raw.githubusercontent.com/google/fonts/e1118da94a8cb00cf6d06cdac9ef13eb1e5c6ab7/ofl/hiburmono/HiburMono-Regular.ttf,https://raw.githubusercontent.com/google/fonts/e1118da94a8cb00cf6d06cdac9ef13eb1e5c6ab7/ofl/hiburmono/OFL.txt,data/v2/raw/fonts/monospace/Hibur_Mono__OFL.txt,"ethiopic,latin,latin-ext,menu",b53037ea7a7610a99fda2b1eaf29cabcf19225f4c9b97f635d2ae6ff00bcd8bb,210352
Cousine,monospace,Google Fonts official repository,OFL,data/v2/raw/fonts/monospace/Cousine__Cousine-Regular.ttf,True,passed,,True,cousine,ofl,e1118da94a8cb00cf6d06cdac9ef13eb1e5c6ab7,https://raw.githubusercontent.com/google/fonts/e1118da94a8cb00cf6d06cdac9ef13eb1e5c6ab7/ofl/cousine/METADATA.pb,https://raw.githubusercontent.com/google/fonts/e1118da94a8cb00cf6d06cdac9ef13eb1e5c6ab7/ofl/cousine/Cousine-Regular.ttf,https://raw.githubusercontent.com/google/fonts/e1118da94a8cb00cf6d06cdac9ef13eb1e5c6ab7/ofl/cousine/OFL.txt,data/v2/raw/fonts/monospace/Cousine__OFL.txt,"cyrillic,cyrillic-ext,greek,greek-ext,hebrew,latin,latin-ext,menu,vietnamese",1da22250675fc4c42fcf3a9736c44bc0570516105331443b663fd5cfbd1412fe,296856
Anonymous Pro,monospace,Google Fonts official repository,OFL,data/v2/raw/fonts/monospace/Anonymous_Pro__AnonymousPro-Regular.ttf,True,passed,,True,anonymouspro,ofl,e1118da94a8cb00cf6d06cdac9ef13eb1e5c6ab7,https://raw.githubusercontent.com/google/fonts/e1118da94a8cb00cf6d06cdac9ef13eb1e5c6ab7/ofl/anonymouspro/METADATA.pb,https://raw.githubusercontent.com/google/fonts/e1118da94a8cb00cf6d06cdac9ef13eb1e5c6ab7/ofl/anonymouspro/AnonymousPro-Regular.ttf,https://raw.githubusercontent.com/google/fonts/e1118da94a8cb00cf6d06cdac9ef13eb1e5c6ab7/ofl/anonymouspro/OFL.txt,data/v2/raw/fonts/monospace/Anonymous_Pro__OFL.txt,"cyrillic,greek,latin,latin-ext,menu",46d8b9a5f4b38fc9d30f3cdd676d4c6f78a9bef949bb1a8304216cc731eb87f8,158100
Libertinus Mono,monospace,Google Fonts official repository,OFL,data/v2/raw/fonts/monospace/Libertinus_Mono__LibertinusMono-Regular.ttf,True,passed,,True,libertinusmono,ofl,e1118da94a8cb00cf6d06cdac9ef13eb1e5c6ab7,https://raw.githubusercontent.com/google/fonts/e1118da94a8cb00cf6d06cdac9ef13eb1e5c6ab7/ofl/libertinusmono/METADATA.pb,https://raw.githubusercontent.com/google/fonts/e1118da94a8cb00cf6d06cdac9ef13eb1e5c6ab7/ofl/libertinusmono/LibertinusMono-Regular.ttf,https://raw.githubusercontent.com/google/fonts/e1118da94a8cb00cf6d06cdac9ef13eb1e5c6ab7/ofl/libertinusmono/OFL.txt,data/v2/raw/fonts/monospace/Libertinus_Mono__OFL.txt,"latin,latin-ext,menu",98e3326985108f7d427d1f447d4fa00c93f6787bc53b5c15150c115c5b9d9b9a,153480
Nova Mono,monospace,Google Fonts official repository,OFL,data/v2/raw/fonts/monospace/Nova_Mono__NovaMono.ttf,True,passed,,True,novamono,ofl,e1118da94a8cb00cf6d06cdac9ef13eb1e5c6ab7,https://raw.githubusercontent.com/google/fonts/e1118da94a8cb00cf6d06cdac9ef13eb1e5c6ab7/ofl/novamono/METADATA.pb,https://raw.githubusercontent.com/google/fonts/e1118da94a8cb00cf6d06cdac9ef13eb1e5c6ab7/ofl/novamono/NovaMono.ttf,https://raw.githubusercontent.com/google/fonts/e1118da94a8cb00cf6d06cdac9ef13eb1e5c6ab7/ofl/novamono/OFL.txt,data/v2/raw/fonts/monospace/Nova_Mono__OFL.txt,"greek,latin,latin-ext,menu",648eadb6648c0801b186d3dcef60ee6aa84a791b1e09c726935c0712508b4807,302380
DM Mono,monospace,Google Fonts official repository,OFL,data/v2/raw/fonts/monospace/DM_Mono__DMMono-Regular.ttf,True,passed,,True,dmmono,ofl,e1118da94a8cb00cf6d06cdac9ef13eb1e5c6ab7,https://raw.githubusercontent.com/google/fonts/e1118da94a8cb00cf6d06cdac9ef13eb1e5c6ab7/ofl/dmmono/METADATA.pb,https://raw.githubusercontent.com/google/fonts/e1118da94a8cb00cf6d06cdac9ef13eb1e5c6ab7/ofl/dmmono/DMMono-Regular.ttf,https://raw.githubusercontent.com/google/fonts/e1118da94a8cb00cf6d06cdac9ef13eb1e5c6ab7/ofl/dmmono/OFL.txt,data/v2/raw/fonts/monospace/DM_Mono__OFL.txt,"latin,latin-ext,menu",55b4c98f123daebb3ed27947ba47b2af00554fc6284d639a540bcef5e6258ad2,49744
Oxygen Mono,monospace,Google Fonts official repository,OFL,data/v2/raw/fonts/monospace/Oxygen_Mono__OxygenMono-Regular.ttf,True,passed,,True,oxygenmono,ofl,e1118da94a8cb00cf6d06cdac9ef13eb1e5c6ab7,https://raw.githubusercontent.com/google/fonts/e1118da94a8cb00cf6d06cdac9ef13eb1e5c6ab7/ofl/oxygenmono/METADATA.pb,https://raw.githubusercontent.com/google/fonts/e1118da94a8cb00cf6d06cdac9ef13eb1e5c6ab7/ofl/oxygenmono/OxygenMono-Regular.ttf,https://raw.githubusercontent.com/google/fonts/e1118da94a8cb00cf6d06cdac9ef13eb1e5c6ab7/ofl/oxygenmono/OFL.txt,data/v2/raw/fonts/monospace/Oxygen_Mono__OFL.txt,"latin,latin-ext,menu",dcc671da93f7fc31f2e7a4a7c058c815c1eaec6a3d27792e18edff4d3bf539f0,68940
Google Sans Code,monospace,Google Fonts official repository,OFL,data/v2/raw/fonts/monospace/Google_Sans_Code__GoogleSansCode[wght].ttf,True,passed,,True,googlesanscode,ofl,e1118da94a8cb00cf6d06cdac9ef13eb1e5c6ab7,https://raw.githubusercontent.com/google/fonts/e1118da94a8cb00cf6d06cdac9ef13eb1e5c6ab7/ofl/googlesanscode/METADATA.pb,https://raw.githubusercontent.com/google/fonts/e1118da94a8cb00cf6d06cdac9ef13eb1e5c6ab7/ofl/googlesanscode/GoogleSansCode%5Bwght%5D.ttf,https://raw.githubusercontent.com/google/fonts/e1118da94a8cb00cf6d06cdac9ef13eb1e5c6ab7/ofl/googlesanscode/OFL.txt,data/v2/raw/fonts/monospace/Google_Sans_Code__OFL.txt,"adlam,canadian-aboriginal,cherokee,latin,latin-ext,math,menu,old-permic,symbols,symbols2,syriac,vietnamese",c9649573afcd966f61096b1e9c3c3115e7b54315ca2adf9839c6f8b17d5f8e1f,126224
Geist Mono,monospace,Google Fonts official repository,OFL,data/v2/raw/fonts/monospace/Geist_Mono__GeistMono[wght].ttf,True,passed,,True,geistmono,ofl,e1118da94a8cb00cf6d06cdac9ef13eb1e5c6ab7,https://raw.githubusercontent.com/google/fonts/e1118da94a8cb00cf6d06cdac9ef13eb1e5c6ab7/ofl/geistmono/METADATA.pb,https://raw.githubusercontent.com/google/fonts/e1118da94a8cb00cf6d06cdac9ef13eb1e5c6ab7/ofl/geistmono/GeistMono%5Bwght%5D.ttf,https://raw.githubusercontent.com/google/fonts/e1118da94a8cb00cf6d06cdac9ef13eb1e5c6ab7/ofl/geistmono/OFL.txt,data/v2/raw/fonts/monospace/Geist_Mono__OFL.txt,"cyrillic,cyrillic-ext,latin,latin-ext,menu,symbols2,vietnamese",d00e590b8eb3a59acc329b2d044fd143ae935090b7da33199ebee27cc7de8196,171948
PT Mono,monospace,Google Fonts official repository,OFL,data/v2/raw/fonts/monospace/PT_Mono__PTM55FT.ttf,True,passed,,True,ptmono,ofl,e1118da94a8cb00cf6d06cdac9ef13eb1e5c6ab7,https://raw.githubusercontent.com/google/fonts/e1118da94a8cb00cf6d06cdac9ef13eb1e5c6ab7/ofl/ptmono/METADATA.pb,https://raw.githubusercontent.com/google/fonts/e1118da94a8cb00cf6d06cdac9ef13eb1e5c6ab7/ofl/ptmono/PTM55FT.ttf,https://raw.githubusercontent.com/google/fonts/e1118da94a8cb00cf6d06cdac9ef13eb1e5c6ab7/ofl/ptmono/OFL.txt,data/v2/raw/fonts/monospace/PT_Mono__OFL.txt,"cyrillic,cyrillic-ext,latin,latin-ext,menu",cbe732b3b8fd211fd986ebdfc9b870ddeca4faab0bb5425fc509b37f9b4ac804,185912
M PLUS 1 Code,monospace,Google Fonts official repository,OFL,data/v2/raw/fonts/monospace/M_PLUS_1_Code__MPLUS1Code[wght].ttf,True,passed,,True,mplus1code,ofl,e1118da94a8cb00cf6d06cdac9ef13eb1e5c6ab7,https://raw.githubusercontent.com/google/fonts/e1118da94a8cb00cf6d06cdac9ef13eb1e5c6ab7/ofl/mplus1code/METADATA.pb,https://raw.githubusercontent.com/google/fonts/e1118da94a8cb00cf6d06cdac9ef13eb1e5c6ab7/ofl/mplus1code/MPLUS1Code%5Bwght%5D.ttf,https://raw.githubusercontent.com/google/fonts/e1118da94a8cb00cf6d06cdac9ef13eb1e5c6ab7/ofl/mplus1code/OFL.txt,data/v2/raw/fonts/monospace/M_PLUS_1_Code__OFL.txt,"japanese,latin,latin-ext,menu,vietnamese",ff68678c5bd7e9d9d6ab6d57e4355aabe30f6b8f8bff9bd59baf6a7807dcfd36,3933000
Iosevka Charon,monospace,Google Fonts official repository,OFL,data/v2/raw/fonts/monospace/Iosevka_Charon__IosevkaCharon-Regular.ttf,True,passed,,True,iosevkacharon,ofl,e1118da94a8cb00cf6d06cdac9ef13eb1e5c6ab7,https://raw.githubusercontent.com/google/fonts/e1118da94a8cb00cf6d06cdac9ef13eb1e5c6ab7/ofl/iosevkacharon/METADATA.pb,https://raw.githubusercontent.com/google/fonts/e1118da94a8cb00cf6d06cdac9ef13eb1e5c6ab7/ofl/iosevkacharon/IosevkaCharon-Regular.ttf,https://raw.githubusercontent.com/google/fonts/e1118da94a8cb00cf6d06cdac9ef13eb1e5c6ab7/ofl/iosevkacharon/OFL.txt,data/v2/raw/fonts/monospace/Iosevka_Charon__OFL.txt,"armenian,braille,cyrillic,cyrillic-ext,greek,greek-ext,latin,latin-ext,math,menu,symbols,symbols2,vietnamese",a5a85271575eefce115a0c029c787bc8914d0c771bd1fdfc3776b7280a57d047,1379508
Xanh Mono,monospace,Google Fonts official repository,OFL,data/v2/raw/fonts/monospace/Xanh_Mono__XanhMono-Regular.ttf,True,passed,,True,xanhmono,ofl,e1118da94a8cb00cf6d06cdac9ef13eb1e5c6ab7,https://raw.githubusercontent.com/google/fonts/e1118da94a8cb00cf6d06cdac9ef13eb1e5c6ab7/ofl/xanhmono/METADATA.pb,https://raw.githubusercontent.com/google/fonts/e1118da94a8cb00cf6d06cdac9ef13eb1e5c6ab7/ofl/xanhmono/XanhMono-Regular.ttf,https://raw.githubusercontent.com/google/fonts/e1118da94a8cb00cf6d06cdac9ef13eb1e5c6ab7/ofl/xanhmono/OFL.txt,data/v2/raw/fonts/monospace/Xanh_Mono__OFL.txt,"latin,latin-ext,menu,vietnamese",33e64b43fdcb40bd0141853601c7aaffd5be15ebd3cf56340d2473ff8be8e69c,59924
Lilex,monospace,Google Fonts official repository,OFL,data/v2/raw/fonts/monospace/Lilex__Lilex[wght].ttf,True,passed,,True,lilex,ofl,e1118da94a8cb00cf6d06cdac9ef13eb1e5c6ab7,https://raw.githubusercontent.com/google/fonts/e1118da94a8cb00cf6d06cdac9ef13eb1e5c6ab7/ofl/lilex/METADATA.pb,https://raw.githubusercontent.com/google/fonts/e1118da94a8cb00cf6d06cdac9ef13eb1e5c6ab7/ofl/lilex/Lilex%5Bwght%5D.ttf,https://raw.githubusercontent.com/google/fonts/e1118da94a8cb00cf6d06cdac9ef13eb1e5c6ab7/ofl/lilex/OFL.txt,data/v2/raw/fonts/monospace/Lilex__OFL.txt,"cyrillic,cyrillic-ext,greek,latin,latin-ext,menu,symbols2,vietnamese",ac99facd1db106a77d662a8285d97f1f241fb1f5316a41f8ceee8279b4750d82,229100
Sixtyfour Convergence,monospace,Google Fonts official repository,OFL,"data/v2/raw/fonts/monospace/Sixtyfour_Convergence__SixtyfourConvergence[BLED,SCAN,XELA,YELA].ttf",True,passed,,True,sixtyfourconvergence,ofl,e1118da94a8cb00cf6d06cdac9ef13eb1e5c6ab7,https://raw.githubusercontent.com/google/fonts/e1118da94a8cb00cf6d06cdac9ef13eb1e5c6ab7/ofl/sixtyfourconvergence/METADATA.pb,https://raw.githubusercontent.com/google/fonts/e1118da94a8cb00cf6d06cdac9ef13eb1e5c6ab7/ofl/sixtyfourconvergence/SixtyfourConvergence%5BBLED%2CSCAN%2CXELA%2CYELA%5D.ttf,https://raw.githubusercontent.com/google/fonts/e1118da94a8cb00cf6d06cdac9ef13eb1e5c6ab7/ofl/sixtyfourconvergence/OFL.txt,data/v2/raw/fonts/monospace/Sixtyfour_Convergence__OFL.txt,"latin,latin-ext,math,menu,symbols",aa8c653e04d6211debe5f5d1b7e851a64345a61b2a3c0a5a295cddb0f1e71688,122260
Intel One Mono,monospace,Google Fonts official repository,OFL,data/v2/raw/fonts/monospace/Intel_One_Mono__IntelOneMono-Regular.ttf,True,passed,,True,intelonemono,ofl,e1118da94a8cb00cf6d06cdac9ef13eb1e5c6ab7,https://raw.githubusercontent.com/google/fonts/e1118da94a8cb00cf6d06cdac9ef13eb1e5c6ab7/ofl/intelonemono/METADATA.pb,https://raw.githubusercontent.com/google/fonts/e1118da94a8cb00cf6d06cdac9ef13eb1e5c6ab7/ofl/intelonemono/IntelOneMono-Regular.ttf,https://raw.githubusercontent.com/google/fonts/e1118da94a8cb00cf6d06cdac9ef13eb1e5c6ab7/ofl/intelonemono/OFL.txt,data/v2/raw/fonts/monospace/Intel_One_Mono__OFL.txt,"latin,latin-ext,menu,symbols2,vietnamese",f92cb99ca8d984cfa570c17cf056dc7dbe3e7e2235d1a44c3b57205d4059aefa,125144
Digital Numbers,monospace,Google Fonts official repository,OFL,data/v2/raw/fonts/monospace/Digital_Numbers__DigitalNumbers-Regular.ttf,True,passed,,True,digitalnumbers,ofl,e1118da94a8cb00cf6d06cdac9ef13eb1e5c6ab7,https://raw.githubusercontent.com/google/fonts/e1118da94a8cb00cf6d06cdac9ef13eb1e5c6ab7/ofl/digitalnumbers/METADATA.pb,https://raw.githubusercontent.com/google/fonts/e1118da94a8cb00cf6d06cdac9ef13eb1e5c6ab7/ofl/digitalnumbers/DigitalNumbers-Regular.ttf,https://raw.githubusercontent.com/google/fonts/e1118da94a8cb00cf6d06cdac9ef13eb1e5c6ab7/ofl/digitalnumbers/OFL.txt,data/v2/raw/fonts/monospace/Digital_Numbers__OFL.txt,"latin,menu",de9e0cfb83bc10ac6fad876f35d8f381a3ff07f5ca9925919e9d32f980bc9d49,20984
Sixtyfour,monospace,Google Fonts official repository,OFL,"data/v2/raw/fonts/monospace/Sixtyfour__Sixtyfour[BLED,SCAN].ttf",True,passed,,True,sixtyfour,ofl,e1118da94a8cb00cf6d06cdac9ef13eb1e5c6ab7,https://raw.githubusercontent.com/google/fonts/e1118da94a8cb00cf6d06cdac9ef13eb1e5c6ab7/ofl/sixtyfour/METADATA.pb,https://raw.githubusercontent.com/google/fonts/e1118da94a8cb00cf6d06cdac9ef13eb1e5c6ab7/ofl/sixtyfour/Sixtyfour%5BBLED%2CSCAN%5D.ttf,https://raw.githubusercontent.com/google/fonts/e1118da94a8cb00cf6d06cdac9ef13eb1e5c6ab7/ofl/sixtyfour/OFL.txt,data/v2/raw/fonts/monospace/Sixtyfour__OFL.txt,"latin,latin-ext,math,menu,symbols",3d5a3bb3257a491124347bac83ca7f0c8c77a9961270f353b498f3153e751c68,71536
Fira Code,monospace,Google Fonts official repository,OFL,data/v2/raw/fonts/monospace/Fira_Code__FiraCode[wght].ttf,True,passed,,True,firacode,ofl,e1118da94a8cb00cf6d06cdac9ef13eb1e5c6ab7,https://raw.githubusercontent.com/google/fonts/e1118da94a8cb00cf6d06cdac9ef13eb1e5c6ab7/ofl/firacode/METADATA.pb,https://raw.githubusercontent.com/google/fonts/e1118da94a8cb00cf6d06cdac9ef13eb1e5c6ab7/ofl/firacode/FiraCode%5Bwght%5D.ttf,https://raw.githubusercontent.com/google/fonts/e1118da94a8cb00cf6d06cdac9ef13eb1e5c6ab7/ofl/firacode/OFL.txt,data/v2/raw/fonts/monospace/Fira_Code__OFL.txt,"cyrillic,cyrillic-ext,greek,greek-ext,latin,latin-ext,menu,symbols2",9335b082b3c7850d98a64b584f3417f65355f3471278bb5eeb8c6c0e8657aeeb,260364
Monofett,monospace,Google Fonts official repository,OFL,data/v2/raw/fonts/monospace/Monofett__Monofett-Regular.ttf,True,passed,,True,monofett,ofl,e1118da94a8cb00cf6d06cdac9ef13eb1e5c6ab7,https://raw.githubusercontent.com/google/fonts/e1118da94a8cb00cf6d06cdac9ef13eb1e5c6ab7/ofl/monofett/METADATA.pb,https://raw.githubusercontent.com/google/fonts/e1118da94a8cb00cf6d06cdac9ef13eb1e5c6ab7/ofl/monofett/Monofett-Regular.ttf,https://raw.githubusercontent.com/google/fonts/e1118da94a8cb00cf6d06cdac9ef13eb1e5c6ab7/ofl/monofett/OFL.txt,data/v2/raw/fonts/monospace/Monofett__OFL.txt,"latin,latin-ext,menu",1483f18841a24238172d6f3462a3ea790b7a3e6ca8bb55d404dede93669238d5,72328
Roboto Mono,monospace,Google Fonts official repository,OFL,data/v2/raw/fonts/monospace/Roboto_Mono__RobotoMono[wght].ttf,True,passed,,True,robotomono,ofl,e1118da94a8cb00cf6d06cdac9ef13eb1e5c6ab7,https://raw.githubusercontent.com/google/fonts/e1118da94a8cb00cf6d06cdac9ef13eb1e5c6ab7/ofl/robotomono/METADATA.pb,https://raw.githubusercontent.com/google/fonts/e1118da94a8cb00cf6d06cdac9ef13eb1e5c6ab7/ofl/robotomono/RobotoMono%5Bwght%5D.ttf,https://raw.githubusercontent.com/google/fonts/e1118da94a8cb00cf6d06cdac9ef13eb1e5c6ab7/ofl/robotomono/OFL.txt,data/v2/raw/fonts/monospace/Roboto_Mono__OFL.txt,"cyrillic,cyrillic-ext,greek,latin,latin-ext,menu,vietnamese",66a80e79d17e4c7cabd162e2916578a4cc08fd19eef6e2a643305eae9c567b2b,183700
Workbench,monospace,Google Fonts official repository,OFL,"data/v2/raw/fonts/monospace/Workbench__Workbench[BLED,SCAN].ttf",True,passed,,True,workbench,ofl,e1118da94a8cb00cf6d06cdac9ef13eb1e5c6ab7,https://raw.githubusercontent.com/google/fonts/e1118da94a8cb00cf6d06cdac9ef13eb1e5c6ab7/ofl/workbench/METADATA.pb,https://raw.githubusercontent.com/google/fonts/e1118da94a8cb00cf6d06cdac9ef13eb1e5c6ab7/ofl/workbench/Workbench%5BBLED%2CSCAN%5D.ttf,https://raw.githubusercontent.com/google/fonts/e1118da94a8cb00cf6d06cdac9ef13eb1e5c6ab7/ofl/workbench/OFL.txt,data/v2/raw/fonts/monospace/Workbench__OFL.txt,"latin,math,menu,symbols",027940fb7aea63f260fb367957e419c08f904f357b384c819f99eb06e7af17d6,32472
JetBrains Mono,monospace,Google Fonts official repository,OFL,data/v2/raw/fonts/monospace/JetBrains_Mono__JetBrainsMono[wght].ttf,True,passed,,True,jetbrainsmono,ofl,e1118da94a8cb00cf6d06cdac9ef13eb1e5c6ab7,https://raw.githubusercontent.com/google/fonts/e1118da94a8cb00cf6d06cdac9ef13eb1e5c6ab7/ofl/jetbrainsmono/METADATA.pb,https://raw.githubusercontent.com/google/fonts/e1118da94a8cb00cf6d06cdac9ef13eb1e5c6ab7/ofl/jetbrainsmono/JetBrainsMono%5Bwght%5D.ttf,https://raw.githubusercontent.com/google/fonts/e1118da94a8cb00cf6d06cdac9ef13eb1e5c6ab7/ofl/jetbrainsmono/OFL.txt,data/v2/raw/fonts/monospace/JetBrains_Mono__OFL.txt,"cyrillic,cyrillic-ext,greek,latin,latin-ext,menu,vietnamese",48715a42ec242c21e9f02692891e147d022299a52e48d5e413e1a942193ffeda,187208
LXGW WenKai Mono TC,monospace,Google Fonts official repository,OFL,data/v2/raw/fonts/monospace/LXGW_WenKai_Mono_TC__LXGWWenKaiMonoTC-Regular.ttf,True,passed,,True,lxgwwenkaimonotc,ofl,e1118da94a8cb00cf6d06cdac9ef13eb1e5c6ab7,https://raw.githubusercontent.com/google/fonts/e1118da94a8cb00cf6d06cdac9ef13eb1e5c6ab7/ofl/lxgwwenkaimonotc/METADATA.pb,https://raw.githubusercontent.com/google/fonts/e1118da94a8cb00cf6d06cdac9ef13eb1e5c6ab7/ofl/lxgwwenkaimonotc/LXGWWenKaiMonoTC-Regular.ttf,https://raw.githubusercontent.com/google/fonts/e1118da94a8cb00cf6d06cdac9ef13eb1e5c6ab7/ofl/lxgwwenkaimonotc/OFL.txt,data/v2/raw/fonts/monospace/LXGW_WenKai_Mono_TC__OFL.txt,"chinese-traditional,cyrillic,cyrillic-ext,greek,greek-ext,latin,latin-ext,lisu,menu,vietnamese",ea6707f71c862f4f255cbe510148b676ca8f5360872633de88694f8004f3f8b3,13122932
Courier Prime,monospace,Google Fonts official repository,OFL,data/v2/raw/fonts/monospace/Courier_Prime__CourierPrime-Regular.ttf,True,passed,,True,courierprime,ofl,e1118da94a8cb00cf6d06cdac9ef13eb1e5c6ab7,https://raw.githubusercontent.com/google/fonts/e1118da94a8cb00cf6d06cdac9ef13eb1e5c6ab7/ofl/courierprime/METADATA.pb,https://raw.githubusercontent.com/google/fonts/e1118da94a8cb00cf6d06cdac9ef13eb1e5c6ab7/ofl/courierprime/CourierPrime-Regular.ttf,https://raw.githubusercontent.com/google/fonts/e1118da94a8cb00cf6d06cdac9ef13eb1e5c6ab7/ofl/courierprime/OFL.txt,data/v2/raw/fonts/monospace/Courier_Prime__OFL.txt,"latin,latin-ext,menu",72f793376f8e2841656bf21d77a5de010f2929bd6956a22ee848ad0c7eb978af,71188
Ubuntu Mono,monospace,Google Fonts official repository,UFL,data/v2/raw/fonts/monospace/Ubuntu_Mono__UbuntuMono-Regular.ttf,True,passed,,True,ubuntumono,ufl,e1118da94a8cb00cf6d06cdac9ef13eb1e5c6ab7,https://raw.githubusercontent.com/google/fonts/e1118da94a8cb00cf6d06cdac9ef13eb1e5c6ab7/ufl/ubuntumono/METADATA.pb,https://raw.githubusercontent.com/google/fonts/e1118da94a8cb00cf6d06cdac9ef13eb1e5c6ab7/ufl/ubuntumono/UbuntuMono-Regular.ttf,https://raw.githubusercontent.com/google/fonts/e1118da94a8cb00cf6d06cdac9ef13eb1e5c6ab7/ufl/ubuntumono/LICENCE.txt,data/v2/raw/fonts/monospace/Ubuntu_Mono__LICENCE.txt,"cyrillic,cyrillic-ext,greek,greek-ext,latin,latin-ext,menu",b35dd9d2131d5d83a9b87fe9ad22c6288fa3d17688d43302c14da29812417d63,205748
Space Mono,monospace,Google Fonts official repository,OFL,data/v2/raw/fonts/monospace/Space_Mono__SpaceMono-Regular.ttf,True,passed,,True,spacemono,ofl,e1118da94a8cb00cf6d06cdac9ef13eb1e5c6ab7,https://raw.githubusercontent.com/google/fonts/e1118da94a8cb00cf6d06cdac9ef13eb1e5c6ab7/ofl/spacemono/METADATA.pb,https://raw.githubusercontent.com/google/fonts/e1118da94a8cb00cf6d06cdac9ef13eb1e5c6ab7/ofl/spacemono/SpaceMono-Regular.ttf,https://raw.githubusercontent.com/google/fonts/e1118da94a8cb00cf6d06cdac9ef13eb1e5c6ab7/ofl/spacemono/OFL.txt,data/v2/raw/fonts/monospace/Space_Mono__OFL.txt,"latin,latin-ext,menu,vietnamese",95837e182baeeada83368f7748db28357f0a1b75c6b84ff7065b5edf933c8e18,99356
Sometype Mono,monospace,Google Fonts official repository,OFL,data/v2/raw/fonts/monospace/Sometype_Mono__SometypeMono[wght].ttf,True,passed,,True,sometypemono,ofl,e1118da94a8cb00cf6d06cdac9ef13eb1e5c6ab7,https://raw.githubusercontent.com/google/fonts/e1118da94a8cb00cf6d06cdac9ef13eb1e5c6ab7/ofl/sometypemono/METADATA.pb,https://raw.githubusercontent.com/google/fonts/e1118da94a8cb00cf6d06cdac9ef13eb1e5c6ab7/ofl/sometypemono/SometypeMono%5Bwght%5D.ttf,https://raw.githubusercontent.com/google/fonts/e1118da94a8cb00cf6d06cdac9ef13eb1e5c6ab7/ofl/sometypemono/OFL.txt,data/v2/raw/fonts/monospace/Sometype_Mono__OFL.txt,"latin,latin-ext,menu",4095fd328c988392fb00ab867134e69beff0fc16de66ecdd9e7e232c16f16f25,64308
Datatype,monospace,Google Fonts official repository,OFL,"data/v2/raw/fonts/monospace/Datatype__Datatype[wdth,wght].ttf",True,passed,,True,datatype,ofl,e1118da94a8cb00cf6d06cdac9ef13eb1e5c6ab7,https://raw.githubusercontent.com/google/fonts/e1118da94a8cb00cf6d06cdac9ef13eb1e5c6ab7/ofl/datatype/METADATA.pb,https://raw.githubusercontent.com/google/fonts/e1118da94a8cb00cf6d06cdac9ef13eb1e5c6ab7/ofl/datatype/Datatype%5Bwdth%2Cwght%5D.ttf,https://raw.githubusercontent.com/google/fonts/e1118da94a8cb00cf6d06cdac9ef13eb1e5c6ab7/ofl/datatype/OFL.txt,data/v2/raw/fonts/monospace/Datatype__OFL.txt,"latin,latin-ext,menu",ecc12db4d3d268be54f3de142064784633bf489081e70d0f29dde948a0bfc791,4201224
Sono,monospace,Google Fonts official repository,OFL,"data/v2/raw/fonts/monospace/Sono__Sono[MONO,wght].ttf",True,passed,,True,sono,ofl,e1118da94a8cb00cf6d06cdac9ef13eb1e5c6ab7,https://raw.githubusercontent.com/google/fonts/e1118da94a8cb00cf6d06cdac9ef13eb1e5c6ab7/ofl/sono/METADATA.pb,https://raw.githubusercontent.com/google/fonts/e1118da94a8cb00cf6d06cdac9ef13eb1e5c6ab7/ofl/sono/Sono%5BMONO%2Cwght%5D.ttf,https://raw.githubusercontent.com/google/fonts/e1118da94a8cb00cf6d06cdac9ef13eb1e5c6ab7/ofl/sono/OFL.txt,data/v2/raw/fonts/monospace/Sono__OFL.txt,"latin,latin-ext,menu,vietnamese",247ca641ca7066e3addc8081d89613c06a79e4276cd4f2164d07a6493530010f,154620
B612 Mono,monospace,Google Fonts official repository,OFL,data/v2/raw/fonts/monospace/B612_Mono__B612Mono-Regular.ttf,True,passed,,True,b612mono,ofl,e1118da94a8cb00cf6d06cdac9ef13eb1e5c6ab7,https://raw.githubusercontent.com/google/fonts/e1118da94a8cb00cf6d06cdac9ef13eb1e5c6ab7/ofl/b612mono/METADATA.pb,https://raw.githubusercontent.com/google/fonts/e1118da94a8cb00cf6d06cdac9ef13eb1e5c6ab7/ofl/b612mono/B612Mono-Regular.ttf,https://raw.githubusercontent.com/google/fonts/e1118da94a8cb00cf6d06cdac9ef13eb1e5c6ab7/ofl/b612mono/OFL.txt,data/v2/raw/fonts/monospace/B612_Mono__OFL.txt,"latin,menu",b98cb96cc8a6206dae08c063d60902df7e6d40f86139ebdb97256704253c9c69,140292
Azeret Mono,monospace,Google Fonts official repository,OFL,data/v2/raw/fonts/monospace/Azeret_Mono__AzeretMono[wght].ttf,True,passed,,True,azeretmono,ofl,e1118da94a8cb00cf6d06cdac9ef13eb1e5c6ab7,https://raw.githubusercontent.com/google/fonts/e1118da94a8cb00cf6d06cdac9ef13eb1e5c6ab7/ofl/azeretmono/METADATA.pb,https://raw.githubusercontent.com/google/fonts/e1118da94a8cb00cf6d06cdac9ef13eb1e5c6ab7/ofl/azeretmono/AzeretMono%5Bwght%5D.ttf,https://raw.githubusercontent.com/google/fonts/e1118da94a8cb00cf6d06cdac9ef13eb1e5c6ab7/ofl/azeretmono/OFL.txt,data/v2/raw/fonts/monospace/Azeret_Mono__OFL.txt,"latin,latin-ext,menu",f13962c26c1baa864aff7768364001f9bca6e506f41b9a3037c0d6a31e2ca736,106092
Fira Mono,monospace,Google Fonts official repository,OFL,data/v2/raw/fonts/monospace/Fira_Mono__FiraMono-Regular.ttf,True,passed,,True,firamono,ofl,e1118da94a8cb00cf6d06cdac9ef13eb1e5c6ab7,https://raw.githubusercontent.com/google/fonts/e1118da94a8cb00cf6d06cdac9ef13eb1e5c6ab7/ofl/firamono/METADATA.pb,https://raw.githubusercontent.com/google/fonts/e1118da94a8cb00cf6d06cdac9ef13eb1e5c6ab7/ofl/firamono/FiraMono-Regular.ttf,https://raw.githubusercontent.com/google/fonts/e1118da94a8cb00cf6d06cdac9ef13eb1e5c6ab7/ofl/firamono/OFL.txt,data/v2/raw/fonts/monospace/Fira_Mono__OFL.txt,"cyrillic,cyrillic-ext,greek,greek-ext,latin,latin-ext,menu,symbols2",2e00b0cf3106a3d792f35711b7722740b76c02ee7300ea8c60f940584b7a8ac9,174596
Reddit Mono,monospace,Google Fonts official repository,OFL,data/v2/raw/fonts/monospace/Reddit_Mono__RedditMono[wght].ttf,True,passed,,True,redditmono,ofl,e1118da94a8cb00cf6d06cdac9ef13eb1e5c6ab7,https://raw.githubusercontent.com/google/fonts/e1118da94a8cb00cf6d06cdac9ef13eb1e5c6ab7/ofl/redditmono/METADATA.pb,https://raw.githubusercontent.com/google/fonts/e1118da94a8cb00cf6d06cdac9ef13eb1e5c6ab7/ofl/redditmono/RedditMono%5Bwght%5D.ttf,https://raw.githubusercontent.com/google/fonts/e1118da94a8cb00cf6d06cdac9ef13eb1e5c6ab7/ofl/redditmono/OFL.txt,data/v2/raw/fonts/monospace/Reddit_Mono__OFL.txt,"latin,latin-ext,menu,vietnamese",5b092e066eb178a4450a5cb53469015468ec33e19716a4cbf9257eaf1e5a10c2,203908
Cutive Mono,monospace,Google Fonts official repository,OFL,data/v2/raw/fonts/monospace/Cutive_Mono__CutiveMono-Regular.ttf,True,passed,,True,cutivemono,ofl,e1118da94a8cb00cf6d06cdac9ef13eb1e5c6ab7,https://raw.githubusercontent.com/google/fonts/e1118da94a8cb00cf6d06cdac9ef13eb1e5c6ab7/ofl/cutivemono/METADATA.pb,https://raw.githubusercontent.com/google/fonts/e1118da94a8cb00cf6d06cdac9ef13eb1e5c6ab7/ofl/cutivemono/CutiveMono-Regular.ttf,https://raw.githubusercontent.com/google/fonts/e1118da94a8cb00cf6d06cdac9ef13eb1e5c6ab7/ofl/cutivemono/OFL.txt,data/v2/raw/fonts/monospace/Cutive_Mono__OFL.txt,"latin,latin-ext,menu",96a36a00079058684982f61ee334323f8b501d7b68dcecd6049a4f9177e3a62c,80004
IBM Plex Mono,monospace,Google Fonts official repository,OFL,data/v2/raw/fonts/monospace/IBM_Plex_Mono__IBMPlexMono-Regular.ttf,True,passed,,True,ibmplexmono,ofl,e1118da94a8cb00cf6d06cdac9ef13eb1e5c6ab7,https://raw.githubusercontent.com/google/fonts/e1118da94a8cb00cf6d06cdac9ef13eb1e5c6ab7/ofl/ibmplexmono/METADATA.pb,https://raw.githubusercontent.com/google/fonts/e1118da94a8cb00cf6d06cdac9ef13eb1e5c6ab7/ofl/ibmplexmono/IBMPlexMono-Regular.ttf,https://raw.githubusercontent.com/google/fonts/e1118da94a8cb00cf6d06cdac9ef13eb1e5c6ab7/ofl/ibmplexmono/OFL.txt,data/v2/raw/fonts/monospace/IBM_Plex_Mono__OFL.txt,"cyrillic,cyrillic-ext,latin,latin-ext,menu,vietnamese",6a3412f058c7d8dfd9170c41e85ade48e5156ecb89356110ca57a0a27734af46,135580
Major Mono Display,monospace,Google Fonts official repository,OFL,data/v2/raw/fonts/monospace/Major_Mono_Display__MajorMonoDisplay-Regular.ttf,True,passed,,True,majormonodisplay,ofl,e1118da94a8cb00cf6d06cdac9ef13eb1e5c6ab7,https://raw.githubusercontent.com/google/fonts/e1118da94a8cb00cf6d06cdac9ef13eb1e5c6ab7/ofl/majormonodisplay/METADATA.pb,https://raw.githubusercontent.com/google/fonts/e1118da94a8cb00cf6d06cdac9ef13eb1e5c6ab7/ofl/majormonodisplay/MajorMonoDisplay-Regular.ttf,https://raw.githubusercontent.com/google/fonts/e1118da94a8cb00cf6d06cdac9ef13eb1e5c6ab7/ofl/majormonodisplay/OFL.txt,data/v2/raw/fonts/monospace/Major_Mono_Display__OFL.txt,"latin,latin-ext,menu,vietnamese",3f2ee71c2b8464f065bf960a148be81d68fcc13385df87737928f948208dffc6,126788
Overpass Mono,monospace,Google Fonts official repository,OFL,data/v2/raw/fonts/monospace/Overpass_Mono__OverpassMono[wght].ttf,True,passed,,True,overpassmono,ofl,e1118da94a8cb00cf6d06cdac9ef13eb1e5c6ab7,https://raw.githubusercontent.com/google/fonts/e1118da94a8cb00cf6d06cdac9ef13eb1e5c6ab7/ofl/overpassmono/METADATA.pb,https://raw.githubusercontent.com/google/fonts/e1118da94a8cb00cf6d06cdac9ef13eb1e5c6ab7/ofl/overpassmono/OverpassMono%5Bwght%5D.ttf,https://raw.githubusercontent.com/google/fonts/e1118da94a8cb00cf6d06cdac9ef13eb1e5c6ab7/ofl/overpassmono/OFL.txt,data/v2/raw/fonts/monospace/Overpass_Mono__OFL.txt,"cyrillic,cyrillic-ext,latin,latin-ext,menu,vietnamese",49f230e10251608f0ae1a2ce46be768d7b9ddcbe5cdca2e9f6b762fcbce1ae4f,258800
Share Tech Mono,monospace,Google Fonts official repository,OFL,data/v2/raw/fonts/monospace/Share_Tech_Mono__ShareTechMono-Regular.ttf,True,passed,,True,sharetechmono,ofl,e1118da94a8cb00cf6d06cdac9ef13eb1e5c6ab7,https://raw.githubusercontent.com/google/fonts/e1118da94a8cb00cf6d06cdac9ef13eb1e5c6ab7/ofl/sharetechmono/METADATA.pb,https://raw.githubusercontent.com/google/fonts/e1118da94a8cb00cf6d06cdac9ef13eb1e5c6ab7/ofl/sharetechmono/ShareTechMono-Regular.ttf,https://raw.githubusercontent.com/google/fonts/e1118da94a8cb00cf6d06cdac9ef13eb1e5c6ab7/ofl/sharetechmono/OFL.txt,data/v2/raw/fonts/monospace/Share_Tech_Mono__OFL.txt,"latin,menu",9ceab1f87414829af259c0f537573ae03ef7dd3147c0b27a36a1a0beb6732677,43272
Iosevka Charon Mono,monospace,Google Fonts official repository,OFL,data/v2/raw/fonts/monospace/Iosevka_Charon_Mono__IosevkaCharonMono-Regular.ttf,True,passed,,True,iosevkacharonmono,ofl,e1118da94a8cb00cf6d06cdac9ef13eb1e5c6ab7,https://raw.githubusercontent.com/google/fonts/e1118da94a8cb00cf6d06cdac9ef13eb1e5c6ab7/ofl/iosevkacharonmono/METADATA.pb,https://raw.githubusercontent.com/google/fonts/e1118da94a8cb00cf6d06cdac9ef13eb1e5c6ab7/ofl/iosevkacharonmono/IosevkaCharonMono-Regular.ttf,https://raw.githubusercontent.com/google/fonts/e1118da94a8cb00cf6d06cdac9ef13eb1e5c6ab7/ofl/iosevkacharonmono/OFL.txt,data/v2/raw/fonts/monospace/Iosevka_Charon_Mono__OFL.txt,"armenian,braille,cyrillic,cyrillic-ext,greek,greek-ext,latin,latin-ext,math,menu,symbols,symbols2,vietnamese",ae87c9bc7baae0a18e78cbe498d967865c251cae20fffa0c34e5937ce118f845,1461020
Lekton,monospace,Google Fonts official repository,OFL,data/v2/raw/fonts/monospace/Lekton__Lekton-Regular.ttf,True,passed,,True,lekton,ofl,e1118da94a8cb00cf6d06cdac9ef13eb1e5c6ab7,https://raw.githubusercontent.com/google/fonts/e1118da94a8cb00cf6d06cdac9ef13eb1e5c6ab7/ofl/lekton/METADATA.pb,https://raw.githubusercontent.com/google/fonts/e1118da94a8cb00cf6d06cdac9ef13eb1e5c6ab7/ofl/lekton/Lekton-Regular.ttf,https://raw.githubusercontent.com/google/fonts/e1118da94a8cb00cf6d06cdac9ef13eb1e5c6ab7/ofl/lekton/OFL.txt,data/v2/raw/fonts/monospace/Lekton__OFL.txt,"latin,latin-ext,menu",ccbb465d255a4bd0242af595d5f5410e635bd0dbf2f4b612b390e508a93d7a3a,114320
