family,category,slug,repository_folder,license,latin_support,subsets,font_filename,source_commit,metadata_sha256,metadata_url,font_url,license_url,source,candidate_rank
Karma,serif,karma,ofl,OFL,True,"devanagari,latin,latin-ext,menu",Karma-Regular.ttf,e1118da94a8cb00cf6d06cdac9ef13eb1e5c6ab7,70922b631fb0004f8837a9536362c1abdd2d301d55e41814237efbf9d82e6d71,https://raw.githubusercontent.com/google/fonts/e1118da94a8cb00cf6d06cdac9ef13eb1e5c6ab7/ofl/karma/METADATA.pb,https://raw.githubusercontent.com/google/fonts/e1118da94a8cb00cf6d06cdac9ef13eb1e5c6ab7/ofl/karma/Karma-Regular.ttf,https://raw.githubusercontent.com/google/fonts/e1118da94a8cb00cf6d06cdac9ef13eb1e5c6ab7/ofl/karma/OFL.txt,Google Fonts official repository,1
Fanwood Text,serif,fanwoodtext,ofl,OFL,True,"latin,menu",FanwoodText-Regular.ttf,e1118da94a8cb00cf6d06cdac9ef13eb1e5c6ab7,67fbd957736b4bfcc405bc529dcab1bb4e369a73c73ace40ddbf80a5f4c94019,https://raw.githubusercontent.com/google/fonts/e1118da94a8cb00cf6d06cdac9ef13eb1e5c6ab7/ofl/fanwoodtext/METADATA.pb,https://raw.githubusercontent.com/google/fonts/e1118da94a8cb00cf6d06cdac9ef13eb1e5c6ab7/ofl/fanwoodtext/FanwoodText-Regular.ttf,https://raw.githubusercontent.com/google/fonts/e1118da94a8cb00cf6d06cdac9ef13eb1e5c6ab7/ofl/fanwoodtext/OFL.txt,Google Fonts official repository,2
Gentium Book Plus,serif,gentiumbookplus,ofl,OFL,True,"cyrillic,cyrillic-ext,greek,greek-ext,latin,latin-ext,menu,vietnamese",GentiumBookPlus-Regular.ttf,e1118da94a8cb00cf6d06cdac9ef13eb1e5c6ab7,9958728f20d6b94e5da756c1fdfdc8855a5ed281916b0cb2b6a05f85d7000e3c,https://raw.githubusercontent.com/google/fonts/e1118da94a8cb00cf6d06cdac9ef13eb1e5c6ab7/ofl/gentiumbookplus/METADATA.pb,https://raw.githubusercontent.com/google/fonts/e1118da94a8cb00cf6d06cdac9ef13eb1e5c6ab7/ofl/gentiumbookplus/GentiumBookPlus-Regular.ttf,https://raw.githubusercontent.com/google/fonts/e1118da94a8cb00cf6d06cdac9ef13eb1e5c6ab7/ofl/gentiumbookplus/OFL.txt,Google Fonts official repository,3
Bona Nova,serif,bonanova,ofl,OFL,True,"cyrillic,cyrillic-ext,greek,hebrew,latin,latin-ext,menu,vietnamese",BonaNova-Regular.ttf,e1118da94a8cb00cf6d06cdac9ef13eb1e5c6ab7,3ab849a714cd3c3fdbc0953e369879bb05ab2c55cc4482236ceb2db0a8f00e36,https://raw.githubusercontent.com/google/fonts/e1118da94a8cb00cf6d06cdac9ef13eb1e5c6ab7/ofl/bonanova/METADATA.pb,https://raw.githubusercontent.com/google/fonts/e1118da94a8cb00cf6d06cdac9ef13eb1e5c6ab7/ofl/bonanova/BonaNova-Regular.ttf,https://raw.githubusercontent.com/google/fonts/e1118da94a8cb00cf6d06cdac9ef13eb1e5c6ab7/ofl/bonanova/OFL.txt,Google Fonts official repository,4
Epunda Slab,serif,epundaslab,ofl,OFL,True,"latin,latin-ext,menu",EpundaSlab[wght].ttf,e1118da94a8cb00cf6d06cdac9ef13eb1e5c6ab7,90264c3a6f8fb9a348a0f091248e7867b75115a50268556866c3c05e7b273ee8,https://raw.githubusercontent.com/google/fonts/e1118da94a8cb00cf6d06cdac9ef13eb1e5c6ab7/ofl/epundaslab/METADATA.pb,https://raw.githubusercontent.com/google/fonts/e1118da94a8cb00cf6d06cdac9ef13eb1e5c6ab7/ofl/epundaslab/EpundaSlab%5Bwght%5D.ttf,https://raw.githubusercontent.com/google/fonts/e1118da94a8cb00cf6d06cdac9ef13eb1e5c6ab7/ofl/epundaslab/OFL.txt,Google Fonts official repository,5
Fenix,serif,fenix,ofl,OFL,True,"latin,latin-ext,menu",Fenix-Regular.ttf,e1118da94a8cb00cf6d06cdac9ef13eb1e5c6ab7,2411e4cfb25c12f451231304086d75ab0a2f94685f70ef6fc1afa0ca35bcadf8,https://raw.githubusercontent.com/google/fonts/e1118da94a8cb00cf6d06cdac9ef13eb1e5c6ab7/ofl/fenix/METADATA.pb,https://raw.githubusercontent.com/google/fonts/e1118da94a8cb00cf6d06cdac9ef13eb1e5c6ab7/ofl/fenix/Fenix-Regular.ttf,https://raw.githubusercontent.com/google/fonts/e1118da94a8cb00cf6d06cdac9ef13eb1e5c6ab7/ofl/fenix/OFL.txt,Google Fonts official repository,6
BioRhyme Expanded,serif,biorhymeexpanded,ofl,OFL,True,"latin,latin-ext,menu",BioRhymeExpanded-Regular.ttf,e1118da94a8cb00cf6d06cdac9ef13eb1e5c6ab7,b474aed2038dc6b066683b7665b530ec084b09a1e387986095fed10632b6f8fa,https://raw.githubusercontent.com/google/fonts/e1118da94a8cb00cf6d06cdac9ef13eb1e5c6ab7/ofl/biorhymeexpanded/METADATA.pb,https://raw.githubusercontent.com/google/fonts/e1118da94a8cb00cf6d06cdac9ef13eb1e5c6ab7/ofl/biorhymeexpanded/BioRhymeExpanded-Regular.ttf,https://raw.githubusercontent.com/google/fonts/e1118da94a8cb00cf6d06cdac9ef13eb1e5c6ab7/ofl/biorhymeexpanded/OFL.txt,Google Fonts official repository,7
Sahitya,serif,sahitya,ofl,OFL,True,"devanagari,latin,menu",Sahitya-Regular.ttf,e1118da94a8cb00cf6d06cdac9ef13eb1e5c6ab7,59ad45462283c1d114d05b00aae1d1ff2367670b671fce88d68363bb08ab7842,https://raw.githubusercontent.com/google/fonts/e1118da94a8cb00cf6d06cdac9ef13eb1e5c6ab7/ofl/sahitya/METADATA.pb,https://raw.githubusercontent.com/google/fonts/e1118da94a8cb00cf6d06cdac9ef13eb1e5c6ab7/ofl/sahitya/Sahitya-Regular.ttf,https://raw.githubusercontent.com/google/fonts/e1118da94a8cb00cf6d06cdac9ef13eb1e5c6ab7/ofl/sahitya/OFL.txt,Google Fonts official repository,8
Noto Serif Hentaigana,serif,notoserifhentaigana,ofl,OFL,True,"kana-extended,latin,latin-ext,menu",NotoSerifHentaigana[wght].ttf,e1118da94a8cb00cf6d06cdac9ef13eb1e5c6ab7,7a61bc5a9b99dc8625409d43cb2f17e823403228f543fb78ce76500b83f331a1,https://raw.githubusercontent.com/google/fonts/e1118da94a8cb00cf6d06cdac9ef13eb1e5c6ab7/ofl/notoserifhentaigana/METADATA.pb,https://raw.githubusercontent.com/google/fonts/e1118da94a8cb00cf6d06cdac9ef13eb1e5c6ab7/ofl/notoserifhentaigana/NotoSerifHentaigana%5Bwght%5D.ttf,https://raw.githubusercontent.com/google/fonts/e1118da94a8cb00cf6d06cdac9ef13eb1e5c6ab7/ofl/notoserifhentaigana/OFL.txt,Google Fonts official repository,9
Peddana,serif,peddana,ofl,OFL,True,"latin,menu,telugu",Peddana-Regular.ttf,e1118da94a8cb00cf6d06cdac9ef13eb1e5c6ab7,11804859382a3893bbfbf429bd527357266b72de50af52960ace1f9288ae7fee,https://raw.githubusercontent.com/google/fonts/e1118da94a8cb00cf6d06cdac9ef13eb1e5c6ab7/ofl/peddana/METADATA.pb,https://raw.githubusercontent.com/google/fonts/e1118da94a8cb00cf6d06cdac9ef13eb1e5c6ab7/ofl/peddana/Peddana-Regular.ttf,https://raw.githubusercontent.com/google/fonts/e1118da94a8cb00cf6d06cdac9ef13eb1e5c6ab7/ofl/peddana/OFL.txt,Google Fonts official repository,10
Piazzolla,serif,piazzolla,ofl,OFL,True,"cyrillic,cyrillic-ext,greek,greek-ext,latin,latin-ext,menu,vietnamese","Piazzolla[opsz,wght].ttf",e1118da94a8cb00cf6d06cdac9ef13eb1e5c6ab7,a891e9ba179f13fd6ba051240d8225ddc086180bb0e878e191779f9d9befe0ca,https://raw.githubusercontent.com/google/fonts/e1118da94a8cb00cf6d06cdac9ef13eb1e5c6ab7/ofl/piazzolla/METADATA.pb,https://raw.githubusercontent.com/google/fonts/e1118da94a8cb00cf6d06cdac9ef13eb1e5c6ab7/ofl/piazzolla/Piazzolla%5Bopsz%2Cwght%5D.ttf,https://raw.githubusercontent.com/google/fonts/e1118da94a8cb00cf6d06cdac9ef13eb1e5c6ab7/ofl/piazzolla/OFL.txt,Google Fonts official repository,11
Caudex,serif,caudex,ofl,OFL,True,"greek,greek-ext,latin,latin-ext,menu,runic,vietnamese",Caudex-Regular.ttf,e1118da94a8cb00cf6d06cdac9ef13eb1e5c6ab7,a9bd83e02802dfec2f0ba1925219b003d50b5d11dce7c69191ece949ef1a11a0,https://raw.githubusercontent.com/google/fonts/e1118da94a8cb00cf6d06cdac9ef13eb1e5c6ab7/ofl/caudex/METADATA.pb,https://raw.githubusercontent.com/google/fonts/e1118da94a8cb00cf6d06cdac9ef13eb1e5c6ab7/ofl/caudex/Caudex-Regular.ttf,https://raw.githubusercontent.com/google/fonts/e1118da94a8cb00cf6d06cdac9ef13eb1e5c6ab7/ofl/caudex/OFL.txt,Google Fonts official repository,12
Yuji Syuku,serif,yujisyuku,ofl,OFL,True,"cyrillic,japanese,latin,latin-ext,menu",YujiSyuku-Regular.ttf,e1118da94a8cb00cf6d06cdac9ef13eb1e5c6ab7,4af705c43a1f93d83f14aa3707b1e1a27d62cb7a8fad260e732fed1789cd7ce5,https://raw.githubusercontent.com/google/fonts/e1118da94a8cb00cf6d06cdac9ef13eb1e5c6ab7/ofl/yujisyuku/METADATA.pb,https://raw.githubusercontent.com/google/fonts/e1118da94a8cb00cf6d06cdac9ef13eb1e5c6ab7/ofl/yujisyuku/YujiSyuku-Regular.ttf,https://raw.githubusercontent.com/google/fonts/e1118da94a8cb00cf6d06cdac9ef13eb1e5c6ab7/ofl/yujisyuku/OFL.txt,Google Fonts official repository,13
Yrsa,serif,yrsa,ofl,OFL,True,"latin,latin-ext,menu,vietnamese",Yrsa[wght].ttf,e1118da94a8cb00cf6d06cdac9ef13eb1e5c6ab7,d813ed12fcd298f1b6c314304fe073cea541a731736f82b60a0001447c2cf756,https://raw.githubusercontent.com/google/fonts/e1118da94a8cb00cf6d06cdac9ef13eb1e5c6ab7/ofl/yrsa/METADATA.pb,https://raw.githubusercontent.com/google/fonts/e1118da94a8cb00cf6d06cdac9ef13eb1e5c6ab7/ofl/yrsa/Yrsa%5Bwght%5D.ttf,https://raw.githubusercontent.com/google/fonts/e1118da94a8cb00cf6d06cdac9ef13eb1e5c6ab7/ofl/yrsa/OFL.txt,Google Fonts official repository,14
Newsreader,serif,newsreader,ofl,OFL,True,"latin,latin-ext,menu,vietnamese","Newsreader[opsz,wght].ttf",e1118da94a8cb00cf6d06cdac9ef13eb1e5c6ab7,dc0bcb264c09d663c9a4f559e4f5392fd7d9f62139ad9cbba39253ec43aa315b,https://raw.githubusercontent.com/google/fonts/e1118da94a8cb00cf6d06cdac9ef13eb1e5c6ab7/ofl/newsreader/METADATA.pb,https://raw.githubusercontent.com/google/fonts/e1118da94a8cb00cf6d06cdac9ef13eb1e5c6ab7/ofl/newsreader/Newsreader%5Bopsz%2Cwght%5D.ttf,https://raw.githubusercontent.com/google/fonts/e1118da94a8cb00cf6d06cdac9ef13eb1e5c6ab7/ofl/newsreader/OFL.txt,Google Fonts official repository,15
Unna,serif,unna,ofl,OFL,True,"latin,latin-ext,menu",Unna-Regular.ttf,e1118da94a8cb00cf6d06cdac9ef13eb1e5c6ab7,214b8426b0eab7db9dda7584d6699ba5105cb2c5b95813db7b37db3bf1d40d90,https://raw.githubusercontent.com/google/fonts/e1118da94a8cb00cf6d06cdac9ef13eb1e5c6ab7/ofl/unna/METADATA.pb,https://raw.githubusercontent.com/google/fonts/e1118da94a8cb00cf6d06cdac9ef13eb1e5c6ab7/ofl/unna/Unna-Regular.ttf,https://raw.githubusercontent.com/google/fonts/e1118da94a8cb00cf6d06cdac9ef13eb1e5c6ab7/ofl/unna/OFL.txt,Google Fonts official repository,16
Cormorant SC,serif,cormorantsc,ofl,OFL,True,"cyrillic,cyrillic-ext,latin,latin-ext,menu,vietnamese",CormorantSC-Regular.ttf,e1118da94a8cb00cf6d06cdac9ef13eb1e5c6ab7,fe17f487579dbdf3873fe604713c03b579abce4f624c756cd73d237970519fe7,https://raw.githubusercontent.com/google/fonts/e1118da94a8cb00cf6d06cdac9ef13eb1e5c6ab7/ofl/cormorantsc/METADATA.pb,https://raw.githubusercontent.com/google/fonts/e1118da94a8cb00cf6d06cdac9ef13eb1e5c6ab7/ofl/cormorantsc/CormorantSC-Regular.ttf,https://raw.githubusercontent.com/google/fonts/e1118da94a8cb00cf6d06cdac9ef13eb1e5c6ab7/ofl/cormorantsc/OFL.txt,Google Fonts official repository,17
Quattrocento,serif,quattrocento,ofl,OFL,True,"latin,latin-ext,menu",Quattrocento-Regular.ttf,e1118da94a8cb00cf6d06cdac9ef13eb1e5c6ab7,5c7c2fa28fcae95b343dd1ad296304a41dcd8bfeb81ff95b71512681e8e4a008,https://raw.githubusercontent.com/google/fonts/e1118da94a8cb00cf6d06cdac9ef13eb1e5c6ab7/ofl/quattrocento/METADATA.pb,https://raw.githubusercontent.com/google/fonts/e1118da94a8cb00cf6d06cdac9ef13eb1e5c6ab7/ofl/quattrocento/Quattrocento-Regular.ttf,https://raw.githubusercontent.com/google/fonts/e1118da94a8cb00cf6d06cdac9ef13eb1e5c6ab7/ofl/quattrocento/OFL.txt,Google Fonts official repository,18
Noto Serif JP,serif,notoserifjp,ofl,OFL,True,"cyrillic,japanese,latin,latin-ext,menu,vietnamese",NotoSerifJP[wght].ttf,e1118da94a8cb00cf6d06cdac9ef13eb1e5c6ab7,265cb1cd38f7c12837feb5b26c59328ef7ff8f0b2b5683b1a47303c68d373622,https://raw.githubusercontent.com/google/fonts/e1118da94a8cb00cf6d06cdac9ef13eb1e5c6ab7/ofl/notoserifjp/METADATA.pb,https://raw.githubusercontent.com/google/fonts/e1118da94a8cb00cf6d06cdac9ef13eb1e5c6ab7/ofl/notoserifjp/NotoSerifJP%5Bwght%5D.ttf,https://raw.githubusercontent.com/google/fonts/e1118da94a8cb00cf6d06cdac9ef13eb1e5c6ab7/ofl/notoserifjp/OFL.txt,Google Fonts official repository,19
Libre Caslon Text,serif,librecaslontext,ofl,OFL,True,"latin,latin-ext,menu",LibreCaslonText[wght].ttf,e1118da94a8cb00cf6d06cdac9ef13eb1e5c6ab7,e336e3e3b8088589b73f43287e6823e139f9c0ab645092f6851d2a92a5300f0c,https://raw.githubusercontent.com/google/fonts/e1118da94a8cb00cf6d06cdac9ef13eb1e5c6ab7/ofl/librecaslontext/METADATA.pb,https://raw.githubusercontent.com/google/fonts/e1118da94a8cb00cf6d06cdac9ef13eb1e5c6ab7/ofl/librecaslontext/LibreCaslonText%5Bwght%5D.ttf,https://raw.githubusercontent.com/google/fonts/e1118da94a8cb00cf6d06cdac9ef13eb1e5c6ab7/ofl/librecaslontext/OFL.txt,Google Fonts official repository,20
Merriweather,serif,merriweather,ofl,OFL,True,"cyrillic,cyrillic-ext,latin,latin-ext,menu,vietnamese","Merriweather[opsz,wdth,wght].ttf",e1118da94a8cb00cf6d06cdac9ef13eb1e5c6ab7,50aa12ab94b75275eb90b6353dd3f9b187c101ce0a89071f5456c052490a4345,https://raw.githubusercontent.com/google/fonts/e1118da94a8cb00cf6d06cdac9ef13eb1e5c6ab7/ofl/merriweather/METADATA.pb,https://raw.githubusercontent.com/google/fonts/e1118da94a8cb00cf6d06cdac9ef13eb1e5c6ab7/ofl/merriweather/Merriweather%5Bopsz%2Cwdth%2Cwght%5D.ttf,https://raw.githubusercontent.com/google/fonts/e1118da94a8cb00cf6d06cdac9ef13eb1e5c6ab7/ofl/merriweather/OFL.txt,Google Fonts official repository,21
Noto Serif Ahom,serif,notoserifahom,ofl,OFL,True,"ahom,latin,latin-ext,menu",NotoSerifAhom-Regular.ttf,e1118da94a8cb00cf6d06cdac9ef13eb1e5c6ab7,a4555c4c32d52ff6403f6a1f3dbd2403f2b3ea5cf2d0197a435f1273ed3539d2,https://raw.githubusercontent.com/google/fonts/e1118da94a8cb00cf6d06cdac9ef13eb1e5c6ab7/ofl/notoserifahom/METADATA.pb,https://raw.githubusercontent.com/google/fonts/e1118da94a8cb00cf6d06cdac9ef13eb1e5c6ab7/ofl/notoserifahom/NotoSerifAhom-Regular.ttf,https://raw.githubusercontent.com/google/fonts/e1118da94a8cb00cf6d06cdac9ef13eb1e5c6ab7/ofl/notoserifahom/OFL.txt,Google Fonts official repository,22
Noto Serif Grantha,serif,notoserifgrantha,ofl,OFL,True,"grantha,latin,latin-ext,menu",NotoSerifGrantha-Regular.ttf,e1118da94a8cb00cf6d06cdac9ef13eb1e5c6ab7,90ac0c570150063c31cb869338d24c64d981370a5566bbfefeb379735fa9a5c9,https://raw.githubusercontent.com/google/fonts/e1118da94a8cb00cf6d06cdac9ef13eb1e5c6ab7/ofl/notoserifgrantha/METADATA.pb,https://raw.githubusercontent.com/google/fonts/e1118da94a8cb00cf6d06cdac9ef13eb1e5c6ab7/ofl/notoserifgrantha/NotoSerifGrantha-Regular.ttf,https://raw.githubusercontent.com/google/fonts/e1118da94a8cb00cf6d06cdac9ef13eb1e5c6ab7/ofl/notoserifgrantha/OFL.txt,Google Fonts official repository,23
Rokkitt,serif,rokkitt,ofl,OFL,True,"latin,latin-ext,menu,vietnamese",Rokkitt[wght].ttf,e1118da94a8cb00cf6d06cdac9ef13eb1e5c6ab7,b7adf615c580de6330144176f829bff9da267bdc3d2e711ea8c67b3c457b4112,https://raw.githubusercontent.com/google/fonts/e1118da94a8cb00cf6d06cdac9ef13eb1e5c6ab7/ofl/rokkitt/METADATA.pb,https://raw.githubusercontent.com/google/fonts/e1118da94a8cb00cf6d06cdac9ef13eb1e5c6ab7/ofl/rokkitt/Rokkitt%5Bwght%5D.ttf,https://raw.githubusercontent.com/google/fonts/e1118da94a8cb00cf6d06cdac9ef13eb1e5c6ab7/ofl/rokkitt/OFL.txt,Google Fonts official repository,24
Donegal One,serif,donegalone,ofl,OFL,True,"latin,latin-ext,menu",DonegalOne-Regular.ttf,e1118da94a8cb00cf6d06cdac9ef13eb1e5c6ab7,823e4898d2f14c4cf503f08be8b08d7c0a7edbc31d3ec79fe770900362074f19,https://raw.githubusercontent.com/google/fonts/e1118da94a8cb00cf6d06cdac9ef13eb1e5c6ab7/ofl/donegalone/METADATA.pb,https://raw.githubusercontent.com/google/fonts/e1118da94a8cb00cf6d06cdac9ef13eb1e5c6ab7/ofl/donegalone/DonegalOne-Regular.ttf,https://raw.githubusercontent.com/google/fonts/e1118da94a8cb00cf6d06cdac9ef13eb1e5c6ab7/ofl/donegalone/OFL.txt,Google Fonts official repository,25
IM Fell Great Primer,serif,imfellgreatprimer,ofl,OFL,True,"latin,menu",IMFeGPrm28P.ttf,e1118da94a8cb00cf6d06cdac9ef13eb1e5c6ab7,892f11cf5324cfc0148cc56eeaeb555e5ab310eb9dd2b4715d1fb73de9402ae8,https://raw.githubusercontent.com/google/fonts/e1118da94a8cb00cf6d06cdac9ef13eb1e5c6ab7/ofl/imfellgreatprimer/METADATA.pb,https://raw.githubusercontent.com/google/fonts/e1118da94a8cb00cf6d06cdac9ef13eb1e5c6ab7/ofl/imfellgreatprimer/IMFeGPrm28P.ttf,https://raw.githubusercontent.com/google/fonts/e1118da94a8cb00cf6d06cdac9ef13eb1e5c6ab7/ofl/imfellgreatprimer/OFL.txt,Google Fonts official repository,26
Noto Rashi Hebrew,serif,notorashihebrew,ofl,OFL,True,"greek-ext,hebrew,latin,latin-ext,menu",NotoRashiHebrew[wght].ttf,e1118da94a8cb00cf6d06cdac9ef13eb1e5c6ab7,7cb0fe5d205bfdc43e76901a1d14cb964c8a5e08bfc3894f6a732b1e09b97a3a,https://raw.githubusercontent.com/google/fonts/e1118da94a8cb00cf6d06cdac9ef13eb1e5c6ab7/ofl/notorashihebrew/METADATA.pb,https://raw.githubusercontent.com/google/fonts/e1118da94a8cb00cf6d06cdac9ef13eb1e5c6ab7/ofl/notorashihebrew/NotoRashiHebrew%5Bwght%5D.ttf,https://raw.githubusercontent.com/google/fonts/e1118da94a8cb00cf6d06cdac9ef13eb1e5c6ab7/ofl/notorashihebrew/OFL.txt,Google Fonts official repository,27
Nanum Myeongjo,serif,nanummyeongjo,ofl,OFL,True,"korean,latin,menu",NanumMyeongjo-Regular.ttf,e1118da94a8cb00cf6d06cdac9ef13eb1e5c6ab7,9b5fb78ccdc8097d94ab915a5feba1fd3436520ab620aefe73eea10e29da709f,https://raw.githubusercontent.com/google/fonts/e1118da94a8cb00cf6d06cdac9ef13eb1e5c6ab7/ofl/nanummyeongjo/METADATA.pb,https://raw.githubusercontent.com/google/fonts/e1118da94a8cb00cf6d06cdac9ef13eb1e5c6ab7/ofl/nanummyeongjo/NanumMyeongjo-Regular.ttf,https://raw.githubusercontent.com/google/fonts/e1118da94a8cb00cf6d06cdac9ef13eb1e5c6ab7/ofl/nanummyeongjo/OFL.txt,Google Fonts official repository,28
STIX Two Text,serif,stixtwotext,ofl,OFL,True,"cyrillic,cyrillic-ext,greek,latin,latin-ext,menu,vietnamese",STIXTwoText[wght].ttf,e1118da94a8cb00cf6d06cdac9ef13eb1e5c6ab7,016d54115a48569414380f270c534ece0b53d64d945c666407c67a5cc09d4ae1,https://raw.githubusercontent.com/google/fonts/e1118da94a8cb00cf6d06cdac9ef13eb1e5c6ab7/ofl/stixtwotext/METADATA.pb,https://raw.githubusercontent.com/google/fonts/e1118da94a8cb00cf6d06cdac9ef13eb1e5c6ab7/ofl/stixtwotext/STIXTwoText%5Bwght%5D.ttf,https://raw.githubusercontent.com/google/fonts/e1118da94a8cb00cf6d06cdac9ef13eb1e5c6ab7/ofl/stixtwotext/OFL.txt,Google Fonts official repository,29
Mirza,serif,mirza,ofl,OFL,True,"arabic,latin,latin-ext,menu",Mirza-Regular.ttf,e1118da94a8cb00cf6d06cdac9ef13eb1e5c6ab7,2536ecf41342f2336edb1b7cb598e8a2a9dd63bdec7b3efe562f56bef8fde24a,https://raw.githubusercontent.com/google/fonts/e1118da94a8cb00cf6d06cdac9ef13eb1e5c6ab7/ofl/mirza/METADATA.pb,https://raw.githubusercontent.com/google/fonts/e1118da94a8cb00cf6d06cdac9ef13eb1e5c6ab7/ofl/mirza/Mirza-Regular.ttf,https://raw.githubusercontent.com/google/fonts/e1118da94a8cb00cf6d06cdac9ef13eb1e5c6ab7/ofl/mirza/OFL.txt,Google Fonts official repository,30
Domine,serif,domine,ofl,OFL,True,"latin,latin-ext,menu",Domine[wght].ttf,e1118da94a8cb00cf6d06cdac9ef13eb1e5c6ab7,a5d4777ddbe8097f6c9630b3c24b0f2cd41b5c6c0eabf538945a168d29cbd9f5,https://raw.githubusercontent.com/google/fonts/e1118da94a8cb00cf6d06cdac9ef13eb1e5c6ab7/ofl/domine/METADATA.pb,https://raw.githubusercontent.com/google/fonts/e1118da94a8cb00cf6d06cdac9ef13eb1e5c6ab7/ofl/domine/Domine%5Bwght%5D.ttf,https://raw.githubusercontent.com/google/fonts/e1118da94a8cb00cf6d06cdac9ef13eb1e5c6ab7/ofl/domine/OFL.txt,Google Fonts official repository,31
Sorts Mill Goudy,serif,sortsmillgoudy,ofl,OFL,True,"latin,latin-ext,menu",SortsMillGoudy-Regular.ttf,e1118da94a8cb00cf6d06cdac9ef13eb1e5c6ab7,46c0884784314a89e874617593dd882e992df56753870c8eaeac62406504b39c,https://raw.githubusercontent.com/google/fonts/e1118da94a8cb00cf6d06cdac9ef13eb1e5c6ab7/ofl/sortsmillgoudy/METADATA.pb,https://raw.githubusercontent.com/google/fonts/e1118da94a8cb00cf6d06cdac9ef13eb1e5c6ab7/ofl/sortsmillgoudy/SortsMillGoudy-Regular.ttf,https://raw.githubusercontent.com/google/fonts/e1118da94a8cb00cf6d06cdac9ef13eb1e5c6ab7/ofl/sortsmillgoudy/OFL.txt,Google Fonts official repository,32
Fjord One,serif,fjordone,ofl,OFL,True,"latin,menu",FjordOne-Regular.ttf,e1118da94a8cb00cf6d06cdac9ef13eb1e5c6ab7,0d2d0c2397d91307dcc43569cbe22ed54f7323e7119e1657942b0a5617964c81,https://raw.githubusercontent.com/google/fonts/e1118da94a8cb00cf6d06cdac9ef13eb1e5c6ab7/ofl/fjordone/METADATA.pb,https://raw.githubusercontent.com/google/fonts/e1118da94a8cb00cf6d06cdac9ef13eb1e5c6ab7/ofl/fjordone/FjordOne-Regular.ttf,https://raw.githubusercontent.com/google/fonts/e1118da94a8cb00cf6d06cdac9ef13eb1e5c6ab7/ofl/fjordone/OFL.txt,Google Fonts official repository,33
Lisu Bosa,serif,lisubosa,ofl,OFL,True,"latin,latin-ext,lisu,menu",LisuBosa-Regular.ttf,e1118da94a8cb00cf6d06cdac9ef13eb1e5c6ab7,d4b37575e3ee066c20227ff3fa2157c7e0fe1929594c610fc78ade724d2e9b71,https://raw.githubusercontent.com/google/fonts/e1118da94a8cb00cf6d06cdac9ef13eb1e5c6ab7/ofl/lisubosa/METADATA.pb,https://raw.githubusercontent.com/google/fonts/e1118da94a8cb00cf6d06cdac9ef13eb1e5c6ab7/ofl/lisubosa/LisuBosa-Regular.ttf,https://raw.githubusercontent.com/google/fonts/e1118da94a8cb00cf6d06cdac9ef13eb1e5c6ab7/ofl/lisubosa/OFL.txt,Google Fonts official repository,34
Aref Ruqaa Ink,serif,arefruqaaink,ofl,OFL,True,"arabic,latin,latin-ext,menu",ArefRuqaaInk-Regular.ttf,e1118da94a8cb00cf6d06cdac9ef13eb1e5c6ab7,40e56ccb7797c1a026ea635d7ef4bdad99997a5930c610aa6aebba46c1b303e9,https://raw.githubusercontent.com/google/fonts/e1118da94a8cb00cf6d06cdac9ef13eb1e5c6ab7/ofl/arefruqaaink/METADATA.pb,https://raw.githubusercontent.com/google/fonts/e1118da94a8cb00cf6d06cdac9ef13eb1e5c6ab7/ofl/arefruqaaink/ArefRuqaaInk-Regular.ttf,https://raw.githubusercontent.com/google/fonts/e1118da94a8cb00cf6d06cdac9ef13eb1e5c6ab7/ofl/arefruqaaink/OFL.txt,Google Fonts official repository,35
Oranienbaum,serif,oranienbaum,ofl,OFL,True,"cyrillic,cyrillic-ext,latin,latin-ext,menu",Oranienbaum-Regular.ttf,e1118da94a8cb00cf6d06cdac9ef13eb1e5c6ab7,04344beed4451777543fc2952fe7255ac0a5e138f3b92691a28a19f3666b3b00,https://raw.githubusercontent.com/google/fonts/e1118da94a8cb00cf6d06cdac9ef13eb1e5c6ab7/ofl/oranienbaum/METADATA.pb,https://raw.githubusercontent.com/google/fonts/e1118da94a8cb00cf6d06cdac9ef13eb1e5c6ab7/ofl/oranienbaum/Oranienbaum-Regular.ttf,https://raw.githubusercontent.com/google/fonts/e1118da94a8cb00cf6d06cdac9ef13eb1e5c6ab7/ofl/oranienbaum/OFL.txt,Google Fonts official repository,36
Noto Serif Hebrew,serif,notoserifhebrew,ofl,OFL,True,"hebrew,latin,latin-ext,menu","NotoSerifHebrew[wdth,wght].ttf",e1118da94a8cb00cf6d06cdac9ef13eb1e5c6ab7,19744d55f18bcb8af42eeec3a3aa120cf6e4d82b5d6b6002bf0553ef04ff73f3,https://raw.githubusercontent.com/google/fonts/e1118da94a8cb00cf6d06cdac9ef13eb1e5c6ab7/ofl/notoserifhebrew/METADATA.pb,https://raw.githubusercontent.com/google/fonts/e1118da94a8cb00cf6d06cdac9ef13eb1e5c6ab7/ofl/notoserifhebrew/NotoSerifHebrew%5Bwdth%2Cwght%5D.ttf,https://raw.githubusercontent.com/google/fonts/e1118da94a8cb00cf6d06cdac9ef13eb1e5c6ab7/ofl/notoserifhebrew/OFL.txt,Google Fonts official repository,37
Noto Serif Balinese,serif,notoserifbalinese,ofl,OFL,True,"balinese,latin,latin-ext,menu",NotoSerifBalinese-Regular.ttf,e1118da94a8cb00cf6d06cdac9ef13eb1e5c6ab7,cb50fe9b1e5528053fe3fecd2a642dec2d5ee5399b2354fa62b0f326e2922979,https://raw.githubusercontent.com/google/fonts/e1118da94a8cb00cf6d06cdac9ef13eb1e5c6ab7/ofl/notoserifbalinese/METADATA.pb,https://raw.githubusercontent.com/google/fonts/e1118da94a8cb00cf6d06cdac9ef13eb1e5c6ab7/ofl/notoserifbalinese/NotoSerifBalinese-Regular.ttf,https://raw.githubusercontent.com/google/fonts/e1118da94a8cb00cf6d06cdac9ef13eb1e5c6ab7/ofl/notoserifbalinese/OFL.txt,Google Fonts official repository,38
Kiwi Maru,serif,kiwimaru,ofl,OFL,True,"cyrillic,japanese,latin,latin-ext,menu",KiwiMaru-Regular.ttf,e1118da94a8cb00cf6d06cdac9ef13eb1e5c6ab7,a219fb2dfd44148f5d2dce2e9648084caf6a42091606216309eb0a9a05fd584f,https://raw.githubusercontent.com/google/fonts/e1118da94a8cb00cf6d06cdac9ef13eb1e5c6ab7/ofl/kiwimaru/METADATA.pb,https://raw.githubusercontent.com/google/fonts/e1118da94a8cb00cf6d06cdac9ef13eb1e5c6ab7/ofl/kiwimaru/KiwiMaru-Regular.ttf,https://raw.githubusercontent.com/google/fonts/e1118da94a8cb00cf6d06cdac9ef13eb1e5c6ab7/ofl/kiwimaru/OFL.txt,Google Fonts official repository,39
EB Garamond,serif,ebgaramond,ofl,OFL,True,"cyrillic,cyrillic-ext,greek,greek-ext,latin,latin-ext,menu,vietnamese",EBGaramond[wght].ttf,e1118da94a8cb00cf6d06cdac9ef13eb1e5c6ab7,be94098be975a66281842ed599baefa14959eff9da14c87250678e905f6043f2,https://raw.githubusercontent.com/google/fonts/e1118da94a8cb00cf6d06cdac9ef13eb1e5c6ab7/ofl/ebgaramond/METADATA.pb,https://raw.githubusercontent.com/google/fonts/e1118da94a8cb00cf6d06cdac9ef13eb1e5c6ab7/ofl/ebgaramond/EBGaramond%5Bwght%5D.ttf,https://raw.githubusercontent.com/google/fonts/e1118da94a8cb00cf6d06cdac9ef13eb1e5c6ab7/ofl/ebgaramond/OFL.txt,Google Fonts official repository,40
Noto Serif Khmer,serif,notoserifkhmer,ofl,OFL,True,"khmer,latin,latin-ext,menu","NotoSerifKhmer[wdth,wght].ttf",e1118da94a8cb00cf6d06cdac9ef13eb1e5c6ab7,5fd3a596c301030473cc4051a0ef888fd821bc4f6cfa1ae36b7dcb1f63e93f3d,https://raw.githubusercontent.com/google/fonts/e1118da94a8cb00cf6d06cdac9ef13eb1e5c6ab7/ofl/notoserifkhmer/METADATA.pb,https://raw.githubusercontent.com/google/fonts/e1118da94a8cb00cf6d06cdac9ef13eb1e5c6ab7/ofl/notoserifkhmer/NotoSerifKhmer%5Bwdth%2Cwght%5D.ttf,https://raw.githubusercontent.com/google/fonts/e1118da94a8cb00cf6d06cdac9ef13eb1e5c6ab7/ofl/notoserifkhmer/OFL.txt,Google Fonts official repository,41
Aref Ruqaa,serif,arefruqaa,ofl,OFL,True,"arabic,latin,latin-ext,menu",ArefRuqaa-Regular.ttf,e1118da94a8cb00cf6d06cdac9ef13eb1e5c6ab7,5d9cddef58c8283a4a4fde7b751f31e95d0dc01bceb986e14529560b827a79b7,https://raw.githubusercontent.com/google/fonts/e1118da94a8cb00cf6d06cdac9ef13eb1e5c6ab7/ofl/arefruqaa/METADATA.pb,https://raw.githubusercontent.com/google/fonts/e1118da94a8cb00cf6d06cdac9ef13eb1e5c6ab7/ofl/arefruqaa/ArefRuqaa-Regular.ttf,https://raw.githubusercontent.com/google/fonts/e1118da94a8cb00cf6d06cdac9ef13eb1e5c6ab7/ofl/arefruqaa/OFL.txt,Google Fonts official repository,42
Sanchez,serif,sanchez,ofl,OFL,True,"latin,latin-ext,menu",Sanchez-Regular.ttf,e1118da94a8cb00cf6d06cdac9ef13eb1e5c6ab7,e0979fe300a0e4a4d9e3903baa090a8f45015ac13663d539d0fb4406912f33f1,https://raw.githubusercontent.com/google/fonts/e1118da94a8cb00cf6d06cdac9ef13eb1e5c6ab7/ofl/sanchez/METADATA.pb,https://raw.githubusercontent.com/google/fonts/e1118da94a8cb00cf6d06cdac9ef13eb1e5c6ab7/ofl/sanchez/Sanchez-Regular.ttf,https://raw.githubusercontent.com/google/fonts/e1118da94a8cb00cf6d06cdac9ef13eb1e5c6ab7/ofl/sanchez/OFL.txt,Google Fonts official repository,43
Poly,serif,poly,ofl,OFL,True,"latin,latin-ext,menu",Poly-Regular.ttf,e1118da94a8cb00cf6d06cdac9ef13eb1e5c6ab7,8e0c3feb504231cf137297c06530e7b1de423029dcaf808adc28a8e7bd295a67,https://raw.githubusercontent.com/google/fonts/e1118da94a8cb00cf6d06cdac9ef13eb1e5c6ab7/ofl/poly/METADATA.pb,https://raw.githubusercontent.com/google/fonts/e1118da94a8cb00cf6d06cdac9ef13eb1e5c6ab7/ofl/poly/Poly-Regular.ttf,https://raw.githubusercontent.com/google/fonts/e1118da94a8cb00cf6d06cdac9ef13eb1e5c6ab7/ofl/poly/OFL.txt,Google Fonts official repository,44
Belgrano,serif,belgrano,ofl,OFL,True,"latin,menu",Belgrano-Regular.ttf,e1118da94a8cb00cf6d06cdac9ef13eb1e5c6ab7,008626d0f12a952bdd9f2d550163761e6037550751477c739893a180383fca33,https://raw.githubusercontent.com/google/fonts/e1118da94a8cb00cf6d06cdac9ef13eb1e5c6ab7/ofl/belgrano/METADATA.pb,https://raw.githubusercontent.com/google/fonts/e1118da94a8cb00cf6d06cdac9ef13eb1e5c6ab7/ofl/belgrano/Belgrano-Regular.ttf,https://raw.githubusercontent.com/google/fonts/e1118da94a8cb00cf6d06cdac9ef13eb1e5c6ab7/ofl/belgrano/OFL.txt,Google Fonts official repository,45
Wellfleet,serif,wellfleet,ofl,OFL,True,"latin,latin-ext,menu",Wellfleet-Regular.ttf,e1118da94a8cb00cf6d06cdac9ef13eb1e5c6ab7,4d0566ac30795b138808e0b3fd857fe0f899db70bd67d9ce95c2f68c90d9c035,https://raw.githubusercontent.com/google/fonts/e1118da94a8cb00cf6d06cdac9ef13eb1e5c6ab7/ofl/wellfleet/METADATA.pb,https://raw.githubusercontent.com/google/fonts/e1118da94a8cb00cf6d06cdac9ef13eb1e5c6ab7/ofl/wellfleet/Wellfleet-Regular.ttf,https://raw.githubusercontent.com/google/fonts/e1118da94a8cb00cf6d06cdac9ef13eb1e5c6ab7/ofl/wellfleet/OFL.txt,Google Fonts official repository,46
Della Respira,serif,dellarespira,ofl,OFL,True,"latin,menu",DellaRespira-Regular.ttf,e1118da94a8cb00cf6d06cdac9ef13eb1e5c6ab7,5b4cc3ec35b1110599754b6474904582de360e6375d7a93b830e662bcde2e029,https://raw.githubusercontent.com/google/fonts/e1118da94a8cb00cf6d06cdac9ef13eb1e5c6ab7/ofl/dellarespira/METADATA.pb,https://raw.githubusercontent.com/google/fonts/e1118da94a8cb00cf6d06cdac9ef13eb1e5c6ab7/ofl/dellarespira/DellaRespira-Regular.ttf,https://raw.githubusercontent.com/google/fonts/e1118da94a8cb00cf6d06cdac9ef13eb1e5c6ab7/ofl/dellarespira/OFL.txt,Google Fonts official repository,47
Sedan SC,serif,sedansc,ofl,OFL,True,"latin,latin-ext,menu",SedanSC-Regular.ttf,e1118da94a8cb00cf6d06cdac9ef13eb1e5c6ab7,fb5753f4aba0f198db8d06a4c7c3e12ea6698df7a4265631c588260973b2d233,https://raw.githubusercontent.com/google/fonts/e1118da94a8cb00cf6d06cdac9ef13eb1e5c6ab7/ofl/sedansc/METADATA.pb,https://raw.githubusercontent.com/google/fonts/e1118da94a8cb00cf6d06cdac9ef13eb1e5c6ab7/ofl/sedansc/SedanSC-Regular.ttf,https://raw.githubusercontent.com/google/fonts/e1118da94a8cb00cf6d06cdac9ef13eb1e5c6ab7/ofl/sedansc/OFL.txt,Google Fonts official repository,48
Judson,serif,judson,ofl,OFL,True,"latin,latin-ext,menu,vietnamese",Judson-Regular.ttf,e1118da94a8cb00cf6d06cdac9ef13eb1e5c6ab7,f9625284153c63399fb0c388e49b0fa06a5bf02fd0dc8ba3a1554a09083bf98d,https://raw.githubusercontent.com/google/fonts/e1118da94a8cb00cf6d06cdac9ef13eb1e5c6ab7/ofl/judson/METADATA.pb,https://raw.githubusercontent.com/google/fonts/e1118da94a8cb00cf6d06cdac9ef13eb1e5c6ab7/ofl/judson/Judson-Regular.ttf,https://raw.githubusercontent.com/google/fonts/e1118da94a8cb00cf6d06cdac9ef13eb1e5c6ab7/ofl/judson/OFL.txt,Google Fonts official repository,49
Hanuman,serif,hanuman,ofl,OFL,True,"khmer,latin,menu",Hanuman[wght].ttf,e1118da94a8cb00cf6d06cdac9ef13eb1e5c6ab7,e02f6dd4483acf7ec1b91bd8b1f49e89671237de2a9ceb60353532e5c83339cd,https://raw.githubusercontent.com/google/fonts/e1118da94a8cb00cf6d06cdac9ef13eb1e5c6ab7/ofl/hanuman/METADATA.pb,https://raw.githubusercontent.com/google/fonts/e1118da94a8cb00cf6d06cdac9ef13eb1e5c6ab7/ofl/hanuman/Hanuman%5Bwght%5D.ttf,https://raw.githubusercontent.com/google/fonts/e1118da94a8cb00cf6d06cdac9ef13eb1e5c6ab7/ofl/hanuman/OFL.txt,Google Fonts official repository,50
Almendra,serif,almendra,ofl,OFL,True,"latin,latin-ext,menu",Almendra-Regular.ttf,e1118da94a8cb00cf6d06cdac9ef13eb1e5c6ab7,f5799355fe7e198aa243446bb834b5a435c486644d2f077264b64e0761d0fa47,https://raw.githubusercontent.com/google/fonts/e1118da94a8cb00cf6d06cdac9ef13eb1e5c6ab7/ofl/almendra/METADATA.pb,https://raw.githubusercontent.com/google/fonts/e1118da94a8cb00cf6d06cdac9ef13eb1e5c6ab7/ofl/almendra/Almendra-Regular.ttf,https://raw.githubusercontent.com/google/fonts/e1118da94a8cb00cf6d06cdac9ef13eb1e5c6ab7/ofl/almendra/OFL.txt,Google Fonts official repository,51
Cormorant Garamond,serif,cormorantgaramond,ofl,OFL,True,"cyrillic,cyrillic-ext,latin,latin-ext,menu,vietnamese",CormorantGaramond[wght].ttf,e1118da94a8cb00cf6d06cdac9ef13eb1e5c6ab7,faa16a5e79613ca7cadd599ada1f4cf6891f3cb6731631fbed2a0b18a342e556,https://raw.githubusercontent.com/google/fonts/e1118da94a8cb00cf6d06cdac9ef13eb1e5c6ab7/ofl/cormorantgaramond/METADATA.pb,https://raw.githubusercontent.com/google/fonts/e1118da94a8cb00cf6d06cdac9ef13eb1e5c6ab7/ofl/cormorantgaramond/CormorantGaramond%5Bwght%5D.ttf,https://raw.githubusercontent.com/google/fonts/e1118da94a8cb00cf6d06cdac9ef13eb1e5c6ab7/ofl/cormorantgaramond/OFL.txt,Google Fonts official repository,52
Kurale,serif,kurale,ofl,OFL,True,"cyrillic,cyrillic-ext,devanagari,latin,latin-ext,menu",Kurale-Regular.ttf,e1118da94a8cb00cf6d06cdac9ef13eb1e5c6ab7,cd5342390d4f513b5d332d94b3faa04425a1ce970d21929e178649aa0d454fdc,https://raw.githubusercontent.com/google/fonts/e1118da94a8cb00cf6d06cdac9ef13eb1e5c6ab7/ofl/kurale/METADATA.pb,https://raw.githubusercontent.com/google/fonts/e1118da94a8cb00cf6d06cdac9ef13eb1e5c6ab7/ofl/kurale/Kurale-Regular.ttf,https://raw.githubusercontent.com/google/fonts/e1118da94a8cb00cf6d06cdac9ef13eb1e5c6ab7/ofl/kurale/OFL.txt,Google Fonts official repository,53
Headland One,serif,headlandone,ofl,OFL,True,"latin,latin-ext,menu",HeadlandOne-Regular.ttf,e1118da94a8cb00cf6d06cdac9ef13eb1e5c6ab7,7a385f6ca20ade61c00149658b39461e843ac4eb1747dc07581e628be02e9402,https://raw.githubusercontent.com/google/fonts/e1118da94a8cb00cf6d06cdac9ef13eb1e5c6ab7/ofl/headlandone/METADATA.pb,https://raw.githubusercontent.com/google/fonts/e1118da94a8cb00cf6d06cdac9ef13eb1e5c6ab7/ofl/headlandone/HeadlandOne-Regular.ttf,https://raw.githubusercontent.com/google/fonts/e1118da94a8cb00cf6d06cdac9ef13eb1e5c6ab7/ofl/headlandone/OFL.txt,Google Fonts official repository,54
Trykker,serif,trykker,ofl,OFL,True,"latin,latin-ext,menu",Trykker-Regular.ttf,e1118da94a8cb00cf6d06cdac9ef13eb1e5c6ab7,7b4258af416a91f735cddf0c4f63929e265d139fe7216812f542fb1bf4e9e6a9,https://raw.githubusercontent.com/google/fonts/e1118da94a8cb00cf6d06cdac9ef13eb1e5c6ab7/ofl/trykker/METADATA.pb,https://raw.githubusercontent.com/google/fonts/e1118da94a8cb00cf6d06cdac9ef13eb1e5c6ab7/ofl/trykker/Trykker-Regular.ttf,https://raw.githubusercontent.com/google/fonts/e1118da94a8cb00cf6d06cdac9ef13eb1e5c6ab7/ofl/trykker/OFL.txt,Google Fonts official repository,55
Sura,serif,sura,ofl,OFL,True,"devanagari,latin,latin-ext,menu",Sura-Regular.ttf,e1118da94a8cb00cf6d06cdac9ef13eb1e5c6ab7,3827d55f20a09820fb6fd994089d6680193685cb3aecf862f6235d273a6edd87,https://raw.githubusercontent.com/google/fonts/e1118da94a8cb00cf6d06cdac9ef13eb1e5c6ab7/ofl/sura/METADATA.pb,https://raw.githubusercontent.com/google/fonts/e1118da94a8cb00cf6d06cdac9ef13eb1e5c6ab7/ofl/sura/Sura-Regular.ttf,https://raw.githubusercontent.com/google/fonts/e1118da94a8cb00cf6d06cdac9ef13eb1e5c6ab7/ofl/sura/OFL.txt,Google Fonts official repository,56
Junge,serif,junge,ofl,OFL,True,"latin,menu",Junge-Regular.ttf,e1118da94a8cb00cf6d06cdac9ef13eb1e5c6ab7,446ded9fa72fc2bfb1796dff99f8bacbe42d743d06f3b9903595486dbdcee4bc,https://raw.githubusercontent.com/google/fonts/e1118da94a8cb00cf6d06cdac9ef13eb1e5c6ab7/ofl/junge/METADATA.pb,https://raw.githubusercontent.com/google/fonts/e1118da94a8cb00cf6d06cdac9ef13eb1e5c6ab7/ofl/junge/Junge-Regular.ttf,https://raw.githubusercontent.com/google/fonts/e1118da94a8cb00cf6d06cdac9ef13eb1e5c6ab7/ofl/junge/OFL.txt,Google Fonts official repository,57
Libre Baskerville,serif,librebaskerville,ofl,OFL,True,"latin,latin-ext,menu",LibreBaskerville[wght].ttf,e1118da94a8cb00cf6d06cdac9ef13eb1e5c6ab7,e29f1dcebfdf5918d29c4d373e1a6a0ae3bcb94538aa63362fdcc7bf095cc9c8,https://raw.githubusercontent.com/google/fonts/e1118da94a8cb00cf6d06cdac9ef13eb1e5c6ab7/ofl/librebaskerville/METADATA.pb,https://raw.githubusercontent.com/google/fonts/e1118da94a8cb00cf6d06cdac9ef13eb1e5c6ab7/ofl/librebaskerville/LibreBaskerville%5Bwght%5D.ttf,https://raw.githubusercontent.com/google/fonts/e1118da94a8cb00cf6d06cdac9ef13eb1e5c6ab7/ofl/librebaskerville/OFL.txt,Google Fonts official repository,58
Crimson Text,serif,crimsontext,ofl,OFL,True,"latin,latin-ext,menu,vietnamese",CrimsonText-Regular.ttf,e1118da94a8cb00cf6d06cdac9ef13eb1e5c6ab7,c5ca01516f7cf8769bbeaede301300db4a28e5a246090bcb7ed9091b37175d0d,https://raw.githubusercontent.com/google/fonts/e1118da94a8cb00cf6d06cdac9ef13eb1e5c6ab7/ofl/crimsontext/METADATA.pb,https://raw.githubusercontent.com/google/fonts/e1118da94a8cb00cf6d06cdac9ef13eb1e5c6ab7/ofl/crimsontext/CrimsonText-Regular.ttf,https://raw.githubusercontent.com/google/fonts/e1118da94a8cb00cf6d06cdac9ef13eb1e5c6ab7/ofl/crimsontext/OFL.txt,Google Fonts official repository,59
Tiro Devanagari Marathi,serif,tirodevanagarimarathi,ofl,OFL,True,"devanagari,latin,latin-ext,menu",TiroDevanagariMarathi-Regular.ttf,e1118da94a8cb00cf6d06cdac9ef13eb1e5c6ab7,bcfdf4ea31c759da36e8289c55aa50e79c7f4f3977c588b985ad2c9b46738e2a,https://raw.githubusercontent.com/google/fonts/e1118da94a8cb00cf6d06cdac9ef13eb1e5c6ab7/ofl/tirodevanagarimarathi/METADATA.pb,https://raw.githubusercontent.com/google/fonts/e1118da94a8cb00cf6d06cdac9ef13eb1e5c6ab7/ofl/tirodevanagarimarathi/TiroDevanagariMarathi-Regular.ttf,https://raw.githubusercontent.com/google/fonts/e1118da94a8cb00cf6d06cdac9ef13eb1e5c6ab7/ofl/tirodevanagarimarathi/OFL.txt,Google Fonts official repository,60
Baskervville,serif,baskervville,ofl,OFL,True,"latin,latin-ext,menu",Baskervville[wght].ttf,e1118da94a8cb00cf6d06cdac9ef13eb1e5c6ab7,d5430b394fd6c7cddb54ae3e8da8a321efd929276efab0c6768044d58c487142,https://raw.githubusercontent.com/google/fonts/e1118da94a8cb00cf6d06cdac9ef13eb1e5c6ab7/ofl/baskervville/METADATA.pb,https://raw.githubusercontent.com/google/fonts/e1118da94a8cb00cf6d06cdac9ef13eb1e5c6ab7/ofl/baskervville/Baskervville%5Bwght%5D.ttf,https://raw.githubusercontent.com/google/fonts/e1118da94a8cb00cf6d06cdac9ef13eb1e5c6ab7/ofl/baskervville/OFL.txt,Google Fonts official repository,61
Suwannaphum,serif,suwannaphum,ofl,OFL,True,"khmer,latin,menu",Suwannaphum-Regular.ttf,e1118da94a8cb00cf6d06cdac9ef13eb1e5c6ab7,76da15479b3433b4c63fc3f462dfbb3eded2e23cf3f636fd68ac665774d210ae,https://raw.githubusercontent.com/google/fonts/e1118da94a8cb00cf6d06cdac9ef13eb1e5c6ab7/ofl/suwannaphum/METADATA.pb,https://raw.githubusercontent.com/google/fonts/e1118da94a8cb00cf6d06cdac9ef13eb1e5c6ab7/ofl/suwannaphum/Suwannaphum-Regular.ttf,https://raw.githubusercontent.com/google/fonts/e1118da94a8cb00cf6d06cdac9ef13eb1e5c6ab7/ofl/suwannaphum/OFL.txt,Google Fonts official repository,62
Castoro Titling,serif,castorotitling,ofl,OFL,True,"latin,latin-ext,menu",CastoroTitling-Regular.ttf,e1118da94a8cb00cf6d06cdac9ef13eb1e5c6ab7,01b0690b4a93e7be487ba9bb6805dfcabbe73d14baa6c65d2c6ddc0ef6fcb050,https://raw.githubusercontent.com/google/fonts/e1118da94a8cb00cf6d06cdac9ef13eb1e5c6ab7/ofl/castorotitling/METADATA.pb,https://raw.githubusercontent.com/google/fonts/e1118da94a8cb00cf6d06cdac9ef13eb1e5c6ab7/ofl/castorotitling/CastoroTitling-Regular.ttf,https://raw.githubusercontent.com/google/fonts/e1118da94a8cb00cf6d06cdac9ef13eb1e5c6ab7/ofl/castorotitling/OFL.txt,Google Fonts official repository,63
Coustard,serif,coustard,ofl,OFL,True,"latin,latin-ext,menu",Coustard-Regular.ttf,e1118da94a8cb00cf6d06cdac9ef13eb1e5c6ab7,b6c2568092b6772b729d5df24dd1c5f72ff1033a8ab8eaee80558e4cb0ca4972,https://raw.githubusercontent.com/google/fonts/e1118da94a8cb00cf6d06cdac9ef13eb1e5c6ab7/ofl/coustard/METADATA.pb,https://raw.githubusercontent.com/google/fonts/e1118da94a8cb00cf6d06cdac9ef13eb1e5c6ab7/ofl/coustard/Coustard-Regular.ttf,https://raw.githubusercontent.com/google/fonts/e1118da94a8cb00cf6d06cdac9ef13eb1e5c6ab7/ofl/coustard/OFL.txt,Google Fonts official repository,64
Kaisei Decol,serif,kaiseidecol,ofl,OFL,True,"cyrillic,japanese,latin,latin-ext,menu",KaiseiDecol-Regular.ttf,e1118da94a8cb00cf6d06cdac9ef13eb1e5c6ab7,efb61952c0f34d3b49e1fe58b04b293947e7bb32817636ab9a5403089de0821c,https://raw.githubusercontent.com/google/fonts/e1118da94a8cb00cf6d06cdac9ef13eb1e5c6ab7/ofl/kaiseidecol/METADATA.pb,https://raw.githubusercontent.com/google/fonts/e1118da94a8cb00cf6d06cdac9ef13eb1e5c6ab7/ofl/kaiseidecol/KaiseiDecol-Regular.ttf,https://raw.githubusercontent.com/google/fonts/e1118da94a8cb00cf6d06cdac9ef13eb1e5c6ab7/ofl/kaiseidecol/OFL.txt,Google Fonts official repository,65
BatangChe,serif,batangche,ofl,OFL,True,"cyrillic,greek,korean,latin,latin-ext,menu",BatangChe-Regular.ttf,e1118da94a8cb00cf6d06cdac9ef13eb1e5c6ab7,0c81f498539d7a9a6227a4f885d6d5ba228231a64380c6e81b58b6521c41ba5e,https://raw.githubusercontent.com/google/fonts/e1118da94a8cb00cf6d06cdac9ef13eb1e5c6ab7/ofl/batangche/METADATA.pb,https://raw.githubusercontent.com/google/fonts/e1118da94a8cb00cf6d06cdac9ef13eb1e5c6ab7/ofl/batangche/BatangChe-Regular.ttf,https://raw.githubusercontent.com/google/fonts/e1118da94a8cb00cf6d06cdac9ef13eb1e5c6ab7/ofl/batangche/OFL.txt,Google Fonts official repository,66
Gentium Plus,serif,gentiumplus,ofl,OFL,True,"cyrillic,cyrillic-ext,greek,greek-ext,latin,latin-ext,menu,vietnamese",GentiumPlus-Regular.ttf,e1118da94a8cb00cf6d06cdac9ef13eb1e5c6ab7,6398e988c30ba480f9b9ab54cbcef415801dbdf5e1522bab040e2ad2273e4b50,https://raw.githubusercontent.com/google/fonts/e1118da94a8cb00cf6d06cdac9ef13eb1e5c6ab7/ofl/gentiumplus/METADATA.pb,https://raw.githubusercontent.com/google/fonts/e1118da94a8cb00cf6d06cdac9ef13eb1e5c6ab7/ofl/gentiumplus/GentiumPlus-Regular.ttf,https://raw.githubusercontent.com/google/fonts/e1118da94a8cb00cf6d06cdac9ef13eb1e5c6ab7/ofl/gentiumplus/OFL.txt,Google Fonts official repository,67
Antic Didone,serif,anticdidone,ofl,OFL,True,"latin,menu",AnticDidone-Regular.ttf,e1118da94a8cb00cf6d06cdac9ef13eb1e5c6ab7,a3bbabfb7b412ab1c2e7c47e5f559431dd1072da2c9782510fbc8ae8eaa2ad5c,https://raw.githubusercontent.com/google/fonts/e1118da94a8cb00cf6d06cdac9ef13eb1e5c6ab7/ofl/anticdidone/METADATA.pb,https://raw.githubusercontent.com/google/fonts/e1118da94a8cb00cf6d06cdac9ef13eb1e5c6ab7/ofl/anticdidone/AnticDidone-Regular.ttf,https://raw.githubusercontent.com/google/fonts/e1118da94a8cb00cf6d06cdac9ef13eb1e5c6ab7/ofl/anticdidone/OFL.txt,Google Fonts official repository,68
Tiro Devanagari Hindi,serif,tirodevanagarihindi,ofl,OFL,True,"devanagari,latin,latin-ext,menu",TiroDevanagariHindi-Regular.ttf,e1118da94a8cb00cf6d06cdac9ef13eb1e5c6ab7,ae24140a99dd6b6ef2566862fc53b1e427ddca09d3db52c8ff1609bbc7551a8c,https://raw.githubusercontent.com/google/fonts/e1118da94a8cb00cf6d06cdac9ef13eb1e5c6ab7/ofl/tirodevanagarihindi/METADATA.pb,https://raw.githubusercontent.com/google/fonts/e1118da94a8cb00cf6d06cdac9ef13eb1e5c6ab7/ofl/tirodevanagarihindi/TiroDevanagariHindi-Regular.ttf,https://raw.githubusercontent.com/google/fonts/e1118da94a8cb00cf6d06cdac9ef13eb1e5c6ab7/ofl/tirodevanagarihindi/OFL.txt,Google Fonts official repository,69
Noto Serif KR,serif,notoserifkr,ofl,OFL,True,"cyrillic,korean,latin,latin-ext,menu,vietnamese",NotoSerifKR[wght].ttf,e1118da94a8cb00cf6d06cdac9ef13eb1e5c6ab7,11a2445e02b744e88e8ed6fd5b807da7df4628fcc6526a15ea9b111ba0458bf4,https://raw.githubusercontent.com/google/fonts/e1118da94a8cb00cf6d06cdac9ef13eb1e5c6ab7/ofl/notoserifkr/METADATA.pb,https://raw.githubusercontent.com/google/fonts/e1118da94a8cb00cf6d06cdac9ef13eb1e5c6ab7/ofl/notoserifkr/NotoSerifKR%5Bwght%5D.ttf,https://raw.githubusercontent.com/google/fonts/e1118da94a8cb00cf6d06cdac9ef13eb1e5c6ab7/ofl/notoserifkr/OFL.txt,Google Fonts official repository,70
Julius Sans One,sans_serif,juliussansone,ofl,OFL,True,"latin,latin-ext,menu",JuliusSansOne-Regular.ttf,e1118da94a8cb00cf6d06cdac9ef13eb1e5c6ab7,5cca6635052105f00cdad5ec875f32601a7bbfea2a591796c9f9618feb34edb4,https://raw.githubusercontent.com/google/fonts/e1118da94a8cb00cf6d06cdac9ef13eb1e5c6ab7/ofl/juliussansone/METADATA.pb,https://raw.githubusercontent.com/google/fonts/e1118da94a8cb00cf6d06cdac9ef13eb1e5c6ab7/ofl/juliussansone/JuliusSansOne-Regular.ttf,https://raw.githubusercontent.com/google/fonts/e1118da94a8cb00cf6d06cdac9ef13eb1e5c6ab7/ofl/juliussansone/OFL.txt,Google Fonts official repository,1
Moulpali,sans_serif,moulpali,ofl,OFL,True,"khmer,latin,menu",Moulpali-Regular.ttf,e1118da94a8cb00cf6d06cdac9ef13eb1e5c6ab7,5715b259b9eeac00ae2be3d16d396a3c54ccac2a9b408404c9e5e0d3ade95b16,https://raw.githubusercontent.com/google/fonts/e1118da94a8cb00cf6d06cdac9ef13eb1e5c6ab7/ofl/moulpali/METADATA.pb,https://raw.githubusercontent.com/google/fonts/e1118da94a8cb00cf6d06cdac9ef13eb1e5c6ab7/ofl/moulpali/Moulpali-Regular.ttf,https://raw.githubusercontent.com/google/fonts/e1118da94a8cb00cf6d06cdac9ef13eb1e5c6ab7/ofl/moulpali/OFL.txt,Google Fonts official repository,2
Wendy One,sans_serif,wendyone,ofl,OFL,True,"latin,latin-ext,menu",WendyOne-Regular.ttf,e1118da94a8cb00cf6d06cdac9ef13eb1e5c6ab7,96a4048037cd7e167142a478685cf52cc51b2796f3e7b12503d673b5ba768a31,https://raw.githubusercontent.com/google/fonts/e1118da94a8cb00cf6d06cdac9ef13eb1e5c6ab7/ofl/wendyone/METADATA.pb,https://raw.githubusercontent.com/google/fonts/e1118da94a8cb00cf6d06cdac9ef13eb1e5c6ab7/ofl/wendyone/WendyOne-Regular.ttf,https://raw.githubusercontent.com/google/fonts/e1118da94a8cb00cf6d06cdac9ef13eb1e5c6ab7/ofl/wendyone/OFL.txt,Google Fonts official repository,3
Fredoka,sans_serif,fredoka,ofl,OFL,True,"hebrew,latin,latin-ext,menu","Fredoka[wdth,wght].ttf",e1118da94a8cb00cf6d06cdac9ef13eb1e5c6ab7,17f260d0faf7c588c9331a9a1b720b55c2b871563423f42704c8cbb0953a574a,https://raw.githubusercontent.com/google/fonts/e1118da94a8cb00cf6d06cdac9ef13eb1e5c6ab7/ofl/fredoka/METADATA.pb,https://raw.githubusercontent.com/google/fonts/e1118da94a8cb00cf6d06cdac9ef13eb1e5c6ab7/ofl/fredoka/Fredoka%5Bwdth%2Cwght%5D.ttf,https://raw.githubusercontent.com/google/fonts/e1118da94a8cb00cf6d06cdac9ef13eb1e5c6ab7/ofl/fredoka/OFL.txt,Google Fonts official repository,4
Finlandica,sans_serif,finlandica,ofl,OFL,True,"cyrillic,cyrillic-ext,latin,latin-ext,menu",Finlandica[wght].ttf,e1118da94a8cb00cf6d06cdac9ef13eb1e5c6ab7,bfa0c8d98e2b2aebfe2ef929982ef46ae5faf685ca35cfa781b9ab8d5e8dc9a4,https://raw.githubusercontent.com/google/fonts/e1118da94a8cb00cf6d06cdac9ef13eb1e5c6ab7/ofl/finlandica/METADATA.pb,https://raw.githubusercontent.com/google/fonts/e1118da94a8cb00cf6d06cdac9ef13eb1e5c6ab7/ofl/finlandica/Finlandica%5Bwght%5D.ttf,https://raw.githubusercontent.com/google/fonts/e1118da94a8cb00cf6d06cdac9ef13eb1e5c6ab7/ofl/finlandica/OFL.txt,Google Fonts official repository,5
Gotu,sans_serif,gotu,ofl,OFL,True,"devanagari,latin,latin-ext,menu,vietnamese",Gotu-Regular.ttf,e1118da94a8cb00cf6d06cdac9ef13eb1e5c6ab7,1ec64c76300064c6d94049a6b1b3a6bbf7f8870375ccef8d7363fe9f1d159d38,https://raw.githubusercontent.com/google/fonts/e1118da94a8cb00cf6d06cdac9ef13eb1e5c6ab7/ofl/gotu/METADATA.pb,https://raw.githubusercontent.com/google/fonts/e1118da94a8cb00cf6d06cdac9ef13eb1e5c6ab7/ofl/gotu/Gotu-Regular.ttf,https://raw.githubusercontent.com/google/fonts/e1118da94a8cb00cf6d06cdac9ef13eb1e5c6ab7/ofl/gotu/OFL.txt,Google Fonts official repository,6
Hubot Sans,sans_serif,hubotsans,ofl,OFL,True,"latin,latin-ext,menu,vietnamese","HubotSans[wdth,wght].ttf",e1118da94a8cb00cf6d06cdac9ef13eb1e5c6ab7,a2f7e9602af1220c64f0204daf29c86e3efa9a57d04ee98f51622937e0f8dd16,https://raw.githubusercontent.com/google/fonts/e1118da94a8cb00cf6d06cdac9ef13eb1e5c6ab7/ofl/hubotsans/METADATA.pb,https://raw.githubusercontent.com/google/fonts/e1118da94a8cb00cf6d06cdac9ef13eb1e5c6ab7/ofl/hubotsans/HubotSans%5Bwdth%2Cwght%5D.ttf,https://raw.githubusercontent.com/google/fonts/e1118da94a8cb00cf6d06cdac9ef13eb1e5c6ab7/ofl/hubotsans/OFL.txt,Google Fonts official repository,7
Khula,sans_serif,khula,ofl,OFL,True,"devanagari,latin,latin-ext,menu",Khula-Regular.ttf,e1118da94a8cb00cf6d06cdac9ef13eb1e5c6ab7,2442b2e194b387614ec453ede8fe5aebebd8ad48a0c5606fb93e2dc0397c5d8e,https://raw.githubusercontent.com/google/fonts/e1118da94a8cb00cf6d06cdac9ef13eb1e5c6ab7/ofl/khula/METADATA.pb,https://raw.githubusercontent.com/google/fonts/e1118da94a8cb00cf6d06cdac9ef13eb1e5c6ab7/ofl/khula/Khula-Regular.ttf,https://raw.githubusercontent.com/google/fonts/e1118da94a8cb00cf6d06cdac9ef13eb1e5c6ab7/ofl/khula/OFL.txt,Google Fonts official repository,8
Belleza,sans_serif,belleza,ofl,OFL,True,"latin,latin-ext,menu",Belleza-Regular.ttf,e1118da94a8cb00cf6d06cdac9ef13eb1e5c6ab7,eeee227f9f642ff0636e1c285c197e0e6b66a8ff967297acffc8356c6013c909,https://raw.githubusercontent.com/google/fonts/e1118da94a8cb00cf6d06cdac9ef13eb1e5c6ab7/ofl/belleza/METADATA.pb,https://raw.githubusercontent.com/google/fonts/e1118da94a8cb00cf6d06cdac9ef13eb1e5c6ab7/ofl/belleza/Belleza-Regular.ttf,https://raw.githubusercontent.com/google/fonts/e1118da94a8cb00cf6d06cdac9ef13eb1e5c6ab7/ofl/belleza/OFL.txt,Google Fonts official repository,9
Cagliostro,sans_serif,cagliostro,ofl,OFL,True,"latin,latin-ext,menu",Cagliostro-Regular.ttf,e1118da94a8cb00cf6d06cdac9ef13eb1e5c6ab7,5f962f1ea77de538a464fd3d4abb9596e56647969b790ac0917a00510effadca,https://raw.githubusercontent.com/google/fonts/e1118da94a8cb00cf6d06cdac9ef13eb1e5c6ab7/ofl/cagliostro/METADATA.pb,https://raw.githubusercontent.com/google/fonts/e1118da94a8cb00cf6d06cdac9ef13eb1e5c6ab7/ofl/cagliostro/Cagliostro-Regular.ttf,https://raw.githubusercontent.com/google/fonts/e1118da94a8cb00cf6d06cdac9ef13eb1e5c6ab7/ofl/cagliostro/OFL.txt,Google Fonts official repository,10
Ek Mukta,sans_serif,ekmukta,ofl,OFL,True,"devanagari,latin,latin-ext,menu",EkMukta-Regular.ttf,e1118da94a8cb00cf6d06cdac9ef13eb1e5c6ab7,d3703e663470e2c1f6309861683f78ee62f9beeb2bf1237ff3c6401e3d0a1e57,https://raw.githubusercontent.com/google/fonts/e1118da94a8cb00cf6d06cdac9ef13eb1e5c6ab7/ofl/ekmukta/METADATA.pb,https://raw.githubusercontent.com/google/fonts/e1118da94a8cb00cf6d06cdac9ef13eb1e5c6ab7/ofl/ekmukta/EkMukta-Regular.ttf,https://raw.githubusercontent.com/google/fonts/e1118da94a8cb00cf6d06cdac9ef13eb1e5c6ab7/ofl/ekmukta/OFL.txt,Google Fonts official repository,11
Atkinson Hyperlegible Next,sans_serif,atkinsonhyperlegiblenext,ofl,OFL,True,"latin,latin-ext,menu",AtkinsonHyperlegibleNext[wght].ttf,e1118da94a8cb00cf6d06cdac9ef13eb1e5c6ab7,9d0050e8a74b976099f69ba23a25063b60deeb91eae89388bb20dffb5b4a5669,https://raw.githubusercontent.com/google/fonts/e1118da94a8cb00cf6d06cdac9ef13eb1e5c6ab7/ofl/atkinsonhyperlegiblenext/METADATA.pb,https://raw.githubusercontent.com/google/fonts/e1118da94a8cb00cf6d06cdac9ef13eb1e5c6ab7/ofl/atkinsonhyperlegiblenext/AtkinsonHyperlegibleNext%5Bwght%5D.ttf,https://raw.githubusercontent.com/google/fonts/e1118da94a8cb00cf6d06cdac9ef13eb1e5c6ab7/ofl/atkinsonhyperlegiblenext/OFL.txt,Google Fonts official repository,12
Geom,sans_serif,geom,ofl,OFL,True,"greek,latin,latin-ext,menu",Geom[wght].ttf,e1118da94a8cb00cf6d06cdac9ef13eb1e5c6ab7,39023a11eb6f5270ad0fa867dbdc01e63998a7599aa12aef7e66b31092fce527,https://raw.githubusercontent.com/google/fonts/e1118da94a8cb00cf6d06cdac9ef13eb1e5c6ab7/ofl/geom/METADATA.pb,https://raw.githubusercontent.com/google/fonts/e1118da94a8cb00cf6d06cdac9ef13eb1e5c6ab7/ofl/geom/Geom%5Bwght%5D.ttf,https://raw.githubusercontent.com/google/fonts/e1118da94a8cb00cf6d06cdac9ef13eb1e5c6ab7/ofl/geom/OFL.txt,Google Fonts official repository,13
Noto Sans Mono,sans_serif,notosansmono,ofl,OFL,True,"cyrillic,cyrillic-ext,greek,greek-ext,latin,latin-ext,menu,vietnamese","NotoSansMono[wdth,wght].ttf",e1118da94a8cb00cf6d06cdac9ef13eb1e5c6ab7,b352d8a4620ee1378cbd268a9c326172f87ed5fda8da7d7519a1857209a4a335,https://raw.githubusercontent.com/google/fonts/e1118da94a8cb00cf6d06cdac9ef13eb1e5c6ab7/ofl/notosansmono/METADATA.pb,https://raw.githubusercontent.com/google/fonts/e1118da94a8cb00cf6d06cdac9ef13eb1e5c6ab7/ofl/notosansmono/NotoSansMono%5Bwdth%2Cwght%5D.ttf,https://raw.githubusercontent.com/google/fonts/e1118da94a8cb00cf6d06cdac9ef13eb1e5c6ab7/ofl/notosansmono/OFL.txt,Google Fonts official repository,14
Noto Sans Tamil,sans_serif,notosanstamil,ofl,OFL,True,"latin,latin-ext,menu,tamil","NotoSansTamil[wdth,wght].ttf",e1118da94a8cb00cf6d06cdac9ef13eb1e5c6ab7,96b844b50b8e48e43c1e2e2fcf9c5ab9fa0a71bed2a26dc898bb456723c9fd6f,https://raw.githubusercontent.com/google/fonts/e1118da94a8cb00cf6d06cdac9ef13eb1e5c6ab7/ofl/notosanstamil/METADATA.pb,https://raw.githubusercontent.com/google/fonts/e1118da94a8cb00cf6d06cdac9ef13eb1e5c6ab7/ofl/notosanstamil/NotoSansTamil%5Bwdth%2Cwght%5D.ttf,https://raw.githubusercontent.com/google/fonts/e1118da94a8cb00cf6d06cdac9ef13eb1e5c6ab7/ofl/notosanstamil/OFL.txt,Google Fonts official repository,15
Zen Kaku Gothic New,sans_serif,zenkakugothicnew,ofl,OFL,True,"cyrillic,japanese,latin,latin-ext,menu",ZenKakuGothicNew-Regular.ttf,e1118da94a8cb00cf6d06cdac9ef13eb1e5c6ab7,d1bd43c475dd673a67c210a6277fea8e61c4fcd29c546ac274791617da5c6473,https://raw.githubusercontent.com/google/fonts/e1118da94a8cb00cf6d06cdac9ef13eb1e5c6ab7/ofl/zenkakugothicnew/METADATA.pb,https://raw.githubusercontent.com/google/fonts/e1118da94a8cb00cf6d06cdac9ef13eb1e5c6ab7/ofl/zenkakugothicnew/ZenKakuGothicNew-Regular.ttf,https://raw.githubusercontent.com/google/fonts/e1118da94a8cb00cf6d06cdac9ef13eb1e5c6ab7/ofl/zenkakugothicnew/OFL.txt,Google Fonts official repository,16
Noto Sans Bassa Vah,sans_serif,notosansbassavah,ofl,OFL,True,"bassa-vah,latin,latin-ext,menu",NotoSansBassaVah[wght].ttf,e1118da94a8cb00cf6d06cdac9ef13eb1e5c6ab7,cddb03ebbfc978b212c7b7952ec2b090823630a06191c6af15ee5393b576c2f6,https://raw.githubusercontent.com/google/fonts/e1118da94a8cb00cf6d06cdac9ef13eb1e5c6ab7/ofl/notosansbassavah/METADATA.pb,https://raw.githubusercontent.com/google/fonts/e1118da94a8cb00cf6d06cdac9ef13eb1e5c6ab7/ofl/notosansbassavah/NotoSansBassaVah%5Bwght%5D.ttf,https://raw.githubusercontent.com/google/fonts/e1118da94a8cb00cf6d06cdac9ef13eb1e5c6ab7/ofl/notosansbassavah/OFL.txt,Google Fonts official repository,17
Telex,sans_serif,telex,ofl,OFL,True,"latin,latin-ext,menu",Telex-Regular.ttf,e1118da94a8cb00cf6d06cdac9ef13eb1e5c6ab7,adb58d71a45f5aae3df30447cbe000cf75c68697631613d858d0edf96ee012ec,https://raw.githubusercontent.com/google/fonts/e1118da94a8cb00cf6d06cdac9ef13eb1e5c6ab7/ofl/telex/METADATA.pb,https://raw.githubusercontent.com/google/fonts/e1118da94a8cb00cf6d06cdac9ef13eb1e5c6ab7/ofl/telex/Telex-Regular.ttf,https://raw.githubusercontent.com/google/fonts/e1118da94a8cb00cf6d06cdac9ef13eb1e5c6ab7/ofl/telex/OFL.txt,Google Fonts official repository,18
Noto Sans Kannada,sans_serif,notosanskannada,ofl,OFL,True,"kannada,latin,latin-ext,menu","NotoSansKannada[wdth,wght].ttf",e1118da94a8cb00cf6d06cdac9ef13eb1e5c6ab7,f5315c75fd2a5603c795a83032643e7a53594862f9534639decbafef6955d6cf,https://raw.githubusercontent.com/google/fonts/e1118da94a8cb00cf6d06cdac9ef13eb1e5c6ab7/ofl/notosanskannada/METADATA.pb,https://raw.githubusercontent.com/google/fonts/e1118da94a8cb00cf6d06cdac9ef13eb1e5c6ab7/ofl/notosanskannada/NotoSansKannada%5Bwdth%2Cwght%5D.ttf,https://raw.githubusercontent.com/google/fonts/e1118da94a8cb00cf6d06cdac9ef13eb1e5c6ab7/ofl/notosanskannada/OFL.txt,Google Fonts official repository,19
Alumni Sans SC,sans_serif,alumnisanssc,ofl,OFL,True,"cyrillic,cyrillic-ext,latin,latin-ext,menu,vietnamese",AlumniSansSC[wght].ttf,e1118da94a8cb00cf6d06cdac9ef13eb1e5c6ab7,2ce2e8fdd84cb1699db8c9bcddb71eb44c539f980be5d471133faac2f69a2584,https://raw.githubusercontent.com/google/fonts/e1118da94a8cb00cf6d06cdac9ef13eb1e5c6ab7/ofl/alumnisanssc/METADATA.pb,https://raw.githubusercontent.com/google/fonts/e1118da94a8cb00cf6d06cdac9ef13eb1e5c6ab7/ofl/alumnisanssc/AlumniSansSC%5Bwght%5D.ttf,https://raw.githubusercontent.com/google/fonts/e1118da94a8cb00cf6d06cdac9ef13eb1e5c6ab7/ofl/alumnisanssc/OFL.txt,Google Fonts official repository,20
Noto Sans Tangsa,sans_serif,notosanstangsa,ofl,OFL,True,"latin,latin-ext,menu,tangsa",NotoSansTangsa[wght].ttf,e1118da94a8cb00cf6d06cdac9ef13eb1e5c6ab7,63f6ed0620803c03e33981f00f518cff17a6c1dcfd401d01012e013ea62ed470,https://raw.githubusercontent.com/google/fonts/e1118da94a8cb00cf6d06cdac9ef13eb1e5c6ab7/ofl/notosanstangsa/METADATA.pb,https://raw.githubusercontent.com/google/fonts/e1118da94a8cb00cf6d06cdac9ef13eb1e5c6ab7/ofl/notosanstangsa/NotoSansTangsa%5Bwght%5D.ttf,https://raw.githubusercontent.com/google/fonts/e1118da94a8cb00cf6d06cdac9ef13eb1e5c6ab7/ofl/notosanstangsa/OFL.txt,Google Fonts official repository,21
Mitr,sans_serif,mitr,ofl,OFL,True,"latin,latin-ext,menu,thai,vietnamese",Mitr-Regular.ttf,e1118da94a8cb00cf6d06cdac9ef13eb1e5c6ab7,ceb97fedfedc4fa655e91fa0f942949ee78e52c5110eeb4993cf81193406360a,https://raw.githubusercontent.com/google/fonts/e1118da94a8cb00cf6d06cdac9ef13eb1e5c6ab7/ofl/mitr/METADATA.pb,https://raw.githubusercontent.com/google/fonts/e1118da94a8cb00cf6d06cdac9ef13eb1e5c6ab7/ofl/mitr/Mitr-Regular.ttf,https://raw.githubusercontent.com/google/fonts/e1118da94a8cb00cf6d06cdac9ef13eb1e5c6ab7/ofl/mitr/OFL.txt,Google Fonts official repository,22
Cascadia Code,sans_serif,cascadiacode,ofl,OFL,True,"arabic,braille,cyrillic,cyrillic-ext,greek,hebrew,latin,latin-ext,menu,symbols2,vietnamese",CascadiaCode[wght].ttf,e1118da94a8cb00cf6d06cdac9ef13eb1e5c6ab7,0e6818de984c2267817989e29f9750b65169e71c8b03f4c80407956296b47b6c,https://raw.githubusercontent.com/google/fonts/e1118da94a8cb00cf6d06cdac9ef13eb1e5c6ab7/ofl/cascadiacode/METADATA.pb,https://raw.githubusercontent.com/google/fonts/e1118da94a8cb00cf6d06cdac9ef13eb1e5c6ab7/ofl/cascadiacode/CascadiaCode%5Bwght%5D.ttf,https://raw.githubusercontent.com/google/fonts/e1118da94a8cb00cf6d06cdac9ef13eb1e5c6ab7/ofl/cascadiacode/OFL.txt,Google Fonts official repository,23
Hermeneus One,sans_serif,hermeneusone,ofl,OFL,True,"latin,latin-ext,menu",HermeneusOne-Regular.ttf,e1118da94a8cb00cf6d06cdac9ef13eb1e5c6ab7,ce1690ebf1d20f4a2108cc810555ad5aafdee9d967d302dea9d95d564233b075,https://raw.githubusercontent.com/google/fonts/e1118da94a8cb00cf6d06cdac9ef13eb1e5c6ab7/ofl/hermeneusone/METADATA.pb,https://raw.githubusercontent.com/google/fonts/e1118da94a8cb00cf6d06cdac9ef13eb1e5c6ab7/ofl/hermeneusone/HermeneusOne-Regular.ttf,https://raw.githubusercontent.com/google/fonts/e1118da94a8cb00cf6d06cdac9ef13eb1e5c6ab7/ofl/hermeneusone/OFL.txt,Google Fonts official repository,24
42dot Sans,sans_serif,42dotsans,ofl,OFL,True,"korean,latin,menu",42dotSans[wght].ttf,e1118da94a8cb00cf6d06cdac9ef13eb1e5c6ab7,f8f60f63f48f89ed7320e629b8573abbbb60431c51ad93690d941bd70c53ae53,https://raw.githubusercontent.com/google/fonts/e1118da94a8cb00cf6d06cdac9ef13eb1e5c6ab7/ofl/42dotsans/METADATA.pb,https://raw.githubusercontent.com/google/fonts/e1118da94a8cb00cf6d06cdac9ef13eb1e5c6ab7/ofl/42dotsans/42dotSans%5Bwght%5D.ttf,https://raw.githubusercontent.com/google/fonts/e1118da94a8cb00cf6d06cdac9ef13eb1e5c6ab7/ofl/42dotsans/OFL.txt,Google Fonts official repository,25
Elms Sans,sans_serif,elmssans,ofl,OFL,True,"latin,latin-ext,menu,vietnamese",ElmsSans[wght].ttf,e1118da94a8cb00cf6d06cdac9ef13eb1e5c6ab7,93590f0a1cfd59e541e0873b9610038e46dfc53baa2bb769cbe28322204131ce,https://raw.githubusercontent.com/google/fonts/e1118da94a8cb00cf6d06cdac9ef13eb1e5c6ab7/ofl/elmssans/METADATA.pb,https://raw.githubusercontent.com/google/fonts/e1118da94a8cb00cf6d06cdac9ef13eb1e5c6ab7/ofl/elmssans/ElmsSans%5Bwght%5D.ttf,https://raw.githubusercontent.com/google/fonts/e1118da94a8cb00cf6d06cdac9ef13eb1e5c6ab7/ofl/elmssans/OFL.txt,Google Fonts official repository,26
Noto Sans Cherokee,sans_serif,notosanscherokee,ofl,OFL,True,"cherokee,latin,latin-ext,menu",NotoSansCherokee[wght].ttf,e1118da94a8cb00cf6d06cdac9ef13eb1e5c6ab7,eda040c039744a9f82d587b3ef0a6ade7c4b5fc7f09df98461180c33b96ed537,https://raw.githubusercontent.com/google/fonts/e1118da94a8cb00cf6d06cdac9ef13eb1e5c6ab7/ofl/notosanscherokee/METADATA.pb,https://raw.githubusercontent.com/google/fonts/e1118da94a8cb00cf6d06cdac9ef13eb1e5c6ab7/ofl/notosanscherokee/NotoSansCherokee%5Bwght%5D.ttf,https://raw.githubusercontent.com/google/fonts/e1118da94a8cb00cf6d06cdac9ef13eb1e5c6ab7/ofl/notosanscherokee/OFL.txt,Google Fonts official repository,27
Martel Sans,sans_serif,martelsans,ofl,OFL,True,"devanagari,latin,latin-ext,menu",MartelSans-Regular.ttf,e1118da94a8cb00cf6d06cdac9ef13eb1e5c6ab7,2084dcd2f1c0ec9355d6b8b1675336596292e30a3fb5af8073801eb33f985692,https://raw.githubusercontent.com/google/fonts/e1118da94a8cb00cf6d06cdac9ef13eb1e5c6ab7/ofl/martelsans/METADATA.pb,https://raw.githubusercontent.com/google/fonts/e1118da94a8cb00cf6d06cdac9ef13eb1e5c6ab7/ofl/martelsans/MartelSans-Regular.ttf,https://raw.githubusercontent.com/google/fonts/e1118da94a8cb00cf6d06cdac9ef13eb1e5c6ab7/ofl/martelsans/OFL.txt,Google Fonts official repository,28
Noto Sans JP,sans_serif,notosansjp,ofl,OFL,True,"cyrillic,japanese,latin,latin-ext,menu,vietnamese",NotoSansJP[wght].ttf,e1118da94a8cb00cf6d06cdac9ef13eb1e5c6ab7,5aa23f70fba3eb1afa6d92cb89de3b5c4690018caddbdded678b5e595e56825b,https://raw.githubusercontent.com/google/fonts/e1118da94a8cb00cf6d06cdac9ef13eb1e5c6ab7/ofl/notosansjp/METADATA.pb,https://raw.githubusercontent.com/google/fonts/e1118da94a8cb00cf6d06cdac9ef13eb1e5c6ab7/ofl/notosansjp/NotoSansJP%5Bwght%5D.ttf,https://raw.githubusercontent.com/google/fonts/e1118da94a8cb00cf6d06cdac9ef13eb1e5c6ab7/ofl/notosansjp/OFL.txt,Google Fonts official repository,29
Kufam,sans_serif,kufam,ofl,OFL,True,"arabic,latin,latin-ext,menu,vietnamese",Kufam[wght].ttf,e1118da94a8cb00cf6d06cdac9ef13eb1e5c6ab7,3877314fe8d8c4783c93eb692c9f526fc7baf85205682b4d742926668e8a973e,https://raw.githubusercontent.com/google/fonts/e1118da94a8cb00cf6d06cdac9ef13eb1e5c6ab7/ofl/kufam/METADATA.pb,https://raw.githubusercontent.com/google/fonts/e1118da94a8cb00cf6d06cdac9ef13eb1e5c6ab7/ofl/kufam/Kufam%5Bwght%5D.ttf,https://raw.githubusercontent.com/google/fonts/e1118da94a8cb00cf6d06cdac9ef13eb1e5c6ab7/ofl/kufam/OFL.txt,Google Fonts official repository,30
LXGW Marker Gothic,sans_serif,lxgwmarkergothic,ofl,OFL,True,"chinese-traditional,cyrillic,cyrillic-ext,greek,latin,latin-ext,menu,symbols2,vietnamese",LXGWMarkerGothic-Regular.ttf,e1118da94a8cb00cf6d06cdac9ef13eb1e5c6ab7,c4482e42db1d8ee59d554d500471d38a6a6eb00175695b70cd115882814b68c6,https://raw.githubusercontent.com/google/fonts/e1118da94a8cb00cf6d06cdac9ef13eb1e5c6ab7/ofl/lxgwmarkergothic/METADATA.pb,https://raw.githubusercontent.com/google/fonts/e1118da94a8cb00cf6d06cdac9ef13eb1e5c6ab7/ofl/lxgwmarkergothic/LXGWMarkerGothic-Regular.ttf,https://raw.githubusercontent.com/google/fonts/e1118da94a8cb00cf6d06cdac9ef13eb1e5c6ab7/ofl/lxgwmarkergothic/OFL.txt,Google Fonts official repository,31
Zalando Sans,sans_serif,zalandosans,ofl,OFL,True,"latin,latin-ext,menu,vietnamese","ZalandoSans[wdth,wght].ttf",e1118da94a8cb00cf6d06cdac9ef13eb1e5c6ab7,12990fc01d386be3a25bdb2eb52d843facba7e8a694d04ed2ed4190e8551e3ce,https://raw.githubusercontent.com/google/fonts/e1118da94a8cb00cf6d06cdac9ef13eb1e5c6ab7/ofl/zalandosans/METADATA.pb,https://raw.githubusercontent.com/google/fonts/e1118da94a8cb00cf6d06cdac9ef13eb1e5c6ab7/ofl/zalandosans/ZalandoSans%5Bwdth%2Cwght%5D.ttf,https://raw.githubusercontent.com/google/fonts/e1118da94a8cb00cf6d06cdac9ef13eb1e5c6ab7/ofl/zalandosans/OFL.txt,Google Fonts official repository,32
Yaldevi Colombo,sans_serif,yaldevicolombo,ofl,OFL,True,"latin,latin-ext,menu,sinhala",YaldeviColombo-Regular.ttf,e1118da94a8cb00cf6d06cdac9ef13eb1e5c6ab7,b112e330948566cef891f8f0f970b9cecbefc550577b8c4397e408773a8e1be3,https://raw.githubusercontent.com/google/fonts/e1118da94a8cb00cf6d06cdac9ef13eb1e5c6ab7/ofl/yaldevicolombo/METADATA.pb,https://raw.githubusercontent.com/google/fonts/e1118da94a8cb00cf6d06cdac9ef13eb1e5c6ab7/ofl/yaldevicolombo/YaldeviColombo-Regular.ttf,https://raw.githubusercontent.com/google/fonts/e1118da94a8cb00cf6d06cdac9ef13eb1e5c6ab7/ofl/yaldevicolombo/OFL.txt,Google Fonts official repository,33
Anybody,sans_serif,anybody,ofl,OFL,True,"latin,latin-ext,menu,vietnamese","Anybody[wdth,wght].ttf",e1118da94a8cb00cf6d06cdac9ef13eb1e5c6ab7,c139e47d0c6cb967fe83862974afd6ff4fc4a39eaece8f4c1b2ddc83a4d74f8a,https://raw.githubusercontent.com/google/fonts/e1118da94a8cb00cf6d06cdac9ef13eb1e5c6ab7/ofl/anybody/METADATA.pb,https://raw.githubusercontent.com/google/fonts/e1118da94a8cb00cf6d06cdac9ef13eb1e5c6ab7/ofl/anybody/Anybody%5Bwdth%2Cwght%5D.ttf,https://raw.githubusercontent.com/google/fonts/e1118da94a8cb00cf6d06cdac9ef13eb1e5c6ab7/ofl/anybody/OFL.txt,Google Fonts official repository,34
Fira Sans Condensed,sans_serif,firasanscondensed,ofl,OFL,True,"cyrillic,cyrillic-ext,greek,greek-ext,latin,latin-ext,menu,vietnamese",FiraSansCondensed-Regular.ttf,e1118da94a8cb00cf6d06cdac9ef13eb1e5c6ab7,d11b531fc9c16426cf7b6f7dc58a43102e22d19a6ebaa2b1df577300d2bf5c70,https://raw.githubusercontent.com/google/fonts/e1118da94a8cb00cf6d06cdac9ef13eb1e5c6ab7/ofl/firasanscondensed/METADATA.pb,https://raw.githubusercontent.com/google/fonts/e1118da94a8cb00cf6d06cdac9ef13eb1e5c6ab7/ofl/firasanscondensed/FiraSansCondensed-Regular.ttf,https://raw.githubusercontent.com/google/fonts/e1118da94a8cb00cf6d06cdac9ef13eb1e5c6ab7/ofl/firasanscondensed/OFL.txt,Google Fonts official repository,35
Ojuju,sans_serif,ojuju,ofl,OFL,True,"latin,latin-ext,math,menu,symbols,vietnamese",Ojuju[wght].ttf,e1118da94a8cb00cf6d06cdac9ef13eb1e5c6ab7,6b4e6a33ec60ab835aeb112201abeea1a7ef2316dc40de7b45af88f6b8e23f67,https://raw.githubusercontent.com/google/fonts/e1118da94a8cb00cf6d06cdac9ef13eb1e5c6ab7/ofl/ojuju/METADATA.pb,https://raw.githubusercontent.com/google/fonts/e1118da94a8cb00cf6d06cdac9ef13eb1e5c6ab7/ofl/ojuju/Ojuju%5Bwght%5D.ttf,https://raw.githubusercontent.com/google/fonts/e1118da94a8cb00cf6d06cdac9ef13eb1e5c6ab7/ofl/ojuju/OFL.txt,Google Fonts official repository,36
BBH Bartle,sans_serif,bbhbartle,ofl,OFL,True,"latin,menu",BBHBartle-Regular.ttf,e1118da94a8cb00cf6d06cdac9ef13eb1e5c6ab7,8e81e705edc24c64f0f5b4abed53d99fece4f946079400d250005e3f680cdb30,https://raw.githubusercontent.com/google/fonts/e1118da94a8cb00cf6d06cdac9ef13eb1e5c6ab7/ofl/bbhbartle/METADATA.pb,https://raw.githubusercontent.com/google/fonts/e1118da94a8cb00cf6d06cdac9ef13eb1e5c6ab7/ofl/bbhbartle/BBHBartle-Regular.ttf,https://raw.githubusercontent.com/google/fonts/e1118da94a8cb00cf6d06cdac9ef13eb1e5c6ab7/ofl/bbhbartle/OFL.txt,Google Fonts official repository,37
Noto Sans Tai Tham,sans_serif,notosanstaitham,ofl,OFL,True,"latin,latin-ext,menu,tai-tham",NotoSansTaiTham[wght].ttf,e1118da94a8cb00cf6d06cdac9ef13eb1e5c6ab7,2219f05ddd53b5c211fafd42dc8c50a58221ef8c97df59daa3b2a4149528d9b8,https://raw.githubusercontent.com/google/fonts/e1118da94a8cb00cf6d06cdac9ef13eb1e5c6ab7/ofl/notosanstaitham/METADATA.pb,https://raw.githubusercontent.com/google/fonts/e1118da94a8cb00cf6d06cdac9ef13eb1e5c6ab7/ofl/notosanstaitham/NotoSansTaiTham%5Bwght%5D.ttf,https://raw.githubusercontent.com/google/fonts/e1118da94a8cb00cf6d06cdac9ef13eb1e5c6ab7/ofl/notosanstaitham/OFL.txt,Google Fonts official repository,38
Ubuntu Sans,sans_serif,ubuntusans,ufl,UFL,True,"cyrillic,cyrillic-ext,greek,greek-ext,latin,latin-ext,menu","UbuntuSans[wdth,wght].ttf",e1118da94a8cb00cf6d06cdac9ef13eb1e5c6ab7,81335cf06fb745e8cbe32f2534aa756eacd39f53fb7549b397631c6f8bc47f11,https://raw.githubusercontent.com/google/fonts/e1118da94a8cb00cf6d06cdac9ef13eb1e5c6ab7/ufl/ubuntusans/METADATA.pb,https://raw.githubusercontent.com/google/fonts/e1118da94a8cb00cf6d06cdac9ef13eb1e5c6ab7/ufl/ubuntusans/UbuntuSans%5Bwdth%2Cwght%5D.ttf,https://raw.githubusercontent.com/google/fonts/e1118da94a8cb00cf6d06cdac9ef13eb1e5c6ab7/ufl/ubuntusans/LICENCE.txt,Google Fonts official repository,39
Italiana,sans_serif,italiana,ofl,OFL,True,"latin,menu",Italiana-Regular.ttf,e1118da94a8cb00cf6d06cdac9ef13eb1e5c6ab7,46b201ce5d21642bc8b2ada52df4b53a6092ddd5127668e268f4463f0aa48ea5,https://raw.githubusercontent.com/google/fonts/e1118da94a8cb00cf6d06cdac9ef13eb1e5c6ab7/ofl/italiana/METADATA.pb,https://raw.githubusercontent.com/google/fonts/e1118da94a8cb00cf6d06cdac9ef13eb1e5c6ab7/ofl/italiana/Italiana-Regular.ttf,https://raw.githubusercontent.com/google/fonts/e1118da94a8cb00cf6d06cdac9ef13eb1e5c6ab7/ofl/italiana/OFL.txt,Google Fonts official repository,40
Noto Sans Nabataean,sans_serif,notosansnabataean,ofl,OFL,True,"latin,latin-ext,menu,nabataean",NotoSansNabataean-Regular.ttf,e1118da94a8cb00cf6d06cdac9ef13eb1e5c6ab7,d46fed976e84673f8e71a4caf572f58cc2513ef88fe76dc744603808d8319697,https://raw.githubusercontent.com/google/fonts/e1118da94a8cb00cf6d06cdac9ef13eb1e5c6ab7/ofl/notosansnabataean/METADATA.pb,https://raw.githubusercontent.com/google/fonts/e1118da94a8cb00cf6d06cdac9ef13eb1e5c6ab7/ofl/notosansnabataean/NotoSansNabataean-Regular.ttf,https://raw.githubusercontent.com/google/fonts/e1118da94a8cb00cf6d06cdac9ef13eb1e5c6ab7/ofl/notosansnabataean/OFL.txt,Google Fonts official repository,41
Denk One,sans_serif,denkone,ofl,OFL,True,"cyrillic-ext,latin,latin-ext,menu,vietnamese",DenkOne-Regular.ttf,e1118da94a8cb00cf6d06cdac9ef13eb1e5c6ab7,21319ac7e87b5c05bef9a5f582ad57dcc95cdda12a617c1f55ab001263d9bfde,https://raw.githubusercontent.com/google/fonts/e1118da94a8cb00cf6d06cdac9ef13eb1e5c6ab7/ofl/denkone/METADATA.pb,https://raw.githubusercontent.com/google/fonts/e1118da94a8cb00cf6d06cdac9ef13eb1e5c6ab7/ofl/denkone/DenkOne-Regular.ttf,https://raw.githubusercontent.com/google/fonts/e1118da94a8cb00cf6d06cdac9ef13eb1e5c6ab7/ofl/denkone/OFL.txt,Google Fonts official repository,42
Meera Inimai,sans_serif,meerainimai,ofl,OFL,True,"latin,menu,tamil",MeeraInimai-Regular.ttf,e1118da94a8cb00cf6d06cdac9ef13eb1e5c6ab7,56cb137c4186af07f4500f0e384eef23701a19124e521f6d7766fee8b00aadc9,https://raw.githubusercontent.com/google/fonts/e1118da94a8cb00cf6d06cdac9ef13eb1e5c6ab7/ofl/meerainimai/METADATA.pb,https://raw.githubusercontent.com/google/fonts/e1118da94a8cb00cf6d06cdac9ef13eb1e5c6ab7/ofl/meerainimai/MeeraInimai-Regular.ttf,https://raw.githubusercontent.com/google/fonts/e1118da94a8cb00cf6d06cdac9ef13eb1e5c6ab7/ofl/meerainimai/OFL.txt,Google Fonts official repository,43
Teachers,sans_serif,teachers,ofl,OFL,True,"greek-ext,latin,latin-ext,menu",Teachers[wght].ttf,e1118da94a8cb00cf6d06cdac9ef13eb1e5c6ab7,1218edada2bfcdd7e16f03edef44a020f55690ccc9da84321d65e678e0041024,https://raw.githubusercontent.com/google/fonts/e1118da94a8cb00cf6d06cdac9ef13eb1e5c6ab7/ofl/teachers/METADATA.pb,https://raw.githubusercontent.com/google/fonts/e1118da94a8cb00cf6d06cdac9ef13eb1e5c6ab7/ofl/teachers/Teachers%5Bwght%5D.ttf,https://raw.githubusercontent.com/google/fonts/e1118da94a8cb00cf6d06cdac9ef13eb1e5c6ab7/ofl/teachers/OFL.txt,Google Fonts official repository,44
Noto Sans Limbu,sans_serif,notosanslimbu,ofl,OFL,True,"latin,latin-ext,limbu,menu",NotoSansLimbu-Regular.ttf,e1118da94a8cb00cf6d06cdac9ef13eb1e5c6ab7,98458833d0624a3705240d5b4eb34a592db1d72893416e442b67123c8bee1620,https://raw.githubusercontent.com/google/fonts/e1118da94a8cb00cf6d06cdac9ef13eb1e5c6ab7/ofl/notosanslimbu/METADATA.pb,https://raw.githubusercontent.com/google/fonts/e1118da94a8cb00cf6d06cdac9ef13eb1e5c6ab7/ofl/notosanslimbu/NotoSansLimbu-Regular.ttf,https://raw.githubusercontent.com/google/fonts/e1118da94a8cb00cf6d06cdac9ef13eb1e5c6ab7/ofl/notosanslimbu/OFL.txt,Google Fonts official repository,45
Georama,sans_serif,georama,ofl,OFL,True,"latin,latin-ext,menu,vietnamese","Georama[wdth,wght].ttf",e1118da94a8cb00cf6d06cdac9ef13eb1e5c6ab7,ac7281d4d62dc3f00f94a08a993e290607f8538f2af8aaa330712584cef6cc94,https://raw.githubusercontent.com/google/fonts/e1118da94a8cb00cf6d06cdac9ef13eb1e5c6ab7/ofl/georama/METADATA.pb,https://raw.githubusercontent.com/google/fonts/e1118da94a8cb00cf6d06cdac9ef13eb1e5c6ab7/ofl/georama/Georama%5Bwdth%2Cwght%5D.ttf,https://raw.githubusercontent.com/google/fonts/e1118da94a8cb00cf6d06cdac9ef13eb1e5c6ab7/ofl/georama/OFL.txt,Google Fonts official repository,46
Questrial,sans_serif,questrial,ofl,OFL,True,"latin,latin-ext,menu,vietnamese",Questrial-Regular.ttf,e1118da94a8cb00cf6d06cdac9ef13eb1e5c6ab7,ab3c77ffc3abc1a7eb98769a94600e1f7560b6a68405b5ce1e7ed722eb7657e8,https://raw.githubusercontent.com/google/fonts/e1118da94a8cb00cf6d06cdac9ef13eb1e5c6ab7/ofl/questrial/METADATA.pb,https://raw.githubusercontent.com/google/fonts/e1118da94a8cb00cf6d06cdac9ef13eb1e5c6ab7/ofl/questrial/Questrial-Regular.ttf,https://raw.githubusercontent.com/google/fonts/e1118da94a8cb00cf6d06cdac9ef13eb1e5c6ab7/ofl/questrial/OFL.txt,Google Fonts official repository,47
Scoutie Sans,sans_serif,scoutiesans,ofl,OFL,True,"latin,latin-ext,menu,vietnamese",ScoutieSans[wght].ttf,e1118da94a8cb00cf6d06cdac9ef13eb1e5c6ab7,a0d59d705127b1681b0a2796e5f9a3146120daf4e2fb3ec97716eba9080d1a31,https://raw.githubusercontent.com/google/fonts/e1118da94a8cb00cf6d06cdac9ef13eb1e5c6ab7/ofl/scoutiesans/METADATA.pb,https://raw.githubusercontent.com/google/fonts/e1118da94a8cb00cf6d06cdac9ef13eb1e5c6ab7/ofl/scoutiesans/ScoutieSans%5Bwght%5D.ttf,https://raw.githubusercontent.com/google/fonts/e1118da94a8cb00cf6d06cdac9ef13eb1e5c6ab7/ofl/scoutiesans/OFL.txt,Google Fonts official repository,48
Anta,sans_serif,anta,ofl,OFL,True,"latin,latin-ext,math,menu,symbols",Anta-Regular.ttf,e1118da94a8cb00cf6d06cdac9ef13eb1e5c6ab7,2b04310f59436a0824c0871d74448c6cad5d7e22c84cca19bf27a28f513a8e07,https://raw.githubusercontent.com/google/fonts/e1118da94a8cb00cf6d06cdac9ef13eb1e5c6ab7/ofl/anta/METADATA.pb,https://raw.githubusercontent.com/google/fonts/e1118da94a8cb00cf6d06cdac9ef13eb1e5c6ab7/ofl/anta/Anta-Regular.ttf,https://raw.githubusercontent.com/google/fonts/e1118da94a8cb00cf6d06cdac9ef13eb1e5c6ab7/ofl/anta/OFL.txt,Google Fonts official repository,49
Dosis,sans_serif,dosis,ofl,OFL,True,"latin,latin-ext,menu,vietnamese",Dosis[wght].ttf,e1118da94a8cb00cf6d06cdac9ef13eb1e5c6ab7,ffc413458a352a77b216eb19d72bc40776ac22cd26021c4b2881f37abcb9b0a6,https://raw.githubusercontent.com/google/fonts/e1118da94a8cb00cf6d06cdac9ef13eb1e5c6ab7/ofl/dosis/METADATA.pb,https://raw.githubusercontent.com/google/fonts/e1118da94a8cb00cf6d06cdac9ef13eb1e5c6ab7/ofl/dosis/Dosis%5Bwght%5D.ttf,https://raw.githubusercontent.com/google/fonts/e1118da94a8cb00cf6d06cdac9ef13eb1e5c6ab7/ofl/dosis/OFL.txt,Google Fonts official repository,50
Noto Sans Tirhuta,sans_serif,notosanstirhuta,ofl,OFL,True,"latin,latin-ext,menu,tirhuta",NotoSansTirhuta-Regular.ttf,e1118da94a8cb00cf6d06cdac9ef13eb1e5c6ab7,7da4603e994c9a1a74f1547dfd1a2fe38b29ec7f75c53355b294807a4fb6558b,https://raw.githubusercontent.com/google/fonts/e1118da94a8cb00cf6d06cdac9ef13eb1e5c6ab7/ofl/notosanstirhuta/METADATA.pb,https://raw.githubusercontent.com/google/fonts/e1118da94a8cb00cf6d06cdac9ef13eb1e5c6ab7/ofl/notosanstirhuta/NotoSansTirhuta-Regular.ttf,https://raw.githubusercontent.com/google/fonts/e1118da94a8cb00cf6d06cdac9ef13eb1e5c6ab7/ofl/notosanstirhuta/OFL.txt,Google Fonts official repository,51
Radio Canada Big,sans_serif,radiocanadabig,ofl,OFL,True,"latin,latin-ext,menu",RadioCanadaBig[wght].ttf,e1118da94a8cb00cf6d06cdac9ef13eb1e5c6ab7,af8c2f090db23e02343e15fc626e7f55b80597e5fd1c24d3dcdd80de449fa8e1,https://raw.githubusercontent.com/google/fonts/e1118da94a8cb00cf6d06cdac9ef13eb1e5c6ab7/ofl/radiocanadabig/METADATA.pb,https://raw.githubusercontent.com/google/fonts/e1118da94a8cb00cf6d06cdac9ef13eb1e5c6ab7/ofl/radiocanadabig/RadioCanadaBig%5Bwght%5D.ttf,https://raw.githubusercontent.com/google/fonts/e1118da94a8cb00cf6d06cdac9ef13eb1e5c6ab7/ofl/radiocanadabig/OFL.txt,Google Fonts official repository,52
Sankofa Display,sans_serif,sankofadisplay,ofl,OFL,True,"latin,latin-ext,menu,vietnamese",SankofaDisplay-Regular.ttf,e1118da94a8cb00cf6d06cdac9ef13eb1e5c6ab7,74d681c4cba6ef69da0b4ab52bc482133ad4ed4a169b749abf73b90edf16101a,https://raw.githubusercontent.com/google/fonts/e1118da94a8cb00cf6d06cdac9ef13eb1e5c6ab7/ofl/sankofadisplay/METADATA.pb,https://raw.githubusercontent.com/google/fonts/e1118da94a8cb00cf6d06cdac9ef13eb1e5c6ab7/ofl/sankofadisplay/SankofaDisplay-Regular.ttf,https://raw.githubusercontent.com/google/fonts/e1118da94a8cb00cf6d06cdac9ef13eb1e5c6ab7/ofl/sankofadisplay/OFL.txt,Google Fonts official repository,53
Geologica,sans_serif,geologica,ofl,OFL,True,"cyrillic,cyrillic-ext,greek,latin,latin-ext,menu,vietnamese","Geologica[CRSV,SHRP,slnt,wght].ttf",e1118da94a8cb00cf6d06cdac9ef13eb1e5c6ab7,eb1146e32b55112aba6e84d2218a26b637c38bd0959a50ecead9b8c5c133dd58,https://raw.githubusercontent.com/google/fonts/e1118da94a8cb00cf6d06cdac9ef13eb1e5c6ab7/ofl/geologica/METADATA.pb,https://raw.githubusercontent.com/google/fonts/e1118da94a8cb00cf6d06cdac9ef13eb1e5c6ab7/ofl/geologica/Geologica%5BCRSV%2CSHRP%2Cslnt%2Cwght%5D.ttf,https://raw.githubusercontent.com/google/fonts/e1118da94a8cb00cf6d06cdac9ef13eb1e5c6ab7/ofl/geologica/OFL.txt,Google Fonts official repository,54
Liter,sans_serif,liter,ofl,OFL,True,"cyrillic,latin,latin-ext,menu",Liter-Regular.ttf,e1118da94a8cb00cf6d06cdac9ef13eb1e5c6ab7,ed1d74446798402a77f288c89647a3ddf9d319e3a271184c5739c4989192726d,https://raw.githubusercontent.com/google/fonts/e1118da94a8cb00cf6d06cdac9ef13eb1e5c6ab7/ofl/liter/METADATA.pb,https://raw.githubusercontent.com/google/fonts/e1118da94a8cb00cf6d06cdac9ef13eb1e5c6ab7/ofl/liter/Liter-Regular.ttf,https://raw.githubusercontent.com/google/fonts/e1118da94a8cb00cf6d06cdac9ef13eb1e5c6ab7/ofl/liter/OFL.txt,Google Fonts official repository,55
ZCOOL QingKe HuangYou,sans_serif,zcoolqingkehuangyou,ofl,OFL,True,"chinese-simplified,latin,menu",ZCOOLQingKeHuangYou-Regular.ttf,e1118da94a8cb00cf6d06cdac9ef13eb1e5c6ab7,254f65c558dd29fdabcec269174fb5d80fbd36350a8df729a85686163840f74f,https://raw.githubusercontent.com/google/fonts/e1118da94a8cb00cf6d06cdac9ef13eb1e5c6ab7/ofl/zcoolqingkehuangyou/METADATA.pb,https://raw.githubusercontent.com/google/fonts/e1118da94a8cb00cf6d06cdac9ef13eb1e5c6ab7/ofl/zcoolqingkehuangyou/ZCOOLQingKeHuangYou-Regular.ttf,https://raw.githubusercontent.com/google/fonts/e1118da94a8cb00cf6d06cdac9ef13eb1e5c6ab7/ofl/zcoolqingkehuangyou/OFL.txt,Google Fonts official repository,56
Rethink Sans,sans_serif,rethinksans,ofl,OFL,True,"latin,latin-ext,menu",RethinkSans[wght].ttf,e1118da94a8cb00cf6d06cdac9ef13eb1e5c6ab7,a6b5ee6f905516c556724ce6020b3710b8ce0dbc31e6f56851c5f5ad74c79187,https://raw.githubusercontent.com/google/fonts/e1118da94a8cb00cf6d06cdac9ef13eb1e5c6ab7/ofl/rethinksans/METADATA.pb,https://raw.githubusercontent.com/google/fonts/e1118da94a8cb00cf6d06cdac9ef13eb1e5c6ab7/ofl/rethinksans/RethinkSans%5Bwght%5D.ttf,https://raw.githubusercontent.com/google/fonts/e1118da94a8cb00cf6d06cdac9ef13eb1e5c6ab7/ofl/rethinksans/OFL.txt,Google Fonts official repository,57
Truculenta,sans_serif,truculenta,ofl,OFL,True,"latin,latin-ext,menu,vietnamese","Truculenta[opsz,wdth,wght].ttf",e1118da94a8cb00cf6d06cdac9ef13eb1e5c6ab7,bb521ee43598332cc7d0970eecfc35977c4232ff5fbbd221e4487db30683c3d5,https://raw.githubusercontent.com/google/fonts/e1118da94a8cb00cf6d06cdac9ef13eb1e5c6ab7/ofl/truculenta/METADATA.pb,https://raw.githubusercontent.com/google/fonts/e1118da94a8cb00cf6d06cdac9ef13eb1e5c6ab7/ofl/truculenta/Truculenta%5Bopsz%2Cwdth%2Cwght%5D.ttf,https://raw.githubusercontent.com/google/fonts/e1118da94a8cb00cf6d06cdac9ef13eb1e5c6ab7/ofl/truculenta/OFL.txt,Google Fonts official repository,58
Orienta,sans_serif,orienta,ofl,OFL,True,"latin,latin-ext,menu",Orienta-Regular.ttf,e1118da94a8cb00cf6d06cdac9ef13eb1e5c6ab7,ed9677b922ad212e7ca1c481b725ed2aa33219b777b41a0cc90a431cf34be044,https://raw.githubusercontent.com/google/fonts/e1118da94a8cb00cf6d06cdac9ef13eb1e5c6ab7/ofl/orienta/METADATA.pb,https://raw.githubusercontent.com/google/fonts/e1118da94a8cb00cf6d06cdac9ef13eb1e5c6ab7/ofl/orienta/Orienta-Regular.ttf,https://raw.githubusercontent.com/google/fonts/e1118da94a8cb00cf6d06cdac9ef13eb1e5c6ab7/ofl/orienta/OFL.txt,Google Fonts official repository,59
Noto Sans Sharada,sans_serif,notosanssharada,ofl,OFL,True,"latin,latin-ext,menu,sharada",NotoSansSharada-Regular.ttf,e1118da94a8cb00cf6d06cdac9ef13eb1e5c6ab7,480f2edecd39d67c5cf8feb5493570807e6a7b7f13f37bea791af416d8119d4d,https://raw.githubusercontent.com/google/fonts/e1118da94a8cb00cf6d06cdac9ef13eb1e5c6ab7/ofl/notosanssharada/METADATA.pb,https://raw.githubusercontent.com/google/fonts/e1118da94a8cb00cf6d06cdac9ef13eb1e5c6ab7/ofl/notosanssharada/NotoSansSharada-Regular.ttf,https://raw.githubusercontent.com/google/fonts/e1118da94a8cb00cf6d06cdac9ef13eb1e5c6ab7/ofl/notosanssharada/OFL.txt,Google Fonts official repository,60
M PLUS Code Latin,sans_serif,mpluscodelatin,ofl,OFL,True,"latin,latin-ext,menu,vietnamese","MPLUSCodeLatin[wdth,wght].ttf",e1118da94a8cb00cf6d06cdac9ef13eb1e5c6ab7,f3391debef9cbe2ade7b46692e27428daa6a5ad3d31a24e7ece86a9cb3d529e4,https://raw.githubusercontent.com/google/fonts/e1118da94a8cb00cf6d06cdac9ef13eb1e5c6ab7/ofl/mpluscodelatin/METADATA.pb,https://raw.githubusercontent.com/google/fonts/e1118da94a8cb00cf6d06cdac9ef13eb1e5c6ab7/ofl/mpluscodelatin/MPLUSCodeLatin%5Bwdth%2Cwght%5D.ttf,https://raw.githubusercontent.com/google/fonts/e1118da94a8cb00cf6d06cdac9ef13eb1e5c6ab7/ofl/mpluscodelatin/OFL.txt,Google Fonts official repository,61
Noto Sans Myanmar,sans_serif,notosansmyanmar,ofl,OFL,True,"latin,latin-ext,menu,myanmar","NotoSansMyanmar[wdth,wght].ttf",e1118da94a8cb00cf6d06cdac9ef13eb1e5c6ab7,ac194d647de8604104a26c5fe60d01d338b1da1d9e2db333c52a4c5fc6e4c3e7,https://raw.githubusercontent.com/google/fonts/e1118da94a8cb00cf6d06cdac9ef13eb1e5c6ab7/ofl/notosansmyanmar/METADATA.pb,https://raw.githubusercontent.com/google/fonts/e1118da94a8cb00cf6d06cdac9ef13eb1e5c6ab7/ofl/notosansmyanmar/NotoSansMyanmar%5Bwdth%2Cwght%5D.ttf,https://raw.githubusercontent.com/google/fonts/e1118da94a8cb00cf6d06cdac9ef13eb1e5c6ab7/ofl/notosansmyanmar/OFL.txt,Google Fonts official repository,62
Noto Sans Egyptian Hieroglyphs,sans_serif,notosansegyptianhieroglyphs,ofl,OFL,True,"egyptian-hieroglyphs,latin,latin-ext,menu",NotoSansEgyptianHieroglyphs-Regular.ttf,e1118da94a8cb00cf6d06cdac9ef13eb1e5c6ab7,e5b2b7b3b96c554383fced0bb74a62b69ba81d2c06b92ec650659deeea0210ae,https://raw.githubusercontent.com/google/fonts/e1118da94a8cb00cf6d06cdac9ef13eb1e5c6ab7/ofl/notosansegyptianhieroglyphs/METADATA.pb,https://raw.githubusercontent.com/google/fonts/e1118da94a8cb00cf6d06cdac9ef13eb1e5c6ab7/ofl/notosansegyptianhieroglyphs/NotoSansEgyptianHieroglyphs-Regular.ttf,https://raw.githubusercontent.com/google/fonts/e1118da94a8cb00cf6d06cdac9ef13eb1e5c6ab7/ofl/notosansegyptianhieroglyphs/OFL.txt,Google Fonts official repository,63
Merriweather Sans,sans_serif,merriweathersans,ofl,OFL,True,"cyrillic-ext,latin,latin-ext,menu,vietnamese",MerriweatherSans[wght].ttf,e1118da94a8cb00cf6d06cdac9ef13eb1e5c6ab7,c5839edf3053f455704ffd609aba41c24fe9b94d7f66931783ea1a2989d91204,https://raw.githubusercontent.com/google/fonts/e1118da94a8cb00cf6d06cdac9ef13eb1e5c6ab7/ofl/merriweathersans/METADATA.pb,https://raw.githubusercontent.com/google/fonts/e1118da94a8cb00cf6d06cdac9ef13eb1e5c6ab7/ofl/merriweathersans/MerriweatherSans%5Bwght%5D.ttf,https://raw.githubusercontent.com/google/fonts/e1118da94a8cb00cf6d06cdac9ef13eb1e5c6ab7/ofl/merriweathersans/OFL.txt,Google Fonts official repository,64
Kumbh Sans,sans_serif,kumbhsans,ofl,OFL,True,"latin,latin-ext,math,menu,symbols","KumbhSans[YOPQ,wght].ttf",e1118da94a8cb00cf6d06cdac9ef13eb1e5c6ab7,3ed39c3d3db13d69f6bcb93fe4bed4d2ba57eeabb491e36ea17d3b47544d3fae,https://raw.githubusercontent.com/google/fonts/e1118da94a8cb00cf6d06cdac9ef13eb1e5c6ab7/ofl/kumbhsans/METADATA.pb,https://raw.githubusercontent.com/google/fonts/e1118da94a8cb00cf6d06cdac9ef13eb1e5c6ab7/ofl/kumbhsans/KumbhSans%5BYOPQ%2Cwght%5D.ttf,https://raw.githubusercontent.com/google/fonts/e1118da94a8cb00cf6d06cdac9ef13eb1e5c6ab7/ofl/kumbhsans/OFL.txt,Google Fonts official repository,65
Noto Sans Lao,sans_serif,notosanslao,ofl,OFL,True,"lao,latin,latin-ext,menu","NotoSansLao[wdth,wght].ttf",e1118da94a8cb00cf6d06cdac9ef13eb1e5c6ab7,de9fda6f28025f8eaae452ad1e68a9bbf03a923b2011e8457418afc9de46b0b2,https://raw.githubusercontent.com/google/fonts/e1118da94a8cb00cf6d06cdac9ef13eb1e5c6ab7/ofl/notosanslao/METADATA.pb,https://raw.githubusercontent.com/google/fonts/e1118da94a8cb00cf6d06cdac9ef13eb1e5c6ab7/ofl/notosanslao/NotoSansLao%5Bwdth%2Cwght%5D.ttf,https://raw.githubusercontent.com/google/fonts/e1118da94a8cb00cf6d06cdac9ef13eb1e5c6ab7/ofl/notosanslao/OFL.txt,Google Fonts official repository,66
Krub,sans_serif,krub,ofl,OFL,True,"latin,latin-ext,menu,thai,vietnamese",Krub-Regular.ttf,e1118da94a8cb00cf6d06cdac9ef13eb1e5c6ab7,c98ff3df7182a5cccb3acf24bd9322410e8629d4760c103f60c172699f2ad665,https://raw.githubusercontent.com/google/fonts/e1118da94a8cb00cf6d06cdac9ef13eb1e5c6ab7/ofl/krub/METADATA.pb,https://raw.githubusercontent.com/google/fonts/e1118da94a8cb00cf6d06cdac9ef13eb1e5c6ab7/ofl/krub/Krub-Regular.ttf,https://raw.githubusercontent.com/google/fonts/e1118da94a8cb00cf6d06cdac9ef13eb1e5c6ab7/ofl/krub/OFL.txt,Google Fonts official repository,67
Figtree,sans_serif,figtree,ofl,OFL,True,"latin,latin-ext,menu",Figtree[wght].ttf,e1118da94a8cb00cf6d06cdac9ef13eb1e5c6ab7,0f70233b05de662ffa31a5dc3d310cb4eb047dc3b776046f937219179d79d905,https://raw.githubusercontent.com/google/fonts/e1118da94a8cb00cf6d06cdac9ef13eb1e5c6ab7/ofl/figtree/METADATA.pb,https://raw.githubusercontent.com/google/fonts/e1118da94a8cb00cf6d06cdac9ef13eb1e5c6ab7/ofl/figtree/Figtree%5Bwght%5D.ttf,https://raw.githubusercontent.com/google/fonts/e1118da94a8cb00cf6d06cdac9ef13eb1e5c6ab7/ofl/figtree/OFL.txt,Google Fonts official repository,68
PT Sans Caption,sans_serif,ptsanscaption,ofl,OFL,True,"cyrillic,cyrillic-ext,latin,latin-ext,menu",PT_Sans-Caption-Web-Regular.ttf,e1118da94a8cb00cf6d06cdac9ef13eb1e5c6ab7,1847b3a3fc277f588cfc5189226acca4d90fb02bf3cce4462de4e2b174911247,https://raw.githubusercontent.com/google/fonts/e1118da94a8cb00cf6d06cdac9ef13eb1e5c6ab7/ofl/ptsanscaption/METADATA.pb,https://raw.githubusercontent.com/google/fonts/e1118da94a8cb00cf6d06cdac9ef13eb1e5c6ab7/ofl/ptsanscaption/PT_Sans-Caption-Web-Regular.ttf,https://raw.githubusercontent.com/google/fonts/e1118da94a8cb00cf6d06cdac9ef13eb1e5c6ab7/ofl/ptsanscaption/OFL.txt,Google Fonts official repository,69
Noto Sans Old Turkic,sans_serif,notosansoldturkic,ofl,OFL,True,"latin,latin-ext,menu,old-turkic",NotoSansOldTurkic-Regular.ttf,e1118da94a8cb00cf6d06cdac9ef13eb1e5c6ab7,bb532a767d0f1f1787953f3e4c19ade1c282e16a74544822997cca26b05bb17d,https://raw.githubusercontent.com/google/fonts/e1118da94a8cb00cf6d06cdac9ef13eb1e5c6ab7/ofl/notosansoldturkic/METADATA.pb,https://raw.githubusercontent.com/google/fonts/e1118da94a8cb00cf6d06cdac9ef13eb1e5c6ab7/ofl/notosansoldturkic/NotoSansOldTurkic-Regular.ttf,https://raw.githubusercontent.com/google/fonts/e1118da94a8cb00cf6d06cdac9ef13eb1e5c6ab7/ofl/notosansoldturkic/OFL.txt,Google Fonts official repository,70
Oxanium,display,oxanium,ofl,OFL,True,"latin,latin-ext,menu",Oxanium[wght].ttf,e1118da94a8cb00cf6d06cdac9ef13eb1e5c6ab7,adf6faeb4238003d1d5eb8d15f59c940e145672e3f78bcf82b1802afe9f7c4d2,https://raw.githubusercontent.com/google/fonts/e1118da94a8cb00cf6d06cdac9ef13eb1e5c6ab7/ofl/oxanium/METADATA.pb,https://raw.githubusercontent.com/google/fonts/e1118da94a8cb00cf6d06cdac9ef13eb1e5c6ab7/ofl/oxanium/Oxanium%5Bwght%5D.ttf,https://raw.githubusercontent.com/google/fonts/e1118da94a8cb00cf6d06cdac9ef13eb1e5c6ab7/ofl/oxanium/OFL.txt,Google Fonts official repository,1
Farsan,display,farsan,ofl,OFL,True,"gujarati,latin,latin-ext,menu,vietnamese",Farsan-Regular.ttf,e1118da94a8cb00cf6d06cdac9ef13eb1e5c6ab7,b60c439a6e11dca922de5a00ef3a74b53cc3f313f367f703a9a1ce9f464fdc08,https://raw.githubusercontent.com/google/fonts/e1118da94a8cb00cf6d06cdac9ef13eb1e5c6ab7/ofl/farsan/METADATA.pb,https://raw.githubusercontent.com/google/fonts/e1118da94a8cb00cf6d06cdac9ef13eb1e5c6ab7/ofl/farsan/Farsan-Regular.ttf,https://raw.githubusercontent.com/google/fonts/e1118da94a8cb00cf6d06cdac9ef13eb1e5c6ab7/ofl/farsan/OFL.txt,Google Fonts official repository,2
Rubik Spray Paint,display,rubikspraypaint,ofl,OFL,True,"cyrillic,cyrillic-ext,hebrew,latin,latin-ext,menu",RubikSprayPaint-Regular.ttf,e1118da94a8cb00cf6d06cdac9ef13eb1e5c6ab7,eec8c461fd149d50715e92508d2a11d759d7f9cd4ca1c2a548608446322bd50c,https://raw.githubusercontent.com/google/fonts/e1118da94a8cb00cf6d06cdac9ef13eb1e5c6ab7/ofl/rubikspraypaint/METADATA.pb,https://raw.githubusercontent.com/google/fonts/e1118da94a8cb00cf6d06cdac9ef13eb1e5c6ab7/ofl/rubikspraypaint/RubikSprayPaint-Regular.ttf,https://raw.githubusercontent.com/google/fonts/e1118da94a8cb00cf6d06cdac9ef13eb1e5c6ab7/ofl/rubikspraypaint/OFL.txt,Google Fonts official repository,3
Srisakdi,display,srisakdi,ofl,OFL,True,"latin,latin-ext,menu,thai,vietnamese",Srisakdi-Regular.ttf,e1118da94a8cb00cf6d06cdac9ef13eb1e5c6ab7,8c8cae19499842085b0418470512ae94d3b0ad31f1b78fccc7475c48e851f91d,https://raw.githubusercontent.com/google/fonts/e1118da94a8cb00cf6d06cdac9ef13eb1e5c6ab7/ofl/srisakdi/METADATA.pb,https://raw.githubusercontent.com/google/fonts/e1118da94a8cb00cf6d06cdac9ef13eb1e5c6ab7/ofl/srisakdi/Srisakdi-Regular.ttf,https://raw.githubusercontent.com/google/fonts/e1118da94a8cb00cf6d06cdac9ef13eb1e5c6ab7/ofl/srisakdi/OFL.txt,Google Fonts official repository,4
Rubik 80s Fade,display,rubik80sfade,ofl,OFL,True,"cyrillic,cyrillic-ext,hebrew,latin,latin-ext,menu",Rubik80sFade-Regular.ttf,e1118da94a8cb00cf6d06cdac9ef13eb1e5c6ab7,9bfbe5dcc49635d27a8171e09812179f0ef12fd5ee86db9bb71dba066c65055f,https://raw.githubusercontent.com/google/fonts/e1118da94a8cb00cf6d06cdac9ef13eb1e5c6ab7/ofl/rubik80sfade/METADATA.pb,https://raw.githubusercontent.com/google/fonts/e1118da94a8cb00cf6d06cdac9ef13eb1e5c6ab7/ofl/rubik80sfade/Rubik80sFade-Regular.ttf,https://raw.githubusercontent.com/google/fonts/e1118da94a8cb00cf6d06cdac9ef13eb1e5c6ab7/ofl/rubik80sfade/OFL.txt,Google Fonts official repository,5
Baloo Bhaina 2,display,baloobhaina2,ofl,OFL,True,"latin,latin-ext,menu,oriya,vietnamese",BalooBhaina2[wght].ttf,e1118da94a8cb00cf6d06cdac9ef13eb1e5c6ab7,fea559bca531119443c4ed75c0b4022f0001a1724579d0dbc592b7282be70242,https://raw.githubusercontent.com/google/fonts/e1118da94a8cb00cf6d06cdac9ef13eb1e5c6ab7/ofl/baloobhaina2/METADATA.pb,https://raw.githubusercontent.com/google/fonts/e1118da94a8cb00cf6d06cdac9ef13eb1e5c6ab7/ofl/baloobhaina2/BalooBhaina2%5Bwght%5D.ttf,https://raw.githubusercontent.com/google/fonts/e1118da94a8cb00cf6d06cdac9ef13eb1e5c6ab7/ofl/baloobhaina2/OFL.txt,Google Fonts official repository,6
Blaka,display,blaka,ofl,OFL,True,"arabic,latin,latin-ext,menu",Blaka-Regular.ttf,e1118da94a8cb00cf6d06cdac9ef13eb1e5c6ab7,b6e71f17fc15b24319f2ea49a67ecde3c52d628ceb123002fe859fda58d99ad4,https://raw.githubusercontent.com/google/fonts/e1118da94a8cb00cf6d06cdac9ef13eb1e5c6ab7/ofl/blaka/METADATA.pb,https://raw.githubusercontent.com/google/fonts/e1118da94a8cb00cf6d06cdac9ef13eb1e5c6ab7/ofl/blaka/Blaka-Regular.ttf,https://raw.githubusercontent.com/google/fonts/e1118da94a8cb00cf6d06cdac9ef13eb1e5c6ab7/ofl/blaka/OFL.txt,Google Fonts official repository,7
Rubik Iso,display,rubikiso,ofl,OFL,True,"cyrillic,cyrillic-ext,hebrew,latin,latin-ext,menu",RubikIso-Regular.ttf,e1118da94a8cb00cf6d06cdac9ef13eb1e5c6ab7,cd5166ac38551861ab4f7e19f1ad821f8bfc98f444d825f589b546ca875e456f,https://raw.githubusercontent.com/google/fonts/e1118da94a8cb00cf6d06cdac9ef13eb1e5c6ab7/ofl/rubikiso/METADATA.pb,https://raw.githubusercontent.com/google/fonts/e1118da94a8cb00cf6d06cdac9ef13eb1e5c6ab7/ofl/rubikiso/RubikIso-Regular.ttf,https://raw.githubusercontent.com/google/fonts/e1118da94a8cb00cf6d06cdac9ef13eb1e5c6ab7/ofl/rubikiso/OFL.txt,Google Fonts official repository,8
Bitcount Grid Single Ink,display,bitcountgridsingleink,ofl,OFL,True,"latin,latin-ext,menu","BitcountGridSingleInk[CRSV,ELSH,ELXP,SZP1,SZP2,XPN1,XPN2,YPN1,YPN2,slnt,wght].ttf",e1118da94a8cb00cf6d06cdac9ef13eb1e5c6ab7,46dd9b6729616ebbe5da6c3c1065c21cdef4af64ba1fe7164ef500b92e35f7d4,https://raw.githubusercontent.com/google/fonts/e1118da94a8cb00cf6d06cdac9ef13eb1e5c6ab7/ofl/bitcountgridsingleink/METADATA.pb,https://raw.githubusercontent.com/google/fonts/e1118da94a8cb00cf6d06cdac9ef13eb1e5c6ab7/ofl/bitcountgridsingleink/BitcountGridSingleInk%5BCRSV%2CELSH%2CELXP%2CSZP1%2CSZP2%2CXPN1%2CXPN2%2CYPN1%2CYPN2%2Cslnt%2Cwght%5D.ttf,https://raw.githubusercontent.com/google/fonts/e1118da94a8cb00cf6d06cdac9ef13eb1e5c6ab7/ofl/bitcountgridsingleink/OFL.txt,Google Fonts official repository,9
Simonetta,display,simonetta,ofl,OFL,True,"latin,latin-ext,menu",Simonetta-Regular.ttf,e1118da94a8cb00cf6d06cdac9ef13eb1e5c6ab7,a510d16a04dd4fec9897ecd922fc6c7ee545a330e5d76fdf080669864d082cdf,https://raw.githubusercontent.com/google/fonts/e1118da94a8cb00cf6d06cdac9ef13eb1e5c6ab7/ofl/simonetta/METADATA.pb,https://raw.githubusercontent.com/google/fonts/e1118da94a8cb00cf6d06cdac9ef13eb1e5c6ab7/ofl/simonetta/Simonetta-Regular.ttf,https://raw.githubusercontent.com/google/fonts/e1118da94a8cb00cf6d06cdac9ef13eb1e5c6ab7/ofl/simonetta/OFL.txt,Google Fonts official repository,10
Revalia,display,revalia,ofl,OFL,True,"latin,latin-ext,menu",Revalia-Regular.ttf,e1118da94a8cb00cf6d06cdac9ef13eb1e5c6ab7,dc1555d1cc2d3673cd8cf4cc9a192e2a191c9fd3d05a27ab148aa6fbc51bbf24,https://raw.githubusercontent.com/google/fonts/e1118da94a8cb00cf6d06cdac9ef13eb1e5c6ab7/ofl/revalia/METADATA.pb,https://raw.githubusercontent.com/google/fonts/e1118da94a8cb00cf6d06cdac9ef13eb1e5c6ab7/ofl/revalia/Revalia-Regular.ttf,https://raw.githubusercontent.com/google/fonts/e1118da94a8cb00cf6d06cdac9ef13eb1e5c6ab7/ofl/revalia/OFL.txt,Google Fonts official repository,11
Gorditas,display,gorditas,ofl,OFL,True,"latin,menu",Gorditas-Regular.ttf,e1118da94a8cb00cf6d06cdac9ef13eb1e5c6ab7,3a953981f61ee00620147e344b3be985e0242ef5097d2de1bc926c9c8d25f511,https://raw.githubusercontent.com/google/fonts/e1118da94a8cb00cf6d06cdac9ef13eb1e5c6ab7/ofl/gorditas/METADATA.pb,https://raw.githubusercontent.com/google/fonts/e1118da94a8cb00cf6d06cdac9ef13eb1e5c6ab7/ofl/gorditas/Gorditas-Regular.ttf,https://raw.githubusercontent.com/google/fonts/e1118da94a8cb00cf6d06cdac9ef13eb1e5c6ab7/ofl/gorditas/OFL.txt,Google Fonts official repository,12
Fugaz One,display,fugazone,ofl,OFL,True,"latin,latin-ext,menu",FugazOne-Regular.ttf,e1118da94a8cb00cf6d06cdac9ef13eb1e5c6ab7,ee2059207099fd7477eb1736d0a3602812c10d59c76ca93cb6a34257dec71c5c,https://raw.githubusercontent.com/google/fonts/e1118da94a8cb00cf6d06cdac9ef13eb1e5c6ab7/ofl/fugazone/METADATA.pb,https://raw.githubusercontent.com/google/fonts/e1118da94a8cb00cf6d06cdac9ef13eb1e5c6ab7/ofl/fugazone/FugazOne-Regular.ttf,https://raw.githubusercontent.com/google/fonts/e1118da94a8cb00cf6d06cdac9ef13eb1e5c6ab7/ofl/fugazone/OFL.txt,Google Fonts official repository,13
Blaka Hollow,display,blakahollow,ofl,OFL,True,"arabic,latin,latin-ext,menu",BlakaHollow-Regular.ttf,e1118da94a8cb00cf6d06cdac9ef13eb1e5c6ab7,82e110bd2dd2f2753ad318ed46fe7e6d8c53e3e7bd0fd4da7b5f94d2d67162d8,https://raw.githubusercontent.com/google/fonts/e1118da94a8cb00cf6d06cdac9ef13eb1e5c6ab7/ofl/blakahollow/METADATA.pb,https://raw.githubusercontent.com/google/fonts/e1118da94a8cb00cf6d06cdac9ef13eb1e5c6ab7/ofl/blakahollow/BlakaHollow-Regular.ttf,https://raw.githubusercontent.com/google/fonts/e1118da94a8cb00cf6d06cdac9ef13eb1e5c6ab7/ofl/blakahollow/OFL.txt,Google Fonts official repository,14
Bungee Tint,display,bungeetint,ofl,OFL,True,"latin,latin-ext,menu,vietnamese",BungeeTint-Regular.ttf,e1118da94a8cb00cf6d06cdac9ef13eb1e5c6ab7,82465d2cf3f599d8e7af73c396ce478c4c335611cb1b43a7ff26623092e191f3,https://raw.githubusercontent.com/google/fonts/e1118da94a8cb00cf6d06cdac9ef13eb1e5c6ab7/ofl/bungeetint/METADATA.pb,https://raw.githubusercontent.com/google/fonts/e1118da94a8cb00cf6d06cdac9ef13eb1e5c6ab7/ofl/bungeetint/BungeeTint-Regular.ttf,https://raw.githubusercontent.com/google/fonts/e1118da94a8cb00cf6d06cdac9ef13eb1e5c6ab7/ofl/bungeetint/OFL.txt,Google Fonts official repository,15
Averia Sans Libre,display,averiasanslibre,ofl,OFL,True,"latin,menu",AveriaSansLibre-Regular.ttf,e1118da94a8cb00cf6d06cdac9ef13eb1e5c6ab7,818ea784e7cc8c142802c2f1da97e70f9291221b91fd8d4fdbcefda36cbb1596,https://raw.githubusercontent.com/google/fonts/e1118da94a8cb00cf6d06cdac9ef13eb1e5c6ab7/ofl/averiasanslibre/METADATA.pb,https://raw.githubusercontent.com/google/fonts/e1118da94a8cb00cf6d06cdac9ef13eb1e5c6ab7/ofl/averiasanslibre/AveriaSansLibre-Regular.ttf,https://raw.githubusercontent.com/google/fonts/e1118da94a8cb00cf6d06cdac9ef13eb1e5c6ab7/ofl/averiasanslibre/OFL.txt,Google Fonts official repository,16
Zen Tokyo Zoo,display,zentokyozoo,ofl,OFL,True,"latin,latin-ext,menu",ZenTokyoZoo-Regular.ttf,e1118da94a8cb00cf6d06cdac9ef13eb1e5c6ab7,b6376699b5a56d758b53ab13ac32684d8c645762021e9e724a27fbd2cd3d94d3,https://raw.githubusercontent.com/google/fonts/e1118da94a8cb00cf6d06cdac9ef13eb1e5c6ab7/ofl/zentokyozoo/METADATA.pb,https://raw.githubusercontent.com/google/fonts/e1118da94a8cb00cf6d06cdac9ef13eb1e5c6ab7/ofl/zentokyozoo/ZenTokyoZoo-Regular.ttf,https://raw.githubusercontent.com/google/fonts/e1118da94a8cb00cf6d06cdac9ef13eb1e5c6ab7/ofl/zentokyozoo/OFL.txt,Google Fonts official repository,17
Emilys Candy,display,emilyscandy,ofl,OFL,True,"latin,latin-ext,menu",EmilysCandy-Regular.ttf,e1118da94a8cb00cf6d06cdac9ef13eb1e5c6ab7,4670a6debfd738a611c48a7460bbb0bcc3fd7cf73823bfcd38c4405031d0eb25,https://raw.githubusercontent.com/google/fonts/e1118da94a8cb00cf6d06cdac9ef13eb1e5c6ab7/ofl/emilyscandy/METADATA.pb,https://raw.githubusercontent.com/google/fonts/e1118da94a8cb00cf6d06cdac9ef13eb1e5c6ab7/ofl/emilyscandy/EmilysCandy-Regular.ttf,https://raw.githubusercontent.com/google/fonts/e1118da94a8cb00cf6d06cdac9ef13eb1e5c6ab7/ofl/emilyscandy/OFL.txt,Google Fonts official repository,18
Protest Guerrilla,display,protestguerrilla,ofl,OFL,True,"latin,latin-ext,math,menu,symbols,vietnamese",ProtestGuerrilla-Regular.ttf,e1118da94a8cb00cf6d06cdac9ef13eb1e5c6ab7,927662b385d4fea1f583a6f7b6e3dc99e47fb49c342b5628fb669e053f2a69b2,https://raw.githubusercontent.com/google/fonts/e1118da94a8cb00cf6d06cdac9ef13eb1e5c6ab7/ofl/protestguerrilla/METADATA.pb,https://raw.githubusercontent.com/google/fonts/e1118da94a8cb00cf6d06cdac9ef13eb1e5c6ab7/ofl/protestguerrilla/ProtestGuerrilla-Regular.ttf,https://raw.githubusercontent.com/google/fonts/e1118da94a8cb00cf6d06cdac9ef13eb1e5c6ab7/ofl/protestguerrilla/OFL.txt,Google Fonts official repository,19
Elsie,display,elsie,ofl,OFL,True,"latin,latin-ext,menu",Elsie-Regular.ttf,e1118da94a8cb00cf6d06cdac9ef13eb1e5c6ab7,8f28733a83e6c90ad4c472f7fff21907e84ebaf44de28ee0957bb8d2313fbb4f,https://raw.githubusercontent.com/google/fonts/e1118da94a8cb00cf6d06cdac9ef13eb1e5c6ab7/ofl/elsie/METADATA.pb,https://raw.githubusercontent.com/google/fonts/e1118da94a8cb00cf6d06cdac9ef13eb1e5c6ab7/ofl/elsie/Elsie-Regular.ttf,https://raw.githubusercontent.com/google/fonts/e1118da94a8cb00cf6d06cdac9ef13eb1e5c6ab7/ofl/elsie/OFL.txt,Google Fonts official repository,20
Kablammo,display,kablammo,ofl,OFL,True,"cyrillic,cyrillic-ext,emoji,latin,latin-ext,menu,vietnamese",Kablammo[MORF].ttf,e1118da94a8cb00cf6d06cdac9ef13eb1e5c6ab7,beca8351a3a08b22dd0b0b8b151a8063a5d4fcbecf984226cc477132835c5c4c,https://raw.githubusercontent.com/google/fonts/e1118da94a8cb00cf6d06cdac9ef13eb1e5c6ab7/ofl/kablammo/METADATA.pb,https://raw.githubusercontent.com/google/fonts/e1118da94a8cb00cf6d06cdac9ef13eb1e5c6ab7/ofl/kablammo/Kablammo%5BMORF%5D.ttf,https://raw.githubusercontent.com/google/fonts/e1118da94a8cb00cf6d06cdac9ef13eb1e5c6ab7/ofl/kablammo/OFL.txt,Google Fonts official repository,21
Metal,display,metal,ofl,OFL,True,"khmer,latin,menu",Metal-Regular.ttf,e1118da94a8cb00cf6d06cdac9ef13eb1e5c6ab7,35e68644aad84ee917591a0455318c0c9c2eaa522ca0beefe0d5416e4780c5f2,https://raw.githubusercontent.com/google/fonts/e1118da94a8cb00cf6d06cdac9ef13eb1e5c6ab7/ofl/metal/METADATA.pb,https://raw.githubusercontent.com/google/fonts/e1118da94a8cb00cf6d06cdac9ef13eb1e5c6ab7/ofl/metal/Metal-Regular.ttf,https://raw.githubusercontent.com/google/fonts/e1118da94a8cb00cf6d06cdac9ef13eb1e5c6ab7/ofl/metal/OFL.txt,Google Fonts official repository,22
Syne Tactile,display,synetactile,ofl,OFL,True,"latin,latin-ext,menu",SyneTactile-Regular.ttf,e1118da94a8cb00cf6d06cdac9ef13eb1e5c6ab7,1a5b90021ba326751c5ce393dfdc4d925819d4549c50f631a3641a10557c5958,https://raw.githubusercontent.com/google/fonts/e1118da94a8cb00cf6d06cdac9ef13eb1e5c6ab7/ofl/synetactile/METADATA.pb,https://raw.githubusercontent.com/google/fonts/e1118da94a8cb00cf6d06cdac9ef13eb1e5c6ab7/ofl/synetactile/SyneTactile-Regular.ttf,https://raw.githubusercontent.com/google/fonts/e1118da94a8cb00cf6d06cdac9ef13eb1e5c6ab7/ofl/synetactile/OFL.txt,Google Fonts official repository,23
Chewy,display,chewy,apache,APACHE2,True,"latin,menu",Chewy-Regular.ttf,e1118da94a8cb00cf6d06cdac9ef13eb1e5c6ab7,8ca62d847f739fa84c1793c9a6a37316cd972a75035cafba894620bb6eab0f10,https://raw.githubusercontent.com/google/fonts/e1118da94a8cb00cf6d06cdac9ef13eb1e5c6ab7/apache/chewy/METADATA.pb,https://raw.githubusercontent.com/google/fonts/e1118da94a8cb00cf6d06cdac9ef13eb1e5c6ab7/apache/chewy/Chewy-Regular.ttf,https://raw.githubusercontent.com/google/fonts/e1118da94a8cb00cf6d06cdac9ef13eb1e5c6ab7/apache/chewy/LICENSE.txt,Google Fonts official repository,24
Trochut,display,trochut,ofl,OFL,True,"latin,latin-ext,menu",Trochut-Regular.ttf,e1118da94a8cb00cf6d06cdac9ef13eb1e5c6ab7,a15034cc3e25f9174d443c56a89a4d5351411d2c0497cb669edcfd49ead3e1d2,https://raw.githubusercontent.com/google/fonts/e1118da94a8cb00cf6d06cdac9ef13eb1e5c6ab7/ofl/trochut/METADATA.pb,https://raw.githubusercontent.com/google/fonts/e1118da94a8cb00cf6d06cdac9ef13eb1e5c6ab7/ofl/trochut/Trochut-Regular.ttf,https://raw.githubusercontent.com/google/fonts/e1118da94a8cb00cf6d06cdac9ef13eb1e5c6ab7/ofl/trochut/OFL.txt,Google Fonts official repository,25
Bokor,display,bokor,ofl,OFL,True,"khmer,latin,menu",Bokor-Regular.ttf,e1118da94a8cb00cf6d06cdac9ef13eb1e5c6ab7,0799fd5e422f576d603091637655236f1841e7147c366d1e782d1789d362a447,https://raw.githubusercontent.com/google/fonts/e1118da94a8cb00cf6d06cdac9ef13eb1e5c6ab7/ofl/bokor/METADATA.pb,https://raw.githubusercontent.com/google/fonts/e1118da94a8cb00cf6d06cdac9ef13eb1e5c6ab7/ofl/bokor/Bokor-Regular.ttf,https://raw.githubusercontent.com/google/fonts/e1118da94a8cb00cf6d06cdac9ef13eb1e5c6ab7/ofl/bokor/OFL.txt,Google Fonts official repository,26
Bitcount Ink,display,bitcountink,ofl,OFL,True,"latin,latin-ext,menu","BitcountInk[CRSV,ELSH,ELXP,SZP1,SZP2,XPN1,XPN2,YPN1,YPN2,slnt,wght].ttf",e1118da94a8cb00cf6d06cdac9ef13eb1e5c6ab7,2552afab175f0a3e3e1275f5e724aa9f8e37549836ed027516c08ad719e7ae28,https://raw.githubusercontent.com/google/fonts/e1118da94a8cb00cf6d06cdac9ef13eb1e5c6ab7/ofl/bitcountink/METADATA.pb,https://raw.githubusercontent.com/google/fonts/e1118da94a8cb00cf6d06cdac9ef13eb1e5c6ab7/ofl/bitcountink/BitcountInk%5BCRSV%2CELSH%2CELXP%2CSZP1%2CSZP2%2CXPN1%2CXPN2%2CYPN1%2CYPN2%2Cslnt%2Cwght%5D.ttf,https://raw.githubusercontent.com/google/fonts/e1118da94a8cb00cf6d06cdac9ef13eb1e5c6ab7/ofl/bitcountink/OFL.txt,Google Fonts official repository,27
Black Ops One,display,blackopsone,ofl,OFL,True,"cyrillic-ext,latin,latin-ext,menu,vietnamese",BlackOpsOne-Regular.ttf,e1118da94a8cb00cf6d06cdac9ef13eb1e5c6ab7,6cde1dc35680e6c97102e84b18a5ae87c0970a0d96371246bdc1d58602117395,https://raw.githubusercontent.com/google/fonts/e1118da94a8cb00cf6d06cdac9ef13eb1e5c6ab7/ofl/blackopsone/METADATA.pb,https://raw.githubusercontent.com/google/fonts/e1118da94a8cb00cf6d06cdac9ef13eb1e5c6ab7/ofl/blackopsone/BlackOpsOne-Regular.ttf,https://raw.githubusercontent.com/google/fonts/e1118da94a8cb00cf6d06cdac9ef13eb1e5c6ab7/ofl/blackopsone/OFL.txt,Google Fonts official repository,28
Vina Sans,display,vinasans,ofl,OFL,True,"latin,latin-ext,menu,vietnamese",VinaSans-Regular.ttf,e1118da94a8cb00cf6d06cdac9ef13eb1e5c6ab7,ffd5e46c4bf11f55c58e70d60ddd59f9ce8cce033960026fec82d87861af5f26,https://raw.githubusercontent.com/google/fonts/e1118da94a8cb00cf6d06cdac9ef13eb1e5c6ab7/ofl/vinasans/METADATA.pb,https://raw.githubusercontent.com/google/fonts/e1118da94a8cb00cf6d06cdac9ef13eb1e5c6ab7/ofl/vinasans/VinaSans-Regular.ttf,https://raw.githubusercontent.com/google/fonts/e1118da94a8cb00cf6d06cdac9ef13eb1e5c6ab7/ofl/vinasans/OFL.txt,Google Fonts official repository,29
Poiret One,display,poiretone,ofl,OFL,True,"cyrillic,cyrillic-ext,latin,latin-ext,menu,vietnamese",PoiretOne-Regular.ttf,e1118da94a8cb00cf6d06cdac9ef13eb1e5c6ab7,a919c0fc6226a8120bbf9668024d469a6835e8d0c06fa918a5875acc016de6a6,https://raw.githubusercontent.com/google/fonts/e1118da94a8cb00cf6d06cdac9ef13eb1e5c6ab7/ofl/poiretone/METADATA.pb,https://raw.githubusercontent.com/google/fonts/e1118da94a8cb00cf6d06cdac9ef13eb1e5c6ab7/ofl/poiretone/PoiretOne-Regular.ttf,https://raw.githubusercontent.com/google/fonts/e1118da94a8cb00cf6d06cdac9ef13eb1e5c6ab7/ofl/poiretone/OFL.txt,Google Fonts official repository,30
Dokdo,display,dokdo,ofl,OFL,True,"korean,latin,menu",Dokdo-Regular.ttf,e1118da94a8cb00cf6d06cdac9ef13eb1e5c6ab7,3c59898b3630c9061656965cc745e130406ab8d08db12ee45c25b7c940f8255e,https://raw.githubusercontent.com/google/fonts/e1118da94a8cb00cf6d06cdac9ef13eb1e5c6ab7/ofl/dokdo/METADATA.pb,https://raw.githubusercontent.com/google/fonts/e1118da94a8cb00cf6d06cdac9ef13eb1e5c6ab7/ofl/dokdo/Dokdo-Regular.ttf,https://raw.githubusercontent.com/google/fonts/e1118da94a8cb00cf6d06cdac9ef13eb1e5c6ab7/ofl/dokdo/OFL.txt,Google Fonts official repository,31
Life Savers,display,lifesavers,ofl,OFL,True,"latin,latin-ext,menu",LifeSavers-Regular.ttf,e1118da94a8cb00cf6d06cdac9ef13eb1e5c6ab7,56279d89475e3ba2316439eac6a681edcd008946674ca52fcb8188233b70687f,https://raw.githubusercontent.com/google/fonts/e1118da94a8cb00cf6d06cdac9ef13eb1e5c6ab7/ofl/lifesavers/METADATA.pb,https://raw.githubusercontent.com/google/fonts/e1118da94a8cb00cf6d06cdac9ef13eb1e5c6ab7/ofl/lifesavers/LifeSavers-Regular.ttf,https://raw.githubusercontent.com/google/fonts/e1118da94a8cb00cf6d06cdac9ef13eb1e5c6ab7/ofl/lifesavers/OFL.txt,Google Fonts official repository,32
Warnes,display,warnes,ofl,OFL,True,"latin,latin-ext,menu",Warnes-Regular.ttf,e1118da94a8cb00cf6d06cdac9ef13eb1e5c6ab7,6f429485be98294bf42f83c86254d6fcd280cfa0414bbd71b726c8ceaaff91c3,https://raw.githubusercontent.com/google/fonts/e1118da94a8cb00cf6d06cdac9ef13eb1e5c6ab7/ofl/warnes/METADATA.pb,https://raw.githubusercontent.com/google/fonts/e1118da94a8cb00cf6d06cdac9ef13eb1e5c6ab7/ofl/warnes/Warnes-Regular.ttf,https://raw.githubusercontent.com/google/fonts/e1118da94a8cb00cf6d06cdac9ef13eb1e5c6ab7/ofl/warnes/OFL.txt,Google Fonts official repository,33
Fruktur,display,fruktur,ofl,OFL,True,"cyrillic-ext,latin,latin-ext,menu,vietnamese",Fruktur-Regular.ttf,e1118da94a8cb00cf6d06cdac9ef13eb1e5c6ab7,78b647413ecfe2d1d3248486112f2ffcfaf7e1d398adceb5a03b4813cde3c586,https://raw.githubusercontent.com/google/fonts/e1118da94a8cb00cf6d06cdac9ef13eb1e5c6ab7/ofl/fruktur/METADATA.pb,https://raw.githubusercontent.com/google/fonts/e1118da94a8cb00cf6d06cdac9ef13eb1e5c6ab7/ofl/fruktur/Fruktur-Regular.ttf,https://raw.githubusercontent.com/google/fonts/e1118da94a8cb00cf6d06cdac9ef13eb1e5c6ab7/ofl/fruktur/OFL.txt,Google Fonts official repository,34
Nova Script,display,novascript,ofl,OFL,True,"latin,menu",NovaScript-Regular.ttf,e1118da94a8cb00cf6d06cdac9ef13eb1e5c6ab7,f6f04371428a69f9e82aeddeb45095ce85baa135c0368167d3ce880673b18028,https://raw.githubusercontent.com/google/fonts/e1118da94a8cb00cf6d06cdac9ef13eb1e5c6ab7/ofl/novascript/METADATA.pb,https://raw.githubusercontent.com/google/fonts/e1118da94a8cb00cf6d06cdac9ef13eb1e5c6ab7/ofl/novascript/NovaScript-Regular.ttf,https://raw.githubusercontent.com/google/fonts/e1118da94a8cb00cf6d06cdac9ef13eb1e5c6ab7/ofl/novascript/OFL.txt,Google Fonts official repository,35
Unlock,display,unlock,ofl,OFL,True,"latin,latin-ext,menu",Unlock-Regular.ttf,e1118da94a8cb00cf6d06cdac9ef13eb1e5c6ab7,261550e3c479d173e1524d8f9db55abf7fa7017b6cf03c73bee851ec671a21d6,https://raw.githubusercontent.com/google/fonts/e1118da94a8cb00cf6d06cdac9ef13eb1e5c6ab7/ofl/unlock/METADATA.pb,https://raw.githubusercontent.com/google/fonts/e1118da94a8cb00cf6d06cdac9ef13eb1e5c6ab7/ofl/unlock/Unlock-Regular.ttf,https://raw.githubusercontent.com/google/fonts/e1118da94a8cb00cf6d06cdac9ef13eb1e5c6ab7/ofl/unlock/OFL.txt,Google Fonts official repository,36
UnifrakturCook,display,unifrakturcook,ofl,OFL,True,"latin,menu",UnifrakturCook-Bold.ttf,e1118da94a8cb00cf6d06cdac9ef13eb1e5c6ab7,ade869b802697401d588145bd13c4af8e3d03aaacac8bed126562c84c1b5cc01,https://raw.githubusercontent.com/google/fonts/e1118da94a8cb00cf6d06cdac9ef13eb1e5c6ab7/ofl/unifrakturcook/METADATA.pb,https://raw.githubusercontent.com/google/fonts/e1118da94a8cb00cf6d06cdac9ef13eb1e5c6ab7/ofl/unifrakturcook/UnifrakturCook-Bold.ttf,https://raw.githubusercontent.com/google/fonts/e1118da94a8cb00cf6d06cdac9ef13eb1e5c6ab7/ofl/unifrakturcook/OFL.txt,Google Fonts official repository,37
Big Shoulders,display,bigshoulders,ofl,OFL,True,"latin,latin-ext,menu,vietnamese","BigShoulders[opsz,wght].ttf",e1118da94a8cb00cf6d06cdac9ef13eb1e5c6ab7,8258a529772ed5791dc9929fb0d8dcdeb5ccaaad6043e1e84ce49c85343cf918,https://raw.githubusercontent.com/google/fonts/e1118da94a8cb00cf6d06cdac9ef13eb1e5c6ab7/ofl/bigshoulders/METADATA.pb,https://raw.githubusercontent.com/google/fonts/e1118da94a8cb00cf6d06cdac9ef13eb1e5c6ab7/ofl/bigshoulders/BigShoulders%5Bopsz%2Cwght%5D.ttf,https://raw.githubusercontent.com/google/fonts/e1118da94a8cb00cf6d06cdac9ef13eb1e5c6ab7/ofl/bigshoulders/OFL.txt,Google Fonts official repository,38
Elsie Swash Caps,display,elsieswashcaps,ofl,OFL,True,"latin,latin-ext,menu",ElsieSwashCaps-Regular.ttf,e1118da94a8cb00cf6d06cdac9ef13eb1e5c6ab7,242306d76cea9eae1430ffd30beed70e81f08954a4fdaf026eddcbe6f80b9c46,https://raw.githubusercontent.com/google/fonts/e1118da94a8cb00cf6d06cdac9ef13eb1e5c6ab7/ofl/elsieswashcaps/METADATA.pb,https://raw.githubusercontent.com/google/fonts/e1118da94a8cb00cf6d06cdac9ef13eb1e5c6ab7/ofl/elsieswashcaps/ElsieSwashCaps-Regular.ttf,https://raw.githubusercontent.com/google/fonts/e1118da94a8cb00cf6d06cdac9ef13eb1e5c6ab7/ofl/elsieswashcaps/OFL.txt,Google Fonts official repository,39
Bahianita,display,bahianita,ofl,OFL,True,"latin,latin-ext,menu,vietnamese",Bahianita-Regular.ttf,e1118da94a8cb00cf6d06cdac9ef13eb1e5c6ab7,c40a5854ddc38473cdd3ba640b334b6d9fe5cc75254b262af7e3046d74270e37,https://raw.githubusercontent.com/google/fonts/e1118da94a8cb00cf6d06cdac9ef13eb1e5c6ab7/ofl/bahianita/METADATA.pb,https://raw.githubusercontent.com/google/fonts/e1118da94a8cb00cf6d06cdac9ef13eb1e5c6ab7/ofl/bahianita/Bahianita-Regular.ttf,https://raw.githubusercontent.com/google/fonts/e1118da94a8cb00cf6d06cdac9ef13eb1e5c6ab7/ofl/bahianita/OFL.txt,Google Fonts official repository,40
Big Shoulders Text,display,bigshoulderstext,ofl,OFL,True,"latin,latin-ext,menu,vietnamese",BigShouldersText[wght].ttf,e1118da94a8cb00cf6d06cdac9ef13eb1e5c6ab7,ddff45e12d3ef31caca5254f817133a7d9a8ac04103d26c19c6cc868c213302f,https://raw.githubusercontent.com/google/fonts/e1118da94a8cb00cf6d06cdac9ef13eb1e5c6ab7/ofl/bigshoulderstext/METADATA.pb,https://raw.githubusercontent.com/google/fonts/e1118da94a8cb00cf6d06cdac9ef13eb1e5c6ab7/ofl/bigshoulderstext/BigShouldersText%5Bwght%5D.ttf,https://raw.githubusercontent.com/google/fonts/e1118da94a8cb00cf6d06cdac9ef13eb1e5c6ab7/ofl/bigshoulderstext/OFL.txt,Google Fonts official repository,41
Stardos Stencil,display,stardosstencil,ofl,OFL,True,"latin,menu",StardosStencil-Regular.ttf,e1118da94a8cb00cf6d06cdac9ef13eb1e5c6ab7,09a6f577bb12201c086f94ed6260b0ec14d82c49f58c16fb7ec75ed112beea72,https://raw.githubusercontent.com/google/fonts/e1118da94a8cb00cf6d06cdac9ef13eb1e5c6ab7/ofl/stardosstencil/METADATA.pb,https://raw.githubusercontent.com/google/fonts/e1118da94a8cb00cf6d06cdac9ef13eb1e5c6ab7/ofl/stardosstencil/StardosStencil-Regular.ttf,https://raw.githubusercontent.com/google/fonts/e1118da94a8cb00cf6d06cdac9ef13eb1e5c6ab7/ofl/stardosstencil/OFL.txt,Google Fonts official repository,42
Slackey,display,slackey,apache,APACHE2,True,"latin,menu",Slackey-Regular.ttf,e1118da94a8cb00cf6d06cdac9ef13eb1e5c6ab7,71c37040577d9a5069405fe6e8fcfd9e2eeb2879f65cb1789ec867933d3bfb26,https://raw.githubusercontent.com/google/fonts/e1118da94a8cb00cf6d06cdac9ef13eb1e5c6ab7/apache/slackey/METADATA.pb,https://raw.githubusercontent.com/google/fonts/e1118da94a8cb00cf6d06cdac9ef13eb1e5c6ab7/apache/slackey/Slackey-Regular.ttf,https://raw.githubusercontent.com/google/fonts/e1118da94a8cb00cf6d06cdac9ef13eb1e5c6ab7/apache/slackey/LICENSE.txt,Google Fonts official repository,43
Bitcount Grid Single,display,bitcountgridsingle,ofl,OFL,True,"latin,latin-ext,menu","BitcountGridSingle[CRSV,ELSH,ELXP,slnt,wght].ttf",e1118da94a8cb00cf6d06cdac9ef13eb1e5c6ab7,dbf3ec6b61239b02758065df1abba33c7712c70b153da630fee5885fa7e43969,https://raw.githubusercontent.com/google/fonts/e1118da94a8cb00cf6d06cdac9ef13eb1e5c6ab7/ofl/bitcountgridsingle/METADATA.pb,https://raw.githubusercontent.com/google/fonts/e1118da94a8cb00cf6d06cdac9ef13eb1e5c6ab7/ofl/bitcountgridsingle/BitcountGridSingle%5BCRSV%2CELSH%2CELXP%2Cslnt%2Cwght%5D.ttf,https://raw.githubusercontent.com/google/fonts/e1118da94a8cb00cf6d06cdac9ef13eb1e5c6ab7/ofl/bitcountgridsingle/OFL.txt,Google Fonts official repository,44
Big Shoulders Stencil Text SC,display,bigshouldersstenciltextsc,ofl,OFL,True,"latin,latin-ext,menu,vietnamese",BigShouldersStencilTextSC[wght].ttf,e1118da94a8cb00cf6d06cdac9ef13eb1e5c6ab7,4817a0346050c46f643f8ab5600f6e995adcc18561adea05005aaf7e1969c957,https://raw.githubusercontent.com/google/fonts/e1118da94a8cb00cf6d06cdac9ef13eb1e5c6ab7/ofl/bigshouldersstenciltextsc/METADATA.pb,https://raw.githubusercontent.com/google/fonts/e1118da94a8cb00cf6d06cdac9ef13eb1e5c6ab7/ofl/bigshouldersstenciltextsc/BigShouldersStencilTextSC%5Bwght%5D.ttf,https://raw.githubusercontent.com/google/fonts/e1118da94a8cb00cf6d06cdac9ef13eb1e5c6ab7/ofl/bigshouldersstenciltextsc/OFL.txt,Google Fonts official repository,45
Averia Gruesa Libre,display,averiagruesalibre,ofl,OFL,True,"latin,latin-ext,menu",AveriaGruesaLibre-Regular.ttf,e1118da94a8cb00cf6d06cdac9ef13eb1e5c6ab7,f4ce8d75ad1a8218519b562ff8fab0968308e3316e13664d658199e50e97b97f,https://raw.githubusercontent.com/google/fonts/e1118da94a8cb00cf6d06cdac9ef13eb1e5c6ab7/ofl/averiagruesalibre/METADATA.pb,https://raw.githubusercontent.com/google/fonts/e1118da94a8cb00cf6d06cdac9ef13eb1e5c6ab7/ofl/averiagruesalibre/AveriaGruesaLibre-Regular.ttf,https://raw.githubusercontent.com/google/fonts/e1118da94a8cb00cf6d06cdac9ef13eb1e5c6ab7/ofl/averiagruesalibre/OFL.txt,Google Fonts official repository,46
Titan One,display,titanone,ofl,OFL,True,"latin,latin-ext,menu",TitanOne-Regular.ttf,e1118da94a8cb00cf6d06cdac9ef13eb1e5c6ab7,70fa5c62d261a7f375c265f590312e7d9fdb0cc5894df5d81411e8f3026bec99,https://raw.githubusercontent.com/google/fonts/e1118da94a8cb00cf6d06cdac9ef13eb1e5c6ab7/ofl/titanone/METADATA.pb,https://raw.githubusercontent.com/google/fonts/e1118da94a8cb00cf6d06cdac9ef13eb1e5c6ab7/ofl/titanone/TitanOne-Regular.ttf,https://raw.githubusercontent.com/google/fonts/e1118da94a8cb00cf6d06cdac9ef13eb1e5c6ab7/ofl/titanone/OFL.txt,Google Fonts official repository,47
Bungee,display,bungee,ofl,OFL,True,"latin,latin-ext,menu,vietnamese",Bungee-Regular.ttf,e1118da94a8cb00cf6d06cdac9ef13eb1e5c6ab7,ec1a73318ff76d666c2e3cad5948b6799f4a9ed6d6af59e787f4e5372c291edf,https://raw.githubusercontent.com/google/fonts/e1118da94a8cb00cf6d06cdac9ef13eb1e5c6ab7/ofl/bungee/METADATA.pb,https://raw.githubusercontent.com/google/fonts/e1118da94a8cb00cf6d06cdac9ef13eb1e5c6ab7/ofl/bungee/Bungee-Regular.ttf,https://raw.githubusercontent.com/google/fonts/e1118da94a8cb00cf6d06cdac9ef13eb1e5c6ab7/ofl/bungee/OFL.txt,Google Fonts official repository,48
Nova Cut,display,novacut,ofl,OFL,True,"latin,latin-ext,menu",NovaCut.ttf,e1118da94a8cb00cf6d06cdac9ef13eb1e5c6ab7,33cf308896c00e640b940996e220bb1e22b756c7c402f1957ce2eba3d7d417cc,https://raw.githubusercontent.com/google/fonts/e1118da94a8cb00cf6d06cdac9ef13eb1e5c6ab7/ofl/novacut/METADATA.pb,https://raw.githubusercontent.com/google/fonts/e1118da94a8cb00cf6d06cdac9ef13eb1e5c6ab7/ofl/novacut/NovaCut.ttf,https://raw.githubusercontent.com/google/fonts/e1118da94a8cb00cf6d06cdac9ef13eb1e5c6ab7/ofl/novacut/OFL.txt,Google Fonts official repository,49
Aboreto,display,aboreto,ofl,OFL,True,"latin,latin-ext,menu",Aboreto-Regular.ttf,e1118da94a8cb00cf6d06cdac9ef13eb1e5c6ab7,35ef89bbc70d79d019e550954c70131084453e976059bd2c0f5cf8b53ac03d22,https://raw.githubusercontent.com/google/fonts/e1118da94a8cb00cf6d06cdac9ef13eb1e5c6ab7/ofl/aboreto/METADATA.pb,https://raw.githubusercontent.com/google/fonts/e1118da94a8cb00cf6d06cdac9ef13eb1e5c6ab7/ofl/aboreto/Aboreto-Regular.ttf,https://raw.githubusercontent.com/google/fonts/e1118da94a8cb00cf6d06cdac9ef13eb1e5c6ab7/ofl/aboreto/OFL.txt,Google Fonts official repository,50
Lobster Two,display,lobstertwo,ofl,OFL,True,"latin,menu",LobsterTwo-Regular.ttf,e1118da94a8cb00cf6d06cdac9ef13eb1e5c6ab7,e5efebaff1e83f70ab52443381a6333669c640ecd4a2d28eee0400a37271e16c,https://raw.githubusercontent.com/google/fonts/e1118da94a8cb00cf6d06cdac9ef13eb1e5c6ab7/ofl/lobstertwo/METADATA.pb,https://raw.githubusercontent.com/google/fonts/e1118da94a8cb00cf6d06cdac9ef13eb1e5c6ab7/ofl/lobstertwo/LobsterTwo-Regular.ttf,https://raw.githubusercontent.com/google/fonts/e1118da94a8cb00cf6d06cdac9ef13eb1e5c6ab7/ofl/lobstertwo/OFL.txt,Google Fonts official repository,51
Koulen,display,koulen,ofl,OFL,True,"khmer,latin,menu",Koulen-Regular.ttf,e1118da94a8cb00cf6d06cdac9ef13eb1e5c6ab7,aced403d0518feecd4bce0a364df1f6cee31f861c389c638a586807c5200d4c8,https://raw.githubusercontent.com/google/fonts/e1118da94a8cb00cf6d06cdac9ef13eb1e5c6ab7/ofl/koulen/METADATA.pb,https://raw.githubusercontent.com/google/fonts/e1118da94a8cb00cf6d06cdac9ef13eb1e5c6ab7/ofl/koulen/Koulen-Regular.ttf,https://raw.githubusercontent.com/google/fonts/e1118da94a8cb00cf6d06cdac9ef13eb1e5c6ab7/ofl/koulen/OFL.txt,Google Fonts official repository,52
Jacquarda Bastarda 9 Charted,display,jacquardabastarda9charted,ofl,OFL,True,"latin,latin-ext,math,menu,symbols",JacquardaBastarda9Charted-Regular.ttf,e1118da94a8cb00cf6d06cdac9ef13eb1e5c6ab7,f8552910a7128f2c93679386b65ca5aa19d3490c4696290ceee78751b1783b25,https://raw.githubusercontent.com/google/fonts/e1118da94a8cb00cf6d06cdac9ef13eb1e5c6ab7/ofl/jacquardabastarda9charted/METADATA.pb,https://raw.githubusercontent.com/google/fonts/e1118da94a8cb00cf6d06cdac9ef13eb1e5c6ab7/ofl/jacquardabastarda9charted/JacquardaBastarda9Charted-Regular.ttf,https://raw.githubusercontent.com/google/fonts/e1118da94a8cb00cf6d06cdac9ef13eb1e5c6ab7/ofl/jacquardabastarda9charted/OFL.txt,Google Fonts official repository,53
Libre Barcode 39 Extended Text,display,librebarcode39extendedtext,ofl,OFL,True,"latin,menu",LibreBarcode39ExtendedText-Regular.ttf,e1118da94a8cb00cf6d06cdac9ef13eb1e5c6ab7,32242559728edec4c563e5940fc28f2ba77ca1114928dc82bfcf64bf79bd0c14,https://raw.githubusercontent.com/google/fonts/e1118da94a8cb00cf6d06cdac9ef13eb1e5c6ab7/ofl/librebarcode39extendedtext/METADATA.pb,https://raw.githubusercontent.com/google/fonts/e1118da94a8cb00cf6d06cdac9ef13eb1e5c6ab7/ofl/librebarcode39extendedtext/LibreBarcode39ExtendedText-Regular.ttf,https://raw.githubusercontent.com/google/fonts/e1118da94a8cb00cf6d06cdac9ef13eb1e5c6ab7/ofl/librebarcode39extendedtext/OFL.txt,Google Fonts official repository,54
Keania One,display,keaniaone,ofl,OFL,True,"latin,latin-ext,menu",KeaniaOne-Regular.ttf,e1118da94a8cb00cf6d06cdac9ef13eb1e5c6ab7,eae89cc337c76a67091922bd2454d1ec44f167b26413a0ab78bf113237264612,https://raw.githubusercontent.com/google/fonts/e1118da94a8cb00cf6d06cdac9ef13eb1e5c6ab7/ofl/keaniaone/METADATA.pb,https://raw.githubusercontent.com/google/fonts/e1118da94a8cb00cf6d06cdac9ef13eb1e5c6ab7/ofl/keaniaone/KeaniaOne-Regular.ttf,https://raw.githubusercontent.com/google/fonts/e1118da94a8cb00cf6d06cdac9ef13eb1e5c6ab7/ofl/keaniaone/OFL.txt,Google Fonts official repository,55
Galindo,display,galindo,ofl,OFL,True,"latin,latin-ext,menu",Galindo-Regular.ttf,e1118da94a8cb00cf6d06cdac9ef13eb1e5c6ab7,81e7316d5cff46501b63c624f9371af181c2889e7a4af097d2cd2939eef589de,https://raw.githubusercontent.com/google/fonts/e1118da94a8cb00cf6d06cdac9ef13eb1e5c6ab7/ofl/galindo/METADATA.pb,https://raw.githubusercontent.com/google/fonts/e1118da94a8cb00cf6d06cdac9ef13eb1e5c6ab7/ofl/galindo/Galindo-Regular.ttf,https://raw.githubusercontent.com/google/fonts/e1118da94a8cb00cf6d06cdac9ef13eb1e5c6ab7/ofl/galindo/OFL.txt,Google Fonts official repository,56
Supermercado One,display,supermercadoone,ofl,OFL,True,"latin,menu",SupermercadoOne-Regular.ttf,e1118da94a8cb00cf6d06cdac9ef13eb1e5c6ab7,8a463b4178bbe588cae0d16d48d2ca2673d79dd6c36a7db047cbb3990ee5e300,https://raw.githubusercontent.com/google/fonts/e1118da94a8cb00cf6d06cdac9ef13eb1e5c6ab7/ofl/supermercadoone/METADATA.pb,https://raw.githubusercontent.com/google/fonts/e1118da94a8cb00cf6d06cdac9ef13eb1e5c6ab7/ofl/supermercadoone/SupermercadoOne-Regular.ttf,https://raw.githubusercontent.com/google/fonts/e1118da94a8cb00cf6d06cdac9ef13eb1e5c6ab7/ofl/supermercadoone/OFL.txt,Google Fonts official repository,57
Bowlby One SC,display,bowlbyonesc,ofl,OFL,True,"latin,latin-ext,menu",BowlbyOneSC-Regular.ttf,e1118da94a8cb00cf6d06cdac9ef13eb1e5c6ab7,24788d8e67cff581d75933add0a052463f485f811082caefb7f4ddc5129f904f,https://raw.githubusercontent.com/google/fonts/e1118da94a8cb00cf6d06cdac9ef13eb1e5c6ab7/ofl/bowlbyonesc/METADATA.pb,https://raw.githubusercontent.com/google/fonts/e1118da94a8cb00cf6d06cdac9ef13eb1e5c6ab7/ofl/bowlbyonesc/BowlbyOneSC-Regular.ttf,https://raw.githubusercontent.com/google/fonts/e1118da94a8cb00cf6d06cdac9ef13eb1e5c6ab7/ofl/bowlbyonesc/OFL.txt,Google Fonts official repository,58
Big Shoulders Display SC,display,bigshouldersdisplaysc,ofl,OFL,True,"latin,latin-ext,menu,vietnamese",BigShouldersDisplaySC[wght].ttf,e1118da94a8cb00cf6d06cdac9ef13eb1e5c6ab7,c26bf401611269326de373970f908667279db853041edea717939b40c493cbfa,https://raw.githubusercontent.com/google/fonts/e1118da94a8cb00cf6d06cdac9ef13eb1e5c6ab7/ofl/bigshouldersdisplaysc/METADATA.pb,https://raw.githubusercontent.com/google/fonts/e1118da94a8cb00cf6d06cdac9ef13eb1e5c6ab7/ofl/bigshouldersdisplaysc/BigShouldersDisplaySC%5Bwght%5D.ttf,https://raw.githubusercontent.com/google/fonts/e1118da94a8cb00cf6d06cdac9ef13eb1e5c6ab7/ofl/bigshouldersdisplaysc/OFL.txt,Google Fonts official repository,59
Jacquard 12,display,jacquard12,ofl,OFL,True,"latin,latin-ext,math,menu,symbols",Jacquard12-Regular.ttf,e1118da94a8cb00cf6d06cdac9ef13eb1e5c6ab7,cface164860035d4d64f8037f0bf6f18a6ae1a831946abd7860a880d16919cb6,https://raw.githubusercontent.com/google/fonts/e1118da94a8cb00cf6d06cdac9ef13eb1e5c6ab7/ofl/jacquard12/METADATA.pb,https://raw.githubusercontent.com/google/fonts/e1118da94a8cb00cf6d06cdac9ef13eb1e5c6ab7/ofl/jacquard12/Jacquard12-Regular.ttf,https://raw.githubusercontent.com/google/fonts/e1118da94a8cb00cf6d06cdac9ef13eb1e5c6ab7/ofl/jacquard12/OFL.txt,Google Fonts official repository,60
Saira Stencil,display,sairastencil,ofl,OFL,True,"latin,latin-ext,menu,vietnamese","SairaStencil[wdth,wght].ttf",e1118da94a8cb00cf6d06cdac9ef13eb1e5c6ab7,028ef41b49a64ea029f55595e1d36a81195e4bb5dc64a83e2d1d73b4365cb2b0,https://raw.githubusercontent.com/google/fonts/e1118da94a8cb00cf6d06cdac9ef13eb1e5c6ab7/ofl/sairastencil/METADATA.pb,https://raw.githubusercontent.com/google/fonts/e1118da94a8cb00cf6d06cdac9ef13eb1e5c6ab7/ofl/sairastencil/SairaStencil%5Bwdth%2Cwght%5D.ttf,https://raw.githubusercontent.com/google/fonts/e1118da94a8cb00cf6d06cdac9ef13eb1e5c6ab7/ofl/sairastencil/OFL.txt,Google Fonts official repository,61
Nova Flat,display,novaflat,ofl,OFL,True,"latin,latin-ext,menu",NovaFlat.ttf,e1118da94a8cb00cf6d06cdac9ef13eb1e5c6ab7,76ab48980e172260adc524ba53655811a0deda6e0305c85eadf23a7c4a786eeb,https://raw.githubusercontent.com/google/fonts/e1118da94a8cb00cf6d06cdac9ef13eb1e5c6ab7/ofl/novaflat/METADATA.pb,https://raw.githubusercontent.com/google/fonts/e1118da94a8cb00cf6d06cdac9ef13eb1e5c6ab7/ofl/novaflat/NovaFlat.ttf,https://raw.githubusercontent.com/google/fonts/e1118da94a8cb00cf6d06cdac9ef13eb1e5c6ab7/ofl/novaflat/OFL.txt,Google Fonts official repository,62
Baloo Tammudu 2,display,balootammudu2,ofl,OFL,True,"latin,latin-ext,menu,telugu,vietnamese",BalooTammudu2[wght].ttf,e1118da94a8cb00cf6d06cdac9ef13eb1e5c6ab7,b229daec875241397536fc0a94834a45ee88cfdf9f4452afab06368698072c3c,https://raw.githubusercontent.com/google/fonts/e1118da94a8cb00cf6d06cdac9ef13eb1e5c6ab7/ofl/balootammudu2/METADATA.pb,https://raw.githubusercontent.com/google/fonts/e1118da94a8cb00cf6d06cdac9ef13eb1e5c6ab7/ofl/balootammudu2/BalooTammudu2%5Bwght%5D.ttf,https://raw.githubusercontent.com/google/fonts/e1118da94a8cb00cf6d06cdac9ef13eb1e5c6ab7/ofl/balootammudu2/OFL.txt,Google Fonts official repository,63
Poetsen One,display,poetsenone,ofl,OFL,True,"latin,latin-ext,menu",PoetsenOne-Regular.ttf,e1118da94a8cb00cf6d06cdac9ef13eb1e5c6ab7,755b4ddd4df66c578b15c6c8f6bf63639e0212b4edbe078b4b52e477240d9620,https://raw.githubusercontent.com/google/fonts/e1118da94a8cb00cf6d06cdac9ef13eb1e5c6ab7/ofl/poetsenone/METADATA.pb,https://raw.githubusercontent.com/google/fonts/e1118da94a8cb00cf6d06cdac9ef13eb1e5c6ab7/ofl/poetsenone/PoetsenOne-Regular.ttf,https://raw.githubusercontent.com/google/fonts/e1118da94a8cb00cf6d06cdac9ef13eb1e5c6ab7/ofl/poetsenone/OFL.txt,Google Fonts official repository,64
Nova Slim,display,novaslim,ofl,OFL,True,"latin,latin-ext,menu",NovaSlim.ttf,e1118da94a8cb00cf6d06cdac9ef13eb1e5c6ab7,45a7bade958b439d12e5f20a0aa721d8fd2ac6b73ee9445aa97e30666282da83,https://raw.githubusercontent.com/google/fonts/e1118da94a8cb00cf6d06cdac9ef13eb1e5c6ab7/ofl/novaslim/METADATA.pb,https://raw.githubusercontent.com/google/fonts/e1118da94a8cb00cf6d06cdac9ef13eb1e5c6ab7/ofl/novaslim/NovaSlim.ttf,https://raw.githubusercontent.com/google/fonts/e1118da94a8cb00cf6d06cdac9ef13eb1e5c6ab7/ofl/novaslim/OFL.txt,Google Fonts official repository,65
Big Shoulders Inline Display SC,display,bigshouldersinlinedisplaysc,ofl,OFL,True,"latin,latin-ext,menu,vietnamese",BigShouldersInlineDisplaySC[wght].ttf,e1118da94a8cb00cf6d06cdac9ef13eb1e5c6ab7,36cd7f70fc234e58f08cc5ba80ef066ef20ae12b3d5616e87bde2728d891c501,https://raw.githubusercontent.com/google/fonts/e1118da94a8cb00cf6d06cdac9ef13eb1e5c6ab7/ofl/bigshouldersinlinedisplaysc/METADATA.pb,https://raw.githubusercontent.com/google/fonts/e1118da94a8cb00cf6d06cdac9ef13eb1e5c6ab7/ofl/bigshouldersinlinedisplaysc/BigShouldersInlineDisplaySC%5Bwght%5D.ttf,https://raw.githubusercontent.com/google/fonts/e1118da94a8cb00cf6d06cdac9ef13eb1e5c6ab7/ofl/bigshouldersinlinedisplaysc/OFL.txt,Google Fonts official repository,66
Odibee Sans,display,odibeesans,ofl,OFL,True,"latin,menu",OdibeeSans-Regular.ttf,e1118da94a8cb00cf6d06cdac9ef13eb1e5c6ab7,3c57732d717a3491bcc1f81ec2de47e5618865f4a72fcda2a519f2f00bf11955,https://raw.githubusercontent.com/google/fonts/e1118da94a8cb00cf6d06cdac9ef13eb1e5c6ab7/ofl/odibeesans/METADATA.pb,https://raw.githubusercontent.com/google/fonts/e1118da94a8cb00cf6d06cdac9ef13eb1e5c6ab7/ofl/odibeesans/OdibeeSans-Regular.ttf,https://raw.githubusercontent.com/google/fonts/e1118da94a8cb00cf6d06cdac9ef13eb1e5c6ab7/ofl/odibeesans/OFL.txt,Google Fonts official repository,67
Jacques Francois Shadow,display,jacquesfrancoisshadow,ofl,OFL,True,"latin,menu",JacquesFrancoisShadow-Regular.ttf,e1118da94a8cb00cf6d06cdac9ef13eb1e5c6ab7,98ee870335b62536f7c475b38bd2f046e3886346a1ec2e11fa045afe3c9271fd,https://raw.githubusercontent.com/google/fonts/e1118da94a8cb00cf6d06cdac9ef13eb1e5c6ab7/ofl/jacquesfrancoisshadow/METADATA.pb,https://raw.githubusercontent.com/google/fonts/e1118da94a8cb00cf6d06cdac9ef13eb1e5c6ab7/ofl/jacquesfrancoisshadow/JacquesFrancoisShadow-Regular.ttf,https://raw.githubusercontent.com/google/fonts/e1118da94a8cb00cf6d06cdac9ef13eb1e5c6ab7/ofl/jacquesfrancoisshadow/OFL.txt,Google Fonts official repository,68
Jaini Purva,display,jainipurva,ofl,OFL,True,"devanagari,latin,latin-ext,menu",JainiPurva-Regular.ttf,e1118da94a8cb00cf6d06cdac9ef13eb1e5c6ab7,125876b68e7d6d7678480a8adc36d7029f4f87161ee0c067c206e159010d7a32,https://raw.githubusercontent.com/google/fonts/e1118da94a8cb00cf6d06cdac9ef13eb1e5c6ab7/ofl/jainipurva/METADATA.pb,https://raw.githubusercontent.com/google/fonts/e1118da94a8cb00cf6d06cdac9ef13eb1e5c6ab7/ofl/jainipurva/JainiPurva-Regular.ttf,https://raw.githubusercontent.com/google/fonts/e1118da94a8cb00cf6d06cdac9ef13eb1e5c6ab7/ofl/jainipurva/OFL.txt,Google Fonts official repository,69
Viaoda Libre,display,viaodalibre,ofl,OFL,True,"cyrillic,cyrillic-ext,latin,latin-ext,menu,vietnamese",ViaodaLibre-Regular.ttf,e1118da94a8cb00cf6d06cdac9ef13eb1e5c6ab7,75332f53b9e52b178564543f2a306e12b77805e67c39073e43e6a2e29cffe4d1,https://raw.githubusercontent.com/google/fonts/e1118da94a8cb00cf6d06cdac9ef13eb1e5c6ab7/ofl/viaodalibre/METADATA.pb,https://raw.githubusercontent.com/google/fonts/e1118da94a8cb00cf6d06cdac9ef13eb1e5c6ab7/ofl/viaodalibre/ViaodaLibre-Regular.ttf,https://raw.githubusercontent.com/google/fonts/e1118da94a8cb00cf6d06cdac9ef13eb1e5c6ab7/ofl/viaodalibre/OFL.txt,Google Fonts official repository,70
Bonbon,handwriting,bonbon,ofl,OFL,True,"latin,menu",Bonbon-Regular.ttf,e1118da94a8cb00cf6d06cdac9ef13eb1e5c6ab7,8d17cc0abee6934c15b554ecda363fb0201bd96980b63613a2b400da7ad97089,https://raw.githubusercontent.com/google/fonts/e1118da94a8cb00cf6d06cdac9ef13eb1e5c6ab7/ofl/bonbon/METADATA.pb,https://raw.githubusercontent.com/google/fonts/e1118da94a8cb00cf6d06cdac9ef13eb1e5c6ab7/ofl/bonbon/Bonbon-Regular.ttf,https://raw.githubusercontent.com/google/fonts/e1118da94a8cb00cf6d06cdac9ef13eb1e5c6ab7/ofl/bonbon/OFL.txt,Google Fonts official repository,1
Ingrid Darling,handwriting,ingriddarling,ofl,OFL,True,"latin,latin-ext,menu,vietnamese",IngridDarling-Regular.ttf,e1118da94a8cb00cf6d06cdac9ef13eb1e5c6ab7,e2d5332994e157f63d77f83603bd304780424bad3346b11d4c743d5381db9393,https://raw.githubusercontent.com/google/fonts/e1118da94a8cb00cf6d06cdac9ef13eb1e5c6ab7/ofl/ingriddarling/METADATA.pb,https://raw.githubusercontent.com/google/fonts/e1118da94a8cb00cf6d06cdac9ef13eb1e5c6ab7/ofl/ingriddarling/IngridDarling-Regular.ttf,https://raw.githubusercontent.com/google/fonts/e1118da94a8cb00cf6d06cdac9ef13eb1e5c6ab7/ofl/ingriddarling/OFL.txt,Google Fonts official repository,2
Edu AU VIC WA NT Dots,handwriting,eduauvicwantdots,ofl,OFL,True,"latin,latin-ext,menu",EduAUVICWANTDots[wght].ttf,e1118da94a8cb00cf6d06cdac9ef13eb1e5c6ab7,59b04102607fe6d2cf85faee46e824290b3e2bd0438142f13f688067119b58cc,https://raw.githubusercontent.com/google/fonts/e1118da94a8cb00cf6d06cdac9ef13eb1e5c6ab7/ofl/eduauvicwantdots/METADATA.pb,https://raw.githubusercontent.com/google/fonts/e1118da94a8cb00cf6d06cdac9ef13eb1e5c6ab7/ofl/eduauvicwantdots/EduAUVICWANTDots%5Bwght%5D.ttf,https://raw.githubusercontent.com/google/fonts/e1118da94a8cb00cf6d06cdac9ef13eb1e5c6ab7/ofl/eduauvicwantdots/OFL.txt,Google Fonts official repository,3
Meie Script,handwriting,meiescript,ofl,OFL,True,"latin,latin-ext,menu",MeieScript-Regular.ttf,e1118da94a8cb00cf6d06cdac9ef13eb1e5c6ab7,fcafbe8a23c4fbc67d088bf83d22a8694c4af769014d789eb6a7714385ced153,https://raw.githubusercontent.com/google/fonts/e1118da94a8cb00cf6d06cdac9ef13eb1e5c6ab7/ofl/meiescript/METADATA.pb,https://raw.githubusercontent.com/google/fonts/e1118da94a8cb00cf6d06cdac9ef13eb1e5c6ab7/ofl/meiescript/MeieScript-Regular.ttf,https://raw.githubusercontent.com/google/fonts/e1118da94a8cb00cf6d06cdac9ef13eb1e5c6ab7/ofl/meiescript/OFL.txt,Google Fonts official repository,4
Beth Ellen,handwriting,bethellen,ofl,OFL,True,"latin,menu",BethEllen-Regular.ttf,e1118da94a8cb00cf6d06cdac9ef13eb1e5c6ab7,19964631968a03aebf8f7a45d3dc331ffab9df88d9143560cb7013f76364b310,https://raw.githubusercontent.com/google/fonts/e1118da94a8cb00cf6d06cdac9ef13eb1e5c6ab7/ofl/bethellen/METADATA.pb,https://raw.githubusercontent.com/google/fonts/e1118da94a8cb00cf6d06cdac9ef13eb1e5c6ab7/ofl/bethellen/BethEllen-Regular.ttf,https://raw.githubusercontent.com/google/fonts/e1118da94a8cb00cf6d06cdac9ef13eb1e5c6ab7/ofl/bethellen/OFL.txt,Google Fonts official repository,5
Solitreo,handwriting,solitreo,ofl,OFL,True,"hebrew,latin,latin-ext,menu",Solitreo-Regular.ttf,e1118da94a8cb00cf6d06cdac9ef13eb1e5c6ab7,82177aec4d958af9d44245e70f197ad082d95888370c0a174d03bc2020be317c,https://raw.githubusercontent.com/google/fonts/e1118da94a8cb00cf6d06cdac9ef13eb1e5c6ab7/ofl/solitreo/METADATA.pb,https://raw.githubusercontent.com/google/fonts/e1118da94a8cb00cf6d06cdac9ef13eb1e5c6ab7/ofl/solitreo/Solitreo-Regular.ttf,https://raw.githubusercontent.com/google/fonts/e1118da94a8cb00cf6d06cdac9ef13eb1e5c6ab7/ofl/solitreo/OFL.txt,Google Fonts official repository,6
Kalam,handwriting,kalam,ofl,OFL,True,"devanagari,latin,latin-ext,menu",Kalam-Regular.ttf,e1118da94a8cb00cf6d06cdac9ef13eb1e5c6ab7,03f29affead9650d1e0ec0ab6e4f8c18cc202619fbf95da3883fd015279b2806,https://raw.githubusercontent.com/google/fonts/e1118da94a8cb00cf6d06cdac9ef13eb1e5c6ab7/ofl/kalam/METADATA.pb,https://raw.githubusercontent.com/google/fonts/e1118da94a8cb00cf6d06cdac9ef13eb1e5c6ab7/ofl/kalam/Kalam-Regular.ttf,https://raw.githubusercontent.com/google/fonts/e1118da94a8cb00cf6d06cdac9ef13eb1e5c6ab7/ofl/kalam/OFL.txt,Google Fonts official repository,7
Courgette,handwriting,courgette,ofl,OFL,True,"latin,latin-ext,menu",Courgette-Regular.ttf,e1118da94a8cb00cf6d06cdac9ef13eb1e5c6ab7,db538509acf1fd7d856cc5f363168b90b74cd6c5aaafb06f8f4eae5669ea7e81,https://raw.githubusercontent.com/google/fonts/e1118da94a8cb00cf6d06cdac9ef13eb1e5c6ab7/ofl/courgette/METADATA.pb,https://raw.githubusercontent.com/google/fonts/e1118da94a8cb00cf6d06cdac9ef13eb1e5c6ab7/ofl/courgette/Courgette-Regular.ttf,https://raw.githubusercontent.com/google/fonts/e1118da94a8cb00cf6d06cdac9ef13eb1e5c6ab7/ofl/courgette/OFL.txt,Google Fonts official repository,8
Swanky and Moo Moo,handwriting,swankyandmoomoo,ofl,OFL,True,"latin,menu",SwankyandMooMoo.ttf,e1118da94a8cb00cf6d06cdac9ef13eb1e5c6ab7,0b3ba720b59020d7cf2844a3d54e0175d47b87dc8bc2d029074ed578dd94f20d,https://raw.githubusercontent.com/google/fonts/e1118da94a8cb00cf6d06cdac9ef13eb1e5c6ab7/ofl/swankyandmoomoo/METADATA.pb,https://raw.githubusercontent.com/google/fonts/e1118da94a8cb00cf6d06cdac9ef13eb1e5c6ab7/ofl/swankyandmoomoo/SwankyandMooMoo.ttf,https://raw.githubusercontent.com/google/fonts/e1118da94a8cb00cf6d06cdac9ef13eb1e5c6ab7/ofl/swankyandmoomoo/OFL.txt,Google Fonts official repository,9
Parisienne,handwriting,parisienne,ofl,OFL,True,"latin,latin-ext,menu",Parisienne-Regular.ttf,e1118da94a8cb00cf6d06cdac9ef13eb1e5c6ab7,cfcf96a50c07ca379614a64665067f18916376f3af9f3ac45dd51f6955dd7061,https://raw.githubusercontent.com/google/fonts/e1118da94a8cb00cf6d06cdac9ef13eb1e5c6ab7/ofl/parisienne/METADATA.pb,https://raw.githubusercontent.com/google/fonts/e1118da94a8cb00cf6d06cdac9ef13eb1e5c6ab7/ofl/parisienne/Parisienne-Regular.ttf,https://raw.githubusercontent.com/google/fonts/e1118da94a8cb00cf6d06cdac9ef13eb1e5c6ab7/ofl/parisienne/OFL.txt,Google Fonts official repository,10
Estonia,handwriting,estonia,ofl,OFL,True,"latin,latin-ext,menu,vietnamese",Estonia-Regular.ttf,e1118da94a8cb00cf6d06cdac9ef13eb1e5c6ab7,6d1a0fec3556814ccf11d3b827a1da7315bb0ca73e9d33c959beb3911c14e1d0,https://raw.githubusercontent.com/google/fonts/e1118da94a8cb00cf6d06cdac9ef13eb1e5c6ab7/ofl/estonia/METADATA.pb,https://raw.githubusercontent.com/google/fonts/e1118da94a8cb00cf6d06cdac9ef13eb1e5c6ab7/ofl/estonia/Estonia-Regular.ttf,https://raw.githubusercontent.com/google/fonts/e1118da94a8cb00cf6d06cdac9ef13eb1e5c6ab7/ofl/estonia/OFL.txt,Google Fonts official repository,11
Long Cang,handwriting,longcang,ofl,OFL,True,"chinese-simplified,latin,menu",LongCang-Regular.ttf,e1118da94a8cb00cf6d06cdac9ef13eb1e5c6ab7,c7d6c01a886b37dcef3c1e89796424f34240647fedac0d37108309c02fa8f3a3,https://raw.githubusercontent.com/google/fonts/e1118da94a8cb00cf6d06cdac9ef13eb1e5c6ab7/ofl/longcang/METADATA.pb,https://raw.githubusercontent.com/google/fonts/e1118da94a8cb00cf6d06cdac9ef13eb1e5c6ab7/ofl/longcang/LongCang-Regular.ttf,https://raw.githubusercontent.com/google/fonts/e1118da94a8cb00cf6d06cdac9ef13eb1e5c6ab7/ofl/longcang/OFL.txt,Google Fonts official repository,12
Sue Ellen Francisco,handwriting,sueellenfrancisco,ofl,OFL,True,"latin,menu",SueEllenFrancisco-Regular.ttf,e1118da94a8cb00cf6d06cdac9ef13eb1e5c6ab7,e981b2aa421dd3f82d25ab3cf728162a14f4910ce2e7cc372f5cca7569f2a78c,https://raw.githubusercontent.com/google/fonts/e1118da94a8cb00cf6d06cdac9ef13eb1e5c6ab7/ofl/sueellenfrancisco/METADATA.pb,https://raw.githubusercontent.com/google/fonts/e1118da94a8cb00cf6d06cdac9ef13eb1e5c6ab7/ofl/sueellenfrancisco/SueEllenFrancisco-Regular.ttf,https://raw.githubusercontent.com/google/fonts/e1118da94a8cb00cf6d06cdac9ef13eb1e5c6ab7/ofl/sueellenfrancisco/OFL.txt,Google Fonts official repository,13
Mr Bedfort,handwriting,mrbedfort,ofl,OFL,True,"latin,latin-ext,menu",MrBedfort-Regular.ttf,e1118da94a8cb00cf6d06cdac9ef13eb1e5c6ab7,af2780eff138f2399e8b2856fe2f47f153c12b332c004aedcf4d68ea8572047a,https://raw.githubusercontent.com/google/fonts/e1118da94a8cb00cf6d06cdac9ef13eb1e5c6ab7/ofl/mrbedfort/METADATA.pb,https://raw.githubusercontent.com/google/fonts/e1118da94a8cb00cf6d06cdac9ef13eb1e5c6ab7/ofl/mrbedfort/MrBedfort-Regular.ttf,https://raw.githubusercontent.com/google/fonts/e1118da94a8cb00cf6d06cdac9ef13eb1e5c6ab7/ofl/mrbedfort/OFL.txt,Google Fonts official repository,14
Princess Sofia,handwriting,princesssofia,ofl,OFL,True,"latin,latin-ext,menu",PrincessSofia-Regular.ttf,e1118da94a8cb00cf6d06cdac9ef13eb1e5c6ab7,7e43303c6698620c89b4ea488e15d382f15fe082f8a9d5e0da4b364bd21c782d,https://raw.githubusercontent.com/google/fonts/e1118da94a8cb00cf6d06cdac9ef13eb1e5c6ab7/ofl/princesssofia/METADATA.pb,https://raw.githubusercontent.com/google/fonts/e1118da94a8cb00cf6d06cdac9ef13eb1e5c6ab7/ofl/princesssofia/PrincessSofia-Regular.ttf,https://raw.githubusercontent.com/google/fonts/e1118da94a8cb00cf6d06cdac9ef13eb1e5c6ab7/ofl/princesssofia/OFL.txt,Google Fonts official repository,15
Julee,handwriting,julee,ofl,OFL,True,"latin,latin-ext,menu",Julee-Regular.ttf,e1118da94a8cb00cf6d06cdac9ef13eb1e5c6ab7,9f42e4f294f0a4e2df7c00e45e398d0250c2d8cbe1d68d08390e776b3041338d,https://raw.githubusercontent.com/google/fonts/e1118da94a8cb00cf6d06cdac9ef13eb1e5c6ab7/ofl/julee/METADATA.pb,https://raw.githubusercontent.com/google/fonts/e1118da94a8cb00cf6d06cdac9ef13eb1e5c6ab7/ofl/julee/Julee-Regular.ttf,https://raw.githubusercontent.com/google/fonts/e1118da94a8cb00cf6d06cdac9ef13eb1e5c6ab7/ofl/julee/OFL.txt,Google Fonts official repository,16
Patrick Hand,handwriting,patrickhand,ofl,OFL,True,"latin,latin-ext,menu,vietnamese",PatrickHand-Regular.ttf,e1118da94a8cb00cf6d06cdac9ef13eb1e5c6ab7,13d8571de4dcba8a43f5485385a7d157f85585f2ffdbdc5a88aa3e7e5db4b08d,https://raw.githubusercontent.com/google/fonts/e1118da94a8cb00cf6d06cdac9ef13eb1e5c6ab7/ofl/patrickhand/METADATA.pb,https://raw.githubusercontent.com/google/fonts/e1118da94a8cb00cf6d06cdac9ef13eb1e5c6ab7/ofl/patrickhand/PatrickHand-Regular.ttf,https://raw.githubusercontent.com/google/fonts/e1118da94a8cb00cf6d06cdac9ef13eb1e5c6ab7/ofl/patrickhand/OFL.txt,Google Fonts official repository,17
Tapestry,handwriting,tapestry,ofl,OFL,True,"latin,latin-ext,menu,vietnamese",Tapestry-Regular.ttf,e1118da94a8cb00cf6d06cdac9ef13eb1e5c6ab7,c2be5836d6c6f65262e12abef89e2f8c99aab579ad944d94a4e47bc3d1eb1d14,https://raw.githubusercontent.com/google/fonts/e1118da94a8cb00cf6d06cdac9ef13eb1e5c6ab7/ofl/tapestry/METADATA.pb,https://raw.githubusercontent.com/google/fonts/e1118da94a8cb00cf6d06cdac9ef13eb1e5c6ab7/ofl/tapestry/Tapestry-Regular.ttf,https://raw.githubusercontent.com/google/fonts/e1118da94a8cb00cf6d06cdac9ef13eb1e5c6ab7/ofl/tapestry/OFL.txt,Google Fonts official repository,18
Redressed,handwriting,redressed,apache,APACHE2,True,"latin,menu",Redressed-Regular.ttf,e1118da94a8cb00cf6d06cdac9ef13eb1e5c6ab7,44f960f446755168a8c149aedbdbb1a00bc023ef63fd66c4218cee93c5583899,https://raw.githubusercontent.com/google/fonts/e1118da94a8cb00cf6d06cdac9ef13eb1e5c6ab7/apache/redressed/METADATA.pb,https://raw.githubusercontent.com/google/fonts/e1118da94a8cb00cf6d06cdac9ef13eb1e5c6ab7/apache/redressed/Redressed-Regular.ttf,https://raw.githubusercontent.com/google/fonts/e1118da94a8cb00cf6d06cdac9ef13eb1e5c6ab7/apache/redressed/LICENSE.txt,Google Fonts official repository,19
Ruge Boogie,handwriting,rugeboogie,ofl,OFL,True,"latin,latin-ext,menu,vietnamese",RugeBoogie-Regular.ttf,e1118da94a8cb00cf6d06cdac9ef13eb1e5c6ab7,6494e9a9b4a3bdea7235bf5cf1e5892bdc1794895d4bb7e2dd27ad4a9b0630a6,https://raw.githubusercontent.com/google/fonts/e1118da94a8cb00cf6d06cdac9ef13eb1e5c6ab7/ofl/rugeboogie/METADATA.pb,https://raw.githubusercontent.com/google/fonts/e1118da94a8cb00cf6d06cdac9ef13eb1e5c6ab7/ofl/rugeboogie/RugeBoogie-Regular.ttf,https://raw.githubusercontent.com/google/fonts/e1118da94a8cb00cf6d06cdac9ef13eb1e5c6ab7/ofl/rugeboogie/OFL.txt,Google Fonts official repository,20
Dawning of a New Day,handwriting,dawningofanewday,ofl,OFL,True,"latin,menu",DawningofaNewDay.ttf,e1118da94a8cb00cf6d06cdac9ef13eb1e5c6ab7,18c0e9f66791a4af0ea70a1a8e009684f52534d1fb86dce7605ba231f2f39671,https://raw.githubusercontent.com/google/fonts/e1118da94a8cb00cf6d06cdac9ef13eb1e5c6ab7/ofl/dawningofanewday/METADATA.pb,https://raw.githubusercontent.com/google/fonts/e1118da94a8cb00cf6d06cdac9ef13eb1e5c6ab7/ofl/dawningofanewday/DawningofaNewDay.ttf,https://raw.githubusercontent.com/google/fonts/e1118da94a8cb00cf6d06cdac9ef13eb1e5c6ab7/ofl/dawningofanewday/OFL.txt,Google Fonts official repository,21
Aguafina Script,handwriting,aguafinascript,ofl,OFL,True,"latin,latin-ext,menu",AguafinaScript-Regular.ttf,e1118da94a8cb00cf6d06cdac9ef13eb1e5c6ab7,ae68bcb3255d912412042b9bd5064fd58ab48bbcbbc74274fee8d7dac2a3a34c,https://raw.githubusercontent.com/google/fonts/e1118da94a8cb00cf6d06cdac9ef13eb1e5c6ab7/ofl/aguafinascript/METADATA.pb,https://raw.githubusercontent.com/google/fonts/e1118da94a8cb00cf6d06cdac9ef13eb1e5c6ab7/ofl/aguafinascript/AguafinaScript-Regular.ttf,https://raw.githubusercontent.com/google/fonts/e1118da94a8cb00cf6d06cdac9ef13eb1e5c6ab7/ofl/aguafinascript/OFL.txt,Google Fonts official repository,22
Butterfly Kids,handwriting,butterflykids,ofl,OFL,True,"latin,latin-ext,menu",ButterflyKids-Regular.ttf,e1118da94a8cb00cf6d06cdac9ef13eb1e5c6ab7,1070e6d0b26c8313aa47a034bec33fd1cffaf72c082f02dbd5e67a6c5924d5fb,https://raw.githubusercontent.com/google/fonts/e1118da94a8cb00cf6d06cdac9ef13eb1e5c6ab7/ofl/butterflykids/METADATA.pb,https://raw.githubusercontent.com/google/fonts/e1118da94a8cb00cf6d06cdac9ef13eb1e5c6ab7/ofl/butterflykids/ButterflyKids-Regular.ttf,https://raw.githubusercontent.com/google/fonts/e1118da94a8cb00cf6d06cdac9ef13eb1e5c6ab7/ofl/butterflykids/OFL.txt,Google Fonts official repository,23
Iansui,handwriting,iansui,ofl,OFL,True,"chinese-traditional,latin,latin-ext,menu,symbols2",Iansui-Regular.ttf,e1118da94a8cb00cf6d06cdac9ef13eb1e5c6ab7,95a93ab2397e327861187d34dc05c96fdc3e678c1191814aef5c96ae2133846d,https://raw.githubusercontent.com/google/fonts/e1118da94a8cb00cf6d06cdac9ef13eb1e5c6ab7/ofl/iansui/METADATA.pb,https://raw.githubusercontent.com/google/fonts/e1118da94a8cb00cf6d06cdac9ef13eb1e5c6ab7/ofl/iansui/Iansui-Regular.ttf,https://raw.githubusercontent.com/google/fonts/e1118da94a8cb00cf6d06cdac9ef13eb1e5c6ab7/ofl/iansui/OFL.txt,Google Fonts official repository,24
Bilbo,handwriting,bilbo,ofl,OFL,True,"latin,latin-ext,menu,vietnamese",Bilbo-Regular.ttf,e1118da94a8cb00cf6d06cdac9ef13eb1e5c6ab7,c1c9b3932d101661c87e8ac6b7eac5ae9c7943c05ecd4cb0e597a2ab34d5f654,https://raw.githubusercontent.com/google/fonts/e1118da94a8cb00cf6d06cdac9ef13eb1e5c6ab7/ofl/bilbo/METADATA.pb,https://raw.githubusercontent.com/google/fonts/e1118da94a8cb00cf6d06cdac9ef13eb1e5c6ab7/ofl/bilbo/Bilbo-Regular.ttf,https://raw.githubusercontent.com/google/fonts/e1118da94a8cb00cf6d06cdac9ef13eb1e5c6ab7/ofl/bilbo/OFL.txt,Google Fonts official repository,25
Playpen Sans Thai,handwriting,playpensansthai,ofl,OFL,True,"emoji,latin,latin-ext,math,menu,thai",PlaypenSansThai[wght].ttf,e1118da94a8cb00cf6d06cdac9ef13eb1e5c6ab7,ec607db80a79615b3f92fca9763678fce48eef3c24f86e9b8bcb396322ef206a,https://raw.githubusercontent.com/google/fonts/e1118da94a8cb00cf6d06cdac9ef13eb1e5c6ab7/ofl/playpensansthai/METADATA.pb,https://raw.githubusercontent.com/google/fonts/e1118da94a8cb00cf6d06cdac9ef13eb1e5c6ab7/ofl/playpensansthai/PlaypenSansThai%5Bwght%5D.ttf,https://raw.githubusercontent.com/google/fonts/e1118da94a8cb00cf6d06cdac9ef13eb1e5c6ab7/ofl/playpensansthai/OFL.txt,Google Fonts official repository,26
Tangerine,handwriting,tangerine,ofl,OFL,True,"latin,menu",Tangerine-Regular.ttf,e1118da94a8cb00cf6d06cdac9ef13eb1e5c6ab7,109d638404885e6711be6fa3f01daff1fd777b1d1ac0ebcf5383fbb2f4028dc1,https://raw.githubusercontent.com/google/fonts/e1118da94a8cb00cf6d06cdac9ef13eb1e5c6ab7/ofl/tangerine/METADATA.pb,https://raw.githubusercontent.com/google/fonts/e1118da94a8cb00cf6d06cdac9ef13eb1e5c6ab7/ofl/tangerine/Tangerine-Regular.ttf,https://raw.githubusercontent.com/google/fonts/e1118da94a8cb00cf6d06cdac9ef13eb1e5c6ab7/ofl/tangerine/OFL.txt,Google Fonts official repository,27
Permanent Marker,handwriting,permanentmarker,apache,APACHE2,True,"latin,menu",PermanentMarker-Regular.ttf,e1118da94a8cb00cf6d06cdac9ef13eb1e5c6ab7,b599556f98f06e259fa85f6a774e036aa9eac3b8db6dc74f9288bf377b0f416e,https://raw.githubusercontent.com/google/fonts/e1118da94a8cb00cf6d06cdac9ef13eb1e5c6ab7/apache/permanentmarker/METADATA.pb,https://raw.githubusercontent.com/google/fonts/e1118da94a8cb00cf6d06cdac9ef13eb1e5c6ab7/apache/permanentmarker/PermanentMarker-Regular.ttf,https://raw.githubusercontent.com/google/fonts/e1118da94a8cb00cf6d06cdac9ef13eb1e5c6ab7/apache/permanentmarker/LICENSE.txt,Google Fonts official repository,28
Montez,handwriting,montez,apache,APACHE2,True,"latin,menu",Montez-Regular.ttf,e1118da94a8cb00cf6d06cdac9ef13eb1e5c6ab7,a844d4c4ac3616b78309a78283e34419e4f3e666cfd34d6bf6495f4d7e3f3a0c,https://raw.githubusercontent.com/google/fonts/e1118da94a8cb00cf6d06cdac9ef13eb1e5c6ab7/apache/montez/METADATA.pb,https://raw.githubusercontent.com/google/fonts/e1118da94a8cb00cf6d06cdac9ef13eb1e5c6ab7/apache/montez/Montez-Regular.ttf,https://raw.githubusercontent.com/google/fonts/e1118da94a8cb00cf6d06cdac9ef13eb1e5c6ab7/apache/montez/LICENSE.txt,Google Fonts official repository,29
Edu AU VIC WA NT Guides,handwriting,eduauvicwantguides,ofl,OFL,True,"latin,latin-ext,menu",EduAUVICWANTGuides[wght].ttf,e1118da94a8cb00cf6d06cdac9ef13eb1e5c6ab7,4e7b6899db887c79c0fb802ded19153c0bea32a4a2ad49c9e544f2e709582b88,https://raw.githubusercontent.com/google/fonts/e1118da94a8cb00cf6d06cdac9ef13eb1e5c6ab7/ofl/eduauvicwantguides/METADATA.pb,https://raw.githubusercontent.com/google/fonts/e1118da94a8cb00cf6d06cdac9ef13eb1e5c6ab7/ofl/eduauvicwantguides/EduAUVICWANTGuides%5Bwght%5D.ttf,https://raw.githubusercontent.com/google/fonts/e1118da94a8cb00cf6d06cdac9ef13eb1e5c6ab7/ofl/eduauvicwantguides/OFL.txt,Google Fonts official repository,30
Rock Salt,handwriting,rocksalt,apache,APACHE2,True,"latin,menu",RockSalt-Regular.ttf,e1118da94a8cb00cf6d06cdac9ef13eb1e5c6ab7,1e0efee732a1f836182980a0d58f3965adc38282d83986695509becf9a526d18,https://raw.githubusercontent.com/google/fonts/e1118da94a8cb00cf6d06cdac9ef13eb1e5c6ab7/apache/rocksalt/METADATA.pb,https://raw.githubusercontent.com/google/fonts/e1118da94a8cb00cf6d06cdac9ef13eb1e5c6ab7/apache/rocksalt/RockSalt-Regular.ttf,https://raw.githubusercontent.com/google/fonts/e1118da94a8cb00cf6d06cdac9ef13eb1e5c6ab7/apache/rocksalt/LICENSE.txt,Google Fonts official repository,31
Kolker Brush,handwriting,kolkerbrush,ofl,OFL,True,"latin,latin-ext,menu,vietnamese",KolkerBrush-Regular.ttf,e1118da94a8cb00cf6d06cdac9ef13eb1e5c6ab7,8a4e8309094561762a791614645033a17549fe386e8e954ede62e163f644d833,https://raw.githubusercontent.com/google/fonts/e1118da94a8cb00cf6d06cdac9ef13eb1e5c6ab7/ofl/kolkerbrush/METADATA.pb,https://raw.githubusercontent.com/google/fonts/e1118da94a8cb00cf6d06cdac9ef13eb1e5c6ab7/ofl/kolkerbrush/KolkerBrush-Regular.ttf,https://raw.githubusercontent.com/google/fonts/e1118da94a8cb00cf6d06cdac9ef13eb1e5c6ab7/ofl/kolkerbrush/OFL.txt,Google Fonts official repository,32
Betania Patmos In,handwriting,betaniapatmosin,ofl,OFL,True,"latin,latin-ext,menu",BetaniaPatmosIn-Regular.ttf,e1118da94a8cb00cf6d06cdac9ef13eb1e5c6ab7,9c6dd3cabb8ab5e0f57f6847926739ff475b92a7c8aa2f8661505c82f231e3f4,https://raw.githubusercontent.com/google/fonts/e1118da94a8cb00cf6d06cdac9ef13eb1e5c6ab7/ofl/betaniapatmosin/METADATA.pb,https://raw.githubusercontent.com/google/fonts/e1118da94a8cb00cf6d06cdac9ef13eb1e5c6ab7/ofl/betaniapatmosin/BetaniaPatmosIn-Regular.ttf,https://raw.githubusercontent.com/google/fonts/e1118da94a8cb00cf6d06cdac9ef13eb1e5c6ab7/ofl/betaniapatmosin/OFL.txt,Google Fonts official repository,33
Grand Hotel,handwriting,grandhotel,ofl,OFL,True,"latin,latin-ext,menu",GrandHotel-Regular.ttf,e1118da94a8cb00cf6d06cdac9ef13eb1e5c6ab7,f5b9365581a1061af4230ec879395ee5c4299151e6d2a2575bbafead9d4186a1,https://raw.githubusercontent.com/google/fonts/e1118da94a8cb00cf6d06cdac9ef13eb1e5c6ab7/ofl/grandhotel/METADATA.pb,https://raw.githubusercontent.com/google/fonts/e1118da94a8cb00cf6d06cdac9ef13eb1e5c6ab7/ofl/grandhotel/GrandHotel-Regular.ttf,https://raw.githubusercontent.com/google/fonts/e1118da94a8cb00cf6d06cdac9ef13eb1e5c6ab7/ofl/grandhotel/OFL.txt,Google Fonts official repository,34
Explora,handwriting,explora,ofl,OFL,True,"cherokee,latin,latin-ext,menu,vietnamese",Explora-Regular.ttf,e1118da94a8cb00cf6d06cdac9ef13eb1e5c6ab7,f2343fc221f67edf044bcda4c94e0c420039a7abdb803d3e6399d325ba58e3ec,https://raw.githubusercontent.com/google/fonts/e1118da94a8cb00cf6d06cdac9ef13eb1e5c6ab7/ofl/explora/METADATA.pb,https://raw.githubusercontent.com/google/fonts/e1118da94a8cb00cf6d06cdac9ef13eb1e5c6ab7/ofl/explora/Explora-Regular.ttf,https://raw.githubusercontent.com/google/fonts/e1118da94a8cb00cf6d06cdac9ef13eb1e5c6ab7/ofl/explora/OFL.txt,Google Fonts official repository,35
Yuji Hentaigana Akebono,handwriting,yujihentaiganaakebono,ofl,OFL,True,"japanese,latin,latin-ext,menu",YujiHentaiganaAkebono-Regular.ttf,e1118da94a8cb00cf6d06cdac9ef13eb1e5c6ab7,b262f4f7f73e4e539add8ad30679bca855563de6dc515fb56af1731f8ca161ec,https://raw.githubusercontent.com/google/fonts/e1118da94a8cb00cf6d06cdac9ef13eb1e5c6ab7/ofl/yujihentaiganaakebono/METADATA.pb,https://raw.githubusercontent.com/google/fonts/e1118da94a8cb00cf6d06cdac9ef13eb1e5c6ab7/ofl/yujihentaiganaakebono/YujiHentaiganaAkebono-Regular.ttf,https://raw.githubusercontent.com/google/fonts/e1118da94a8cb00cf6d06cdac9ef13eb1e5c6ab7/ofl/yujihentaiganaakebono/OFL.txt,Google Fonts official repository,36
Cookie,handwriting,cookie,ofl,OFL,True,"latin,latin-ext,menu",Cookie-Regular.ttf,e1118da94a8cb00cf6d06cdac9ef13eb1e5c6ab7,aa4bc23ed0fe5bb0603cfa2ca9f798b91a0bde3333049ad58b502bf087214d29,https://raw.githubusercontent.com/google/fonts/e1118da94a8cb00cf6d06cdac9ef13eb1e5c6ab7/ofl/cookie/METADATA.pb,https://raw.githubusercontent.com/google/fonts/e1118da94a8cb00cf6d06cdac9ef13eb1e5c6ab7/ofl/cookie/Cookie-Regular.ttf,https://raw.githubusercontent.com/google/fonts/e1118da94a8cb00cf6d06cdac9ef13eb1e5c6ab7/ofl/cookie/OFL.txt,Google Fonts official repository,37
Caramel,handwriting,caramel,ofl,OFL,True,"latin,latin-ext,menu,vietnamese",Caramel-Regular.ttf,e1118da94a8cb00cf6d06cdac9ef13eb1e5c6ab7,5f4670ce9b509cfe35b8a876a4f8234b7cf99e2a6ee25610045f8a52c2a7c50b,https://raw.githubusercontent.com/google/fonts/e1118da94a8cb00cf6d06cdac9ef13eb1e5c6ab7/ofl/caramel/METADATA.pb,https://raw.githubusercontent.com/google/fonts/e1118da94a8cb00cf6d06cdac9ef13eb1e5c6ab7/ofl/caramel/Caramel-Regular.ttf,https://raw.githubusercontent.com/google/fonts/e1118da94a8cb00cf6d06cdac9ef13eb1e5c6ab7/ofl/caramel/OFL.txt,Google Fonts official repository,38
Gamja Flower,handwriting,gamjaflower,ofl,OFL,True,"korean,latin,menu",GamjaFlower-Regular.ttf,e1118da94a8cb00cf6d06cdac9ef13eb1e5c6ab7,73f9a93e6e8504cca6054f5a1737349728fce70aa7434add181b750fa79c616c,https://raw.githubusercontent.com/google/fonts/e1118da94a8cb00cf6d06cdac9ef13eb1e5c6ab7/ofl/gamjaflower/METADATA.pb,https://raw.githubusercontent.com/google/fonts/e1118da94a8cb00cf6d06cdac9ef13eb1e5c6ab7/ofl/gamjaflower/GamjaFlower-Regular.ttf,https://raw.githubusercontent.com/google/fonts/e1118da94a8cb00cf6d06cdac9ef13eb1e5c6ab7/ofl/gamjaflower/OFL.txt,Google Fonts official repository,39
Cause,handwriting,cause,ofl,OFL,True,"latin,latin-ext,menu",Cause[wght].ttf,e1118da94a8cb00cf6d06cdac9ef13eb1e5c6ab7,0e219fda39e2c1f48cebec8783a2d2bf891b6e6a439c29b31d039bbd5d9d1913,https://raw.githubusercontent.com/google/fonts/e1118da94a8cb00cf6d06cdac9ef13eb1e5c6ab7/ofl/cause/METADATA.pb,https://raw.githubusercontent.com/google/fonts/e1118da94a8cb00cf6d06cdac9ef13eb1e5c6ab7/ofl/cause/Cause%5Bwght%5D.ttf,https://raw.githubusercontent.com/google/fonts/e1118da94a8cb00cf6d06cdac9ef13eb1e5c6ab7/ofl/cause/OFL.txt,Google Fonts official repository,40
Mynerve,handwriting,mynerve,ofl,OFL,True,"greek,latin,latin-ext,menu,vietnamese",Mynerve-Regular.ttf,e1118da94a8cb00cf6d06cdac9ef13eb1e5c6ab7,aece7f731fe5ae54a15c91e8aeb27b977853c1ee030bbb59287b48dabee1263b,https://raw.githubusercontent.com/google/fonts/e1118da94a8cb00cf6d06cdac9ef13eb1e5c6ab7/ofl/mynerve/METADATA.pb,https://raw.githubusercontent.com/google/fonts/e1118da94a8cb00cf6d06cdac9ef13eb1e5c6ab7/ofl/mynerve/Mynerve-Regular.ttf,https://raw.githubusercontent.com/google/fonts/e1118da94a8cb00cf6d06cdac9ef13eb1e5c6ab7/ofl/mynerve/OFL.txt,Google Fonts official repository,41
Delius,handwriting,delius,ofl,OFL,True,"latin,menu",Delius-Regular.ttf,e1118da94a8cb00cf6d06cdac9ef13eb1e5c6ab7,7640fde0cf30014c8ad0be80e21b713903e23b214725d805112f9a9a01bc0281,https://raw.githubusercontent.com/google/fonts/e1118da94a8cb00cf6d06cdac9ef13eb1e5c6ab7/ofl/delius/METADATA.pb,https://raw.githubusercontent.com/google/fonts/e1118da94a8cb00cf6d06cdac9ef13eb1e5c6ab7/ofl/delius/Delius-Regular.ttf,https://raw.githubusercontent.com/google/fonts/e1118da94a8cb00cf6d06cdac9ef13eb1e5c6ab7/ofl/delius/OFL.txt,Google Fonts official repository,42
Fuggles,handwriting,fuggles,ofl,OFL,True,"latin,latin-ext,menu,vietnamese",Fuggles-Regular.ttf,e1118da94a8cb00cf6d06cdac9ef13eb1e5c6ab7,976ff5177315de0660fc56c28fb5c4a4edd3238112ffb2ebb07d4c606ae85396,https://raw.githubusercontent.com/google/fonts/e1118da94a8cb00cf6d06cdac9ef13eb1e5c6ab7/ofl/fuggles/METADATA.pb,https://raw.githubusercontent.com/google/fonts/e1118da94a8cb00cf6d06cdac9ef13eb1e5c6ab7/ofl/fuggles/Fuggles-Regular.ttf,https://raw.githubusercontent.com/google/fonts/e1118da94a8cb00cf6d06cdac9ef13eb1e5c6ab7/ofl/fuggles/OFL.txt,Google Fonts official repository,43
Fondamento,handwriting,fondamento,ofl,OFL,True,"latin,latin-ext,menu",Fondamento-Regular.ttf,e1118da94a8cb00cf6d06cdac9ef13eb1e5c6ab7,540d11054840e0a9580b8c160967866d842143c808971de37960733e7d9cbe45,https://raw.githubusercontent.com/google/fonts/e1118da94a8cb00cf6d06cdac9ef13eb1e5c6ab7/ofl/fondamento/METADATA.pb,https://raw.githubusercontent.com/google/fonts/e1118da94a8cb00cf6d06cdac9ef13eb1e5c6ab7/ofl/fondamento/Fondamento-Regular.ttf,https://raw.githubusercontent.com/google/fonts/e1118da94a8cb00cf6d06cdac9ef13eb1e5c6ab7/ofl/fondamento/OFL.txt,Google Fonts official repository,44
Satisfy,handwriting,satisfy,apache,APACHE2,True,"latin,menu",Satisfy-Regular.ttf,e1118da94a8cb00cf6d06cdac9ef13eb1e5c6ab7,24f05a35fb4fa904516094d36f07ecfdb6def862b9473e7a4353a6defd8e9ee4,https://raw.githubusercontent.com/google/fonts/e1118da94a8cb00cf6d06cdac9ef13eb1e5c6ab7/apache/satisfy/METADATA.pb,https://raw.githubusercontent.com/google/fonts/e1118da94a8cb00cf6d06cdac9ef13eb1e5c6ab7/apache/satisfy/Satisfy-Regular.ttf,https://raw.githubusercontent.com/google/fonts/e1118da94a8cb00cf6d06cdac9ef13eb1e5c6ab7/apache/satisfy/LICENSE.txt,Google Fonts official repository,45
Betania Patmos In GDL,handwriting,betaniapatmosingdl,ofl,OFL,True,"latin,latin-ext,menu",BetaniaPatmosInGDL-Regular.ttf,e1118da94a8cb00cf6d06cdac9ef13eb1e5c6ab7,298d30c4b51cca64ef8693baa2d25ff93d668505a8d883bc7cabcc5d545f5929,https://raw.githubusercontent.com/google/fonts/e1118da94a8cb00cf6d06cdac9ef13eb1e5c6ab7/ofl/betaniapatmosingdl/METADATA.pb,https://raw.githubusercontent.com/google/fonts/e1118da94a8cb00cf6d06cdac9ef13eb1e5c6ab7/ofl/betaniapatmosingdl/BetaniaPatmosInGDL-Regular.ttf,https://raw.githubusercontent.com/google/fonts/e1118da94a8cb00cf6d06cdac9ef13eb1e5c6ab7/ofl/betaniapatmosingdl/OFL.txt,Google Fonts official repository,46
Slackside One,handwriting,slacksideone,ofl,OFL,True,"japanese,latin,latin-ext,menu",SlacksideOne-Regular.ttf,e1118da94a8cb00cf6d06cdac9ef13eb1e5c6ab7,1e5b77046c70f87dc162c066736cb5650ffc80de572d8a2d2190e90635591129,https://raw.githubusercontent.com/google/fonts/e1118da94a8cb00cf6d06cdac9ef13eb1e5c6ab7/ofl/slacksideone/METADATA.pb,https://raw.githubusercontent.com/google/fonts/e1118da94a8cb00cf6d06cdac9ef13eb1e5c6ab7/ofl/slacksideone/SlacksideOne-Regular.ttf,https://raw.githubusercontent.com/google/fonts/e1118da94a8cb00cf6d06cdac9ef13eb1e5c6ab7/ofl/slacksideone/OFL.txt,Google Fonts official repository,47
Lumanosimo,handwriting,lumanosimo,ofl,OFL,True,"latin,latin-ext,menu",Lumanosimo-Regular.ttf,e1118da94a8cb00cf6d06cdac9ef13eb1e5c6ab7,ecb224b723a414322f33938cc80aa787b033358aa9c4dcbc0b5f3b13e49a9335,https://raw.githubusercontent.com/google/fonts/e1118da94a8cb00cf6d06cdac9ef13eb1e5c6ab7/ofl/lumanosimo/METADATA.pb,https://raw.githubusercontent.com/google/fonts/e1118da94a8cb00cf6d06cdac9ef13eb1e5c6ab7/ofl/lumanosimo/Lumanosimo-Regular.ttf,https://raw.githubusercontent.com/google/fonts/e1118da94a8cb00cf6d06cdac9ef13eb1e5c6ab7/ofl/lumanosimo/OFL.txt,Google Fonts official repository,48
Nanum Pen Script,handwriting,nanumpenscript,ofl,OFL,True,"korean,latin,menu",NanumPenScript-Regular.ttf,e1118da94a8cb00cf6d06cdac9ef13eb1e5c6ab7,d81985915cd7afe1baff832137e63d6334766acbabbe65cbc933d2c15077455d,https://raw.githubusercontent.com/google/fonts/e1118da94a8cb00cf6d06cdac9ef13eb1e5c6ab7/ofl/nanumpenscript/METADATA.pb,https://raw.githubusercontent.com/google/fonts/e1118da94a8cb00cf6d06cdac9ef13eb1e5c6ab7/ofl/nanumpenscript/NanumPenScript-Regular.ttf,https://raw.githubusercontent.com/google/fonts/e1118da94a8cb00cf6d06cdac9ef13eb1e5c6ab7/ofl/nanumpenscript/OFL.txt,Google Fonts official repository,49
Kings,handwriting,kings,ofl,OFL,True,"latin,latin-ext,menu,vietnamese",Kings-Regular.ttf,e1118da94a8cb00cf6d06cdac9ef13eb1e5c6ab7,10c3692624ef3b9a22f741cbae16d92f0a8e4c905a25ac9f47657fe355d265ab,https://raw.githubusercontent.com/google/fonts/e1118da94a8cb00cf6d06cdac9ef13eb1e5c6ab7/ofl/kings/METADATA.pb,https://raw.githubusercontent.com/google/fonts/e1118da94a8cb00cf6d06cdac9ef13eb1e5c6ab7/ofl/kings/Kings-Regular.ttf,https://raw.githubusercontent.com/google/fonts/e1118da94a8cb00cf6d06cdac9ef13eb1e5c6ab7/ofl/kings/OFL.txt,Google Fonts official repository,50
Puppies Play,handwriting,puppiesplay,ofl,OFL,True,"latin,latin-ext,menu,vietnamese",PuppiesPlay-Regular.ttf,e1118da94a8cb00cf6d06cdac9ef13eb1e5c6ab7,80a6e111aaf9674df389c49e040f24e2dc0a4b1c4ad549397603b0de25383dc1,https://raw.githubusercontent.com/google/fonts/e1118da94a8cb00cf6d06cdac9ef13eb1e5c6ab7/ofl/puppiesplay/METADATA.pb,https://raw.githubusercontent.com/google/fonts/e1118da94a8cb00cf6d06cdac9ef13eb1e5c6ab7/ofl/puppiesplay/PuppiesPlay-Regular.ttf,https://raw.githubusercontent.com/google/fonts/e1118da94a8cb00cf6d06cdac9ef13eb1e5c6ab7/ofl/puppiesplay/OFL.txt,Google Fonts official repository,51
Fleur De Leah,handwriting,fleurdeleah,ofl,OFL,True,"latin,latin-ext,menu,vietnamese",FleurDeLeah-Regular.ttf,e1118da94a8cb00cf6d06cdac9ef13eb1e5c6ab7,86c863745494a134d24c9b5b7a191821029d1a1627611e6fd932a26b92e53067,https://raw.githubusercontent.com/google/fonts/e1118da94a8cb00cf6d06cdac9ef13eb1e5c6ab7/ofl/fleurdeleah/METADATA.pb,https://raw.githubusercontent.com/google/fonts/e1118da94a8cb00cf6d06cdac9ef13eb1e5c6ab7/ofl/fleurdeleah/FleurDeLeah-Regular.ttf,https://raw.githubusercontent.com/google/fonts/e1118da94a8cb00cf6d06cdac9ef13eb1e5c6ab7/ofl/fleurdeleah/OFL.txt,Google Fonts official repository,52
Klee One,handwriting,kleeone,ofl,OFL,True,"cyrillic,greek-ext,japanese,latin,latin-ext,menu",KleeOne-Regular.ttf,e1118da94a8cb00cf6d06cdac9ef13eb1e5c6ab7,0a6647abf921c7cc67249b3bdcbb5d9f1efc4979d1dc88a9e513340e79e08346,https://raw.githubusercontent.com/google/fonts/e1118da94a8cb00cf6d06cdac9ef13eb1e5c6ab7/ofl/kleeone/METADATA.pb,https://raw.githubusercontent.com/google/fonts/e1118da94a8cb00cf6d06cdac9ef13eb1e5c6ab7/ofl/kleeone/KleeOne-Regular.ttf,https://raw.githubusercontent.com/google/fonts/e1118da94a8cb00cf6d06cdac9ef13eb1e5c6ab7/ofl/kleeone/OFL.txt,Google Fonts official repository,53
Coming Soon,handwriting,comingsoon,apache,APACHE2,True,"latin,menu",ComingSoon-Regular.ttf,e1118da94a8cb00cf6d06cdac9ef13eb1e5c6ab7,7757c397cffb99380f2311ac517afee9c2423db71192f613f05e5c45c7cab556,https://raw.githubusercontent.com/google/fonts/e1118da94a8cb00cf6d06cdac9ef13eb1e5c6ab7/apache/comingsoon/METADATA.pb,https://raw.githubusercontent.com/google/fonts/e1118da94a8cb00cf6d06cdac9ef13eb1e5c6ab7/apache/comingsoon/ComingSoon-Regular.ttf,https://raw.githubusercontent.com/google/fonts/e1118da94a8cb00cf6d06cdac9ef13eb1e5c6ab7/apache/comingsoon/LICENSE.txt,Google Fonts official repository,54
Corinthia,handwriting,corinthia,ofl,OFL,True,"latin,latin-ext,menu,vietnamese",Corinthia-Regular.ttf,e1118da94a8cb00cf6d06cdac9ef13eb1e5c6ab7,c6f7579f5f40952a9c31b6646c808851d249d3aad4eab51d2d28288c843228fe,https://raw.githubusercontent.com/google/fonts/e1118da94a8cb00cf6d06cdac9ef13eb1e5c6ab7/ofl/corinthia/METADATA.pb,https://raw.githubusercontent.com/google/fonts/e1118da94a8cb00cf6d06cdac9ef13eb1e5c6ab7/ofl/corinthia/Corinthia-Regular.ttf,https://raw.githubusercontent.com/google/fonts/e1118da94a8cb00cf6d06cdac9ef13eb1e5c6ab7/ofl/corinthia/OFL.txt,Google Fonts official repository,55
Licorice,handwriting,licorice,ofl,OFL,True,"latin,latin-ext,menu,vietnamese",Licorice-Regular.ttf,e1118da94a8cb00cf6d06cdac9ef13eb1e5c6ab7,82bf2b1e6dd74c4c2331f91ed6afa39ee93747aadb6d74b8cbffd662a267f6dc,https://raw.githubusercontent.com/google/fonts/e1118da94a8cb00cf6d06cdac9ef13eb1e5c6ab7/ofl/licorice/METADATA.pb,https://raw.githubusercontent.com/google/fonts/e1118da94a8cb00cf6d06cdac9ef13eb1e5c6ab7/ofl/licorice/Licorice-Regular.ttf,https://raw.githubusercontent.com/google/fonts/e1118da94a8cb00cf6d06cdac9ef13eb1e5c6ab7/ofl/licorice/OFL.txt,Google Fonts official repository,56
Caveat,handwriting,caveat,ofl,OFL,True,"cyrillic,cyrillic-ext,latin,latin-ext,menu",Caveat[wght].ttf,e1118da94a8cb00cf6d06cdac9ef13eb1e5c6ab7,038342ea08d3f09e11b7f08cfd1e1d556b4f56a48269b0909395aa6fecd4c4f7,https://raw.githubusercontent.com/google/fonts/e1118da94a8cb00cf6d06cdac9ef13eb1e5c6ab7/ofl/caveat/METADATA.pb,https://raw.githubusercontent.com/google/fonts/e1118da94a8cb00cf6d06cdac9ef13eb1e5c6ab7/ofl/caveat/Caveat%5Bwght%5D.ttf,https://raw.githubusercontent.com/google/fonts/e1118da94a8cb00cf6d06cdac9ef13eb1e5c6ab7/ofl/caveat/OFL.txt,Google Fonts official repository,57
Damion,handwriting,damion,ofl,OFL,True,"latin,latin-ext,menu",Damion-Regular.ttf,e1118da94a8cb00cf6d06cdac9ef13eb1e5c6ab7,1cc13ff74a18d8053e58025795ef97885e79ed6fd03521539177e7b613ff5a4c,https://raw.githubusercontent.com/google/fonts/e1118da94a8cb00cf6d06cdac9ef13eb1e5c6ab7/ofl/damion/METADATA.pb,https://raw.githubusercontent.com/google/fonts/e1118da94a8cb00cf6d06cdac9ef13eb1e5c6ab7/ofl/damion/Damion-Regular.ttf,https://raw.githubusercontent.com/google/fonts/e1118da94a8cb00cf6d06cdac9ef13eb1e5c6ab7/ofl/damion/OFL.txt,Google Fonts official repository,58
My Soul,handwriting,mysoul,ofl,OFL,True,"latin,latin-ext,menu,vietnamese",MySoul-Regular.ttf,e1118da94a8cb00cf6d06cdac9ef13eb1e5c6ab7,28599ba21c0404c7b38d9aaf74b1975a315abb7e7772f31d508c322aaba0e461,https://raw.githubusercontent.com/google/fonts/e1118da94a8cb00cf6d06cdac9ef13eb1e5c6ab7/ofl/mysoul/METADATA.pb,https://raw.githubusercontent.com/google/fonts/e1118da94a8cb00cf6d06cdac9ef13eb1e5c6ab7/ofl/mysoul/MySoul-Regular.ttf,https://raw.githubusercontent.com/google/fonts/e1118da94a8cb00cf6d06cdac9ef13eb1e5c6ab7/ofl/mysoul/OFL.txt,Google Fonts official repository,59
Homemade Apple,handwriting,homemadeapple,apache,APACHE2,True,"latin,menu",HomemadeApple-Regular.ttf,e1118da94a8cb00cf6d06cdac9ef13eb1e5c6ab7,05c4091dace83b7b1ae22b8a40804df569a369070a23ead2a87dfcef6cdc0898,https://raw.githubusercontent.com/google/fonts/e1118da94a8cb00cf6d06cdac9ef13eb1e5c6ab7/apache/homemadeapple/METADATA.pb,https://raw.githubusercontent.com/google/fonts/e1118da94a8cb00cf6d06cdac9ef13eb1e5c6ab7/apache/homemadeapple/HomemadeApple-Regular.ttf,https://raw.githubusercontent.com/google/fonts/e1118da94a8cb00cf6d06cdac9ef13eb1e5c6ab7/apache/homemadeapple/LICENSE.txt,Google Fonts official repository,60
Rancho,handwriting,rancho,apache,APACHE2,True,"latin,menu",Rancho-Regular.ttf,e1118da94a8cb00cf6d06cdac9ef13eb1e5c6ab7,100846b8b6dc16fbffffdbdff898584d97df0ace371c8d83edb5bc17606fd3e7,https://raw.githubusercontent.com/google/fonts/e1118da94a8cb00cf6d06cdac9ef13eb1e5c6ab7/apache/rancho/METADATA.pb,https://raw.githubusercontent.com/google/fonts/e1118da94a8cb00cf6d06cdac9ef13eb1e5c6ab7/apache/rancho/Rancho-Regular.ttf,https://raw.githubusercontent.com/google/fonts/e1118da94a8cb00cf6d06cdac9ef13eb1e5c6ab7/apache/rancho/LICENSE.txt,Google Fonts official repository,61
Over the Rainbow,handwriting,overtherainbow,ofl,OFL,True,"latin,menu",OvertheRainbow.ttf,e1118da94a8cb00cf6d06cdac9ef13eb1e5c6ab7,2742516c9d828a4166c0c6195ca4713f152406744741336ba4dd163f8029045f,https://raw.githubusercontent.com/google/fonts/e1118da94a8cb00cf6d06cdac9ef13eb1e5c6ab7/ofl/overtherainbow/METADATA.pb,https://raw.githubusercontent.com/google/fonts/e1118da94a8cb00cf6d06cdac9ef13eb1e5c6ab7/ofl/overtherainbow/OvertheRainbow.ttf,https://raw.githubusercontent.com/google/fonts/e1118da94a8cb00cf6d06cdac9ef13eb1e5c6ab7/ofl/overtherainbow/OFL.txt,Google Fonts official repository,62
Splash,handwriting,splash,ofl,OFL,True,"latin,latin-ext,menu,vietnamese",Splash-Regular.ttf,e1118da94a8cb00cf6d06cdac9ef13eb1e5c6ab7,65dba917e65f918939e8feb79f74c2da163a63a58805148900a7c8a5ccf32ac3,https://raw.githubusercontent.com/google/fonts/e1118da94a8cb00cf6d06cdac9ef13eb1e5c6ab7/ofl/splash/METADATA.pb,https://raw.githubusercontent.com/google/fonts/e1118da94a8cb00cf6d06cdac9ef13eb1e5c6ab7/ofl/splash/Splash-Regular.ttf,https://raw.githubusercontent.com/google/fonts/e1118da94a8cb00cf6d06cdac9ef13eb1e5c6ab7/ofl/splash/OFL.txt,Google Fonts official repository,63
Qwigley,handwriting,qwigley,ofl,OFL,True,"latin,latin-ext,menu,vietnamese",Qwigley-Regular.ttf,e1118da94a8cb00cf6d06cdac9ef13eb1e5c6ab7,e6aca084af1baf4d4a3fb3d6e394e789e2e24c2b96ebae3ef6b70ba68b20d0d9,https://raw.githubusercontent.com/google/fonts/e1118da94a8cb00cf6d06cdac9ef13eb1e5c6ab7/ofl/qwigley/METADATA.pb,https://raw.githubusercontent.com/google/fonts/e1118da94a8cb00cf6d06cdac9ef13eb1e5c6ab7/ofl/qwigley/Qwigley-Regular.ttf,https://raw.githubusercontent.com/google/fonts/e1118da94a8cb00cf6d06cdac9ef13eb1e5c6ab7/ofl/qwigley/OFL.txt,Google Fonts official repository,64
WindSong,handwriting,windsong,ofl,OFL,True,"latin,latin-ext,menu,vietnamese",WindSong-Regular.ttf,e1118da94a8cb00cf6d06cdac9ef13eb1e5c6ab7,b7404c4eca8cb058a5919e52df6141034801b787627c6cdcae325a37c399f4ba,https://raw.githubusercontent.com/google/fonts/e1118da94a8cb00cf6d06cdac9ef13eb1e5c6ab7/ofl/windsong/METADATA.pb,https://raw.githubusercontent.com/google/fonts/e1118da94a8cb00cf6d06cdac9ef13eb1e5c6ab7/ofl/windsong/WindSong-Regular.ttf,https://raw.githubusercontent.com/google/fonts/e1118da94a8cb00cf6d06cdac9ef13eb1e5c6ab7/ofl/windsong/OFL.txt,Google Fonts official repository,65
Petit Formal Script,handwriting,petitformalscript,ofl,OFL,True,"latin,latin-ext,menu",PetitFormalScript-Regular.ttf,e1118da94a8cb00cf6d06cdac9ef13eb1e5c6ab7,508133de9d04af7c57f42583160588949a471431f9538d0afce0e9f49e2e11dd,https://raw.githubusercontent.com/google/fonts/e1118da94a8cb00cf6d06cdac9ef13eb1e5c6ab7/ofl/petitformalscript/METADATA.pb,https://raw.githubusercontent.com/google/fonts/e1118da94a8cb00cf6d06cdac9ef13eb1e5c6ab7/ofl/petitformalscript/PetitFormalScript-Regular.ttf,https://raw.githubusercontent.com/google/fonts/e1118da94a8cb00cf6d06cdac9ef13eb1e5c6ab7/ofl/petitformalscript/OFL.txt,Google Fonts official repository,66
Miss Fajardose,handwriting,missfajardose,ofl,OFL,True,"latin,latin-ext,menu",MissFajardose-Regular.ttf,e1118da94a8cb00cf6d06cdac9ef13eb1e5c6ab7,a8bb9619a367f87f4e07cd5dbd0cefaf0292dea107b4bca5387b5eb8c80ba751,https://raw.githubusercontent.com/google/fonts/e1118da94a8cb00cf6d06cdac9ef13eb1e5c6ab7/ofl/missfajardose/METADATA.pb,https://raw.githubusercontent.com/google/fonts/e1118da94a8cb00cf6d06cdac9ef13eb1e5c6ab7/ofl/missfajardose/MissFajardose-Regular.ttf,https://raw.githubusercontent.com/google/fonts/e1118da94a8cb00cf6d06cdac9ef13eb1e5c6ab7/ofl/missfajardose/OFL.txt,Google Fonts official repository,67
Meddon,handwriting,meddon,ofl,OFL,True,"latin,menu",Meddon.ttf,e1118da94a8cb00cf6d06cdac9ef13eb1e5c6ab7,4741c2cdc4013e8226c423cf1bdaaa8c235bc3a4b708f64b2c8afab868760698,https://raw.githubusercontent.com/google/fonts/e1118da94a8cb00cf6d06cdac9ef13eb1e5c6ab7/ofl/meddon/METADATA.pb,https://raw.githubusercontent.com/google/fonts/e1118da94a8cb00cf6d06cdac9ef13eb1e5c6ab7/ofl/meddon/Meddon.ttf,https://raw.githubusercontent.com/google/fonts/e1118da94a8cb00cf6d06cdac9ef13eb1e5c6ab7/ofl/meddon/OFL.txt,Google Fonts official repository,68
Itim,handwriting,itim,ofl,OFL,True,"latin,latin-ext,menu,thai,vietnamese",Itim-Regular.ttf,e1118da94a8cb00cf6d06cdac9ef13eb1e5c6ab7,1decd84c01d9d47c1ea49dc2fe7245e061883180ab55eabc6fcaf8d6eb652a5b,https://raw.githubusercontent.com/google/fonts/e1118da94a8cb00cf6d06cdac9ef13eb1e5c6ab7/ofl/itim/METADATA.pb,https://raw.githubusercontent.com/google/fonts/e1118da94a8cb00cf6d06cdac9ef13eb1e5c6ab7/ofl/itim/Itim-Regular.ttf,https://raw.githubusercontent.com/google/fonts/e1118da94a8cb00cf6d06cdac9ef13eb1e5c6ab7/ofl/itim/OFL.txt,Google Fonts official repository,69
Betania Patmos GDL,handwriting,betaniapatmosgdl,ofl,OFL,True,"latin,latin-ext,menu",BetaniaPatmosGDL-Regular.ttf,e1118da94a8cb00cf6d06cdac9ef13eb1e5c6ab7,cdf11ec13c1f42977b296436b817a1ef16ac3184a082999209c1062caca4da38,https://raw.githubusercontent.com/google/fonts/e1118da94a8cb00cf6d06cdac9ef13eb1e5c6ab7/ofl/betaniapatmosgdl/METADATA.pb,https://raw.githubusercontent.com/google/fonts/e1118da94a8cb00cf6d06cdac9ef13eb1e5c6ab7/ofl/betaniapatmosgdl/BetaniaPatmosGDL-Regular.ttf,https://raw.githubusercontent.com/google/fonts/e1118da94a8cb00cf6d06cdac9ef13eb1e5c6ab7/ofl/betaniapatmosgdl/OFL.txt,Google Fonts official repository,70
Source Code Pro,monospace,sourcecodepro,ofl,OFL,True,"cyrillic,cyrillic-ext,greek,greek-ext,latin,latin-ext,menu,vietnamese",SourceCodePro[wght].ttf,e1118da94a8cb00cf6d06cdac9ef13eb1e5c6ab7,1a0b7a468b627f45f2df8b71a873273c1b074b5d921a0085f36f4c7532662587,https://raw.githubusercontent.com/google/fonts/e1118da94a8cb00cf6d06cdac9ef13eb1e5c6ab7/ofl/sourcecodepro/METADATA.pb,https://raw.githubusercontent.com/google/fonts/e1118da94a8cb00cf6d06cdac9ef13eb1e5c6ab7/ofl/sourcecodepro/SourceCodePro%5Bwght%5D.ttf,https://raw.githubusercontent.com/google/fonts/e1118da94a8cb00cf6d06cdac9ef13eb1e5c6ab7/ofl/sourcecodepro/OFL.txt,Google Fonts official repository,1
Ubuntu Sans Mono,monospace,ubuntusansmono,ufl,UFL,True,"cyrillic,cyrillic-ext,greek,greek-ext,latin,latin-ext",UbuntuSansMono[wght].ttf,e1118da94a8cb00cf6d06cdac9ef13eb1e5c6ab7,7b9ecf6abac7f296fc70480cc100d4c2ba819743ae3122a8a370209d863ced27,https://raw.githubusercontent.com/google/fonts/e1118da94a8cb00cf6d06cdac9ef13eb1e5c6ab7/ufl/ubuntusansmono/METADATA.pb,https://raw.githubusercontent.com/google/fonts/e1118da94a8cb00cf6d06cdac9ef13eb1e5c6ab7/ufl/ubuntusansmono/UbuntuSansMono%5Bwght%5D.ttf,https://raw.githubusercontent.com/google/fonts/e1118da94a8cb00cf6d06cdac9ef13eb1e5c6ab7/ufl/ubuntusansmono/LICENCE.txt,Google Fonts official repository,2
VT323,monospace,vt323,ofl,OFL,True,"latin,latin-ext,menu,vietnamese",VT323-Regular.ttf,e1118da94a8cb00cf6d06cdac9ef13eb1e5c6ab7,b95724531d6f8e4016d1fed331fee469b2d404e46c2938f08628982208ee493d,https://raw.githubusercontent.com/google/fonts/e1118da94a8cb00cf6d06cdac9ef13eb1e5c6ab7/ofl/vt323/METADATA.pb,https://raw.githubusercontent.com/google/fonts/e1118da94a8cb00cf6d06cdac9ef13eb1e5c6ab7/ofl/vt323/VT323-Regular.ttf,https://raw.githubusercontent.com/google/fonts/e1118da94a8cb00cf6d06cdac9ef13eb1e5c6ab7/ofl/vt323/OFL.txt,Google Fonts official repository,3
Syne Mono,monospace,synemono,ofl,OFL,True,"latin,latin-ext,menu",SyneMono-Regular.ttf,e1118da94a8cb00cf6d06cdac9ef13eb1e5c6ab7,6870de09323bc0b65d292ce0906e1bca9394c84a869f41b6b04d8168f7e0f775,https://raw.githubusercontent.com/google/fonts/e1118da94a8cb00cf6d06cdac9ef13eb1e5c6ab7/ofl/synemono/METADATA.pb,https://raw.githubusercontent.com/google/fonts/e1118da94a8cb00cf6d06cdac9ef13eb1e5c6ab7/ofl/synemono/SyneMono-Regular.ttf,https://raw.githubusercontent.com/google/fonts/e1118da94a8cb00cf6d06cdac9ef13eb1e5c6ab7/ofl/synemono/OFL.txt,Google Fonts official repository,4
Hibur Mono,monospace,hiburmono,ofl,OFL,True,"ethiopic,latin,latin-ext,menu",HiburMono-Regular.ttf,e1118da94a8cb00cf6d06cdac9ef13eb1e5c6ab7,6a76066d3ccaec502851dbecdace3ff2019fe943074db54f9048dbbec28afde6,https://raw.githubusercontent.com/google/fonts/e1118da94a8cb00cf6d06cdac9ef13eb1e5c6ab7/ofl/hiburmono/METADATA.pb,https://raw.githubusercontent.com/google/fonts/e1118da94a8cb00cf6d06cdac9ef13eb1e5c6ab7/ofl/hiburmono/HiburMono-Regular.ttf,https://raw.githubusercontent.com/google/fonts/e1118da94a8cb00cf6d06cdac9ef13eb1e5c6ab7/ofl/hiburmono/OFL.txt,Google Fonts official repository,5
Cousine,monospace,cousine,ofl,OFL,True,"cyrillic,cyrillic-ext,greek,greek-ext,hebrew,latin,latin-ext,menu,vietnamese",Cousine-Regular.ttf,e1118da94a8cb00cf6d06cdac9ef13eb1e5c6ab7,f97f6660e96837f16aaae235db904015473bb830c9e672252069018ce6f5dd54,https://raw.githubusercontent.com/google/fonts/e1118da94a8cb00cf6d06cdac9ef13eb1e5c6ab7/ofl/cousine/METADATA.pb,https://raw.githubusercontent.com/google/fonts/e1118da94a8cb00cf6d06cdac9ef13eb1e5c6ab7/ofl/cousine/Cousine-Regular.ttf,https://raw.githubusercontent.com/google/fonts/e1118da94a8cb00cf6d06cdac9ef13eb1e5c6ab7/ofl/cousine/OFL.txt,Google Fonts official repository,6
Anonymous Pro,monospace,anonymouspro,ofl,OFL,True,"cyrillic,greek,latin,latin-ext,menu",AnonymousPro-Regular.ttf,e1118da94a8cb00cf6d06cdac9ef13eb1e5c6ab7,ad389bcd75cf20fbec8e312d58f07bce19fade5c31386df6296ecf02c0993796,https://raw.githubusercontent.com/google/fonts/e1118da94a8cb00cf6d06cdac9ef13eb1e5c6ab7/ofl/anonymouspro/METADATA.pb,https://raw.githubusercontent.com/google/fonts/e1118da94a8cb00cf6d06cdac9ef13eb1e5c6ab7/ofl/anonymouspro/AnonymousPro-Regular.ttf,https://raw.githubusercontent.com/google/fonts/e1118da94a8cb00cf6d06cdac9ef13eb1e5c6ab7/ofl/anonymouspro/OFL.txt,Google Fonts official repository,7
Libertinus Mono,monospace,libertinusmono,ofl,OFL,True,"latin,latin-ext,menu",LibertinusMono-Regular.ttf,e1118da94a8cb00cf6d06cdac9ef13eb1e5c6ab7,6d4e68572c551c2b073107c7ae11afc9922f82121d21eda3ec7923e976a3762c,https://raw.githubusercontent.com/google/fonts/e1118da94a8cb00cf6d06cdac9ef13eb1e5c6ab7/ofl/libertinusmono/METADATA.pb,https://raw.githubusercontent.com/google/fonts/e1118da94a8cb00cf6d06cdac9ef13eb1e5c6ab7/ofl/libertinusmono/LibertinusMono-Regular.ttf,https://raw.githubusercontent.com/google/fonts/e1118da94a8cb00cf6d06cdac9ef13eb1e5c6ab7/ofl/libertinusmono/OFL.txt,Google Fonts official repository,8
Nova Mono,monospace,novamono,ofl,OFL,True,"greek,latin,latin-ext,menu",NovaMono.ttf,e1118da94a8cb00cf6d06cdac9ef13eb1e5c6ab7,bab1c534e1165e4ab86587748de84a4aa929653be5434493a666ee106635d0b9,https://raw.githubusercontent.com/google/fonts/e1118da94a8cb00cf6d06cdac9ef13eb1e5c6ab7/ofl/novamono/METADATA.pb,https://raw.githubusercontent.com/google/fonts/e1118da94a8cb00cf6d06cdac9ef13eb1e5c6ab7/ofl/novamono/NovaMono.ttf,https://raw.githubusercontent.com/google/fonts/e1118da94a8cb00cf6d06cdac9ef13eb1e5c6ab7/ofl/novamono/OFL.txt,Google Fonts official repository,9
DM Mono,monospace,dmmono,ofl,OFL,True,"latin,latin-ext,menu",DMMono-Regular.ttf,e1118da94a8cb00cf6d06cdac9ef13eb1e5c6ab7,cff13974e54193d663f61bfefbb7876dd8a2f59cabbbe4698d11795b68416984,https://raw.githubusercontent.com/google/fonts/e1118da94a8cb00cf6d06cdac9ef13eb1e5c6ab7/ofl/dmmono/METADATA.pb,https://raw.githubusercontent.com/google/fonts/e1118da94a8cb00cf6d06cdac9ef13eb1e5c6ab7/ofl/dmmono/DMMono-Regular.ttf,https://raw.githubusercontent.com/google/fonts/e1118da94a8cb00cf6d06cdac9ef13eb1e5c6ab7/ofl/dmmono/OFL.txt,Google Fonts official repository,10
Oxygen Mono,monospace,oxygenmono,ofl,OFL,True,"latin,latin-ext,menu",OxygenMono-Regular.ttf,e1118da94a8cb00cf6d06cdac9ef13eb1e5c6ab7,6060b8291107c5012f53c95f2a0a17f402b1df526c811474073d6460b9783ce5,https://raw.githubusercontent.com/google/fonts/e1118da94a8cb00cf6d06cdac9ef13eb1e5c6ab7/ofl/oxygenmono/METADATA.pb,https://raw.githubusercontent.com/google/fonts/e1118da94a8cb00cf6d06cdac9ef13eb1e5c6ab7/ofl/oxygenmono/OxygenMono-Regular.ttf,https://raw.githubusercontent.com/google/fonts/e1118da94a8cb00cf6d06cdac9ef13eb1e5c6ab7/ofl/oxygenmono/OFL.txt,Google Fonts official repository,11
Google Sans Code,monospace,googlesanscode,ofl,OFL,True,"adlam,canadian-aboriginal,cherokee,latin,latin-ext,math,menu,old-permic,symbols,symbols2,syriac,vietnamese",GoogleSansCode[wght].ttf,e1118da94a8cb00cf6d06cdac9ef13eb1e5c6ab7,f97a8744939e72ae05e7a105dc12f779a19dac362079b71b49e5ee58622214cf,https://raw.githubusercontent.com/google/fonts/e1118da94a8cb00cf6d06cdac9ef13eb1e5c6ab7/ofl/googlesanscode/METADATA.pb,https://raw.githubusercontent.com/google/fonts/e1118da94a8cb00cf6d06cdac9ef13eb1e5c6ab7/ofl/googlesanscode/GoogleSansCode%5Bwght%5D.ttf,https://raw.githubusercontent.com/google/fonts/e1118da94a8cb00cf6d06cdac9ef13eb1e5c6ab7/ofl/googlesanscode/OFL.txt,Google Fonts official repository,12
Geist Mono,monospace,geistmono,ofl,OFL,True,"cyrillic,cyrillic-ext,latin,latin-ext,menu,symbols2,vietnamese",GeistMono[wght].ttf,e1118da94a8cb00cf6d06cdac9ef13eb1e5c6ab7,55d2fe9078cf7debb333b4d294e945586e6b1c3b2bc68225f88a2e01d87a69a3,https://raw.githubusercontent.com/google/fonts/e1118da94a8cb00cf6d06cdac9ef13eb1e5c6ab7/ofl/geistmono/METADATA.pb,https://raw.githubusercontent.com/google/fonts/e1118da94a8cb00cf6d06cdac9ef13eb1e5c6ab7/ofl/geistmono/GeistMono%5Bwght%5D.ttf,https://raw.githubusercontent.com/google/fonts/e1118da94a8cb00cf6d06cdac9ef13eb1e5c6ab7/ofl/geistmono/OFL.txt,Google Fonts official repository,13
PT Mono,monospace,ptmono,ofl,OFL,True,"cyrillic,cyrillic-ext,latin,latin-ext,menu",PTM55FT.ttf,e1118da94a8cb00cf6d06cdac9ef13eb1e5c6ab7,5c69a4fd3cc61c46e92fd3b1c7e449a88321f01fad8822853ac2342884120cf0,https://raw.githubusercontent.com/google/fonts/e1118da94a8cb00cf6d06cdac9ef13eb1e5c6ab7/ofl/ptmono/METADATA.pb,https://raw.githubusercontent.com/google/fonts/e1118da94a8cb00cf6d06cdac9ef13eb1e5c6ab7/ofl/ptmono/PTM55FT.ttf,https://raw.githubusercontent.com/google/fonts/e1118da94a8cb00cf6d06cdac9ef13eb1e5c6ab7/ofl/ptmono/OFL.txt,Google Fonts official repository,14
M PLUS 1 Code,monospace,mplus1code,ofl,OFL,True,"japanese,latin,latin-ext,menu,vietnamese",MPLUS1Code[wght].ttf,e1118da94a8cb00cf6d06cdac9ef13eb1e5c6ab7,c30dd581d92b33db705e3081582ef9ea5e6eaac957dbd306a42a9bf48dfcb14e,https://raw.githubusercontent.com/google/fonts/e1118da94a8cb00cf6d06cdac9ef13eb1e5c6ab7/ofl/mplus1code/METADATA.pb,https://raw.githubusercontent.com/google/fonts/e1118da94a8cb00cf6d06cdac9ef13eb1e5c6ab7/ofl/mplus1code/MPLUS1Code%5Bwght%5D.ttf,https://raw.githubusercontent.com/google/fonts/e1118da94a8cb00cf6d06cdac9ef13eb1e5c6ab7/ofl/mplus1code/OFL.txt,Google Fonts official repository,15
Iosevka Charon,monospace,iosevkacharon,ofl,OFL,True,"armenian,braille,cyrillic,cyrillic-ext,greek,greek-ext,latin,latin-ext,math,menu,symbols,symbols2,vietnamese",IosevkaCharon-Regular.ttf,e1118da94a8cb00cf6d06cdac9ef13eb1e5c6ab7,3cb91fa1a70e52fb767ffac3ef507976eb63c79382a6c3c444c9b606056bfa0b,https://raw.githubusercontent.com/google/fonts/e1118da94a8cb00cf6d06cdac9ef13eb1e5c6ab7/ofl/iosevkacharon/METADATA.pb,https://raw.githubusercontent.com/google/fonts/e1118da94a8cb00cf6d06cdac9ef13eb1e5c6ab7/ofl/iosevkacharon/IosevkaCharon-Regular.ttf,https://raw.githubusercontent.com/google/fonts/e1118da94a8cb00cf6d06cdac9ef13eb1e5c6ab7/ofl/iosevkacharon/OFL.txt,Google Fonts official repository,16
Xanh Mono,monospace,xanhmono,ofl,OFL,True,"latin,latin-ext,menu,vietnamese",XanhMono-Regular.ttf,e1118da94a8cb00cf6d06cdac9ef13eb1e5c6ab7,515e22abd3b466035a1a955ecb2e548d7b9cc5c871bb7c65987e9f86a0804551,https://raw.githubusercontent.com/google/fonts/e1118da94a8cb00cf6d06cdac9ef13eb1e5c6ab7/ofl/xanhmono/METADATA.pb,https://raw.githubusercontent.com/google/fonts/e1118da94a8cb00cf6d06cdac9ef13eb1e5c6ab7/ofl/xanhmono/XanhMono-Regular.ttf,https://raw.githubusercontent.com/google/fonts/e1118da94a8cb00cf6d06cdac9ef13eb1e5c6ab7/ofl/xanhmono/OFL.txt,Google Fonts official repository,17
Lilex,monospace,lilex,ofl,OFL,True,"cyrillic,cyrillic-ext,greek,latin,latin-ext,menu,symbols2,vietnamese",Lilex[wght].ttf,e1118da94a8cb00cf6d06cdac9ef13eb1e5c6ab7,b9fd39984d649953aa09b64eacf87b8b0c60c8d2ec57c73893ebd84e0376c1be,https://raw.githubusercontent.com/google/fonts/e1118da94a8cb00cf6d06cdac9ef13eb1e5c6ab7/ofl/lilex/METADATA.pb,https://raw.githubusercontent.com/google/fonts/e1118da94a8cb00cf6d06cdac9ef13eb1e5c6ab7/ofl/lilex/Lilex%5Bwght%5D.ttf,https://raw.githubusercontent.com/google/fonts/e1118da94a8cb00cf6d06cdac9ef13eb1e5c6ab7/ofl/lilex/OFL.txt,Google Fonts official repository,18
Sixtyfour Convergence,monospace,sixtyfourconvergence,ofl,OFL,True,"latin,latin-ext,math,menu,symbols","SixtyfourConvergence[BLED,SCAN,XELA,YELA].ttf",e1118da94a8cb00cf6d06cdac9ef13eb1e5c6ab7,a941e92d2b913d85fa5cfedff1c4f1cd05c74ea0dbeb4acc770543f36223a68b,https://raw.githubusercontent.com/google/fonts/e1118da94a8cb00cf6d06cdac9ef13eb1e5c6ab7/ofl/sixtyfourconvergence/METADATA.pb,https://raw.githubusercontent.com/google/fonts/e1118da94a8cb00cf6d06cdac9ef13eb1e5c6ab7/ofl/sixtyfourconvergence/SixtyfourConvergence%5BBLED%2CSCAN%2CXELA%2CYELA%5D.ttf,https://raw.githubusercontent.com/google/fonts/e1118da94a8cb00cf6d06cdac9ef13eb1e5c6ab7/ofl/sixtyfourconvergence/OFL.txt,Google Fonts official repository,19
Intel One Mono,monospace,intelonemono,ofl,OFL,True,"latin,latin-ext,menu,symbols2,vietnamese",IntelOneMono-Regular.ttf,e1118da94a8cb00cf6d06cdac9ef13eb1e5c6ab7,2a32f4f992920a88c705341e74107b8f5830ef9f98606c1fc59219307a6151b0,https://raw.githubusercontent.com/google/fonts/e1118da94a8cb00cf6d06cdac9ef13eb1e5c6ab7/ofl/intelonemono/METADATA.pb,https://raw.githubusercontent.com/google/fonts/e1118da94a8cb00cf6d06cdac9ef13eb1e5c6ab7/ofl/intelonemono/IntelOneMono-Regular.ttf,https://raw.githubusercontent.com/google/fonts/e1118da94a8cb00cf6d06cdac9ef13eb1e5c6ab7/ofl/intelonemono/OFL.txt,Google Fonts official repository,20
Digital Numbers,monospace,digitalnumbers,ofl,OFL,True,"latin,menu",DigitalNumbers-Regular.ttf,e1118da94a8cb00cf6d06cdac9ef13eb1e5c6ab7,e3106b5e53897753924ca48a7a9ca3c2d56db5a4f805bcb17107f7d68d17ba3c,https://raw.githubusercontent.com/google/fonts/e1118da94a8cb00cf6d06cdac9ef13eb1e5c6ab7/ofl/digitalnumbers/METADATA.pb,https://raw.githubusercontent.com/google/fonts/e1118da94a8cb00cf6d06cdac9ef13eb1e5c6ab7/ofl/digitalnumbers/DigitalNumbers-Regular.ttf,https://raw.githubusercontent.com/google/fonts/e1118da94a8cb00cf6d06cdac9ef13eb1e5c6ab7/ofl/digitalnumbers/OFL.txt,Google Fonts official repository,21
Sixtyfour,monospace,sixtyfour,ofl,OFL,True,"latin,latin-ext,math,menu,symbols","Sixtyfour[BLED,SCAN].ttf",e1118da94a8cb00cf6d06cdac9ef13eb1e5c6ab7,076a7b16f20e734c700fd4d9994f2f30c0dd08c1d14d239bd125298e397a6a6a,https://raw.githubusercontent.com/google/fonts/e1118da94a8cb00cf6d06cdac9ef13eb1e5c6ab7/ofl/sixtyfour/METADATA.pb,https://raw.githubusercontent.com/google/fonts/e1118da94a8cb00cf6d06cdac9ef13eb1e5c6ab7/ofl/sixtyfour/Sixtyfour%5BBLED%2CSCAN%5D.ttf,https://raw.githubusercontent.com/google/fonts/e1118da94a8cb00cf6d06cdac9ef13eb1e5c6ab7/ofl/sixtyfour/OFL.txt,Google Fonts official repository,22
Fira Code,monospace,firacode,ofl,OFL,True,"cyrillic,cyrillic-ext,greek,greek-ext,latin,latin-ext,menu,symbols2",FiraCode[wght].ttf,e1118da94a8cb00cf6d06cdac9ef13eb1e5c6ab7,815580aeae2482e87f5f033f8a43b3c61c3e81761b79db5d783612430133a366,https://raw.githubusercontent.com/google/fonts/e1118da94a8cb00cf6d06cdac9ef13eb1e5c6ab7/ofl/firacode/METADATA.pb,https://raw.githubusercontent.com/google/fonts/e1118da94a8cb00cf6d06cdac9ef13eb1e5c6ab7/ofl/firacode/FiraCode%5Bwght%5D.ttf,https://raw.githubusercontent.com/google/fonts/e1118da94a8cb00cf6d06cdac9ef13eb1e5c6ab7/ofl/firacode/OFL.txt,Google Fonts official repository,23
Monofett,monospace,monofett,ofl,OFL,True,"latin,latin-ext,menu",Monofett-Regular.ttf,e1118da94a8cb00cf6d06cdac9ef13eb1e5c6ab7,488b82ae714f88b26608f3a247a3e82f1e43645b848f9873ada0a407e25170f8,https://raw.githubusercontent.com/google/fonts/e1118da94a8cb00cf6d06cdac9ef13eb1e5c6ab7/ofl/monofett/METADATA.pb,https://raw.githubusercontent.com/google/fonts/e1118da94a8cb00cf6d06cdac9ef13eb1e5c6ab7/ofl/monofett/Monofett-Regular.ttf,https://raw.githubusercontent.com/google/fonts/e1118da94a8cb00cf6d06cdac9ef13eb1e5c6ab7/ofl/monofett/OFL.txt,Google Fonts official repository,24
Roboto Mono,monospace,robotomono,ofl,OFL,True,"cyrillic,cyrillic-ext,greek,latin,latin-ext,menu,vietnamese",RobotoMono[wght].ttf,e1118da94a8cb00cf6d06cdac9ef13eb1e5c6ab7,8aa7709a44aa1f10bc5f4710af9440e364d2fb4e6056cc05a0e9d0d40826a9b5,https://raw.githubusercontent.com/google/fonts/e1118da94a8cb00cf6d06cdac9ef13eb1e5c6ab7/ofl/robotomono/METADATA.pb,https://raw.githubusercontent.com/google/fonts/e1118da94a8cb00cf6d06cdac9ef13eb1e5c6ab7/ofl/robotomono/RobotoMono%5Bwght%5D.ttf,https://raw.githubusercontent.com/google/fonts/e1118da94a8cb00cf6d06cdac9ef13eb1e5c6ab7/ofl/robotomono/OFL.txt,Google Fonts official repository,25
Workbench,monospace,workbench,ofl,OFL,True,"latin,math,menu,symbols","Workbench[BLED,SCAN].ttf",e1118da94a8cb00cf6d06cdac9ef13eb1e5c6ab7,399a5cad8860aaaf7a72b4aa6fef39b57d23e1a292cacd852fe6aa2dc20622f2,https://raw.githubusercontent.com/google/fonts/e1118da94a8cb00cf6d06cdac9ef13eb1e5c6ab7/ofl/workbench/METADATA.pb,https://raw.githubusercontent.com/google/fonts/e1118da94a8cb00cf6d06cdac9ef13eb1e5c6ab7/ofl/workbench/Workbench%5BBLED%2CSCAN%5D.ttf,https://raw.githubusercontent.com/google/fonts/e1118da94a8cb00cf6d06cdac9ef13eb1e5c6ab7/ofl/workbench/OFL.txt,Google Fonts official repository,26
JetBrains Mono,monospace,jetbrainsmono,ofl,OFL,True,"cyrillic,cyrillic-ext,greek,latin,latin-ext,menu,vietnamese",JetBrainsMono[wght].ttf,e1118da94a8cb00cf6d06cdac9ef13eb1e5c6ab7,220f22dd4d2a3d9c77183fbbcb250779267725d90d9be673b403dc6bcfada0af,https://raw.githubusercontent.com/google/fonts/e1118da94a8cb00cf6d06cdac9ef13eb1e5c6ab7/ofl/jetbrainsmono/METADATA.pb,https://raw.githubusercontent.com/google/fonts/e1118da94a8cb00cf6d06cdac9ef13eb1e5c6ab7/ofl/jetbrainsmono/JetBrainsMono%5Bwght%5D.ttf,https://raw.githubusercontent.com/google/fonts/e1118da94a8cb00cf6d06cdac9ef13eb1e5c6ab7/ofl/jetbrainsmono/OFL.txt,Google Fonts official repository,27
LXGW WenKai Mono TC,monospace,lxgwwenkaimonotc,ofl,OFL,True,"chinese-traditional,cyrillic,cyrillic-ext,greek,greek-ext,latin,latin-ext,lisu,menu,vietnamese",LXGWWenKaiMonoTC-Regular.ttf,e1118da94a8cb00cf6d06cdac9ef13eb1e5c6ab7,eca525d084d0b83659c347d194b3faeade2cc6a6f75d4a4507145c8e722e90cf,https://raw.githubusercontent.com/google/fonts/e1118da94a8cb00cf6d06cdac9ef13eb1e5c6ab7/ofl/lxgwwenkaimonotc/METADATA.pb,https://raw.githubusercontent.com/google/fonts/e1118da94a8cb00cf6d06cdac9ef13eb1e5c6ab7/ofl/lxgwwenkaimonotc/LXGWWenKaiMonoTC-Regular.ttf,https://raw.githubusercontent.com/google/fonts/e1118da94a8cb00cf6d06cdac9ef13eb1e5c6ab7/ofl/lxgwwenkaimonotc/OFL.txt,Google Fonts official repository,28
Courier Prime,monospace,courierprime,ofl,OFL,True,"latin,latin-ext,menu",CourierPrime-Regular.ttf,e1118da94a8cb00cf6d06cdac9ef13eb1e5c6ab7,2f37b982be7620d7abe633a1a14ec13675ed1ce69583d66a48b8a5ca5f197055,https://raw.githubusercontent.com/google/fonts/e1118da94a8cb00cf6d06cdac9ef13eb1e5c6ab7/ofl/courierprime/METADATA.pb,https://raw.githubusercontent.com/google/fonts/e1118da94a8cb00cf6d06cdac9ef13eb1e5c6ab7/ofl/courierprime/CourierPrime-Regular.ttf,https://raw.githubusercontent.com/google/fonts/e1118da94a8cb00cf6d06cdac9ef13eb1e5c6ab7/ofl/courierprime/OFL.txt,Google Fonts official repository,29
Ubuntu Mono,monospace,ubuntumono,ufl,UFL,True,"cyrillic,cyrillic-ext,greek,greek-ext,latin,latin-ext,menu",UbuntuMono-Regular.ttf,e1118da94a8cb00cf6d06cdac9ef13eb1e5c6ab7,3499f18522bd820b53554ce3df79d953634f231e210f6d2ae2e43bf3378633ed,https://raw.githubusercontent.com/google/fonts/e1118da94a8cb00cf6d06cdac9ef13eb1e5c6ab7/ufl/ubuntumono/METADATA.pb,https://raw.githubusercontent.com/google/fonts/e1118da94a8cb00cf6d06cdac9ef13eb1e5c6ab7/ufl/ubuntumono/UbuntuMono-Regular.ttf,https://raw.githubusercontent.com/google/fonts/e1118da94a8cb00cf6d06cdac9ef13eb1e5c6ab7/ufl/ubuntumono/LICENCE.txt,Google Fonts official repository,30
Space Mono,monospace,spacemono,ofl,OFL,True,"latin,latin-ext,menu,vietnamese",SpaceMono-Regular.ttf,e1118da94a8cb00cf6d06cdac9ef13eb1e5c6ab7,5dadfea714098a304264ff8c2e8420d04a457a62caf3685ad01c9abdb7fddb45,https://raw.githubusercontent.com/google/fonts/e1118da94a8cb00cf6d06cdac9ef13eb1e5c6ab7/ofl/spacemono/METADATA.pb,https://raw.githubusercontent.com/google/fonts/e1118da94a8cb00cf6d06cdac9ef13eb1e5c6ab7/ofl/spacemono/SpaceMono-Regular.ttf,https://raw.githubusercontent.com/google/fonts/e1118da94a8cb00cf6d06cdac9ef13eb1e5c6ab7/ofl/spacemono/OFL.txt,Google Fonts official repository,31
Sometype Mono,monospace,sometypemono,ofl,OFL,True,"latin,latin-ext,menu",SometypeMono[wght].ttf,e1118da94a8cb00cf6d06cdac9ef13eb1e5c6ab7,9c3b0a1db94bd6aa3d35730c4dcfdc7e9b559502c2f2bc0f6e310b05a1449e59,https://raw.githubusercontent.com/google/fonts/e1118da94a8cb00cf6d06cdac9ef13eb1e5c6ab7/ofl/sometypemono/METADATA.pb,https://raw.githubusercontent.com/google/fonts/e1118da94a8cb00cf6d06cdac9ef13eb1e5c6ab7/ofl/sometypemono/SometypeMono%5Bwght%5D.ttf,https://raw.githubusercontent.com/google/fonts/e1118da94a8cb00cf6d06cdac9ef13eb1e5c6ab7/ofl/sometypemono/OFL.txt,Google Fonts official repository,32
Datatype,monospace,datatype,ofl,OFL,True,"latin,latin-ext,menu","Datatype[wdth,wght].ttf",e1118da94a8cb00cf6d06cdac9ef13eb1e5c6ab7,c026e972cb71ec97ca568102da82806b746bb75b18a6052ba98c43c4d49e3991,https://raw.githubusercontent.com/google/fonts/e1118da94a8cb00cf6d06cdac9ef13eb1e5c6ab7/ofl/datatype/METADATA.pb,https://raw.githubusercontent.com/google/fonts/e1118da94a8cb00cf6d06cdac9ef13eb1e5c6ab7/ofl/datatype/Datatype%5Bwdth%2Cwght%5D.ttf,https://raw.githubusercontent.com/google/fonts/e1118da94a8cb00cf6d06cdac9ef13eb1e5c6ab7/ofl/datatype/OFL.txt,Google Fonts official repository,33
Sono,monospace,sono,ofl,OFL,True,"latin,latin-ext,menu,vietnamese","Sono[MONO,wght].ttf",e1118da94a8cb00cf6d06cdac9ef13eb1e5c6ab7,c6ddc52e87641c825ca8e88e29a433db0750b9f9b086ab5618e5e6bd42cd4435,https://raw.githubusercontent.com/google/fonts/e1118da94a8cb00cf6d06cdac9ef13eb1e5c6ab7/ofl/sono/METADATA.pb,https://raw.githubusercontent.com/google/fonts/e1118da94a8cb00cf6d06cdac9ef13eb1e5c6ab7/ofl/sono/Sono%5BMONO%2Cwght%5D.ttf,https://raw.githubusercontent.com/google/fonts/e1118da94a8cb00cf6d06cdac9ef13eb1e5c6ab7/ofl/sono/OFL.txt,Google Fonts official repository,34
B612 Mono,monospace,b612mono,ofl,OFL,True,"latin,menu",B612Mono-Regular.ttf,e1118da94a8cb00cf6d06cdac9ef13eb1e5c6ab7,d5a7e36a5fb6ca5e463f3eb63a2e1fb124c46d9ff5f0d75678042f484ae4e1b9,https://raw.githubusercontent.com/google/fonts/e1118da94a8cb00cf6d06cdac9ef13eb1e5c6ab7/ofl/b612mono/METADATA.pb,https://raw.githubusercontent.com/google/fonts/e1118da94a8cb00cf6d06cdac9ef13eb1e5c6ab7/ofl/b612mono/B612Mono-Regular.ttf,https://raw.githubusercontent.com/google/fonts/e1118da94a8cb00cf6d06cdac9ef13eb1e5c6ab7/ofl/b612mono/OFL.txt,Google Fonts official repository,35
Azeret Mono,monospace,azeretmono,ofl,OFL,True,"latin,latin-ext,menu",AzeretMono[wght].ttf,e1118da94a8cb00cf6d06cdac9ef13eb1e5c6ab7,41a4ac0ca0d426f96a44f3dfefd156d470efe162463a11982d987e908e9c399c,https://raw.githubusercontent.com/google/fonts/e1118da94a8cb00cf6d06cdac9ef13eb1e5c6ab7/ofl/azeretmono/METADATA.pb,https://raw.githubusercontent.com/google/fonts/e1118da94a8cb00cf6d06cdac9ef13eb1e5c6ab7/ofl/azeretmono/AzeretMono%5Bwght%5D.ttf,https://raw.githubusercontent.com/google/fonts/e1118da94a8cb00cf6d06cdac9ef13eb1e5c6ab7/ofl/azeretmono/OFL.txt,Google Fonts official repository,36
Fira Mono,monospace,firamono,ofl,OFL,True,"cyrillic,cyrillic-ext,greek,greek-ext,latin,latin-ext,menu,symbols2",FiraMono-Regular.ttf,e1118da94a8cb00cf6d06cdac9ef13eb1e5c6ab7,e42d5c0a28634703f140e404af0a408b3463eb338b3ba4865d3a37d7aabcd294,https://raw.githubusercontent.com/google/fonts/e1118da94a8cb00cf6d06cdac9ef13eb1e5c6ab7/ofl/firamono/METADATA.pb,https://raw.githubusercontent.com/google/fonts/e1118da94a8cb00cf6d06cdac9ef13eb1e5c6ab7/ofl/firamono/FiraMono-Regular.ttf,https://raw.githubusercontent.com/google/fonts/e1118da94a8cb00cf6d06cdac9ef13eb1e5c6ab7/ofl/firamono/OFL.txt,Google Fonts official repository,37
Reddit Mono,monospace,redditmono,ofl,OFL,True,"latin,latin-ext,menu,vietnamese",RedditMono[wght].ttf,e1118da94a8cb00cf6d06cdac9ef13eb1e5c6ab7,4337a9c6ad2a3b2ce222eb0d84af7ea18d7e455c0207b2d0583fda1871847c23,https://raw.githubusercontent.com/google/fonts/e1118da94a8cb00cf6d06cdac9ef13eb1e5c6ab7/ofl/redditmono/METADATA.pb,https://raw.githubusercontent.com/google/fonts/e1118da94a8cb00cf6d06cdac9ef13eb1e5c6ab7/ofl/redditmono/RedditMono%5Bwght%5D.ttf,https://raw.githubusercontent.com/google/fonts/e1118da94a8cb00cf6d06cdac9ef13eb1e5c6ab7/ofl/redditmono/OFL.txt,Google Fonts official repository,38
Cutive Mono,monospace,cutivemono,ofl,OFL,True,"latin,latin-ext,menu",CutiveMono-Regular.ttf,e1118da94a8cb00cf6d06cdac9ef13eb1e5c6ab7,51f11ed0c060818e3624dafd71656df736bdc7b7ea6c76da4252c14d3437bd0a,https://raw.githubusercontent.com/google/fonts/e1118da94a8cb00cf6d06cdac9ef13eb1e5c6ab7/ofl/cutivemono/METADATA.pb,https://raw.githubusercontent.com/google/fonts/e1118da94a8cb00cf6d06cdac9ef13eb1e5c6ab7/ofl/cutivemono/CutiveMono-Regular.ttf,https://raw.githubusercontent.com/google/fonts/e1118da94a8cb00cf6d06cdac9ef13eb1e5c6ab7/ofl/cutivemono/OFL.txt,Google Fonts official repository,39
IBM Plex Mono,monospace,ibmplexmono,ofl,OFL,True,"cyrillic,cyrillic-ext,latin,latin-ext,menu,vietnamese",IBMPlexMono-Regular.ttf,e1118da94a8cb00cf6d06cdac9ef13eb1e5c6ab7,2eb58f75e032cc5e021887aa7b02bf11bf548710fc5b6f23eb19c440df101a0b,https://raw.githubusercontent.com/google/fonts/e1118da94a8cb00cf6d06cdac9ef13eb1e5c6ab7/ofl/ibmplexmono/METADATA.pb,https://raw.githubusercontent.com/google/fonts/e1118da94a8cb00cf6d06cdac9ef13eb1e5c6ab7/ofl/ibmplexmono/IBMPlexMono-Regular.ttf,https://raw.githubusercontent.com/google/fonts/e1118da94a8cb00cf6d06cdac9ef13eb1e5c6ab7/ofl/ibmplexmono/OFL.txt,Google Fonts official repository,40
Major Mono Display,monospace,majormonodisplay,ofl,OFL,True,"latin,latin-ext,menu,vietnamese",MajorMonoDisplay-Regular.ttf,e1118da94a8cb00cf6d06cdac9ef13eb1e5c6ab7,b471d158d73208af198e242a6b8f4915fda55b781165f2c503497518201b0786,https://raw.githubusercontent.com/google/fonts/e1118da94a8cb00cf6d06cdac9ef13eb1e5c6ab7/ofl/majormonodisplay/METADATA.pb,https://raw.githubusercontent.com/google/fonts/e1118da94a8cb00cf6d06cdac9ef13eb1e5c6ab7/ofl/majormonodisplay/MajorMonoDisplay-Regular.ttf,https://raw.githubusercontent.com/google/fonts/e1118da94a8cb00cf6d06cdac9ef13eb1e5c6ab7/ofl/majormonodisplay/OFL.txt,Google Fonts official repository,41
Overpass Mono,monospace,overpassmono,ofl,OFL,True,"cyrillic,cyrillic-ext,latin,latin-ext,menu,vietnamese",OverpassMono[wght].ttf,e1118da94a8cb00cf6d06cdac9ef13eb1e5c6ab7,2628c95f73ac89d112929e5846208c062c3c6ebd948f43e1e5d9c11706d50630,https://raw.githubusercontent.com/google/fonts/e1118da94a8cb00cf6d06cdac9ef13eb1e5c6ab7/ofl/overpassmono/METADATA.pb,https://raw.githubusercontent.com/google/fonts/e1118da94a8cb00cf6d06cdac9ef13eb1e5c6ab7/ofl/overpassmono/OverpassMono%5Bwght%5D.ttf,https://raw.githubusercontent.com/google/fonts/e1118da94a8cb00cf6d06cdac9ef13eb1e5c6ab7/ofl/overpassmono/OFL.txt,Google Fonts official repository,42
Share Tech Mono,monospace,sharetechmono,ofl,OFL,True,"latin,menu",ShareTechMono-Regular.ttf,e1118da94a8cb00cf6d06cdac9ef13eb1e5c6ab7,052f864b4a444af147eee26c515ebb93386dc901310b73e86f468f7932e68d02,https://raw.githubusercontent.com/google/fonts/e1118da94a8cb00cf6d06cdac9ef13eb1e5c6ab7/ofl/sharetechmono/METADATA.pb,https://raw.githubusercontent.com/google/fonts/e1118da94a8cb00cf6d06cdac9ef13eb1e5c6ab7/ofl/sharetechmono/ShareTechMono-Regular.ttf,https://raw.githubusercontent.com/google/fonts/e1118da94a8cb00cf6d06cdac9ef13eb1e5c6ab7/ofl/sharetechmono/OFL.txt,Google Fonts official repository,43
Iosevka Charon Mono,monospace,iosevkacharonmono,ofl,OFL,True,"armenian,braille,cyrillic,cyrillic-ext,greek,greek-ext,latin,latin-ext,math,menu,symbols,symbols2,vietnamese",IosevkaCharonMono-Regular.ttf,e1118da94a8cb00cf6d06cdac9ef13eb1e5c6ab7,16526f8d176f387f15c009c4aebc8361b86f91236deaf1da63483166de1522af,https://raw.githubusercontent.com/google/fonts/e1118da94a8cb00cf6d06cdac9ef13eb1e5c6ab7/ofl/iosevkacharonmono/METADATA.pb,https://raw.githubusercontent.com/google/fonts/e1118da94a8cb00cf6d06cdac9ef13eb1e5c6ab7/ofl/iosevkacharonmono/IosevkaCharonMono-Regular.ttf,https://raw.githubusercontent.com/google/fonts/e1118da94a8cb00cf6d06cdac9ef13eb1e5c6ab7/ofl/iosevkacharonmono/OFL.txt,Google Fonts official repository,44
Lekton,monospace,lekton,ofl,OFL,True,"latin,latin-ext,menu",Lekton-Regular.ttf,e1118da94a8cb00cf6d06cdac9ef13eb1e5c6ab7,f551d290663c741e6ea900852be1dd4e1aa038f5f894d172d0520a277555f0bd,https://raw.githubusercontent.com/google/fonts/e1118da94a8cb00cf6d06cdac9ef13eb1e5c6ab7/ofl/lekton/METADATA.pb,https://raw.githubusercontent.com/google/fonts/e1118da94a8cb00cf6d06cdac9ef13eb1e5c6ab7/ofl/lekton/Lekton-Regular.ttf,https://raw.githubusercontent.com/google/fonts/e1118da94a8cb00cf6d06cdac9ef13eb1e5c6ab7/ofl/lekton/OFL.txt,Google Fonts official repository,45
